{
"type": "FeatureCollection",
"name": "cycle_priorities",
"crs": { "type": "name", "properties": { "name": "urn:ogc:def:crs:OGC:1.3:CRS84" } },
"features": [
{ "type": "Feature", "properties": { "rank": 1, "type": "corridor", "name": "Wha Street", "where": "Lyall Bay", "treatment": "Quiet street (30 km/h + filter)", "length_m": 249.45092485450374, "filled_m": 0.0, "cost_low": 0.03, "cost": 0.05, "cost_high": 0.1, "dT_godutch": 188.98914137612019, "dT_ebike": 228.19680091967712, "dT_local": 55.107146615564034, "dT_census": 43.203161973142414, "dK_godutch": 605.3491475515076, "dT_pct_pts": 0.32478699090242563, "dT_per_M": 3779.7828275224037, "health_M_low": 0.14975414516825439, "health_M_high": 1.0777534071777828, "crashes": 1, "crashes_serious": 0, "plan": "Not in plan", "facility_now": "mixed", "max_adt": 1630.0, "speed": 50.0, "one_way_share": 0.0, "gap_rank": 135, "rank_median": 1.0, "rank_p10": 1.0, "rank_p90": 2.0, "top10_share": 1.0, "robust_top10": true, "rank_tol150": 172.0, "rank_tol400": 145.0, "build_step": 1.0 }, "geometry": { "type": "MultiLineString", "coordinates": [ [ [ 174.7923602, -41.3257341 ], [ 174.793521, -41.3257506 ] ], [ [ 174.793521, -41.3257506 ], [ 174.794449500000013, -41.325754200000013 ] ], [ [ 174.794449500000013, -41.325754200000013 ], [ 174.7953398, -41.3257662 ] ] ] } },
{ "type": "Feature", "properties": { "rank": 2, "type": "corridor", "name": "Ellice Street", "where": "Mt Victoria", "treatment": "Quiet street (30 km/h + filter)", "length_m": 171.12606239519755, "filled_m": 0.0, "cost_low": 0.03, "cost": 0.05, "cost_high": 0.1, "dT_godutch": 95.854976095784878, "dT_ebike": 119.7418973016629, "dT_local": 14.087539590385859, "dT_census": 6.6623614574200474, "dK_godutch": 267.12123378171123, "dT_pct_pts": 0.16473141801948873, "dT_per_M": 1917.0995219156976, "health_M_low": 0.043870429837715094, "health_M_high": 0.61551448255890828, "crashes": 2, "crashes_serious": 2, "plan": "Unfunded (ex-LGWM)", "facility_now": "mixed", "max_adt": 2900.0, "speed": 50.0, "one_way_share": 0.0, "gap_rank": 51, "rank_median": 4.0, "rank_p10": 1.0, "rank_p90": 16.0, "top10_share": 0.807, "robust_top10": true, "rank_tol150": 151.0, "rank_tol400": 85.0, "build_step": 2.0 }, "geometry": { "type": "MultiLineString", "coordinates": [ [ [ 174.782171299999987, -41.300009 ], [ 174.7820625, -41.299992 ] ], [ [ 174.7820625, -41.299992 ], [ 174.781822799999986, -41.2999789 ] ], [ [ 174.7817746, -41.2998494 ], [ 174.782171299999987, -41.300009 ] ], [ [ 174.782171299999987, -41.300009 ], [ 174.7833091, -41.3003767 ] ] ] } },
{ "type": "Feature", "properties": { "rank": 3, "type": "corridor", "name": "Kaiwharawhara Road", "where": "Kaiwharawhara", "treatment": "Protected lane", "length_m": 83.933941246900389, "filled_m": 0.0, "cost_low": 0.1, "cost": 0.25, "cost_high": 0.5, "dT_godutch": 291.11043273260543, "dT_ebike": 458.15457499245377, "dT_local": 136.45522906296674, "dT_census": 81.00450286020498, "dK_godutch": 1627.4740670994297, "dT_pct_pts": 0.50028737513208621, "dT_per_M": 1164.4417309304217, "health_M_low": 0.84533019797712994, "health_M_high": 2.8193976643601633, "crashes": 4, "crashes_serious": 0, "plan": "Planned (WCC)", "facility_now": "bus_lane", "max_adt": 12374.0, "speed": 50.0, "one_way_share": 0.0, "gap_rank": 78, "rank_median": 3.0, "rank_p10": 1.0, "rank_p90": 4.0, "top10_share": 1.0, "robust_top10": true, "rank_tol150": 158.0, "rank_tol400": 103.0, "build_step": 3.0 }, "geometry": { "type": "MultiLineString", "coordinates": [ [ [ 174.7895354, -41.2600031 ], [ 174.7897662, -41.2601475 ] ], [ [ 174.789399800000012, -41.2599165 ], [ 174.7895354, -41.2600031 ] ], [ [ 174.7890128, -41.2596498 ], [ 174.789399800000012, -41.2599165 ] ] ] } },
{ "type": "Feature", "properties": { "rank": 4, "type": "corridor", "name": "Garden Road", "where": "Northland", "treatment": "Quiet street (30 km/h + filter)", "length_m": 422.82493124989617, "filled_m": 0.0, "cost_low": 0.04228249312498962, "cost": 0.08456498624997924, "cost_high": 0.12684747937496885, "dT_godutch": 54.963389587096117, "dT_ebike": 100.2739408120151, "dT_local": 30.452073796788341, "dT_census": 20.512776385396705, "dK_godutch": 220.71647894182374, "dT_pct_pts": 0.094457246505307874, "dT_per_M": 649.95445543644973, "health_M_low": 0.11996272081620357, "health_M_high": 0.36547613997993844, "crashes": 1, "crashes_serious": 0, "plan": "Not in plan", "facility_now": "mixed", "max_adt": 2960.0, "speed": 50.0, "one_way_share": 0.0, "gap_rank": 70, "rank_median": 3.0, "rank_p10": 2.0, "rank_p90": 7.0, "top10_share": 0.969, "robust_top10": true, "rank_tol150": 7.0, "rank_tol400": 97.0, "build_step": 4.0 }, "geometry": { "type": "MultiLineString", "coordinates": [ [ [ 174.7614817, -41.2822614 ], [ 174.7617558, -41.282186 ], [ 174.762369, -41.2822697 ], [ 174.7629043, -41.28214 ], [ 174.7635704, -41.281604599999987 ], [ 174.7638746, -41.2811848 ], [ 174.7640197, -41.2811636 ] ], [ [ 174.7640197, -41.2811636 ], [ 174.7640548, -41.2812431 ], [ 174.76336520000001, -41.2821305 ], [ 174.7633577, -41.2822457 ], [ 174.763458899999989, -41.2823282 ] ] ] } },
{ "type": "Feature", "properties": { "rank": 5, "type": "corridor", "name": "Takapu Road", "where": "", "treatment": "Protected lane", "length_m": 633.42627165732995, "filled_m": 0.0, "cost_low": 0.47506970374299751, "cost": 1.0134820346517279, "cost_high": 2.1536493236349221, "dT_godutch": 578.59344482421875, "dT_ebike": 568.73695373535156, "dT_local": 21.672699451446533, "dT_census": 0.0, "dK_godutch": 866.46303213037754, "dT_pct_pts": 0.99434085224153168, "dT_per_M": 570.89659711930278, "health_M_low": 0.079516200832169384, "health_M_high": 2.122834428719425, "crashes": 0, "crashes_serious": 0, "plan": "Not in plan", "facility_now": "mixed", "max_adt": 500.0, "speed": 110.0, "one_way_share": 0.0, "gap_rank": 10, "rank_median": 24.5, "rank_p10": 5.0, "rank_p90": 140.0, "top10_share": 0.274, "robust_top10": false, "rank_tol150": 13.0, "rank_tol400": 5.0, "build_step": 5.0 }, "geometry": { "type": "MultiLineString", "coordinates": [ [ [ 174.877638100000013, -41.1560933 ], [ 174.878728599999988, -41.1556936 ], [ 174.879333, -41.1551194 ], [ 174.8798921, -41.1543066 ], [ 174.8800525, -41.154274 ], [ 174.8806803, -41.1543414 ], [ 174.880771399999986, -41.1542731 ], [ 174.8809709, -41.1539225 ], [ 174.8811518, -41.153809699999989 ], [ 174.88153650000001, -41.153671 ], [ 174.881939499999987, -41.1533294 ], [ 174.882402899999988, -41.153212 ], [ 174.8825108, -41.1530128 ], [ 174.882388099999986, -41.152795 ] ], [ [ 174.882388099999986, -41.152795 ], [ 174.8821992, -41.152611299999982 ] ] ] } },
{ "type": "Feature", "properties": { "rank": 6, "type": "crossing", "name": "Wha Street at Freyberg Street", "where": "Lyall Bay", "treatment": "Raised zebra / refuge", "length_m": 0.0, "filled_m": null, "cost_low": 0.15, "cost": 0.25, "cost_high": 0.4, "dT_godutch": 127.17974592921246, "dT_ebike": 156.29502417663934, "dT_local": 40.016181555300591, "dT_census": 31.65513869710685, "dK_godutch": 464.91109238691115, "dT_pct_pts": 0.21856455182193454, "dT_per_M": 508.71898371684983, "health_M_low": 0.11022928704795615, "health_M_high": 0.78844024398260992, "crashes": 1, "crashes_serious": 0, "plan": "Not in plan", "facility_now": "unsignalised", "max_adt": 1530.0, "speed": 50.0, "one_way_share": 0.0, "gap_rank": 68, "rank_median": 9.0, "rank_p10": 5.0, "rank_p90": 23.0, "top10_share": 0.583, "robust_top10": false, "rank_tol150": 60.0, "rank_tol400": 218.0, "build_step": null }, "geometry": { "type": "Point", "coordinates": [ 174.793521, -41.3257506 ] } },
{ "type": "Feature", "properties": { "rank": 7, "type": "corridor", "name": "Whitmore Street", "where": "Wellington Central", "treatment": "Protected lane", "length_m": 84.422799530087616, "filled_m": 0.0, "cost_low": 0.1, "cost": 0.25, "cost_high": 0.5, "dT_godutch": 112.65108310056951, "dT_ebike": 153.7716759445367, "dT_local": 36.573028537613936, "dT_census": 19.074166879392351, "dK_godutch": 391.02769633550412, "dT_pct_pts": 0.19359634122744424, "dT_per_M": 450.60433240227803, "health_M_low": 0.15329943118451078, "health_M_high": 0.72507760515757425, "crashes": 1, "crashes_serious": 0, "plan": "Planned (WCC)", "facility_now": "painted_lane", "max_adt": 9199.0, "speed": 30.0, "one_way_share": 0.48760537283343047, "gap_rank": 40, "rank_median": 10.0, "rank_p10": 4.0, "rank_p90": 30.0, "top10_share": 0.516, "robust_top10": false, "rank_tol150": 148.0, "rank_tol400": 79.0, "build_step": 6.0 }, "geometry": { "type": "MultiLineString", "coordinates": [ [ [ 174.77802650000001, -41.2807191 ], [ 174.7783244, -41.2810373 ] ], [ [ 174.7783244, -41.2810373 ], [ 174.7785714, -41.2813011 ] ], [ [ 174.7785714, -41.2813011 ], [ 174.778607900000026, -41.2813401 ] ] ] } },
{ "type": "Feature", "properties": { "rank": 8, "type": "corridor", "name": "Friend Street", "where": "Karori", "treatment": "Quiet street (30 km/h + filter)", "length_m": 394.82049138601695, "filled_m": 0.0, "cost_low": 0.039482049138601698, "cost": 0.078964098277203396, "cost_high": 0.11844614741580509, "dT_godutch": 33.719379529415164, "dT_ebike": 44.122842068085447, "dT_local": 6.5709824920631945, "dT_census": 6.0512049828830641, "dK_godutch": 33.204626376617895, "dT_pct_pts": 0.05794838651951989, "dT_per_M": 427.02164990276106, "health_M_low": 0.0014020507654689022, "health_M_high": 0.067327565507253967, "crashes": 0, "crashes_serious": 0, "plan": "Planned (WCC)", "facility_now": "sharrow", "max_adt": 1830.0, "speed": 50.0, "one_way_share": 0.0, "gap_rank": 136, "rank_median": 8.0, "rank_p10": 4.0, "rank_p90": 16.0, "top10_share": 0.678, "robust_top10": false, "rank_tol150": 173.0, "rank_tol400": 146.0, "build_step": 8.0 }, "geometry": { "type": "MultiLineString", "coordinates": [ [ [ 174.7366394, -41.2827801 ], [ 174.737650699999989, -41.2825069 ] ], [ [ 174.737650699999989, -41.2825069 ], [ 174.7389542, -41.2821357 ] ], [ [ 174.7389542, -41.2821357 ], [ 174.73940970000001, -41.2820115 ] ], [ [ 174.7421215, -41.2812705 ], [ 174.7434819, -41.2808952 ] ], [ [ 174.7434819, -41.2808952 ], [ 174.7437826, -41.2808311 ] ] ] } },
{ "type": "Feature", "properties": { "rank": 9, "type": "crossing", "name": "Tory Street at College Street", "where": "Te Aro", "treatment": "Raised zebra / refuge", "length_m": 0.0, "filled_m": null, "cost_low": 0.15, "cost": 0.25, "cost_high": 0.4, "dT_godutch": 106.45422973998939, "dT_ebike": 128.30428551317891, "dT_local": 18.844748485353193, "dT_census": 10.639430373055802, "dK_godutch": 227.81243619918305, "dT_pct_pts": 0.18294674865619234, "dT_per_M": 425.81691895995755, "health_M_low": 0.060146904260673047, "health_M_high": 0.48814393359590041, "crashes": 1, "crashes_serious": 0, "plan": "Unfunded (ex-LGWM)", "facility_now": "unsignalised", "max_adt": 7532.0, "speed": 30.0, "one_way_share": 0.0, "gap_rank": 54, "rank_median": 15.0, "rank_p10": 7.0, "rank_p90": 34.0, "top10_share": 0.267, "robust_top10": false, "rank_tol150": 39.0, "rank_tol400": 206.0, "build_step": 7.0 }, "geometry": { "type": "Point", "coordinates": [ 174.7797928, -41.2958817 ] } },
{ "type": "Feature", "properties": { "rank": 10, "type": "corridor", "name": "Karori Road", "where": "Karori", "treatment": "Protected lane", "length_m": 227.47515356933707, "filled_m": 0.0, "cost_low": 0.17060636517700281, "cost": 0.36396024571093932, "cost_high": 0.77341552213574594, "dT_godutch": 149.3130291987909, "dT_ebike": 217.23441577563062, "dT_local": 35.610805200602044, "dT_census": 27.036735201254487, "dK_godutch": 202.63575034094262, "dT_pct_pts": 0.25660167088376917, "dT_per_M": 410.2454346549066, "health_M_low": 0.044081456644504809, "health_M_high": 0.40088673634048555, "crashes": 3, "crashes_serious": 1, "plan": "Unfunded (ex-LGWM)", "facility_now": "sharrow", "max_adt": 14793.0, "speed": 30.0, "one_way_share": 0.0, "gap_rank": 43, "rank_median": 12.0, "rank_p10": 5.0, "rank_p90": 21.0, "top10_share": 0.43, "robust_top10": false, "rank_tol150": 149.0, "rank_tol400": 80.0, "build_step": 9.0 }, "geometry": { "type": "MultiLineString", "coordinates": [ [ [ 174.7384659, -41.284442 ], [ 174.738425, -41.2844535 ] ], [ [ 174.738425, -41.2844535 ], [ 174.7382385, -41.284506 ] ], [ [ 174.7382385, -41.284506 ], [ 174.7378554, -41.284613899999989 ] ], [ [ 174.7378554, -41.284613899999989 ], [ 174.7377737, -41.28463690000001 ] ], [ [ 174.7377737, -41.28463690000001 ], [ 174.7375553, -41.2846983 ] ], [ [ 174.7369546, -41.2848827 ], [ 174.73619690000001, -41.2851036 ] ], [ [ 174.73619690000001, -41.2851036 ], [ 174.735932, -41.2851787 ] ], [ [ 174.7375553, -41.2846983 ], [ 174.7369546, -41.2848827 ] ] ] } },
{ "type": "Feature", "properties": { "rank": 11, "type": "corridor", "name": "Taranaki Street", "where": "Te Aro, Mt Cook, Wellington Central", "treatment": "Protected lane", "length_m": 1468.0019950153062, "filled_m": 140.07976042926407, "cost_low": 1.1010014962614796, "cost": 2.3488031920244898, "cost_high": 4.991206783052041, "dT_godutch": 929.17318809915128, "dT_ebike": 1093.0743518772106, "dT_local": 139.90486928380787, "dT_census": 43.195469753342579, "dK_godutch": 1803.7990174335143, "dT_pct_pts": 1.5968291172313294, "dT_per_M": 395.5943142678866, "health_M_low": 0.63004899969098926, "health_M_high": 4.1055247629163842, "crashes": 26, "crashes_serious": 2, "plan": "Unfunded (ex-LGWM)", "facility_now": "mixed", "max_adt": 17300.0, "speed": 50.0, "one_way_share": 0.0, "gap_rank": 18, "rank_median": 19.0, "rank_p10": 6.9, "rank_p90": 40.0, "top10_share": 0.21, "robust_top10": false, "rank_tol150": 19.0, "rank_tol400": 14.0, "build_step": null }, "geometry": { "type": "MultiLineString", "coordinates": [ [ [ 174.7740263, -41.3017587 ], [ 174.773982600000039, -41.3016771 ] ], [ [ 174.7799463, -41.2906463 ], [ 174.7797883, -41.2909063 ] ], [ [ 174.778889099999986, -41.2924322 ], [ 174.7786433, -41.2928461 ] ], [ [ 174.7796322, -41.2911466 ], [ 174.7791575, -41.2919515 ] ], [ [ 174.7774, -41.2950108 ], [ 174.7775886, -41.2946804 ] ], [ [ 174.7775886, -41.2946804 ], [ 174.7777726, -41.2943441 ] ], [ [ 174.7739879, -41.30125240000001 ], [ 174.7746253, -41.3000907 ] ], [ [ 174.7746253, -41.3000907 ], [ 174.775270799999987, -41.2989063 ] ], [ [ 174.773982600000039, -41.3016771 ], [ 174.7739501, -41.3014488 ] ], [ [ 174.7739501, -41.3014488 ], [ 174.7739879, -41.30125240000001 ] ], [ [ 174.7758791, -41.297738899999985 ], [ 174.776107599999989, -41.2973278 ] ], [ [ 174.776107599999989, -41.2973278 ], [ 174.776313499999986, -41.2969454 ] ], [ [ 174.775270799999987, -41.2989063 ], [ 174.775378600000039, -41.2986087 ] ], [ [ 174.775378600000039, -41.2986087 ], [ 174.7754864, -41.2984036 ] ], [ [ 174.775813699999986, -41.2978557 ], [ 174.7758117, -41.2979422 ] ], [ [ 174.7758117, -41.2979422 ], [ 174.7757963, -41.2979717 ] ], [ [ 174.7757963, -41.2979717 ], [ 174.7757911, -41.2979815 ] ], [ [ 174.7757911, -41.2979815 ], [ 174.775568099999987, -41.2984281 ] ], [ [ 174.7754864, -41.2984036 ], [ 174.775574, -41.2982193 ] ], [ [ 174.775568099999987, -41.2984281 ], [ 174.775270799999987, -41.2989063 ] ], [ [ 174.7797883, -41.2909063 ], [ 174.7796322, -41.2911466 ] ], [ [ 174.775574, -41.2982193 ], [ 174.775730600000031, -41.2979168 ] ], [ [ 174.780075400000015, -41.2904307 ], [ 174.7799463, -41.2906463 ] ], [ [ 174.7767801, -41.2961403 ], [ 174.77682630000001, -41.2960588 ] ], [ [ 174.77682630000001, -41.2960588 ], [ 174.777141, -41.2954939 ] ], [ [ 174.7783937, -41.2932681 ], [ 174.7781119, -41.293755299999987 ] ], [ [ 174.7791575, -41.2919515 ], [ 174.778889099999986, -41.2924322 ] ], [ [ 174.776313499999986, -41.2969454 ], [ 174.7764008, -41.2967857 ] ], [ [ 174.7764008, -41.2967857 ], [ 174.776591599999989, -41.2964642 ] ], [ [ 174.776591599999989, -41.2964642 ], [ 174.7766267, -41.2964112 ] ], [ [ 174.7766267, -41.2964112 ], [ 174.7767801, -41.2961403 ] ], [ [ 174.7786433, -41.2928461 ], [ 174.7784537, -41.293165299999984 ] ], [ [ 174.7784537, -41.293165299999984 ], [ 174.7783937, -41.2932681 ] ], [ [ 174.7777726, -41.2943441 ], [ 174.7779653, -41.293997 ] ], [ [ 174.777310300000011, -41.2951781 ], [ 174.7774, -41.2950108 ] ], [ [ 174.777141, -41.2954939 ], [ 174.777310300000011, -41.2951781 ] ], [ [ 174.7781119, -41.293755299999987 ], [ 174.7779653, -41.293997 ] ] ] } },
{ "type": "Feature", "properties": { "rank": 12, "type": "corridor", "name": "Moorefield Road", "where": "Johnsonville", "treatment": "Protected lane", "length_m": 149.72513876167403, "filled_m": 0.0, "cost_low": 0.11229385407125553, "cost": 0.25, "cost_high": 0.50906547178969164, "dT_godutch": 93.573096101245028, "dT_ebike": 149.70252114796313, "dT_local": 20.829704877862241, "dT_census": 4.1389010694838362, "dK_godutch": 128.86699266867947, "dT_pct_pts": 0.16080989675307863, "dT_per_M": 374.29238440498011, "health_M_low": 0.083579646623885187, "health_M_high": 0.30134549949089279, "crashes": 1, "crashes_serious": 0, "plan": "Unfunded (ex-LGWM)", "facility_now": "mixed", "max_adt": 12923.0, "speed": 50.0, "one_way_share": 0.0, "gap_rank": 113, "rank_median": 18.0, "rank_p10": 6.0, "rank_p90": 36.0, "top10_share": 0.259, "robust_top10": false, "rank_tol150": 30.0, "rank_tol400": 12.0, "build_step": null }, "geometry": { "type": "MultiLineString", "coordinates": [ [ [ 174.8050531, -41.2228911 ], [ 174.8053079, -41.2227102 ] ], [ [ 174.8053079, -41.2227102 ], [ 174.8059797, -41.2222358 ] ], [ [ 174.804973499999988, -41.222944 ], [ 174.8050531, -41.2228911 ] ], [ [ 174.8046725, -41.2231533 ], [ 174.804973499999988, -41.222944 ] ] ] } },
{ "type": "Feature", "properties": { "rank": 13, "type": "crossing", "name": "Garden Road at Glenmore Street", "where": "Northland", "treatment": "Raised zebra / refuge", "length_m": 0.0, "filled_m": null, "cost_low": 0.15, "cost": 0.25, "cost_high": 0.4, "dT_godutch": 85.905028125476974, "dT_ebike": 130.87014676590707, "dT_local": 30.084519698442193, "dT_census": 17.571311405863014, "dK_godutch": 300.37736743072412, "dT_pct_pts": 0.1476319506247957, "dT_per_M": 343.6201125019079, "health_M_low": 0.12692399385001782, "health_M_high": 0.60526172709884474, "crashes": 0, "crashes_serious": 0, "plan": "Unfunded (ex-LGWM)", "facility_now": "unsignalised", "max_adt": 2960.0, "speed": 50.0, "one_way_share": 0.0, "gap_rank": 6, "rank_median": 10.0, "rank_p10": 6.0, "rank_p90": 18.0, "top10_share": 0.509, "robust_top10": false, "rank_tol150": 135.0, "rank_tol400": 160.0, "build_step": 10.0 }, "geometry": { "type": "Point", "coordinates": [ 174.763458899999989, -41.2823282 ] } },
{ "type": "Feature", "properties": { "rank": 14, "type": "corridor", "name": "The Terrace", "where": "Wellington Central, Te Aro", "treatment": "Protected lane", "length_m": 1813.4191690322518, "filled_m": 0.0, "cost_low": 1.3489060163030437, "cost": 2.8776661681131599, "cost_high": 6.1150406072404646, "dT_godutch": 913.34721200119679, "dT_ebike": 1342.3728995511899, "dT_local": 351.93189582149125, "dT_census": 206.92065743232712, "dK_godutch": 3459.698722804229, "dT_pct_pts": 1.5696314109635456, "dT_per_M": 317.39164956721305, "health_M_low": 1.708956149929117, "health_M_high": 5.9994371658631485, "crashes": 21, "crashes_serious": 4, "plan": "Unfunded (ex-LGWM)", "facility_now": "mixed", "max_adt": 16573.0, "speed": 30.0, "one_way_share": 0.020510721149851922, "gap_rank": 4, "rank_median": 12.0, "rank_p10": 5.0, "rank_p90": 25.0, "top10_share": 0.4, "robust_top10": false, "rank_tol150": 33.0, "rank_tol400": 25.0, "build_step": null }, "geometry": { "type": "MultiLineString", "coordinates": [ [ [ 174.7706241, -41.2916117 ], [ 174.7711801, -41.2906115 ] ], [ [ 174.7711801, -41.2906115 ], [ 174.771454, -41.290103 ] ], [ [ 174.771454, -41.290103 ], [ 174.77201980000001, -41.288789199999989 ] ], [ [ 174.77201980000001, -41.288789199999989 ], [ 174.7727231, -41.2873437 ] ], [ [ 174.7727231, -41.2873437 ], [ 174.773278299999987, -41.2863642 ] ], [ [ 174.775548500000014, -41.2791207 ], [ 174.775488200000012, -41.2789323 ], [ 174.77533, -41.278778 ] ], [ [ 174.7749532, -41.2819302 ], [ 174.775105200000013, -41.281220399999981 ] ], [ [ 174.775105200000013, -41.281220399999981 ], [ 174.775465, -41.2795206 ] ], [ [ 174.775465, -41.2795206 ], [ 174.775548500000014, -41.2791207 ] ], [ [ 174.773477, -41.2858417 ], [ 174.773623500000014, -41.2855484 ] ], [ [ 174.773623500000014, -41.2855484 ], [ 174.7741691, -41.2843795 ] ], [ [ 174.774369299999989, -41.284009100000013 ], [ 174.774239, -41.284394 ] ], [ [ 174.774369299999989, -41.284009100000013 ], [ 174.77472, -41.283032 ] ], [ [ 174.77472, -41.283032 ], [ 174.774822, -41.2825751 ] ], [ [ 174.774822, -41.2825751 ], [ 174.7749532, -41.2819302 ] ], [ [ 174.7741691, -41.2843795 ], [ 174.77430160000003, -41.2840531 ], [ 174.774369299999989, -41.284009100000013 ] ], [ [ 174.774239, -41.284394 ], [ 174.774038100000013, -41.2848714 ] ], [ [ 174.774038100000013, -41.2848714 ], [ 174.7736922, -41.285572 ] ], [ [ 174.7736922, -41.285572 ], [ 174.7735529, -41.2858651 ] ], [ [ 174.773278299999987, -41.2863642 ], [ 174.7734135, -41.2859796 ] ], [ [ 174.7734867, -41.2860023 ], [ 174.773278299999987, -41.2863642 ] ], [ [ 174.7734135, -41.2859796 ], [ 174.773477, -41.2858417 ] ], [ [ 174.7735529, -41.2858651 ], [ 174.7734867, -41.2860023 ] ], [ [ 174.775548500000014, -41.2791207 ], [ 174.7756253, -41.2787908 ] ] ] } },
{ "type": "Feature", "properties": { "rank": 15, "type": "corridor", "name": "Bolton Street", "where": "Kelburn, Wellington Central", "treatment": "Quiet street (30 km/h + filter)", "length_m": 375.73391588329707, "filled_m": 0.0, "cost_low": 0.037573391588329709, "cost": 0.075146783176659418, "cost_high": 0.11272017476498912, "dT_godutch": 19.942720557118434, "dT_ebike": 38.329036377318971, "dT_local": 9.1758517368000412, "dT_census": 0.72833790328604664, "dK_godutch": 44.897959873280783, "dT_pct_pts": 0.03427253096654824, "dT_per_M": 265.38355620939797, "health_M_low": 0.042028801841202536, "health_M_high": 0.10159137466922373, "crashes": 3, "crashes_serious": 1, "plan": "Not in plan", "facility_now": "mixed", "max_adt": 2030.0, "speed": 50.0, "one_way_share": 0.0, "gap_rank": 112, "rank_median": 13.0, "rank_p10": 5.0, "rank_p90": 42.0, "top10_share": 0.396, "robust_top10": false, "rank_tol150": 166.0, "rank_tol400": 128.0, "build_step": null }, "geometry": { "type": "MultiLineString", "coordinates": [ [ [ 174.7708384, -41.2814122 ], [ 174.7711769, -41.2812199 ] ], [ [ 174.7711769, -41.2812199 ], [ 174.772250500000013, -41.2806906 ] ], [ [ 174.772250500000013, -41.2806906 ], [ 174.7732179, -41.2802204 ] ], [ [ 174.7732179, -41.2802204 ], [ 174.77324680000001, -41.280209 ] ], [ [ 174.7746345, -41.279559399999989 ], [ 174.774959200000012, -41.2794574 ], [ 174.775465, -41.2795206 ] ], [ [ 174.77324680000001, -41.280209 ], [ 174.773866, -41.2799279 ] ] ] } },
{ "type": "Feature", "properties": { "rank": 16, "type": "corridor", "name": "Willis Street", "where": "Te Aro, Aro Valley, Wellington Central", "treatment": "Protected lane", "length_m": 1252.68361722187, "filled_m": 0.0, "cost_low": 0.93951271291640248, "cost": 2.004293787554992, "cost_high": 4.259124298554358, "dT_godutch": 530.8671860147374, "dT_ebike": 691.69551228855744, "dT_local": 119.83294309910249, "dT_census": 59.514996018444037, "dK_godutch": 1306.4312316588575, "dT_pct_pts": 0.91232096542214824, "dT_per_M": 264.86495608128104, "health_M_low": 0.53555731040660381, "health_M_high": 2.639252573353482, "crashes": 11, "crashes_serious": 0, "plan": "Unfunded (ex-LGWM)", "facility_now": "mixed", "max_adt": 11034.0, "speed": 30.0, "one_way_share": 0.0, "gap_rank": 3, "rank_median": 22.0, "rank_p10": 10.0, "rank_p90": 34.0, "top10_share": 0.111, "robust_top10": false, "rank_tol150": 11.0, "rank_tol400": 9.0, "build_step": null }, "geometry": { "type": "MultiLineString", "coordinates": [ [ [ 174.774698300000011, -41.2891644 ], [ 174.7752602, -41.2882083 ] ], [ [ 174.774698300000011, -41.2891644 ], [ 174.774406900000031, -41.2896824 ] ], [ [ 174.770634699999988, -41.2964583 ], [ 174.7708145, -41.296117 ] ], [ [ 174.772060100000033, -41.293851 ], [ 174.7722143, -41.2935989 ] ], [ [ 174.7722143, -41.2935989 ], [ 174.7726791, -41.2927584 ] ], [ [ 174.770634699999988, -41.2964583 ], [ 174.7705996, -41.2962824 ] ], [ [ 174.7752602, -41.2882083 ], [ 174.776125799999988, -41.2866726 ] ], [ [ 174.7712295, -41.2953352 ], [ 174.7716129, -41.2946282 ] ], [ [ 174.7716129, -41.2946282 ], [ 174.7718749, -41.2941852 ] ], [ [ 174.7718749, -41.2941852 ], [ 174.771880399999986, -41.2941674 ] ], [ [ 174.771880399999986, -41.2941674 ], [ 174.772026, -41.2939086 ] ], [ [ 174.772026, -41.2939086 ], [ 174.772060100000033, -41.293851 ] ], [ [ 174.774406900000031, -41.2896824 ], [ 174.7743691, -41.2897448 ] ], [ [ 174.7743691, -41.2897448 ], [ 174.7743481, -41.2897819 ] ], [ [ 174.7743481, -41.2897819 ], [ 174.7737514, -41.2908406 ] ], [ [ 174.7737514, -41.2908406 ], [ 174.773145699999986, -41.2919081 ] ], [ [ 174.773145699999986, -41.2919081 ], [ 174.773047100000014, -41.2920939 ] ], [ [ 174.7708145, -41.296117 ], [ 174.7710109, -41.2957603 ] ], [ [ 174.7710109, -41.2957603 ], [ 174.771163300000012, -41.295462399999984 ] ], [ [ 174.7726791, -41.2927584 ], [ 174.7729051, -41.2923401 ] ], [ [ 174.776125799999988, -41.2866726 ], [ 174.776248200000026, -41.286455399999987 ] ], [ [ 174.7704474, -41.296800899999987 ], [ 174.770634699999988, -41.2964583 ] ], [ [ 174.773047100000014, -41.2920939 ], [ 174.7729051, -41.2923401 ] ] ] } },
{ "type": "Feature", "properties": { "rank": 17, "type": "corridor", "name": "Bassett Road", "where": "Johnsonville", "treatment": "Protected lane", "length_m": 205.39470754624242, "filled_m": 0.0, "cost_low": 0.15404603065968181, "cost": 0.32863153207398788, "cost_high": 0.69834200565722415, "dT_godutch": 86.029320936388103, "dT_ebike": 134.28619929985143, "dT_local": 18.707957023871131, "dT_census": 1.9230813136964571, "dK_godutch": 160.80789792860472, "dT_pct_pts": 0.14784555383899459, "dT_per_M": 261.78048221197326, "health_M_low": 0.090705045396442974, "health_M_high": 0.3861611207571583, "crashes": 0, "crashes_serious": 0, "plan": "Not in plan", "facility_now": "mixed", "max_adt": 5383.0, "speed": 50.0, "one_way_share": 0.0, "gap_rank": 69, "rank_median": 24.5, "rank_p10": 9.9, "rank_p90": 56.0, "top10_share": 0.121, "robust_top10": false, "rank_tol150": 8.0, "rank_tol400": 96.0, "build_step": null }, "geometry": { "type": "MultiLineString", "coordinates": [ [ [ 174.8074449, -41.2184267 ], [ 174.807504, -41.2187282 ] ], [ [ 174.807504, -41.2187282 ], [ 174.8073097, -41.2196867 ], [ 174.8073506, -41.2202587 ] ] ] } },
{ "type": "Feature", "properties": { "rank": 18, "type": "corridor", "name": "Daniell Street", "where": "Newtown", "treatment": "Protected lane", "length_m": 698.61652842201477, "filled_m": 0.0, "cost_low": 0.485453762457838, "cost": 1.0356346932433877, "cost_high": 2.200723723142199, "dT_godutch": 258.61613646730427, "dT_ebike": 334.53823953093752, "dT_local": 70.197420569299879, "dT_census": 49.207952834690445, "dK_godutch": 713.77316386949735, "dT_pct_pts": 0.44444435352432404, "dT_per_M": 249.71752892651125, "health_M_low": 0.18590895964713686, "health_M_high": 1.4271909505499512, "crashes": 3, "crashes_serious": 0, "plan": "Not in plan", "facility_now": "mixed", "max_adt": 5000.0, "speed": 40.0, "one_way_share": 0.18373758369584933, "gap_rank": 14, "rank_median": 21.0, "rank_p10": 9.9, "rank_p90": 35.0, "top10_share": 0.139, "robust_top10": false, "rank_tol150": 76.0, "rank_tol400": 66.0, "build_step": null }, "geometry": { "type": "MultiLineString", "coordinates": [ [ [ 174.784199, -41.3192873 ], [ 174.7841508, -41.3191598 ] ], [ [ 174.78411890000001, -41.319056299999986 ], [ 174.784079600000041, -41.3189405 ], [ 174.7839605, -41.3188427 ] ], [ [ 174.7832913, -41.316284 ], [ 174.782943499999988, -41.3151582 ] ], [ [ 174.782943499999988, -41.3151582 ], [ 174.7828395, -41.314815 ] ], [ [ 174.7828395, -41.314815 ], [ 174.782737700000013, -41.3144516 ] ], [ [ 174.782737700000013, -41.3144516 ], [ 174.7826231, -41.314089499999987 ] ], [ [ 174.7826231, -41.314089499999987 ], [ 174.782551, -41.313855699999984 ] ], [ [ 174.782551, -41.313855699999984 ], [ 174.782389, -41.3133199 ] ], [ [ 174.782389, -41.3133199 ], [ 174.7821975, -41.3126498 ] ], [ [ 174.7821667, -41.3125479 ], [ 174.7816655, -41.3109464 ] ], [ [ 174.7816655, -41.3109464 ], [ 174.7815373, -41.3105318 ] ], [ [ 174.7841508, -41.3191598 ], [ 174.78411890000001, -41.319056299999986 ] ] ] } },
{ "type": "Feature", "properties": { "rank": 19, "type": "corridor", "name": "Campbell Street", "where": "Karori", "treatment": "Quiet street (30 km/h + filter)", "length_m": 659.2087231726855, "filled_m": 0.0, "cost_low": 0.06592087231726855, "cost": 0.1318417446345371, "cost_high": 0.19776261695180566, "dT_godutch": 31.626906623248942, "dT_ebike": 39.466782199218869, "dT_local": 6.8797484531532973, "dT_census": 6.4727835194789805, "dK_godutch": 30.272262954418373, "dT_pct_pts": 0.054352370506165724, "dT_per_M": 239.88537705503023, "health_M_low": 0.00093129335117726742, "health_M_high": 0.059047235602561747, "crashes": 0, "crashes_serious": 0, "plan": "Not in plan", "facility_now": "mixed", "max_adt": 2190.0, "speed": 50.0, "one_way_share": 0.0, "gap_rank": 139, "rank_median": 16.0, "rank_p10": 7.9, "rank_p90": 30.0, "top10_share": 0.239, "robust_top10": false, "rank_tol150": 31.0, "rank_tol400": 148.0, "build_step": null }, "geometry": { "type": "MultiLineString", "coordinates": [ [ [ 174.7389584, -41.2843022 ], [ 174.7394496, -41.285310699999989 ] ], [ [ 174.7394496, -41.285310699999989 ], [ 174.7397358, -41.2859205 ] ], [ [ 174.7397358, -41.2859205 ], [ 174.739857699999988, -41.2861416 ] ], [ [ 174.739857699999988, -41.2861416 ], [ 174.7401042, -41.2866041 ] ], [ [ 174.7401042, -41.2866041 ], [ 174.740209, -41.2868245 ] ], [ [ 174.740209, -41.2868245 ], [ 174.7405793, -41.2875017 ] ], [ [ 174.7405793, -41.2875017 ], [ 174.740936299999987, -41.2882098 ] ], [ [ 174.740936299999987, -41.2882098 ], [ 174.7410419, -41.2884444 ] ], [ [ 174.7410419, -41.2884444 ], [ 174.7417156, -41.2898606 ] ] ] } },
{ "type": "Feature", "properties": { "rank": 20, "type": "corridor", "name": "Taurima Street", "where": "Hataitai", "treatment": "Protected lane", "length_m": 149.12068585849909, "filled_m": 61.989392843708671, "cost_low": 0.11184051439387431, "cost": 0.25, "cost_high": 0.50701033191889688, "dT_godutch": 59.900011084376274, "dT_ebike": 92.978921887232445, "dT_local": 23.800509355796521, "dT_census": 12.140956464955934, "dK_godutch": 194.03345826100158, "dT_pct_pts": 0.10294106959509541, "dT_per_M": 239.6000443375051, "health_M_low": 0.096358042759204343, "health_M_high": 0.37074130969247071, "crashes": 4, "crashes_serious": 1, "plan": "Unfunded (ex-LGWM)", "facility_now": "sharrow", "max_adt": 34190.0, "speed": 30.0, "one_way_share": 0.0, "gap_rank": 110, "rank_median": 18.0, "rank_p10": 8.0, "rank_p90": 32.0, "top10_share": 0.184, "robust_top10": false, "rank_tol150": 164.0, "rank_tol400": 126.0, "build_step": null }, "geometry": { "type": "MultiLineString", "coordinates": [ [ [ 174.792876, -41.304493 ], [ 174.7930997, -41.3044942 ] ], [ [ 174.7930997, -41.3044942 ], [ 174.793297, -41.304513 ] ], [ [ 174.793297, -41.304513 ], [ 174.793897500000014, -41.3046225 ] ], [ [ 174.792274600000013, -41.304507 ], [ 174.7925689, -41.3047381 ] ], [ [ 174.7925689, -41.3047381 ], [ 174.7927041, -41.3049511 ] ] ] } },
{ "type": "Feature", "properties": { "rank": 21, "type": "corridor", "name": "Mein Street", "where": "Newtown", "treatment": "Protected lane", "length_m": 554.87009452151176, "filled_m": 0.0, "cost_low": 0.41615257089113378, "cost": 0.88779215123441879, "cost_high": 1.8865583213731401, "dT_godutch": 212.15268896315959, "dT_ebike": 285.29352071620815, "dT_local": 50.437473588656985, "dT_census": 20.612319137172108, "dK_godutch": 533.94969847334119, "dT_pct_pts": 0.36459466908244975, "dT_per_M": 238.96661923421456, "health_M_low": 0.27146030530223314, "health_M_high": 1.1718609365009756, "crashes": 6, "crashes_serious": 2, "plan": "Not in plan", "facility_now": "mixed", "max_adt": 6744.0, "speed": 40.0, "one_way_share": 0.0, "gap_rank": 12, "rank_median": 25.0, "rank_p10": 11.0, "rank_p90": 35.0, "top10_share": 0.075, "robust_top10": false, "rank_tol150": 139.0, "rank_tol400": 65.0, "build_step": null }, "geometry": { "type": "MultiLineString", "coordinates": [ [ [ 174.779140500000011, -41.3109077 ], [ 174.7805078, -41.3106998 ] ], [ [ 174.7805078, -41.3106998 ], [ 174.7806875, -41.310669 ] ], [ [ 174.7806875, -41.310669 ], [ 174.7815373, -41.3105318 ] ], [ [ 174.7815373, -41.3105318 ], [ 174.7823517, -41.3103868 ] ], [ [ 174.7823517, -41.3103868 ], [ 174.782540500000039, -41.3103568 ] ], [ [ 174.782540500000039, -41.3103568 ], [ 174.7836093, -41.3101766 ] ], [ [ 174.7836093, -41.3101766 ], [ 174.78471780000001, -41.3099831 ] ], [ [ 174.78471780000001, -41.3099831 ], [ 174.7856089, -41.309832 ] ] ] } },
{ "type": "Feature", "properties": { "rank": 22, "type": "corridor", "name": "Mulgrave Street", "where": "Pipitea, Thorndon", "treatment": "Protected lane", "length_m": 159.60643132024097, "filled_m": 0.0, "cost_low": 0.11970482349018073, "cost": 0.25537029011238555, "cost_high": 0.54266186648881931, "dT_godutch": 60.644415165222199, "dT_ebike": 71.402249118855252, "dT_local": 8.016553311572352, "dT_census": 0.33920431276783347, "dK_godutch": 113.36634154405479, "dT_pct_pts": 0.10422036405441179, "dT_per_M": 237.47639217754457, "health_M_low": 0.043021991803041559, "health_M_high": 0.27508617286753284, "crashes": 8, "crashes_serious": 3, "plan": "Planned (WCC)", "facility_now": "sharrow", "max_adt": 12659.0, "speed": 50.0, "one_way_share": 0.0, "gap_rank": 82, "rank_median": 50.0, "rank_p10": 24.0, "rank_p90": 84.0, "top10_share": 0.014, "robust_top10": false, "rank_tol150": 21.0, "rank_tol400": 13.0, "build_step": null }, "geometry": { "type": "MultiLineString", "coordinates": [ [ [ 174.779860100000036, -41.2777364 ], [ 174.7800221, -41.2778335 ], [ 174.780195600000013, -41.2778507 ] ], [ [ 174.7799953, -41.2779501 ], [ 174.780122299999988, -41.2781231 ] ], [ [ 174.7799377, -41.2778743 ], [ 174.7799953, -41.2779501 ] ], [ [ 174.779860100000036, -41.2777364 ], [ 174.7799377, -41.2778743 ] ], [ [ 174.7798703, -41.2770269 ], [ 174.779860100000036, -41.2777364 ] ] ] } },
{ "type": "Feature", "properties": { "rank": 23, "type": "corridor", "name": "Tasman Street", "where": "Mt Cook", "treatment": "Protected lane", "length_m": 822.74160725192303, "filled_m": 0.0, "cost_low": 0.61705620543894224, "cost": 1.3163865716030769, "cost_high": 2.7973214646565383, "dT_godutch": 311.09793278967697, "dT_ebike": 400.94329585620585, "dT_local": 63.595248800823697, "dT_census": 21.068374152583772, "dK_godutch": 774.0927679845056, "dT_pct_pts": 0.5346368618376679, "dT_per_M": 236.32718496271679, "health_M_low": 0.32852680934286643, "health_M_high": 1.7323208722171979, "crashes": 7, "crashes_serious": 0, "plan": "Not in plan", "facility_now": "mixed", "max_adt": 6500.0, "speed": 50.0, "one_way_share": 0.0, "gap_rank": 26, "rank_median": 28.0, "rank_p10": 12.0, "rank_p90": 46.0, "top10_share": 0.077, "robust_top10": false, "rank_tol150": 144.0, "rank_tol400": 72.0, "build_step": null }, "geometry": { "type": "MultiLineString", "coordinates": [ [ [ 174.7774978, -41.3015223 ], [ 174.7773889, -41.3018838 ] ], [ [ 174.7773889, -41.3018838 ], [ 174.777305100000035, -41.3021583 ] ], [ [ 174.777305100000035, -41.3021583 ], [ 174.7772168, -41.3024769 ] ], [ [ 174.7772168, -41.3024769 ], [ 174.77705, -41.3029848 ] ], [ [ 174.77705, -41.3029848 ], [ 174.7769097, -41.303442 ] ], [ [ 174.7769097, -41.303442 ], [ 174.776535, -41.3046713 ] ], [ [ 174.776535, -41.3046713 ], [ 174.776490700000011, -41.3047661 ] ], [ [ 174.776490700000011, -41.3047661 ], [ 174.776345, -41.3050155 ] ], [ [ 174.776345, -41.3050155 ], [ 174.7762775, -41.305188199999989 ], [ 174.7762686, -41.3063157 ] ], [ [ 174.7762686, -41.3063157 ], [ 174.7762562, -41.30689 ], [ 174.7763587, -41.3071812 ] ], [ [ 174.7782224, -41.2989213 ], [ 174.7780309, -41.2996288 ] ], [ [ 174.7780309, -41.2996288 ], [ 174.777785, -41.3005054 ] ] ] } },
{ "type": "Feature", "properties": { "rank": 24, "type": "corridor", "name": "Tory Street", "where": "Te Aro", "treatment": "Protected lane", "length_m": 832.8297573156143, "filled_m": 0.0, "cost_low": 0.62462231798671075, "cost": 1.3325276117049829, "cost_high": 2.8316211748730886, "dT_godutch": 301.47206772764468, "dT_ebike": 368.81328566096499, "dT_local": 50.21511208380926, "dT_census": 21.877828112311413, "dK_godutch": 578.26327439837291, "dT_pct_pts": 0.51809434661395826, "dT_per_M": 226.24076610458229, "health_M_low": 0.18587214240452937, "health_M_high": 1.2808929433053493, "crashes": 15, "crashes_serious": 4, "plan": "Planned (WCC)", "facility_now": "mixed", "max_adt": 8680.0, "speed": 30.0, "one_way_share": 0.0, "gap_rank": 36, "rank_median": 33.0, "rank_p10": 17.0, "rank_p90": 45.0, "top10_share": 0.025, "robust_top10": false, "rank_tol150": 146.0, "rank_tol400": 77.0, "build_step": null }, "geometry": { "type": "MultiLineString", "coordinates": [ [ [ 174.7819125, -41.2921767 ], [ 174.78217, -41.2917498 ] ], [ [ 174.7795736, -41.2962729 ], [ 174.7797928, -41.2958817 ] ], [ [ 174.7797928, -41.2958817 ], [ 174.7798515, -41.295775 ] ], [ [ 174.7798515, -41.295775 ], [ 174.780170199999986, -41.2952108 ] ], [ [ 174.780170199999986, -41.2952108 ], [ 174.7804882, -41.2946712 ] ], [ [ 174.7804882, -41.2946712 ], [ 174.7806611, -41.2943683 ] ], [ [ 174.7806611, -41.2943683 ], [ 174.7808948, -41.2939526 ] ], [ [ 174.7808948, -41.2939526 ], [ 174.780950100000013, -41.293862299999986 ] ], [ [ 174.780950100000013, -41.293862299999986 ], [ 174.7809844, -41.2938021 ] ], [ [ 174.77842720000001, -41.2983277 ], [ 174.7785662, -41.298085 ] ], [ [ 174.7785662, -41.298085 ], [ 174.7788885, -41.2975075 ] ], [ [ 174.7788885, -41.2975075 ], [ 174.7790702, -41.297177499999989 ] ], [ [ 174.7790702, -41.297177499999989 ], [ 174.77917290000002, -41.2969977 ] ], [ [ 174.77917290000002, -41.2969977 ], [ 174.7792656, -41.2968401 ] ], [ [ 174.7792656, -41.2968401 ], [ 174.7795736, -41.2962729 ] ], [ [ 174.7809844, -41.2938021 ], [ 174.78116940000001, -41.2934761 ] ], [ [ 174.781356499999987, -41.293149 ], [ 174.781777, -41.2924137 ] ], [ [ 174.78217, -41.2917498 ], [ 174.782356400000026, -41.2914388 ] ], [ [ 174.781777, -41.2924137 ], [ 174.7819125, -41.2921767 ] ], [ [ 174.78116940000001, -41.2934761 ], [ 174.781205, -41.2934138 ] ], [ [ 174.781205, -41.2934138 ], [ 174.781356499999987, -41.293149 ] ] ] } },
{ "type": "Feature", "properties": { "rank": 25, "type": "corridor", "name": "Wakefield Street", "where": "Te Aro", "treatment": "Protected lane", "length_m": 887.01781993021336, "filled_m": 223.9349255273637, "cost_low": 0.66526336494765992, "cost": 1.4192285118883414, "cost_high": 3.0158605877627256, "dT_godutch": 293.14238109247026, "dT_ebike": 346.44994576031291, "dT_local": 58.668211745900066, "dT_census": 28.850747954387124, "dK_godutch": 720.6815276728538, "dT_pct_pts": 0.50377937678183282, "dT_per_M": 206.55051574635601, "health_M_low": 0.31419545430151191, "health_M_high": 1.4988041561534367, "crashes": 11, "crashes_serious": 0, "plan": "Desired only", "facility_now": "mixed", "max_adt": 14720.0, "speed": 50.0, "one_way_share": 0.0, "gap_rank": 49, "rank_median": 31.0, "rank_p10": 16.0, "rank_p90": 43.0, "top10_share": 0.025, "robust_top10": false, "rank_tol150": 49.0, "rank_tol400": 23.0, "build_step": null }, "geometry": { "type": "MultiLineString", "coordinates": [ [ [ 174.7847874, -41.2930922 ], [ 174.78451960000001, -41.2931345 ], [ 174.7841204, -41.2929739 ] ], [ [ 174.7764119, -41.2891225 ], [ 174.7765846, -41.2892553 ] ], [ [ 174.7764119, -41.2891225 ], [ 174.776221, -41.289091 ], [ 174.7760197, -41.2891721 ] ], [ [ 174.7785053, -41.2905397 ], [ 174.778622899999988, -41.290608400000018 ] ], [ [ 174.778622899999988, -41.290608400000018 ], [ 174.7789214, -41.2907725 ] ], [ [ 174.7841204, -41.2929739 ], [ 174.783865600000013, -41.292861099999989 ] ], [ [ 174.7819125, -41.2921767 ], [ 174.7810301, -41.2918946 ] ], [ [ 174.7810301, -41.2918946 ], [ 174.780674800000014, -41.2917642 ], [ 174.7803572, -41.2915775 ] ], [ [ 174.7803572, -41.2915775 ], [ 174.780326200000019, -41.2915592 ] ], [ [ 174.783865600000013, -41.292861099999989 ], [ 174.7835422, -41.2927029 ] ], [ [ 174.7835422, -41.2927029 ], [ 174.783336900000023, -41.2926293 ] ], [ [ 174.780045800000011, -41.291388499999989 ], [ 174.7796322, -41.2911466 ] ], [ [ 174.776134100000036, -41.2887874 ], [ 174.7764119, -41.2891225 ] ], [ [ 174.783336900000023, -41.2926293 ], [ 174.7827347, -41.2924415 ] ], [ [ 174.7827347, -41.2924415 ], [ 174.782310099999989, -41.2923042 ] ], [ [ 174.782310099999989, -41.2923042 ], [ 174.7819125, -41.2921767 ] ], [ [ 174.7791111, -41.2908769 ], [ 174.7796322, -41.2911466 ] ], [ [ 174.7789214, -41.2907725 ], [ 174.7791111, -41.2908769 ] ], [ [ 174.7765846, -41.2892553 ], [ 174.777330799999987, -41.2898209 ] ], [ [ 174.777330799999987, -41.2898209 ], [ 174.7775895, -41.2899729 ] ], [ [ 174.7775895, -41.2899729 ], [ 174.7777434, -41.2900784 ] ], [ [ 174.778069, -41.2902943 ], [ 174.7781712, -41.2903526 ] ], [ [ 174.7781712, -41.2903526 ], [ 174.778293, -41.2904221 ] ], [ [ 174.778293, -41.2904221 ], [ 174.778325, -41.2904398 ] ], [ [ 174.778325, -41.2904398 ], [ 174.7784227, -41.2904937 ] ], [ [ 174.7784227, -41.2904937 ], [ 174.7785053, -41.2905397 ] ], [ [ 174.780326200000019, -41.2915592 ], [ 174.780045800000011, -41.291388499999989 ] ] ] } },
{ "type": "Feature", "properties": { "rank": 26, "type": "corridor", "name": "Johnston Street", "where": "Wellington Central", "treatment": "Protected lane", "length_m": 90.827840007730941, "filled_m": 0.0, "cost_low": 0.1, "cost": 0.25, "cost_high": 0.5, "dT_godutch": 50.944873747328643, "dT_ebike": 69.554304000801608, "dT_local": 15.651114743303879, "dT_census": 6.7332004112492996, "dK_godutch": 172.64125884674951, "dT_pct_pts": 0.087551232445514243, "dT_per_M": 203.77949498931457, "health_M_low": 0.080454228535648584, "health_M_high": 0.33941514634435621, "crashes": 0, "crashes_serious": 0, "plan": "Not in plan", "facility_now": "mixed", "max_adt": 20604.0, "speed": 40.0, "one_way_share": 0.0, "gap_rank": 126, "rank_median": 25.0, "rank_p10": 11.0, "rank_p90": 51.0, "top10_share": 0.097, "robust_top10": false, "rank_tol150": 98.0, "rank_tol400": 56.0, "build_step": null }, "geometry": { "type": "MultiLineString", "coordinates": [ [ [ 174.77807390000001, -41.2831999 ], [ 174.7782139, -41.283245799999989 ] ], [ [ 174.7772214, -41.2829164 ], [ 174.77807390000001, -41.2831999 ] ] ] } },
{ "type": "Feature", "properties": { "rank": 27, "type": "crossing", "name": "Caledonia Street at Kauri Street", "where": "Miramar", "treatment": "Raised zebra / refuge", "length_m": 0.0, "filled_m": null, "cost_low": 0.15, "cost": 0.25, "cost_high": 0.4, "dT_godutch": 49.499576596184852, "dT_ebike": 58.699199138804943, "dT_local": 9.7539590635406057, "dT_census": 3.3443263852070686, "dK_godutch": 174.21594150214941, "dT_pct_pts": 0.085067419305448019, "dT_per_M": 197.99830638473941, "health_M_low": 0.084909433061993847, "health_M_high": 0.39174273389651343, "crashes": 0, "crashes_serious": 0, "plan": "Not in plan", "facility_now": "unsignalised", "max_adt": 4550.0, "speed": 50.0, "one_way_share": 0.0, "gap_rank": 12, "rank_median": 33.0, "rank_p10": 18.9, "rank_p90": 51.0, "top10_share": 0.004, "robust_top10": false, "rank_tol150": 20.0, "rank_tol400": 165.0, "build_step": null }, "geometry": { "type": "Point", "coordinates": [ 174.8121356, -41.3213301 ] } },
{ "type": "Feature", "properties": { "rank": 28, "type": "corridor", "name": "Jervois Quay", "where": "Wellington Central", "treatment": "Protected lane", "length_m": 1178.4571997099144, "filled_m": 732.82360189153667, "cost_low": 0.8838428997824358, "cost": 1.8855315195358633, "cost_high": 4.0067544790137086, "dT_godutch": 372.64482006928881, "dT_ebike": 450.70852644869149, "dT_local": 91.302933520995438, "dT_census": 67.579982897352252, "dK_godutch": 1053.0891822188642, "dT_pct_pts": 0.64040816792119137, "dT_per_M": 197.63383226869522, "health_M_low": 0.34517040950665995, "health_M_high": 1.8846386720262285, "crashes": 14, "crashes_serious": 1, "plan": "Desired only", "facility_now": "mixed", "max_adt": 21093.0, "speed": 50.0, "one_way_share": 0.0, "gap_rank": 104, "rank_median": 23.0, "rank_p10": 11.0, "rank_p90": 43.0, "top10_share": 0.088, "robust_top10": false, "rank_tol150": 28.0, "rank_tol400": 11.0, "build_step": null }, "geometry": { "type": "MultiLineString", "coordinates": [ [ [ 174.7793419, -41.2908089 ], [ 174.778871, -41.2901859 ], [ 174.7786936, -41.2898185 ] ], [ [ 174.7786936, -41.2898185 ], [ 174.7786021, -41.2895591 ] ], [ [ 174.7786021, -41.2895591 ], [ 174.778447300000011, -41.2888711 ] ], [ [ 174.7777485, -41.2844802 ], [ 174.7778045, -41.2849334 ] ], [ [ 174.7778604, -41.2858572 ], [ 174.777676, -41.2849834 ] ], [ [ 174.778447300000011, -41.2888711 ], [ 174.778410900000011, -41.2886964 ] ], [ [ 174.7796322, -41.2911466 ], [ 174.7793419, -41.2908089 ] ], [ [ 174.778410900000011, -41.2886964 ], [ 174.778304900000023, -41.2881971 ] ], [ [ 174.778419500000012, -41.2879646 ], [ 174.7784241, -41.2879932 ] ], [ [ 174.778264799999988, -41.287051699999985 ], [ 174.778419500000012, -41.2879646 ] ], [ [ 174.7781723, -41.2865832 ], [ 174.7782633, -41.2870397 ] ], [ [ 174.778304900000023, -41.2881971 ], [ 174.7781922, -41.2876379 ] ], [ [ 174.7781922, -41.2876379 ], [ 174.778113600000012, -41.2872474 ] ], [ [ 174.778064699999987, -41.2870049 ], [ 174.777976, -41.2865066 ] ], [ [ 174.777976, -41.2865066 ], [ 174.7778604, -41.2858572 ] ], [ [ 174.7779405, -41.2854422 ], [ 174.7780278, -41.2858385 ] ], [ [ 174.7780278, -41.2858385 ], [ 174.7780661, -41.2860535 ] ], [ [ 174.7780661, -41.2860535 ], [ 174.7781723, -41.2865832 ] ], [ [ 174.777667799999989, -41.2849448 ], [ 174.7775958, -41.2845052 ], [ 174.7776054, -41.284158 ] ], [ [ 174.77783880000004, -41.2850591 ], [ 174.7779405, -41.2854422 ] ], [ [ 174.778113600000012, -41.2872474 ], [ 174.778064699999987, -41.2870049 ] ] ] } },
{ "type": "Feature", "properties": { "rank": 29, "type": "corridor", "name": "Duncan Street", "where": "Tawa", "treatment": "Quiet street (30 km/h + filter)", "length_m": 337.66358245648064, "filled_m": 0.0, "cost_low": 0.033766358245648061, "cost": 0.067532716491296121, "cost_high": 0.10129907473694419, "dT_godutch": 12.932105160318315, "dT_ebike": 13.12360505387187, "dT_local": 2.0681501970393583, "dT_census": 2.0018051862716675, "dK_godutch": 13.900697098977441, "dT_pct_pts": 0.022224448931139659, "dT_per_M": 191.4939281612499, "health_M_low": 0.00016711660789927668, "health_M_high": 0.030154357882823172, "crashes": 1, "crashes_serious": 0, "plan": "Planned (WCC)", "facility_now": "mixed", "max_adt": 2721.0, "speed": 50.0, "one_way_share": 0.0, "gap_rank": 88, "rank_median": 25.0, "rank_p10": 15.0, "rank_p90": 40.0, "top10_share": 0.012, "robust_top10": false, "rank_tol150": 61.0, "rank_tol400": 110.0, "build_step": null }, "geometry": { "type": "MultiLineString", "coordinates": [ [ [ 174.831362899999988, -41.1627159 ], [ 174.8308691, -41.1639428 ], [ 174.8300506, -41.1651309 ] ], [ [ 174.8300506, -41.1651309 ], [ 174.829863499999988, -41.165392 ] ], [ [ 174.829863499999988, -41.165392 ], [ 174.8297811, -41.1654968 ] ] ] } },
{ "type": "Feature", "properties": { "rank": 30, "type": "crossing", "name": "Customhouse Quay at Grey Street", "where": "Wellington Central", "treatment": "Raised zebra / refuge", "length_m": 0.0, "filled_m": null, "cost_low": 0.15, "cost": 0.25, "cost_high": 0.4, "dT_godutch": 47.479685184013533, "dT_ebike": 66.806783867207059, "dT_local": 15.238603249733529, "dT_census": 9.960555452208574, "dK_godutch": 145.00776893853688, "dT_pct_pts": 0.081596138104147911, "dT_per_M": 189.91874073605413, "health_M_low": 0.049738086117212615, "health_M_high": 0.25218728169250654, "crashes": 2, "crashes_serious": 0, "plan": "Desired only", "facility_now": "unsignalised", "max_adt": 4870.0, "speed": 30.0, "one_way_share": 0.0, "gap_rank": 21, "rank_median": 27.0, "rank_p10": 17.0, "rank_p90": 38.0, "top10_share": 0.009, "robust_top10": false, "rank_tol150": 190.0, "rank_tol400": 174.0, "build_step": null }, "geometry": { "type": "Point", "coordinates": [ 174.77708, -41.284961 ] } },
{ "type": "Feature", "properties": { "rank": 31, "type": "corridor", "name": "John Street", "where": "Mt Cook, Newtown", "treatment": "Protected lane", "length_m": 264.13071996134937, "filled_m": 99.269918500816502, "cost_low": 0.19809803997101205, "cost": 0.42260915193815901, "cost_high": 0.89804444786858784, "dT_godutch": 75.145671750462498, "dT_ebike": 98.328200148484029, "dT_local": 15.926512544889192, "dT_census": 5.6209602399530922, "dK_godutch": 178.19605850938794, "dT_pct_pts": 0.1291414756925183, "dT_per_M": 177.8136403478992, "health_M_low": 0.08266741576252197, "health_M_high": 0.39779552163405379, "crashes": 7, "crashes_serious": 0, "plan": "Unfunded (ex-LGWM)", "facility_now": "mixed", "max_adt": 21727.0, "speed": 50.0, "one_way_share": 0.0, "gap_rank": 146, "rank_median": 35.0, "rank_p10": 18.0, "rank_p90": 47.0, "top10_share": 0.011, "robust_top10": false, "rank_tol150": 12.0, "rank_tol400": 4.0, "build_step": null }, "geometry": { "type": "MultiLineString", "coordinates": [ [ [ 174.775052499999987, -41.3074958 ], [ 174.7751931, -41.3072758 ] ], [ [ 174.7751931, -41.3072758 ], [ 174.7753573, -41.3073613 ], [ 174.7754807, -41.307367299999989 ], [ 174.7759943, -41.3072646 ] ], [ [ 174.7759943, -41.3072646 ], [ 174.7763587, -41.3071812 ] ], [ [ 174.776512200000013, -41.3071457 ], [ 174.7767938, -41.3070989 ] ], [ [ 174.7767938, -41.3070989 ], [ 174.777316399999989, -41.3071601 ] ], [ [ 174.7763587, -41.3071812 ], [ 174.776512200000013, -41.3071457 ] ], [ [ 174.777316399999989, -41.3071601 ], [ 174.7779112, -41.3072585 ] ] ] } },
{ "type": "Feature", "properties": { "rank": 32, "type": "corridor", "name": "Broderick Road", "where": "Johnsonville", "treatment": "Protected lane", "length_m": 946.37624346591156, "filled_m": 35.534793963666395, "cost_low": 0.70978218259943371, "cost": 1.5142019895454586, "cost_high": 3.2176792277840991, "dT_godutch": 244.31880445272878, "dT_ebike": 436.55230681835405, "dT_local": 123.89066171566128, "dT_census": 21.983440392875025, "dK_godutch": 1506.8809601344183, "dT_pct_pts": 0.41987369613557302, "dT_per_M": 161.3515278275851, "health_M_low": 2.2636857486247859, "health_M_high": 3.2742442036383541, "crashes": 2, "crashes_serious": 0, "plan": "Planned (WCC)", "facility_now": "mixed", "max_adt": 10242.0, "speed": 50.0, "one_way_share": 0.0, "gap_rank": 54, "rank_median": 27.0, "rank_p10": 11.0, "rank_p90": 44.0, "top10_share": 0.082, "robust_top10": false, "rank_tol150": 47.0, "rank_tol400": 24.0, "build_step": null }, "geometry": { "type": "MultiLineString", "coordinates": [ [ [ 174.804819400000014, -41.2244406 ], [ 174.804197, -41.2243512 ], [ 174.8039512, -41.2243356 ] ], [ [ 174.804819400000014, -41.2244406 ], [ 174.8048752, -41.2244477 ] ], [ [ 174.8048752, -41.2244477 ], [ 174.8051654, -41.224485 ] ], [ [ 174.8051654, -41.224485 ], [ 174.8054766, -41.224535900000014 ] ], [ [ 174.8039512, -41.2243356 ], [ 174.803761900000012, -41.2243266 ] ], [ [ 174.8060998, -41.2246136 ], [ 174.8058576, -41.2245831 ] ], [ [ 174.8005589, -41.224399499999983 ], [ 174.8013599, -41.2241959 ] ], [ [ 174.8013599, -41.2241959 ], [ 174.801573600000012, -41.2241538 ] ], [ [ 174.801573600000012, -41.2241538 ], [ 174.8017844, -41.2241294 ] ], [ [ 174.8017844, -41.2241294 ], [ 174.803173300000026, -41.2242762 ] ], [ [ 174.7970264, -41.2244676 ], [ 174.7973936, -41.224189699999982 ], [ 174.7975894, -41.2241062 ], [ 174.797965, -41.2240148 ], [ 174.7981692, -41.2240071 ], [ 174.7985036, -41.2240712 ] ], [ [ 174.7985036, -41.2240712 ], [ 174.800023, -41.2244723 ], [ 174.800275, -41.2244689 ], [ 174.8005589, -41.224399499999983 ] ], [ [ 174.8065908, -41.2246615 ], [ 174.8069901, -41.2247142 ] ], [ [ 174.8069901, -41.2247142 ], [ 174.807341799999989, -41.2247569 ] ], [ [ 174.8060998, -41.2246136 ], [ 174.8065908, -41.2246615 ] ], [ [ 174.803173300000026, -41.2242762 ], [ 174.8035636, -41.2243308 ] ], [ [ 174.8058576, -41.2245831 ], [ 174.8054766, -41.224535900000014 ] ], [ [ 174.804819400000014, -41.2244406 ], [ 174.8044026, -41.2243825 ] ], [ [ 174.7967617, -41.2245673 ], [ 174.796863400000035, -41.2245557 ] ], [ [ 174.796863400000035, -41.2245557 ], [ 174.7970264, -41.2244676 ] ] ] } },
{ "type": "Feature", "properties": { "rank": 33, "type": "corridor", "name": "Dixon Street", "where": "Te Aro", "treatment": "Protected lane", "length_m": 538.52698048656134, "filled_m": 0.0, "cost_low": 0.403895235364921, "cost": 0.86164316877849823, "cost_high": 1.8309917336543085, "dT_godutch": 132.98461110957339, "dT_ebike": 159.42425870829129, "dT_local": 22.254938143410243, "dT_census": 11.692577271052187, "dK_godutch": 235.24678731571899, "dT_pct_pts": 0.22854049372418142, "dT_per_M": 154.338380350764, "health_M_low": 0.077785957551114907, "health_M_high": 0.46948354129802888, "crashes": 12, "crashes_serious": 1, "plan": "Unfunded (ex-LGWM)", "facility_now": "mixed", "max_adt": 5000.0, "speed": 30.0, "one_way_share": 0.0, "gap_rank": 31, "rank_median": 39.0, "rank_p10": 20.0, "rank_p90": 60.0, "top10_share": 0.017, "robust_top10": false, "rank_tol150": 26.0, "rank_tol400": 75.0, "build_step": null }, "geometry": { "type": "MultiLineString", "coordinates": [ [ [ 174.778889099999986, -41.2924322 ], [ 174.778582, -41.2923878 ] ], [ [ 174.772956, -41.2906221 ], [ 174.773054300000041, -41.2906203 ] ], [ [ 174.773054300000041, -41.2906203 ], [ 174.77347850000001, -41.290755 ] ], [ [ 174.7757072, -41.2914656 ], [ 174.775650399999989, -41.2914467 ] ], [ [ 174.775650399999989, -41.2914467 ], [ 174.7752227, -41.2913111 ] ], [ [ 174.7752227, -41.2913111 ], [ 174.7737514, -41.2908406 ] ], [ [ 174.77347850000001, -41.290755 ], [ 174.7737514, -41.2908406 ] ], [ [ 174.778582, -41.2923878 ], [ 174.7780072, -41.2921992 ] ], [ [ 174.7780072, -41.2921992 ], [ 174.77745920000001, -41.2920219 ] ], [ [ 174.77745920000001, -41.2920219 ], [ 174.7757072, -41.2914656 ] ] ] } },
{ "type": "Feature", "properties": { "rank": 34, "type": "corridor", "name": "Featherston Street", "where": "Wellington Central, Pipitea", "treatment": "Protected lane", "length_m": 700.60214114391488, "filled_m": 74.79018415383544, "cost_low": 0.52545160585793615, "cost": 1.1209634258302636, "cost_high": 2.3820472798893104, "dT_godutch": 171.49522998064401, "dT_ebike": 226.36070211430831, "dT_local": 46.684087139487843, "dT_census": 25.72927978046922, "dK_godutch": 541.10301700720277, "dT_pct_pts": 0.29472285705918738, "dT_per_M": 152.98913954629938, "health_M_low": 0.2077023145054987, "health_M_high": 1.0336486359393764, "crashes": 16, "crashes_serious": 1, "plan": "Unfunded (ex-LGWM)", "facility_now": "sharrow", "max_adt": 7923.0, "speed": 30.0, "one_way_share": 0.0, "gap_rank": 19, "rank_median": 36.0, "rank_p10": 19.0, "rank_p90": 56.1, "top10_share": 0.007, "robust_top10": false, "rank_tol150": 142.0, "rank_tol400": 69.0, "build_step": null }, "geometry": { "type": "MultiLineString", "coordinates": [ [ [ 174.779165299999988, -41.279578399999984 ], [ 174.7788112, -41.280226 ] ], [ [ 174.7788112, -41.280226 ], [ 174.7787079, -41.2804006 ] ], [ [ 174.7762129, -41.2846935 ], [ 174.7759314, -41.2851986 ], [ 174.7759906, -41.2853618 ] ], [ [ 174.7779021, -41.2817328 ], [ 174.7775586, -41.2823371 ] ], [ [ 174.77861870000001, -41.2805513 ], [ 174.7783244, -41.2810373 ] ], [ [ 174.77689620000001, -41.2835017 ], [ 174.7765703, -41.2840763 ] ], [ [ 174.7765703, -41.2840763 ], [ 174.7762129, -41.2846935 ] ], [ [ 174.7772214, -41.2829164 ], [ 174.77689620000001, -41.2835017 ] ], [ [ 174.7775586, -41.2823371 ], [ 174.7772214, -41.2829164 ] ], [ [ 174.7787079, -41.2804006 ], [ 174.77861870000001, -41.2805513 ] ], [ [ 174.7783244, -41.2810373 ], [ 174.7779021, -41.2817328 ] ] ] } },
{ "type": "Feature", "properties": { "rank": 35, "type": "corridor", "name": "Wellington Road", "where": "Hataitai, Kilbirnie", "treatment": "Protected lane (state highway, NZTA)", "length_m": 947.21093697800086, "filled_m": 236.59632630896056, "cost_low": 0.94721093697800085, "cost": 1.8944218739560017, "cost_high": 3.2205171857252028, "dT_godutch": 289.58314345642384, "dT_ebike": 420.84883288061428, "dT_local": 92.692272981639334, "dT_census": 37.520602355682399, "dK_godutch": 1037.0329224698598, "dT_pct_pts": 0.49766265455482639, "dT_per_M": 152.86095850007561, "health_M_low": 0.59822364076175349, "health_M_high": 2.1933950286817572, "crashes": 6, "crashes_serious": 1, "plan": "Unfunded (ex-LGWM)", "facility_now": "mixed", "max_adt": 34190.0, "speed": 50.0, "one_way_share": 0.0, "gap_rank": 52, "rank_median": 32.0, "rank_p10": 18.0, "rank_p90": 47.0, "top10_share": 0.005, "robust_top10": false, "rank_tol150": 29.0, "rank_tol400": 16.0, "build_step": null }, "geometry": { "type": "MultiLineString", "coordinates": [ [ [ 174.79350740000001, -41.3120116 ], [ 174.7946177, -41.3122745 ], [ 174.7952516, -41.3123544 ] ], [ [ 174.7950892, -41.312439 ], [ 174.794209200000012, -41.312281 ] ], [ [ 174.7909516, -41.3119169 ], [ 174.791303, -41.3119229 ] ], [ [ 174.791303, -41.3119229 ], [ 174.7923573, -41.3119673 ] ], [ [ 174.7923573, -41.3119673 ], [ 174.7926359, -41.311977 ] ], [ [ 174.7898238, -41.3130531 ], [ 174.7899861, -41.312875099999985 ] ], [ [ 174.7899861, -41.312875099999985 ], [ 174.7900012, -41.312117400000012 ], [ 174.7902116, -41.311932599999977 ] ], [ [ 174.793252700000011, -41.312062799999985 ], [ 174.79288, -41.3119836 ] ], [ [ 174.79288, -41.3119836 ], [ 174.79350740000001, -41.3120116 ] ], [ [ 174.7904958, -41.3118136 ], [ 174.7909516, -41.3119169 ] ], [ [ 174.7907344, -41.3119234 ], [ 174.7902116, -41.311932599999977 ] ], [ [ 174.7902116, -41.311932599999977 ], [ 174.790452, -41.3118322 ] ], [ [ 174.790452, -41.3118322 ], [ 174.7904958, -41.3118136 ] ], [ [ 174.7956331, -41.3124911 ], [ 174.7950892, -41.312439 ] ], [ [ 174.7952516, -41.3123544 ], [ 174.795661200000012, -41.3123863 ] ], [ [ 174.793801300000013, -41.312187299999984 ], [ 174.7934735, -41.3121136 ] ], [ [ 174.7926359, -41.311977 ], [ 174.79288, -41.3119836 ] ], [ [ 174.7934735, -41.3121136 ], [ 174.793252700000011, -41.312062799999985 ] ], [ [ 174.789538, -41.3130861 ], [ 174.7898238, -41.3130531 ] ], [ [ 174.7898238, -41.3130531 ], [ 174.7897341, -41.3131058 ], [ 174.7894191, -41.3131573 ] ], [ [ 174.794209200000012, -41.312281 ], [ 174.793801300000013, -41.312187299999984 ] ] ] } },
{ "type": "Feature", "properties": { "rank": 36, "type": "corridor", "name": "Tirangi Road", "where": "Rongotai", "treatment": "Protected lane", "length_m": 387.26421071789156, "filled_m": 161.05000509717621, "cost_low": 0.29044815803841867, "cost": 0.61962273714862659, "cost_high": 1.3166983164408312, "dT_godutch": 91.01147201303138, "dT_ebike": 93.999644416451702, "dT_local": 8.0145281614099986, "dT_census": 6.2917520758082901, "dK_godutch": 133.11732334860429, "dT_pct_pts": 0.15640762171560282, "dT_per_M": 146.88207284298025, "health_M_low": 0.0090061350638926171, "health_M_high": 0.30355029445434306, "crashes": 0, "crashes_serious": 0, "plan": "Not in plan", "facility_now": "mixed", "max_adt": 10188.0, "speed": 50.0, "one_way_share": 0.0, "gap_rank": 141, "rank_median": 49.0, "rank_p10": 26.0, "rank_p90": 74.0, "top10_share": 0.002, "robust_top10": false, "rank_tol150": 37.0, "rank_tol400": 15.0, "build_step": null }, "geometry": { "type": "MultiLineString", "coordinates": [ [ [ 174.8022388, -41.3264309 ], [ 174.802135600000014, -41.3266874 ] ], [ [ 174.802135600000014, -41.3266874 ], [ 174.8018806, -41.3272988 ] ], [ [ 174.8018806, -41.3272988 ], [ 174.801762599999989, -41.3275867 ] ], [ [ 174.8030541, -41.3244893 ], [ 174.8028081, -41.32504 ] ], [ [ 174.8028081, -41.32504 ], [ 174.8026918, -41.3253194 ] ], [ [ 174.8026918, -41.3253194 ], [ 174.80262110000001, -41.3254929 ] ], [ [ 174.80262110000001, -41.3254929 ], [ 174.8024895, -41.325811 ] ], [ [ 174.8024895, -41.325811 ], [ 174.8022388, -41.3264309 ] ], [ [ 174.801762599999989, -41.3275867 ], [ 174.8016879, -41.32782 ] ] ] } },
{ "type": "Feature", "properties": { "rank": 37, "type": "crossing", "name": "Campbell Street at Karori Road", "where": "Karori", "treatment": "Raised zebra / refuge", "length_m": 0.0, "filled_m": null, "cost_low": 0.15, "cost": 0.25, "cost_high": 0.4, "dT_godutch": 34.094308229687158, "dT_ebike": 54.060592946130782, "dT_local": 12.152077414328232, "dT_census": 11.128171640302753, "dK_godutch": 35.92055444910703, "dT_pct_pts": 0.05859271964616207, "dT_per_M": 136.37723291874863, "health_M_low": 0.0033282250263676552, "health_M_high": 0.058276333434266185, "crashes": 0, "crashes_serious": 0, "plan": "Unfunded (ex-LGWM)", "facility_now": "unsignalised", "max_adt": 1691.0, "speed": 50.0, "one_way_share": 0.0, "gap_rank": 30, "rank_median": 26.0, "rank_p10": 12.0, "rank_p90": 39.0, "top10_share": 0.056, "robust_top10": false, "rank_tol150": 196.0, "rank_tol400": 182.0, "build_step": null }, "geometry": { "type": "Point", "coordinates": [ 174.7389584, -41.2843022 ] } },
{ "type": "Feature", "properties": { "rank": 38, "type": "corridor", "name": "Ghuznee Street", "where": "Te Aro", "treatment": "Protected lane", "length_m": 638.76374889280908, "filled_m": 0.0, "cost_low": 0.47907281166960686, "cost": 1.0220219982284946, "cost_high": 2.1717967462355507, "dT_godutch": 139.04232025037251, "dT_ebike": 182.94730256172801, "dT_local": 26.937695555239173, "dT_census": 6.882905438961199, "dK_godutch": 273.08202956251995, "dT_pct_pts": 0.23895096021593967, "dT_per_M": 136.04630868159325, "health_M_low": 0.15820992340913748, "health_M_high": 0.62338632261387439, "crashes": 5, "crashes_serious": 0, "plan": "Unfunded (ex-LGWM)", "facility_now": "mixed", "max_adt": 12835.0, "speed": 30.0, "one_way_share": 0.0, "gap_rank": 20, "rank_median": 44.0, "rank_p10": 26.0, "rank_p90": 55.0, "top10_share": 0.0, "robust_top10": false, "rank_tol150": 23.0, "rank_tol400": 7.0, "build_step": null }, "geometry": { "type": "MultiLineString", "coordinates": [ [ [ 174.7706241, -41.2916117 ], [ 174.7715792, -41.291942 ] ], [ [ 174.7715792, -41.291942 ], [ 174.7715973, -41.2919483 ] ], [ [ 174.771983400000011, -41.2920858 ], [ 174.7722114, -41.2921488 ] ], [ [ 174.7722114, -41.2921488 ], [ 174.7729051, -41.2923401 ] ], [ [ 174.7715973, -41.2919483 ], [ 174.771983400000011, -41.2920858 ] ], [ [ 174.7729051, -41.2923401 ], [ 174.773943300000013, -41.292711 ] ], [ [ 174.774289, -41.292814 ], [ 174.7757249, -41.2932647 ] ], [ [ 174.7757249, -41.2932647 ], [ 174.7761578, -41.2934069 ] ], [ [ 174.7761578, -41.2934069 ], [ 174.7766045, -41.29356210000001 ] ], [ [ 174.7766045, -41.29356210000001 ], [ 174.77678370000001, -41.2936214 ] ], [ [ 174.77678370000001, -41.2936214 ], [ 174.7771565, -41.2937463 ] ], [ [ 174.7771565, -41.2937463 ], [ 174.7773786, -41.2938191 ] ], [ [ 174.7773786, -41.2938191 ], [ 174.777559, -41.2938782 ] ], [ [ 174.777559, -41.2938782 ], [ 174.7779653, -41.293997 ] ] ] } },
{ "type": "Feature", "properties": { "rank": 39, "type": "crossing", "name": "Tory Street at Ebor Street, Lorne Street", "where": "Te Aro", "treatment": "Signalised crossing", "length_m": 0.0, "filled_m": null, "cost_low": 0.5, "cost": 0.8, "cost_high": 1.5, "dT_godutch": 105.85777013128973, "dT_ebike": 129.21876301715383, "dT_local": 19.120262236363487, "dT_census": 11.154858968067856, "dK_godutch": 223.44579532954063, "dT_pct_pts": 0.18192170393619514, "dT_per_M": 132.32221266411216, "health_M_low": 0.06111394828406972, "health_M_high": 0.47536686590016025, "crashes": 1, "crashes_serious": 0, "plan": "Not in plan", "facility_now": "unsignalised", "max_adt": 8650.0, "speed": 30.0, "one_way_share": 0.0, "gap_rank": 26, "rank_median": 42.0, "rank_p10": 27.0, "rank_p90": 60.0, "top10_share": 0.0, "robust_top10": false, "rank_tol150": 62.0, "rank_tol400": 178.0, "build_step": null }, "geometry": { "type": "Point", "coordinates": [ 174.780170199999986, -41.2952108 ] } },
{ "type": "Feature", "properties": { "rank": 40, "type": "corridor", "name": "Tinakori Road", "where": "Thorndon", "treatment": "Protected lane", "length_m": 1739.8198105550225, "filled_m": 348.95593712375205, "cost_low": 1.3048648579162667, "cost": 2.7837116968880364, "cost_high": 5.9153873558870762, "dT_godutch": 362.46659322003256, "dT_ebike": 533.48108317537003, "dT_local": 118.85186374766488, "dT_census": 53.617902875403324, "dK_godutch": 1386.4344311646703, "dT_pct_pts": 0.6229163922190456, "dT_per_M": 130.20981792950784, "health_M_low": 0.76608042086113071, "health_M_high": 2.8726367122300798, "crashes": 9, "crashes_serious": 0, "plan": "Not in plan", "facility_now": "mixed", "max_adt": 13090.0, "speed": 50.0, "one_way_share": 0.0, "gap_rank": 38, "rank_median": 42.5, "rank_p10": 24.0, "rank_p90": 55.1, "top10_share": 0.0, "robust_top10": false, "rank_tol150": 27.0, "rank_tol400": 18.0, "build_step": null }, "geometry": { "type": "MultiLineString", "coordinates": [ [ [ 174.781338100000028, -41.2676338 ], [ 174.781175, -41.2676596 ], [ 174.7810264, -41.2678745 ], [ 174.780811, -41.2683443 ], [ 174.7806439, -41.2689126 ] ], [ [ 174.7806439, -41.2689126 ], [ 174.7805876, -41.269053200000016 ] ], [ [ 174.7779712, -41.2713791 ], [ 174.777832, -41.2716085 ] ], [ [ 174.770601, -41.2776523 ], [ 174.7698196, -41.2783181 ] ], [ [ 174.7698196, -41.2783181 ], [ 174.769562799999989, -41.2785307 ] ], [ [ 174.7723559, -41.2761621 ], [ 174.772545799999989, -41.2760016 ] ], [ [ 174.7729058, -41.2757037 ], [ 174.772545799999989, -41.2760016 ] ], [ [ 174.773371200000014, -41.2753132 ], [ 174.7731683, -41.2754878 ] ], [ [ 174.7737546, -41.2749961 ], [ 174.773371200000014, -41.2753132 ] ], [ [ 174.7745434, -41.2743194 ], [ 174.7743025, -41.274565499999987 ] ], [ [ 174.7737546, -41.2749961 ], [ 174.7740334, -41.274719 ] ], [ [ 174.7746751, -41.274206 ], [ 174.7745434, -41.2743194 ] ], [ [ 174.7740334, -41.274719 ], [ 174.7745434, -41.2743194 ] ], [ [ 174.7741438, -41.2747053 ], [ 174.7740808, -41.2747609 ] ], [ [ 174.7740808, -41.2747609 ], [ 174.7737546, -41.2749961 ] ], [ [ 174.7743025, -41.274565499999987 ], [ 174.7741438, -41.2747053 ] ], [ [ 174.7775727, -41.271711 ], [ 174.7768907, -41.2722674 ] ], [ [ 174.7768907, -41.2722674 ], [ 174.7758725, -41.2731629 ] ], [ [ 174.7758725, -41.2731629 ], [ 174.7755961, -41.2733997 ] ], [ [ 174.7779712, -41.2713791 ], [ 174.7775727, -41.271711 ] ], [ [ 174.7721627, -41.2763264 ], [ 174.7723559, -41.2761621 ] ], [ [ 174.7719291, -41.2765213 ], [ 174.7715926, -41.2768033 ] ], [ [ 174.7714224, -41.2769519 ], [ 174.7715926, -41.2768033 ] ], [ [ 174.769562799999989, -41.2785307 ], [ 174.7693204, -41.2787287 ] ], [ [ 174.7714224, -41.2769519 ], [ 174.7710492, -41.277271 ] ], [ [ 174.7710492, -41.277271 ], [ 174.770662, -41.277599500000015 ] ], [ [ 174.770662, -41.277599500000015 ], [ 174.770601, -41.2776523 ] ], [ [ 174.779395599999987, -41.2701653 ], [ 174.779319500000014, -41.2702293 ] ], [ [ 174.779319500000014, -41.2702293 ], [ 174.7792706, -41.2702713 ] ], [ [ 174.7792706, -41.2702713 ], [ 174.7779712, -41.2713791 ] ], [ [ 174.779976299999987, -41.2696768 ], [ 174.779395599999987, -41.2701653 ] ], [ [ 174.7805876, -41.269053200000016 ], [ 174.7804609, -41.269255 ], [ 174.779976299999987, -41.2696768 ] ], [ [ 174.7755961, -41.2733997 ], [ 174.774712599999987, -41.2741732 ] ], [ [ 174.774712599999987, -41.2741732 ], [ 174.7746751, -41.274206 ] ], [ [ 174.7721627, -41.2763264 ], [ 174.7719291, -41.2765213 ] ], [ [ 174.7731683, -41.2754878 ], [ 174.7729058, -41.2757037 ] ] ] } },
{ "type": "Feature", "properties": { "rank": 41, "type": "crossing", "name": "Tory Street at Tennyson Street", "where": "Te Aro", "treatment": "Signalised crossing", "length_m": 0.0, "filled_m": null, "cost_low": 0.5, "cost": 0.8, "cost_high": 1.5, "dT_godutch": 98.156281164119719, "dT_ebike": 119.81279589567566, "dT_local": 17.775374916236615, "dT_census": 10.581365283112973, "dK_godutch": 205.70498244355454, "dT_pct_pts": 0.16868632221583862, "dT_per_M": 122.69535145514965, "health_M_low": 0.056190659675946594, "health_M_high": 0.43504859399778822, "crashes": 0, "crashes_serious": 0, "plan": "Unfunded (ex-LGWM)", "facility_now": "unsignalised", "max_adt": 8650.0, "speed": 30.0, "one_way_share": 0.0, "gap_rank": 13, "rank_median": 44.5, "rank_p10": 30.0, "rank_p90": 62.0, "top10_share": 0.0, "robust_top10": false, "rank_tol150": 64.0, "rank_tol400": 166.0, "build_step": null }, "geometry": { "type": "Point", "coordinates": [ 174.7804882, -41.2946712 ] } },
{ "type": "Feature", "properties": { "rank": 42, "type": "corridor", "name": "Waitoa Road", "where": "Hataitai", "treatment": "Protected lane", "length_m": 432.1932541688318, "filled_m": 0.0, "cost_low": 0.32414494062662386, "cost": 0.69150920667013083, "cost_high": 1.4694570641740281, "dT_godutch": 83.512012934649647, "dT_ebike": 113.62859675213667, "dT_local": 29.145080990368797, "dT_census": 17.658551491070057, "dK_godutch": 347.01344826456733, "dT_pct_pts": 0.14351943814205045, "dT_per_M": 120.76775280663357, "health_M_low": 0.18324505552729858, "health_M_high": 0.67146759553568724, "crashes": 0, "crashes_serious": 0, "plan": "Not in plan", "facility_now": "mixed", "max_adt": 4307.0, "speed": 50.0, "one_way_share": 0.0, "gap_rank": 117, "rank_median": 43.0, "rank_p10": 24.0, "rank_p90": 58.0, "top10_share": 0.001, "robust_top10": false, "rank_tol150": 167.0, "rank_tol400": 130.0, "build_step": null }, "geometry": { "type": "MultiLineString", "coordinates": [ [ [ 174.792273099999989, -41.3023379 ], [ 174.792371800000012, -41.3024326 ] ], [ [ 174.792371800000012, -41.3024326 ], [ 174.7926042, -41.3026016 ] ], [ [ 174.7926042, -41.3026016 ], [ 174.7928963, -41.3028779 ], [ 174.7933946, -41.3037342 ] ], [ [ 174.7942354, -41.3040565 ], [ 174.7951679, -41.3043622 ] ], [ [ 174.7951679, -41.3043622 ], [ 174.7958103, -41.304558199999988 ] ], [ [ 174.7958103, -41.304558199999988 ], [ 174.7969665, -41.30492970000001 ] ] ] } },
{ "type": "Feature", "properties": { "rank": 43, "type": "corridor", "name": "Maupuia Road", "where": "Maupuia, Miramar", "treatment": "Quiet street (30 km/h + filter)", "length_m": 618.99212204679861, "filled_m": 0.0, "cost_low": 0.061899212204679865, "cost": 0.12379842440935973, "cost_high": 0.18569763661403957, "dT_godutch": 14.193491505391194, "dT_ebike": 19.676343599953725, "dT_local": 4.6139878865869832, "dT_census": 1.2089187808678616, "dK_godutch": 68.00086941800015, "dT_pct_pts": 0.024392202445434396, "dT_per_M": 114.65001734156239, "health_M_low": 0.04769403960210486, "health_M_high": 0.14907885844413168, "crashes": 0, "crashes_serious": 0, "plan": "Not in plan", "facility_now": "mixed", "max_adt": 2778.0, "speed": 50.0, "one_way_share": 0.0, "gap_rank": 48, "rank_median": 42.0, "rank_p10": 22.0, "rank_p90": 73.0, "top10_share": 0.001, "robust_top10": false, "rank_tol150": 34.0, "rank_tol400": 83.0, "build_step": null }, "geometry": { "type": "MultiLineString", "coordinates": [ [ [ 174.8138653, -41.3122977 ], [ 174.8139568, -41.3115099 ], [ 174.8142101, -41.311 ], [ 174.8142829, -41.3107065 ], [ 174.8142445, -41.3103419 ], [ 174.8140952, -41.3099062 ] ], [ [ 174.8140952, -41.3099062 ], [ 174.8140689, -41.3096984 ], [ 174.814130799999987, -41.309537 ] ], [ [ 174.8127378, -41.3147015 ], [ 174.812960299999986, -41.3140406 ], [ 174.8133956, -41.3133799 ], [ 174.8135196, -41.3132453 ], [ 174.8139721, -41.3129748 ], [ 174.814055700000011, -41.3128514 ], [ 174.8140434, -41.3126681 ], [ 174.8138653, -41.3122977 ] ] ] } },
{ "type": "Feature", "properties": { "rank": 44, "type": "corridor", "name": "Tauhinu Road", "where": "Miramar", "treatment": "Protected lane", "length_m": 593.92976204736419, "filled_m": 0.0, "cost_low": 0.44544732153552313, "cost": 0.95028761927578276, "cost_high": 2.0193611909610381, "dT_godutch": 108.78795567455472, "dT_ebike": 134.99495173370997, "dT_local": 28.467069525674333, "dT_census": 11.148514710704035, "dK_godutch": 472.66065855593467, "dT_pct_pts": 0.18695736968107945, "dT_per_M": 114.47897822499505, "health_M_low": 0.25419195278147211, "health_M_high": 1.0041981989333975, "crashes": 4, "crashes_serious": 0, "plan": "Not in plan", "facility_now": "mixed", "max_adt": 7970.0, "speed": 50.0, "one_way_share": 0.0, "gap_rank": 17, "rank_median": 47.0, "rank_p10": 23.0, "rank_p90": 75.0, "top10_share": 0.004, "robust_top10": false, "rank_tol150": 141.0, "rank_tol400": 68.0, "build_step": null }, "geometry": { "type": "MultiLineString", "coordinates": [ [ [ 174.8136107, -41.3148547 ], [ 174.813672, -41.314775399999981 ] ], [ [ 174.813672, -41.314775399999981 ], [ 174.813770799999986, -41.314635699999982 ] ], [ [ 174.813770799999986, -41.314635699999982 ], [ 174.8141467, -41.3141806 ] ], [ [ 174.8141467, -41.3141806 ], [ 174.814201, -41.3141144 ] ], [ [ 174.814201, -41.3141144 ], [ 174.81427260000001, -41.314027 ] ], [ [ 174.81427260000001, -41.314027 ], [ 174.8149593, -41.3132107 ] ], [ [ 174.8149593, -41.3132107 ], [ 174.8157989, -41.3122696 ] ], [ [ 174.8157989, -41.3122696 ], [ 174.816337800000014, -41.3117227 ], [ 174.8167775, -41.3114383 ] ], [ [ 174.8167775, -41.3114383 ], [ 174.816837200000037, -41.3114018 ] ], [ [ 174.816837200000037, -41.3114018 ], [ 174.8171806, -41.3111561 ], [ 174.817471399999988, -41.310445099999988 ] ] ] } },
{ "type": "Feature", "properties": { "rank": 45, "type": "corridor", "name": "Victoria Street", "where": "Te Aro, Wellington Central, Mt Cook", "treatment": "Protected lane", "length_m": 1179.1517708827171, "filled_m": 0.0, "cost_low": 0.79383221349563127, "cost": 1.6935087221240133, "cost_high": 3.598706034513528, "dT_godutch": 186.13658958907138, "dT_ebike": 242.2041146668422, "dT_local": 46.338967980592514, "dT_census": 19.497066820402647, "dK_godutch": 514.06773123921494, "dT_pct_pts": 0.3198847425268691, "dT_per_M": 109.91179859742161, "health_M_low": 0.26809943824975702, "health_M_high": 1.0619387922880683, "crashes": 18, "crashes_serious": 2, "plan": "Unfunded (ex-LGWM)", "facility_now": "sharrow", "max_adt": 12326.0, "speed": 30.0, "one_way_share": 0.25592299171302985, "gap_rank": 5, "rank_median": 46.0, "rank_p10": 27.0, "rank_p90": 62.0, "top10_share": 0.001, "robust_top10": false, "rank_tol150": 35.0, "rank_tol400": 10.0, "build_step": null }, "geometry": { "type": "MultiLineString", "coordinates": [ [ [ 174.7752227, -41.2913111 ], [ 174.7749666, -41.2915815 ] ], [ [ 174.7749666, -41.2915815 ], [ 174.774432499999989, -41.2921293 ] ], [ [ 174.774432499999989, -41.2921293 ], [ 174.774338699999987, -41.2922311 ] ], [ [ 174.774338699999987, -41.2922311 ], [ 174.773943300000013, -41.292711 ] ], [ [ 174.775734300000011, -41.2903776 ], [ 174.7756937, -41.2906449 ], [ 174.7755132, -41.2909591 ] ], [ [ 174.7774933, -41.2859986 ], [ 174.7770941, -41.2867154 ] ], [ [ 174.7770941, -41.2867154 ], [ 174.776808100000011, -41.287253 ] ], [ [ 174.776808100000011, -41.287253 ], [ 174.7767093, -41.2874186 ] ], [ [ 174.7767093, -41.2874186 ], [ 174.776489700000013, -41.287791 ] ], [ [ 174.776489700000013, -41.287791 ], [ 174.7762239, -41.28826 ] ], [ [ 174.7716038, -41.2963552 ], [ 174.771456199999989, -41.2966038 ] ], [ [ 174.7755132, -41.2909591 ], [ 174.7752227, -41.2913111 ] ], [ [ 174.7761362, -41.2886248 ], [ 174.776134100000036, -41.2887874 ] ], [ [ 174.776127, -41.2885518 ], [ 174.7761362, -41.2886248 ] ], [ [ 174.773943300000013, -41.292711 ], [ 174.773256, -41.2935845 ] ], [ [ 174.7731434, -41.2937332 ], [ 174.772910599999989, -41.2941388 ] ], [ [ 174.7759528, -41.289399 ], [ 174.7756909, -41.2900205 ], [ 174.775734300000011, -41.2903776 ] ], [ [ 174.7719582, -41.295749 ], [ 174.7717566, -41.2961048 ] ], [ [ 174.772052, -41.2955922 ], [ 174.7719582, -41.295749 ] ], [ [ 174.771305399999989, -41.2968681 ], [ 174.7712683, -41.2969165 ] ], [ [ 174.771456199999989, -41.2966038 ], [ 174.771305399999989, -41.2968681 ] ], [ [ 174.7712683, -41.2969165 ], [ 174.7710471, -41.2969731 ] ], [ [ 174.773256, -41.2935845 ], [ 174.7731434, -41.2937332 ] ], [ [ 174.7760197, -41.2891721 ], [ 174.7759528, -41.289399 ] ], [ [ 174.776134100000036, -41.2887874 ], [ 174.7760197, -41.2891721 ] ], [ [ 174.777339500000011, -41.2857947 ], [ 174.777478, -41.2858655 ], [ 174.7774933, -41.2859986 ] ], [ [ 174.7762239, -41.28826 ], [ 174.776127, -41.2885518 ] ] ] } },
{ "type": "Feature", "properties": { "rank": 46, "type": "corridor", "name": "Miramar Avenue", "where": "Miramar", "treatment": "Protected lane", "length_m": 545.54158473525047, "filled_m": 0.0, "cost_low": 0.40915618855143782, "cost": 0.87286653557640081, "cost_high": 1.8548413880998513, "dT_godutch": 95.723669069710013, "dT_ebike": 110.75321590503745, "dT_local": 18.623514788183684, "dT_census": 11.708964171952971, "dK_godutch": 343.18649587329332, "dT_pct_pts": 0.16450576053688065, "dT_per_M": 109.66587120503883, "health_M_low": 0.097265374624097928, "health_M_high": 0.69408870168660353, "crashes": 8, "crashes_serious": 2, "plan": "Planned (WCC)", "facility_now": "mixed", "max_adt": 12920.0, "speed": 30.0, "one_way_share": 0.0, "gap_rank": 64, "rank_median": 51.0, "rank_p10": 33.0, "rank_p90": 68.1, "top10_share": 0.0, "robust_top10": false, "rank_tol150": 24.0, "rank_tol400": 22.0, "build_step": null }, "geometry": { "type": "MultiLineString", "coordinates": [ [ [ 174.818974200000014, -41.3174491 ], [ 174.81714740000001, -41.3166853 ] ], [ [ 174.8196649, -41.3177658 ], [ 174.8191742, -41.3175379 ] ], [ [ 174.8164796, -41.3164116 ], [ 174.815444500000012, -41.3159595 ] ], [ [ 174.815444500000012, -41.3159595 ], [ 174.815185500000013, -41.3158503 ] ], [ [ 174.815185500000013, -41.3158503 ], [ 174.8147916, -41.3156836 ] ], [ [ 174.8147916, -41.3156836 ], [ 174.8146824, -41.3156374 ] ], [ [ 174.8146824, -41.3156374 ], [ 174.814580300000017, -41.3155943 ] ], [ [ 174.814580300000017, -41.3155943 ], [ 174.8144313, -41.3155332 ] ], [ [ 174.8144313, -41.3155332 ], [ 174.8140268, -41.3153579 ] ], [ [ 174.8140268, -41.3153579 ], [ 174.813860299999988, -41.315282799999984 ] ], [ [ 174.8191742, -41.3175379 ], [ 174.818974200000014, -41.3174491 ] ], [ [ 174.81714740000001, -41.3166853 ], [ 174.816624100000013, -41.3164704 ] ] ] } },
{ "type": "Feature", "properties": { "rank": 47, "type": "corridor", "name": "Vivian Street", "where": "Te Aro", "treatment": "Protected lane (state highway, NZTA)", "length_m": 894.58279852185831, "filled_m": 221.3380342906631, "cost_low": 0.89458279852185829, "cost": 1.7891655970437166, "cost_high": 3.0415815149743182, "dT_godutch": 184.75542494208895, "dT_ebike": 212.01989668060287, "dT_local": 22.70645576681045, "dT_census": 2.8044355149087536, "dK_godutch": 326.56110122780103, "dT_pct_pts": 0.31751114420070137, "dT_per_M": 103.26345713743044, "health_M_low": 0.12952198058287398, "health_M_high": 0.77965794138296085, "crashes": 8, "crashes_serious": 2, "plan": "Not in plan", "facility_now": "mixed", "max_adt": 26556.0, "speed": 50.0, "one_way_share": 0.0, "gap_rank": 76, "rank_median": 50.0, "rank_p10": 30.0, "rank_p90": 80.0, "top10_share": 0.0, "robust_top10": false, "rank_tol150": 40.0, "rank_tol400": 28.0, "build_step": null }, "geometry": { "type": "MultiLineString", "coordinates": [ [ [ 174.772060100000033, -41.293851 ], [ 174.772456299999988, -41.2939812 ] ], [ [ 174.7809325, -41.2967202 ], [ 174.781173, -41.2967988 ] ], [ [ 174.781173, -41.2967988 ], [ 174.7816044, -41.296937 ] ], [ [ 174.772456299999988, -41.2939812 ], [ 174.772910599999989, -41.2941388 ] ], [ [ 174.7816044, -41.296937 ], [ 174.7819874, -41.2970558 ] ], [ [ 174.777141, -41.2954939 ], [ 174.7795736, -41.2962729 ] ], [ [ 174.7795736, -41.2962729 ], [ 174.7809325, -41.2967202 ] ], [ [ 174.773022900000029, -41.294169 ], [ 174.7735174, -41.2943266 ] ], [ [ 174.7735174, -41.2943266 ], [ 174.7740053, -41.2944802 ] ], [ [ 174.7740053, -41.2944802 ], [ 174.77419, -41.294541 ] ], [ [ 174.77419, -41.294541 ], [ 174.7748846, -41.29477 ] ], [ [ 174.7748846, -41.29477 ], [ 174.775429300000013, -41.2949505 ] ], [ [ 174.775429300000013, -41.2949505 ], [ 174.775799400000011, -41.2950708 ] ], [ [ 174.775799400000011, -41.2950708 ], [ 174.77594, -41.2951147 ] ], [ [ 174.77594, -41.2951147 ], [ 174.7761677, -41.2951877 ] ], [ [ 174.7761677, -41.2951877 ], [ 174.7762778, -41.2952219 ] ], [ [ 174.7762778, -41.2952219 ], [ 174.7767849, -41.2953802 ] ], [ [ 174.7767849, -41.2953802 ], [ 174.777141, -41.2954939 ] ] ] } },
{ "type": "Feature", "properties": { "rank": 48, "type": "corridor", "name": "Courtenay Place", "where": "Te Aro", "treatment": "Protected lane", "length_m": 815.83326782861923, "filled_m": 0.0, "cost_low": 0.61187495087146437, "cost": 1.3053332285257908, "cost_high": 2.7738331106173053, "dT_godutch": 125.4125104832425, "dT_ebike": 143.79422401064755, "dT_local": 17.302463954892914, "dT_census": 3.5199388753049021, "dK_godutch": 235.21410443109852, "dT_pct_pts": 0.21552747213294657, "dT_per_M": 96.077007573675345, "health_M_low": 0.095155044870680161, "health_M_high": 0.53630339132839788, "crashes": 16, "crashes_serious": 4, "plan": "Unfunded (ex-LGWM)", "facility_now": "bus_lane", "max_adt": 8700.0, "speed": 30.0, "one_way_share": 0.0, "gap_rank": 22, "rank_median": 60.0, "rank_p10": 39.0, "rank_p90": 81.0, "top10_share": 0.0, "robust_top10": false, "rank_tol150": 42.0, "rank_tol400": 71.0, "build_step": null }, "geometry": { "type": "MultiLineString", "coordinates": [ [ [ 174.783749, -41.2940108 ], [ 174.7834851, -41.2940197 ] ], [ [ 174.778889099999986, -41.2924322 ], [ 174.7790855, -41.292474699999985 ], [ 174.7800404, -41.2930257 ], [ 174.781205, -41.2934138 ] ], [ [ 174.781205, -41.2934138 ], [ 174.7820577, -41.2936524 ] ], [ [ 174.7835067, -41.2939519 ], [ 174.783749, -41.2940108 ] ], [ [ 174.7820136, -41.2937164 ], [ 174.78116940000001, -41.2934761 ] ], [ [ 174.78116940000001, -41.2934761 ], [ 174.7802083, -41.29316020000001 ] ], [ [ 174.7802083, -41.29316020000001 ], [ 174.7799469, -41.2930669 ], [ 174.778889099999986, -41.2924322 ] ], [ [ 174.7834851, -41.2940197 ], [ 174.7832764, -41.2939838 ] ], [ [ 174.7832764, -41.2939838 ], [ 174.7820136, -41.2937164 ] ], [ [ 174.78301780000001, -41.2938576 ], [ 174.783296900000011, -41.2939114 ] ], [ [ 174.783296900000011, -41.2939114 ], [ 174.7835067, -41.2939519 ] ] ] } },
{ "type": "Feature", "properties": { "rank": 49, "type": "corridor", "name": "Johnsonville Road", "where": "Johnsonville", "treatment": "Protected lane", "length_m": 404.53564243194916, "filled_m": 5.0144019606996961, "cost_low": 0.30340173182396191, "cost": 0.64725702789111872, "cost_high": 1.375421184268627, "dT_godutch": 60.015612486562361, "dT_ebike": 82.216820087275323, "dT_local": 12.97791916944368, "dT_census": 3.0596138727586322, "dK_godutch": 169.22375993129248, "dT_pct_pts": 0.10313973620253503, "dT_per_M": 92.722998593161918, "health_M_low": 0.20805557428764443, "health_M_high": 0.36698607360532109, "crashes": 8, "crashes_serious": 2, "plan": "Planned (WCC)", "facility_now": "painted_lane", "max_adt": 22000.0, "speed": 50.0, "one_way_share": 0.0, "gap_rank": 25, "rank_median": 51.0, "rank_p10": 33.0, "rank_p90": 63.0, "top10_share": 0.0, "robust_top10": false, "rank_tol150": 68.0, "rank_tol400": 27.0, "build_step": null }, "geometry": { "type": "MultiLineString", "coordinates": [ [ [ 174.8075821, -41.221681599999989 ], [ 174.8075598, -41.2217235 ] ], [ [ 174.8073623, -41.2242204 ], [ 174.8072639, -41.2232901 ] ], [ [ 174.8072639, -41.2232901 ], [ 174.807251300000019, -41.2228422 ] ], [ [ 174.8072539, -41.222785 ], [ 174.8072699, -41.2225814 ] ], [ [ 174.8072556, -41.2252345 ], [ 174.807341799999989, -41.2247569 ] ], [ [ 174.807341799999989, -41.2247569 ], [ 174.8073623, -41.2242204 ] ], [ [ 174.8074316, -41.2220494 ], [ 174.8072699, -41.2225814 ] ], [ [ 174.8072699, -41.2225814 ], [ 174.807266199999987, -41.2224144 ] ], [ [ 174.807266199999987, -41.2224144 ], [ 174.80733140000001, -41.2221398 ] ] ] } },
{ "type": "Feature", "properties": { "rank": 50, "type": "corridor", "name": "Lyall Parade", "where": "Lyall Bay", "treatment": "Protected lane", "length_m": 806.85441586341142, "filled_m": 282.96741621799572, "cost_low": 0.60514081189755864, "cost": 1.2909670653814582, "cost_high": 2.7433050139355988, "dT_godutch": 118.62087957861195, "dT_ebike": 137.10175623874329, "dT_local": 29.303604906079272, "dT_census": 23.23654787077021, "dK_godutch": 354.42328508298914, "dT_pct_pts": 0.20385572555124801, "dT_per_M": 91.885287207975011, "health_M_low": 0.075130287939993545, "health_M_high": 0.63136981139400139, "crashes": 3, "crashes_serious": 2, "plan": "Planned (WCC)", "facility_now": "mixed", "max_adt": 10200.0, "speed": 30.0, "one_way_share": 0.0, "gap_rank": 85, "rank_median": 48.0, "rank_p10": 28.0, "rank_p90": 62.0, "top10_share": 0.0, "robust_top10": false, "rank_tol150": 59.0, "rank_tol400": 108.0, "build_step": null }, "geometry": { "type": "MultiLineString", "coordinates": [ [ [ 174.7935932, -41.3300365 ], [ 174.792821500000031, -41.3306556 ], [ 174.7921629, -41.3310947 ] ], [ [ 174.80023730000002, -41.328014399999986 ], [ 174.79887020000001, -41.3281092 ] ], [ [ 174.79887020000001, -41.3281092 ], [ 174.7977439, -41.328278 ], [ 174.7972479, -41.328428099999982 ], [ 174.795779399999986, -41.3290088 ] ], [ [ 174.7953363, -41.3290608 ], [ 174.795357599999988, -41.3290552 ] ], [ [ 174.795357599999988, -41.3290552 ], [ 174.7954441, -41.3291118 ] ], [ [ 174.7954441, -41.3291118 ], [ 174.7953852, -41.3291634 ], [ 174.7953182, -41.3291477 ] ], [ [ 174.7953182, -41.3291477 ], [ 174.7953363, -41.3290608 ] ], [ [ 174.7948911, -41.3293666 ], [ 174.7935932, -41.3300365 ] ], [ [ 174.7953182, -41.3291477 ], [ 174.7948911, -41.3293666 ] ], [ [ 174.795779399999986, -41.3290088 ], [ 174.7954441, -41.3291118 ] ] ] } },
{ "type": "Feature", "properties": { "rank": 51, "type": "corridor", "name": "Riddiford Street", "where": "Newtown", "treatment": "Protected lane", "length_m": 609.74051650958347, "filled_m": 0.0, "cost_low": 0.45141340478676328, "cost": 0.96301526354509503, "cost_high": 2.046407435033327, "dT_godutch": 85.092961954167777, "dT_ebike": 105.49436565923907, "dT_local": 16.193114779833195, "dT_census": 5.7459298080101462, "dK_godutch": 208.71569141160748, "dT_pct_pts": 0.14623637558660732, "dT_per_M": 88.36096910958581, "health_M_low": 0.088884653253910609, "health_M_high": 0.47236143309796386, "crashes": 13, "crashes_serious": 2, "plan": "Planned (WCC)", "facility_now": "mixed", "max_adt": 14904.0, "speed": 40.0, "one_way_share": 0.032210327923057121, "gap_rank": 13, "rank_median": 53.0, "rank_p10": 37.0, "rank_p90": 65.0, "top10_share": 0.0, "robust_top10": false, "rank_tol150": 52.0, "rank_tol400": 29.0, "build_step": null }, "geometry": { "type": "MultiLineString", "coordinates": [ [ [ 174.7804769, -41.315882 ], [ 174.780608, -41.3163014 ] ], [ [ 174.780608, -41.3163014 ], [ 174.7806426, -41.3164704 ] ], [ [ 174.779411900000014, -41.3123678 ], [ 174.7795993, -41.3129844 ] ], [ [ 174.779730699999988, -41.3134382 ], [ 174.7799547, -41.313628 ], [ 174.78030050000001, -41.3136602 ] ], [ [ 174.779730699999988, -41.3134382 ], [ 174.7798194, -41.3137151 ] ], [ [ 174.7795993, -41.3129844 ], [ 174.779730699999988, -41.3134382 ] ], [ [ 174.7798194, -41.3137151 ], [ 174.7799247, -41.3140622 ] ], [ [ 174.7799247, -41.3140622 ], [ 174.7799827, -41.3142577 ] ], [ [ 174.7799827, -41.3142577 ], [ 174.779997900000012, -41.3142994 ] ], [ [ 174.779997900000012, -41.3142994 ], [ 174.7801752, -41.3148883 ] ], [ [ 174.7801752, -41.3148883 ], [ 174.7802194, -41.3150306 ] ], [ [ 174.7802194, -41.3150306 ], [ 174.7803915, -41.3155913 ] ], [ [ 174.7803915, -41.3155913 ], [ 174.7804344, -41.315737499999983 ] ], [ [ 174.7804344, -41.315737499999983 ], [ 174.7804769, -41.315882 ] ], [ [ 174.7806426, -41.3164704 ], [ 174.7806917, -41.3167108 ] ], [ [ 174.779304, -41.3120376 ], [ 174.779411900000014, -41.3123678 ] ], [ [ 174.779247199999986, -41.311866 ], [ 174.779304, -41.3120376 ] ] ] } },
{ "type": "Feature", "properties": { "rank": 52, "type": "corridor", "name": "Adelaide Road", "where": "Newtown, Berhampore", "treatment": "Protected lane", "length_m": 938.60730780239749, "filled_m": 358.4625818948731, "cost_low": 0.70395548085179815, "cost": 1.501771692483836, "cost_high": 3.1912648465281515, "dT_godutch": 127.37566096302908, "dT_ebike": 191.59083667867048, "dT_local": 53.140145218097132, "dT_census": 37.581290461075014, "dK_godutch": 369.55812510431463, "dT_pct_pts": 0.21890124129436941, "dT_per_M": 84.816927633226157, "health_M_low": 0.13390389754496962, "health_M_high": 0.64166855974439951, "crashes": 8, "crashes_serious": 1, "plan": "Not in plan", "facility_now": "mixed", "max_adt": 14240.0, "speed": 50.0, "one_way_share": 0.0, "gap_rank": 29, "rank_median": 43.0, "rank_p10": 23.0, "rank_p90": 58.1, "top10_share": 0.0, "robust_top10": false, "rank_tol150": 43.0, "rank_tol400": 21.0, "build_step": null }, "geometry": { "type": "MultiLineString", "coordinates": [ [ [ 174.7764359, -41.3121015 ], [ 174.775901299999987, -41.3138474 ] ], [ [ 174.775901299999987, -41.3138474 ], [ 174.775865, -41.313964599999984 ] ], [ [ 174.775865, -41.313964599999984 ], [ 174.775718399999988, -41.3144631 ] ], [ [ 174.775718399999988, -41.3144631 ], [ 174.775553800000012, -41.3150732 ] ], [ [ 174.775553800000012, -41.3150732 ], [ 174.7755444, -41.3152016 ] ], [ [ 174.7755444, -41.3152016 ], [ 174.775533700000011, -41.315358 ] ], [ [ 174.775533700000011, -41.315358 ], [ 174.7755314, -41.3153982 ] ], [ [ 174.7755314, -41.3153982 ], [ 174.7755205, -41.3155849 ] ], [ [ 174.7755205, -41.3155849 ], [ 174.7754448, -41.317296399999989 ] ], [ [ 174.7754448, -41.317296399999989 ], [ 174.7753482, -41.318730199999983 ] ], [ [ 174.7753482, -41.318730199999983 ], [ 174.7753395, -41.3191766 ] ], [ [ 174.775297200000011, -41.3199233 ], [ 174.7752941, -41.3199905 ] ], [ [ 174.7752941, -41.3199905 ], [ 174.775252400000028, -41.3206902 ] ], [ [ 174.7753395, -41.3191766 ], [ 174.7753146, -41.3195364 ] ], [ [ 174.7751745, -41.3221225 ], [ 174.775171699999987, -41.322178499999985 ] ], [ [ 174.775171699999987, -41.322178499999985 ], [ 174.7751659, -41.3222933 ] ] ] } },
{ "type": "Feature", "properties": { "rank": 53, "type": "corridor", "name": "Plunket Street", "where": "Kelburn", "treatment": "Quiet street (30 km/h + filter)", "length_m": 359.3811296611716, "filled_m": 0.0, "cost_low": 0.03593811296611716, "cost": 0.071876225932234319, "cost_high": 0.10781433889835149, "dT_godutch": 6.0835500806133496, "dT_ebike": 10.890269552721293, "dT_local": 1.9714435114383377, "dT_census": 0.42857402575464221, "dK_godutch": 10.554475772345752, "dT_pct_pts": 0.010454875398128451, "dT_per_M": 84.639253128690783, "health_M_low": 0.0076712402702500387, "health_M_high": 0.020953979193058084, "crashes": 0, "crashes_serious": 0, "plan": "Not in plan", "facility_now": "mixed", "max_adt": 2170.0, "speed": 50.0, "one_way_share": 0.0, "gap_rank": 122, "rank_median": 49.0, "rank_p10": 33.0, "rank_p90": 69.0, "top10_share": 0.0, "robust_top10": false, "rank_tol150": 46.0, "rank_tol400": 135.0, "build_step": null }, "geometry": { "type": "MultiLineString", "coordinates": [ [ [ 174.7615157, -41.2888408 ], [ 174.7611105, -41.2889924 ], [ 174.760876200000013, -41.289000899999984 ], [ 174.7607506, -41.288933299999989 ], [ 174.760433400000011, -41.2886119 ], [ 174.7599539, -41.2884486 ], [ 174.7597619, -41.2885179 ], [ 174.759432299999986, -41.2889497 ] ], [ [ 174.759432299999986, -41.2889497 ], [ 174.758802800000012, -41.2889942 ], [ 174.758611, -41.289049499999983 ] ], [ [ 174.758611, -41.289049499999983 ], [ 174.7583885, -41.2892222 ] ], [ [ 174.7618084, -41.2887124 ], [ 174.7615157, -41.2888408 ] ] ] } },
{ "type": "Feature", "properties": { "rank": 54, "type": "crossing", "name": "Ellice Street at Brougham Street", "where": "Mt Victoria", "treatment": "Raised zebra / refuge", "length_m": 0.0, "filled_m": null, "cost_low": 0.15, "cost": 0.25, "cost_high": 0.4, "dT_godutch": 18.762064576185367, "dT_ebike": 24.945821390720084, "dT_local": 4.2287971276527969, "dT_census": 2.2033796902542235, "dK_godutch": 36.751962072455832, "dT_pct_pts": 0.03224351649224546, "dT_per_M": 75.048258304741466, "health_M_low": 0.01049182576617763, "health_M_high": 0.078387346928118037, "crashes": 1, "crashes_serious": 1, "plan": "Not in plan", "facility_now": "unsignalised", "max_adt": 2670.0, "speed": 50.0, "one_way_share": 0.0, "gap_rank": 5, "rank_median": 49.0, "rank_p10": 24.0, "rank_p90": 71.0, "top10_share": 0.0, "robust_top10": false, "rank_tol150": 179.0, "rank_tol400": 159.0, "build_step": null }, "geometry": { "type": "Point", "coordinates": [ 174.7833091, -41.3003767 ] } },
{ "type": "Feature", "properties": { "rank": 55, "type": "corridor", "name": "Hataitai Road", "where": "Hataitai", "treatment": "Quiet street (30 km/h + filter)", "length_m": 910.06339812676424, "filled_m": 0.0, "cost_low": 0.091006339812676432, "cost": 0.18201267962535286, "cost_high": 0.27301901943802925, "dT_godutch": 13.055515314313652, "dT_ebike": 22.248750103677139, "dT_local": 5.9537501297456856, "dT_census": 4.194320183237096, "dK_godutch": 32.766021149630653, "dT_pct_pts": 0.022436535256687755, "dT_per_M": 71.728603420303287, "health_M_low": 0.022035138390376498, "health_M_high": 0.060151042058752983, "crashes": 0, "crashes_serious": 0, "plan": "Not in plan", "facility_now": "mixed", "max_adt": 2627.0, "speed": 50.0, "one_way_share": 0.0, "gap_rank": 116, "rank_median": 30.0, "rank_p10": 10.0, "rank_p90": 54.0, "top10_share": 0.116, "robust_top10": false, "rank_tol150": 4.0, "rank_tol400": 41.0, "build_step": null }, "geometry": { "type": "MultiLineString", "coordinates": [ [ [ 174.799904700000013, -41.2980969 ], [ 174.799106500000022, -41.2989251 ], [ 174.798966900000011, -41.2994207 ], [ 174.798874, -41.2995661 ], [ 174.7983783, -41.2997689 ], [ 174.7982906, -41.29985 ], [ 174.7983122, -41.3004831 ], [ 174.798249700000014, -41.3006577 ], [ 174.7977005, -41.3011155 ], [ 174.7972605, -41.301616 ] ], [ [ 174.7972605, -41.301616 ], [ 174.796892300000025, -41.3019951 ], [ 174.796074, -41.3024774 ] ], [ [ 174.796074, -41.3024774 ], [ 174.795400600000022, -41.3028504 ], [ 174.7952449, -41.3030923 ], [ 174.7945202, -41.3037563 ] ], [ [ 174.801501800000011, -41.297 ], [ 174.8013813, -41.2971281 ] ], [ [ 174.8013813, -41.2971281 ], [ 174.8007991, -41.2977408 ] ] ] } },
{ "type": "Feature", "properties": { "rank": 56, "type": "corridor", "name": "Karaka Bay Road", "where": "Seatoun, Karaka Bays", "treatment": "Quiet street (30 km/h + filter)", "length_m": 682.2457011901646, "filled_m": 0.0, "cost_low": 0.068224570119016462, "cost": 0.13644914023803292, "cost_high": 0.20467371035704937, "dT_godutch": 9.6460390398278832, "dT_ebike": 11.944741077488288, "dT_local": 1.6689499306958169, "dT_census": 0.64885241788579151, "dK_godutch": 28.693016832992914, "dT_pct_pts": 0.016577185181438588, "dT_per_M": 70.693292922187354, "health_M_low": 0.0076023586859662873, "health_M_high": 0.065622010286214019, "crashes": 1, "crashes_serious": 1, "plan": "Planned (WCC)", "facility_now": "mixed", "max_adt": 1782.0, "speed": 40.0, "one_way_share": 0.0, "gap_rank": 137, "rank_median": 52.0, "rank_p10": 40.0, "rank_p90": 62.0, "top10_share": 0.0, "robust_top10": false, "rank_tol150": 50.0, "rank_tol400": 20.0, "build_step": null }, "geometry": { "type": "MultiLineString", "coordinates": [ [ [ 174.832701, -41.3074208 ], [ 174.8326564, -41.3078752 ], [ 174.8315254, -41.3083812 ], [ 174.8301722, -41.3101102 ], [ 174.8298787, -41.3121726 ] ], [ [ 174.8298787, -41.3121726 ], [ 174.8298485, -41.3122931 ] ], [ [ 174.8298485, -41.3122931 ], [ 174.8296947, -41.3125318 ], [ 174.8294722, -41.3126523 ] ] ] } },
{ "type": "Feature", "properties": { "rank": 57, "type": "corridor", "name": "Karori Road", "where": "Karori", "treatment": "Protected lane", "length_m": 326.18353426668239, "filled_m": 0.0, "cost_low": 0.23506696497142615, "cost": 0.50147619193904258, "cost_high": 1.0656369078704651, "dT_godutch": 34.31145805446431, "dT_ebike": 40.45272018481046, "dT_local": 3.7047058541793376, "dT_census": 3.0870390734635293, "dK_godutch": 39.850159176770958, "dT_pct_pts": 0.058965902135117869, "dT_per_M": 68.420911313442915, "health_M_low": 0.0019225798744346998, "health_M_high": 0.089695992602660507, "crashes": 6, "crashes_serious": 1, "plan": "Unfunded (ex-LGWM)", "facility_now": "sharrow", "max_adt": 19667.0, "speed": 40.0, "one_way_share": 0.09780470934461484, "gap_rank": 35, "rank_median": 57.0, "rank_p10": 41.0, "rank_p90": 71.0, "top10_share": 0.0, "robust_top10": false, "rank_tol150": 32.0, "rank_tol400": 1.0, "build_step": null }, "geometry": { "type": "MultiLineString", "coordinates": [ [ [ 174.7500724, -41.2815236 ], [ 174.7495648, -41.2816745 ] ], [ [ 174.7495648, -41.2816745 ], [ 174.749153400000012, -41.2817406 ] ], [ [ 174.746604200000036, -41.282157 ], [ 174.7463764, -41.2822193 ] ], [ [ 174.7463764, -41.2822193 ], [ 174.745003200000042, -41.282607 ] ], [ [ 174.744646499999988, -41.2827077 ], [ 174.7440091, -41.2828877 ] ], [ [ 174.745003200000042, -41.282607 ], [ 174.7448106, -41.2826614 ] ], [ [ 174.7448106, -41.2826614 ], [ 174.744646499999988, -41.2827077 ] ], [ [ 174.7502082, -41.2814659 ], [ 174.7500724, -41.2815236 ] ] ] } },
{ "type": "Feature", "properties": { "rank": 58, "type": "corridor", "name": "Hobart Street", "where": "Miramar", "treatment": "Quiet street (30 km/h + filter)", "length_m": 447.50675601965014, "filled_m": 134.37391746245856, "cost_low": 0.044750675601965016, "cost": 0.089501351203930032, "cost_high": 0.13425202680589504, "dT_godutch": 5.740352301646908, "dT_ebike": 7.4503312429887956, "dT_local": 1.7763811735703712, "dT_census": 0.44910210017269492, "dK_godutch": 31.294988111313973, "dT_pct_pts": 0.0098650733962606842, "dT_per_M": 64.137046250479926, "health_M_low": 0.025998217138227885, "health_M_high": 0.069821317212956785, "crashes": 0, "crashes_serious": 0, "plan": "Planned (WCC)", "facility_now": "mixed", "max_adt": 2820.0, "speed": 50.0, "one_way_share": 0.0, "gap_rank": 74, "rank_median": 54.0, "rank_p10": 8.0, "rank_p90": 99.0, "top10_share": 0.155, "robust_top10": false, "rank_tol150": 1.0, "rank_tol400": 101.0, "build_step": null }, "geometry": { "type": "MultiLineString", "coordinates": [ [ [ 174.813880399999988, -41.3195053 ], [ 174.8139151, -41.3199072 ] ], [ [ 174.81474, -41.3190851 ], [ 174.8164205, -41.316821799999985 ] ], [ [ 174.8139151, -41.3199072 ], [ 174.8145759, -41.3192742 ] ], [ [ 174.8145759, -41.3192742 ], [ 174.81474, -41.3190851 ] ] ] } },
{ "type": "Feature", "properties": { "rank": 59, "type": "corridor", "name": "Lambton Quay", "where": "Wellington Central, Pipitea", "treatment": "Protected lane", "length_m": 1485.3074646409195, "filled_m": 710.42551664619964, "cost_low": 1.1139805984806896, "cost": 2.3764919434254712, "cost_high": 5.0500453797791263, "dT_godutch": 151.32539363367005, "dT_ebike": 194.56711025892719, "dT_local": 36.624532041902654, "dT_census": 21.625648495716511, "dK_godutch": 393.30175607548586, "dT_pct_pts": 0.26006001661011285, "dT_per_M": 63.675954825897662, "health_M_low": 0.11418249609876549, "health_M_high": 0.7544925505457476, "crashes": 9, "crashes_serious": 0, "plan": "Unfunded (ex-LGWM)", "facility_now": "mixed", "max_adt": 5819.0, "speed": 30.0, "one_way_share": 0.0, "gap_rank": 100, "rank_median": 57.0, "rank_p10": 42.0, "rank_p90": 67.0, "top10_share": 0.0, "robust_top10": false, "rank_tol150": 74.0, "rank_tol400": 120.0, "build_step": null }, "geometry": { "type": "MultiLineString", "coordinates": [ [ [ 174.776248200000026, -41.286455399999987 ], [ 174.775704600000012, -41.285361 ], [ 174.7756415, -41.2851396 ] ], [ [ 174.777042599999987, -41.279504299999985 ], [ 174.7774115, -41.2792299 ] ], [ [ 174.7774115, -41.2792299 ], [ 174.7777697, -41.279027499999984 ] ], [ [ 174.7756415, -41.2851396 ], [ 174.7754866, -41.28472450000001 ], [ 174.7754463, -41.2841709 ] ], [ [ 174.776254099999989, -41.2800167 ], [ 174.776029, -41.2802758 ], [ 174.7759484, -41.2804998 ], [ 174.776051200000012, -41.2813335 ] ], [ [ 174.776051200000012, -41.2813335 ], [ 174.776129300000036, -41.2818909 ] ], [ [ 174.776129300000036, -41.2818909 ], [ 174.776106199999987, -41.28203640000001 ] ], [ [ 174.776106199999987, -41.28203640000001 ], [ 174.775894, -41.2825126 ] ], [ [ 174.775894, -41.2825126 ], [ 174.7756148, -41.2830899 ] ], [ [ 174.7754972, -41.283053499999987 ], [ 174.7757776, -41.2824857 ] ], [ [ 174.7757776, -41.2824857 ], [ 174.7759743, -41.2821059 ] ], [ [ 174.7759743, -41.2821059 ], [ 174.7760323, -41.2818721 ] ], [ [ 174.7760323, -41.2818721 ], [ 174.775990799999988, -41.2816044 ] ], [ [ 174.775990799999988, -41.2816044 ], [ 174.7759465, -41.2813487 ] ], [ [ 174.7759465, -41.2813487 ], [ 174.7758417, -41.280508 ], [ 174.7759384, -41.2801932 ], [ 174.776171800000014, -41.27994480000001 ] ], [ [ 174.776171800000014, -41.27994480000001 ], [ 174.7766791, -41.2796615 ] ], [ [ 174.7754463, -41.2841709 ], [ 174.775431600000019, -41.2833592 ], [ 174.7754972, -41.283053499999987 ] ], [ [ 174.7756148, -41.2830899 ], [ 174.775534099999987, -41.2832922 ], [ 174.775511200000011, -41.2836508 ] ], [ [ 174.7781674, -41.278979899999989 ], [ 174.77715760000001, -41.279550099999987 ] ], [ [ 174.7769859, -41.2796305 ], [ 174.776254099999989, -41.2800167 ] ] ] } },
{ "type": "Feature", "properties": { "rank": 60, "type": "corridor", "name": "Queens Drive", "where": "Lyall Bay, Kilbirnie, Houghton Bay", "treatment": "Protected lane", "length_m": 3435.222262765139, "filled_m": 1334.2448754939189, "cost_low": 2.5764166970738542, "cost": 5.4963556204242234, "cost_high": 11.679755693401471, "dT_godutch": 305.00490672885689, "dT_ebike": 371.21630888031541, "dT_local": 86.0524598666766, "dT_census": 68.134447157044633, "dK_godutch": 926.70988045139245, "dT_pct_pts": 0.52416570150869746, "dT_per_M": 55.492207526651235, "health_M_low": 0.21589498898667731, "health_M_high": 1.6702450655260477, "crashes": 5, "crashes_serious": 2, "plan": "Planned (WCC)", "facility_now": "mixed", "max_adt": 10299.0, "speed": 50.0, "one_way_share": 0.0, "gap_rank": 46, "rank_median": 57.5, "rank_p10": 39.0, "rank_p90": 69.0, "top10_share": 0.0, "robust_top10": false, "rank_tol150": 86.0, "rank_tol400": 40.0, "build_step": null }, "geometry": { "type": "MultiLineString", "coordinates": [ [ [ 174.7914855, -41.3316561 ], [ 174.790736, -41.3330591 ] ], [ [ 174.790736, -41.3330591 ], [ 174.79075370000001, -41.333401299999984 ] ], [ [ 174.79075370000001, -41.333401299999984 ], [ 174.791124599999989, -41.3342321 ], [ 174.7911643, -41.3346408 ], [ 174.791130900000013, -41.335067599999988 ] ], [ [ 174.791130900000013, -41.335067599999988 ], [ 174.7911576, -41.3354566 ], [ 174.7912675, -41.3357361 ], [ 174.791577600000011, -41.336270099999986 ], [ 174.7922126, -41.337104399999987 ], [ 174.792311399999988, -41.3373606 ] ], [ [ 174.7933429, -41.3213982 ], [ 174.7931739, -41.32171240000001 ], [ 174.79318, -41.3220645 ] ], [ [ 174.79318, -41.3220645 ], [ 174.7932055, -41.3226898 ] ], [ [ 174.7932055, -41.3226898 ], [ 174.7931774, -41.3227772 ] ], [ [ 174.7931774, -41.3227772 ], [ 174.7926406, -41.3233633 ], [ 174.792407200000014, -41.3237151 ] ], [ [ 174.792407200000014, -41.3237151 ], [ 174.7921714, -41.324770699999988 ], [ 174.792290400000013, -41.3252835 ] ], [ [ 174.792290400000013, -41.3252835 ], [ 174.7923572, -41.3255841 ] ], [ [ 174.7917814, -41.331441599999984 ], [ 174.791692399999988, -41.331426 ] ], [ [ 174.791692399999988, -41.331426 ], [ 174.7916429, -41.3313035 ], [ 174.7917491, -41.3312435 ] ], [ [ 174.7917491, -41.3312435 ], [ 174.7918714, -41.3312825 ] ], [ [ 174.7918714, -41.3312825 ], [ 174.791887600000024, -41.3313815 ], [ 174.7917814, -41.331441599999984 ] ], [ [ 174.792311399999988, -41.3373606 ], [ 174.79227370000001, -41.3379315 ] ], [ [ 174.79227370000001, -41.3379315 ], [ 174.792296599999986, -41.33803 ] ], [ [ 174.7917773, -41.3299957 ], [ 174.7917787, -41.3302089 ] ], [ [ 174.7917787, -41.3302089 ], [ 174.791770899999989, -41.3309469 ] ], [ [ 174.7923572, -41.3255841 ], [ 174.7923602, -41.3257341 ] ], [ [ 174.7923602, -41.3257341 ], [ 174.7921696, -41.3262633 ] ], [ [ 174.7921696, -41.3262633 ], [ 174.791995500000013, -41.326907899999988 ], [ 174.7918278, -41.3278683 ] ], [ [ 174.7918278, -41.3278683 ], [ 174.7917998, -41.3280655 ] ], [ [ 174.7917998, -41.3280655 ], [ 174.7917773, -41.3299957 ] ], [ [ 174.7924253, -41.3382392 ], [ 174.7921186, -41.3381442 ] ], [ [ 174.7921186, -41.3381442 ], [ 174.7920115, -41.338036799999983 ] ], [ [ 174.792296599999986, -41.33803 ], [ 174.7924253, -41.3382392 ] ], [ [ 174.7924253, -41.3382392 ], [ 174.7930548, -41.3387163 ], [ 174.793131499999987, -41.3389253 ] ], [ [ 174.793131499999987, -41.3389253 ], [ 174.792995499999989, -41.3395141 ] ], [ [ 174.792995499999989, -41.3395141 ], [ 174.792517, -41.3401699 ], [ 174.792139600000013, -41.340407399999989 ], [ 174.791700100000014, -41.3405645 ] ], [ [ 174.791700100000014, -41.3405645 ], [ 174.7910752, -41.340824699999985 ], [ 174.7909137, -41.3409365 ], [ 174.790739300000013, -41.3411553 ], [ 174.790694300000013, -41.341657199999986 ], [ 174.7907617, -41.3420479 ], [ 174.7910134, -41.3425299 ] ], [ [ 174.7910134, -41.3425299 ], [ 174.7916012, -41.3433054 ], [ 174.791906100000034, -41.3438813 ], [ 174.791929399999987, -41.3448269 ], [ 174.7918307, -41.3451171 ], [ 174.7915965, -41.3453855 ] ], [ [ 174.7917787, -41.3302089 ], [ 174.791578500000014, -41.3301304 ] ], [ [ 174.7915965, -41.3453855 ], [ 174.7911842, -41.345466 ], [ 174.7906318, -41.3454222 ] ], [ [ 174.7906318, -41.3454222 ], [ 174.789536, -41.3452225 ] ], [ [ 174.789536, -41.3452225 ], [ 174.7891409, -41.3450894 ], [ 174.788717600000012, -41.3448614 ] ], [ [ 174.79390250000003, -41.319863 ], [ 174.7939131, -41.3199821 ], [ 174.793710299999987, -41.3207182 ] ], [ [ 174.793710299999987, -41.3207182 ], [ 174.7933429, -41.3213982 ] ], [ [ 174.791692399999988, -41.331426 ], [ 174.7914855, -41.3316561 ] ], [ [ 174.791770899999989, -41.3309469 ], [ 174.7917491, -41.3312435 ] ] ] } },
{ "type": "Feature", "properties": { "rank": 61, "type": "corridor", "name": "Glanmire Road", "where": "Newlands", "treatment": "Quiet street (30 km/h + filter)", "length_m": 635.3015785309758, "filled_m": 0.0, "cost_low": 0.063530157853097582, "cost": 0.12706031570619516, "cost_high": 0.19059047355929273, "dT_godutch": 6.6030680848634802, "dT_ebike": 15.715705424547195, "dT_local": 4.0956011232337914, "dT_census": 0.55549888074892806, "dK_godutch": 10.843306544533089, "dT_pct_pts": 0.011347692245125111, "dT_per_M": 51.96798109751218, "health_M_low": 0.016750903731875471, "health_M_high": 0.024246004282035195, "crashes": 0, "crashes_serious": 0, "plan": "Not in plan", "facility_now": "mixed", "max_adt": 2511.0, "speed": 50.0, "one_way_share": 0.0, "gap_rank": 66, "rank_median": 46.0, "rank_p10": 26.0, "rank_p90": 62.0, "top10_share": 0.0, "robust_top10": false, "rank_tol150": 38.0, "rank_tol400": 93.0, "build_step": null }, "geometry": { "type": "MultiLineString", "coordinates": [ [ [ 174.8231805, -41.228595 ], [ 174.8234535, -41.2287379 ], [ 174.823787, -41.2290681 ] ], [ [ 174.8196919, -41.2291338 ], [ 174.82021180000001, -41.22902280000001 ], [ 174.820255400000036, -41.2289219 ], [ 174.8202248, -41.2286137 ], [ 174.8207372, -41.2280385 ] ], [ [ 174.8207372, -41.2280385 ], [ 174.8208899, -41.2275856 ], [ 174.821459800000014, -41.2273441 ] ], [ [ 174.821459800000014, -41.2273441 ], [ 174.822268799999989, -41.227106399999983 ], [ 174.8226765, -41.2271515 ], [ 174.8227867, -41.227224 ], [ 174.8229863, -41.2275085 ], [ 174.822947, -41.2283389 ], [ 174.8231805, -41.228595 ] ] ] } },
{ "type": "Feature", "properties": { "rank": 62, "type": "crossing", "name": "Ghuznee Street at Egmont Street", "where": "Te Aro", "treatment": "Raised zebra / refuge", "length_m": 0.0, "filled_m": null, "cost_low": 0.15, "cost": 0.25, "cost_high": 0.4, "dT_godutch": 10.974180778648588, "dT_ebike": 12.979167385636174, "dT_local": 1.5739908261757591, "dT_census": 0.43629384193764054, "dK_godutch": 23.641955749272693, "dT_pct_pts": 0.018859661072394705, "dT_per_M": 43.896723114594352, "health_M_low": 0.0084091533420718612, "health_M_high": 0.054126673611421379, "crashes": 1, "crashes_serious": 0, "plan": "Not in plan", "facility_now": "unsignalised", "max_adt": 7981.0, "speed": 30.0, "one_way_share": 0.0, "gap_rank": 40, "rank_median": 68.0, "rank_p10": 57.0, "rank_p90": 90.1, "top10_share": 0.0, "robust_top10": false, "rank_tol150": 110.0, "rank_tol400": 192.0, "build_step": null }, "geometry": { "type": "Point", "coordinates": [ 174.7771565, -41.2937463 ] } },
{ "type": "Feature", "properties": { "rank": 63, "type": "corridor", "name": "Park Road", "where": "Miramar", "treatment": "Protected lane", "length_m": 1308.8038559595464, "filled_m": 0.0, "cost_low": 0.98160289196965977, "cost": 2.0940861695352742, "cost_high": 4.4499331102624575, "dT_godutch": 89.796039607608691, "dT_ebike": 107.36685298351222, "dT_local": 15.911215406937117, "dT_census": 8.6618399463695823, "dK_godutch": 179.78524189902745, "dT_pct_pts": 0.15431884227183099, "dT_per_M": 42.880775831462799, "health_M_low": 0.061020936914173297, "health_M_high": 0.3976585181898265, "crashes": 8, "crashes_serious": 0, "plan": "Planned (WCC)", "facility_now": "mixed", "max_adt": 11691.0, "speed": 50.0, "one_way_share": 0.0, "gap_rank": 6, "rank_median": 66.0, "rank_p10": 50.9, "rank_p90": 74.0, "top10_share": 0.0, "robust_top10": false, "rank_tol150": 25.0, "rank_tol400": 63.0, "build_step": null }, "geometry": { "type": "MultiLineString", "coordinates": [ [ [ 174.816583799999989, -41.316089799999986 ], [ 174.81656, -41.3160071 ] ], [ [ 174.8203713, -41.311014199999988 ], [ 174.8207267, -41.310567399999989 ] ], [ [ 174.8207267, -41.310567399999989 ], [ 174.820926, -41.310218399999989 ] ], [ [ 174.8167348, -41.3156205 ], [ 174.816719, -41.3156695 ] ], [ [ 174.816719, -41.3156695 ], [ 174.816583799999989, -41.316089799999986 ] ], [ [ 174.8199898, -41.311497599999988 ], [ 174.819254300000011, -41.312439 ] ], [ [ 174.819254300000011, -41.312439 ], [ 174.8184815, -41.3134031 ] ], [ [ 174.8184815, -41.3134031 ], [ 174.8177211, -41.3143779 ] ], [ [ 174.8177211, -41.3143779 ], [ 174.8169983, -41.3153036 ] ], [ [ 174.8165493, -41.3163668 ], [ 174.816583799999989, -41.316089799999986 ] ], [ [ 174.8210311, -41.3101087 ], [ 174.8212991, -41.3095312 ] ], [ [ 174.8212991, -41.3095312 ], [ 174.8214211, -41.3092516 ] ], [ [ 174.8214211, -41.3092516 ], [ 174.8216122, -41.308814 ] ], [ [ 174.8216122, -41.308814 ], [ 174.8221744, -41.3073048 ] ], [ [ 174.8221744, -41.3073048 ], [ 174.822305600000021, -41.3070485 ], [ 174.822608600000024, -41.3067639 ] ], [ [ 174.822608600000024, -41.3067639 ], [ 174.8231283, -41.3063129 ], [ 174.82322750000003, -41.3062817 ] ], [ [ 174.81656, -41.3160071 ], [ 174.8166572, -41.3157029 ] ], [ [ 174.8166572, -41.3157029 ], [ 174.8167348, -41.3156205 ] ], [ [ 174.8199898, -41.311497599999988 ], [ 174.8203713, -41.311014199999988 ] ], [ [ 174.8169983, -41.3153036 ], [ 174.8167348, -41.3156205 ] ] ] } },
{ "type": "Feature", "properties": { "rank": 64, "type": "corridor", "name": "Customhouse Quay", "where": "Wellington Central", "treatment": "Protected lane", "length_m": 506.65155971465265, "filled_m": 255.14214388378051, "cost_low": 0.3799886697859895, "cost": 0.81064249554344425, "cost_high": 1.722615303029819, "dT_godutch": 32.395176215881634, "dT_ebike": 37.136487921424873, "dT_local": 5.3489563792420256, "dT_census": 2.3398840247221884, "dK_godutch": 72.637222611361892, "dT_pct_pts": 0.055672679003130686, "dT_per_M": 39.962346402977957, "health_M_low": 0.023147394004386857, "health_M_high": 0.15712031553873132, "crashes": 9, "crashes_serious": 0, "plan": "Desired only", "facility_now": "mixed", "max_adt": 20604.0, "speed": 30.0, "one_way_share": 0.0, "gap_rank": 41, "rank_median": 71.0, "rank_p10": 57.0, "rank_p90": 79.0, "top10_share": 0.0, "robust_top10": false, "rank_tol150": 88.0, "rank_tol400": 48.0, "build_step": null }, "geometry": { "type": "MultiLineString", "coordinates": [ [ [ 174.7767179, -41.2855926 ], [ 174.77708, -41.284961 ] ], [ [ 174.776248200000026, -41.286455399999987 ], [ 174.776571300000029, -41.2858815 ] ], [ [ 174.77708, -41.284961 ], [ 174.7774049, -41.284366100000014 ] ], [ [ 174.7774049, -41.284366100000014 ], [ 174.7774947, -41.2842091 ], [ 174.7776054, -41.284158 ] ], [ [ 174.7776054, -41.284158 ], [ 174.7777422, -41.2837898 ] ], [ [ 174.7777422, -41.2837898 ], [ 174.77807390000001, -41.2831999 ] ], [ [ 174.776571300000029, -41.2858815 ], [ 174.7767179, -41.2855926 ] ], [ [ 174.7782139, -41.283245799999989 ], [ 174.7778906, -41.283842899999989 ] ], [ [ 174.7778906, -41.283842899999989 ], [ 174.7777812, -41.2841892 ] ] ] } },
{ "type": "Feature", "properties": { "rank": 65, "type": "corridor", "name": "Aro Street", "where": "Aro Valley", "treatment": "Protected lane", "length_m": 504.46618224685659, "filled_m": 0.0, "cost_low": 0.30038201574954787, "cost": 0.64081496693236895, "cost_high": 1.3617318047312836, "dT_godutch": 22.940653931740144, "dT_ebike": 54.560215734157282, "dT_local": 15.446137201933652, "dT_census": 2.7496000920391452, "dK_godutch": 41.442217229177494, "dT_pct_pts": 0.03942462464018176, "dT_per_M": 35.799185592619409, "health_M_low": 0.057393624893234331, "health_M_high": 0.087808715215673003, "crashes": 3, "crashes_serious": 0, "plan": "Planned (WCC)", "facility_now": "sharrow", "max_adt": 11995.0, "speed": 30.0, "one_way_share": 0.51518234310132416, "gap_rank": 45, "rank_median": 58.0, "rank_p10": 39.9, "rank_p90": 72.0, "top10_share": 0.0, "robust_top10": false, "rank_tol150": 71.0, "rank_tol400": 82.0, "build_step": null }, "geometry": { "type": "MultiLineString", "coordinates": [ [ [ 174.770565, -41.2961741 ], [ 174.7708145, -41.296117 ] ], [ [ 174.7674314, -41.295377 ], [ 174.767352499999987, -41.2953724 ] ], [ [ 174.767352499999987, -41.2953724 ], [ 174.7665557, -41.295326 ] ], [ [ 174.7665557, -41.295326 ], [ 174.7661871, -41.2953046 ] ], [ [ 174.7705996, -41.2962824 ], [ 174.7703294, -41.2961487 ] ], [ [ 174.7661871, -41.2953046 ], [ 174.7641303, -41.2951818 ] ], [ [ 174.7703294, -41.2961487 ], [ 174.7700518, -41.2960695 ] ], [ [ 174.7641303, -41.2951818 ], [ 174.763825700000012, -41.2951385 ], [ 174.7634969, -41.2948819 ] ], [ [ 174.7700518, -41.2960695 ], [ 174.7697707, -41.2959849 ] ], [ [ 174.767594, -41.2953864 ], [ 174.7674314, -41.295377 ] ], [ [ 174.7695941, -41.2959292 ], [ 174.7692409, -41.2958177 ] ], [ [ 174.7697707, -41.2959849 ], [ 174.7695941, -41.2959292 ] ] ] } },
{ "type": "Feature", "properties": { "rank": 66, "type": "corridor", "name": "Pirie Street", "where": "Mt Victoria", "treatment": "Protected lane", "length_m": 438.4034569264125, "filled_m": 82.081916411019591, "cost_low": 0.32880259269480938, "cost": 0.70144553108226004, "cost_high": 1.4905717535498024, "dT_godutch": 21.655711391046509, "dT_ebike": 28.863311405752086, "dT_local": 3.5872896136577168, "dT_census": 1.6950303974249437, "dK_godutch": 37.349254841641297, "dT_pct_pts": 0.0372163886630478, "dT_per_M": 30.872976491323453, "health_M_low": 0.0095023311464161077, "health_M_high": 0.084123051128103379, "crashes": 4, "crashes_serious": 0, "plan": "Not in plan", "facility_now": "mixed", "max_adt": 4060.0, "speed": 50.0, "one_way_share": 0.0, "gap_rank": 67, "rank_median": 74.0, "rank_p10": 56.0, "rank_p90": 98.0, "top10_share": 0.0, "robust_top10": false, "rank_tol150": 154.0, "rank_tol400": 94.0, "build_step": null }, "geometry": { "type": "MultiLineString", "coordinates": [ [ [ 174.7870619, -41.29867 ], [ 174.7861589, -41.298382599999989 ] ], [ [ 174.7861589, -41.298382599999989 ], [ 174.784923, -41.2979836 ], [ 174.78478770000001, -41.2978899 ] ], [ [ 174.7846848, -41.2979129 ], [ 174.783105299999988, -41.2974119 ] ], [ [ 174.783105299999988, -41.2974119 ], [ 174.7827748, -41.2973071 ] ], [ [ 174.7827748, -41.2973071 ], [ 174.7825775, -41.2972445 ] ], [ [ 174.7825775, -41.2972445 ], [ 174.782274300000012, -41.2971484 ] ], [ [ 174.78478770000001, -41.2978899 ], [ 174.7846848, -41.2979129 ] ] ] } },
{ "type": "Feature", "properties": { "rank": 67, "type": "corridor", "name": "Derwent Street", "where": "Island Bay", "treatment": "Protected lane", "length_m": 606.0258974383546, "filled_m": 262.57142341392262, "cost_low": 0.45451942307876597, "cost": 0.96964143590136742, "cost_high": 2.0604880512904056, "dT_godutch": 29.195110965985805, "dT_ebike": 36.52827743976377, "dT_local": 9.4870081028202549, "dT_census": 8.8629339228500612, "dK_godutch": 42.99092762777795, "dT_pct_pts": 0.050173211913978596, "dT_per_M": 30.109182513272412, "health_M_low": 0.0023138170819751044, "health_M_high": 0.073720466153863004, "crashes": 0, "crashes_serious": 0, "plan": "Not in plan", "facility_now": "mixed", "max_adt": 4326.0, "speed": 50.0, "one_way_share": 0.0, "gap_rank": 133, "rank_median": 65.0, "rank_p10": 45.0, "rank_p90": 79.0, "top10_share": 0.0, "robust_top10": false, "rank_tol150": 112.0, "rank_tol400": 143.0, "build_step": null }, "geometry": { "type": "MultiLineString", "coordinates": [ [ [ 174.7699442, -41.345353699999983 ], [ 174.7699756, -41.3454027 ] ], [ [ 174.7693922, -41.3414778 ], [ 174.7696301, -41.3408796 ] ], [ [ 174.7699498, -41.3441858 ], [ 174.769894, -41.3438009 ] ], [ [ 174.769894, -41.3438009 ], [ 174.7699232, -41.3437247 ] ], [ [ 174.7696301, -41.3408796 ], [ 174.769909899999988, -41.340198 ] ], [ [ 174.769909899999988, -41.340198 ], [ 174.7708605, -41.3379448 ] ], [ [ 174.7708605, -41.3379448 ], [ 174.771254199999987, -41.3369395 ] ], [ [ 174.7698273, -41.3456314 ], [ 174.7698148, -41.3454495 ] ] ] } },
{ "type": "Feature", "properties": { "rank": 68, "type": "crossing", "name": "Devonshire Road at Ellesmere Avenue", "where": "Miramar", "treatment": "Raised zebra / refuge", "length_m": 0.0, "filled_m": null, "cost_low": 0.15, "cost": 0.25, "cost_high": 0.4, "dT_godutch": 7.4375051354110155, "dT_ebike": 7.9718764757241729, "dT_local": 1.0170020455011581, "dT_census": 0.83556136569677619, "dK_godutch": 17.867036128278773, "dT_pct_pts": 0.012781712722552782, "dT_per_M": 29.750020541644062, "health_M_low": 0.0014570930648926392, "health_M_high": 0.037505450565514263, "crashes": 0, "crashes_serious": 0, "plan": "Not in plan", "facility_now": "unsignalised", "max_adt": 2380.0, "speed": 50.0, "one_way_share": 0.0, "gap_rank": 37, "rank_median": 70.0, "rank_p10": 59.0, "rank_p90": 80.0, "top10_share": 0.0, "robust_top10": false, "rank_tol150": 203.0, "rank_tol400": 189.0, "build_step": null }, "geometry": { "type": "Point", "coordinates": [ 174.8155059, -41.3214469 ] } },
{ "type": "Feature", "properties": { "rank": 69, "type": "corridor", "name": "Manchester Street", "where": "Melrose, Newtown", "treatment": "Quiet street (30 km/h + filter)", "length_m": 698.27574845295044, "filled_m": 0.0, "cost_low": 0.069827574845295046, "cost": 0.13965514969059009, "cost_high": 0.20948272453588512, "dT_godutch": 4.12584705910092, "dT_ebike": 5.6137003364224256, "dT_local": 1.267326529456227, "dT_census": 1.0285599470463467, "dK_godutch": 18.195007034571368, "dT_pct_pts": 0.0070904679575327662, "dT_per_M": 29.543107205440329, "health_M_low": 0.0043310936158868045, "health_M_high": 0.033351305976920868, "crashes": 0, "crashes_serious": 0, "plan": "Not in plan", "facility_now": "mixed", "max_adt": 2460.0, "speed": 50.0, "one_way_share": 0.0, "gap_rank": 105, "rank_median": 62.0, "rank_p10": 20.0, "rank_p90": 78.0, "top10_share": 0.005, "robust_top10": false, "rank_tol150": 10.0, "rank_tol400": 123.0, "build_step": null }, "geometry": { "type": "MultiLineString", "coordinates": [ [ [ 174.7883631, -41.3223413 ], [ 174.788200200000034, -41.3223159 ], [ 174.787788299999988, -41.3223984 ], [ 174.787092199999989, -41.3224147 ], [ 174.7865689, -41.3221954 ], [ 174.7864384, -41.3220909 ] ], [ [ 174.7864384, -41.3220909 ], [ 174.7864267, -41.3219603 ], [ 174.786484200000018, -41.32186140000001 ], [ 174.7869604, -41.3214517 ] ], [ [ 174.7869604, -41.3214517 ], [ 174.7869962, -41.3213161 ], [ 174.7868827, -41.3211863 ], [ 174.786167, -41.3209356 ], [ 174.786129100000011, -41.3207691 ], [ 174.7862959, -41.3205271 ], [ 174.7862442, -41.3204039 ], [ 174.785741, -41.3203043 ], [ 174.7854996, -41.3201618 ], [ 174.7853389, -41.3200295 ], [ 174.7850879, -41.3196091 ] ], [ [ 174.7850879, -41.3196091 ], [ 174.7849646, -41.3194638 ], [ 174.7847734, -41.3193452 ] ], [ [ 174.7847734, -41.3193452 ], [ 174.7842927, -41.3193301 ], [ 174.784199, -41.3192873 ] ], [ [ 174.7887294, -41.3225811 ], [ 174.7883631, -41.3223413 ] ] ] } },
{ "type": "Feature", "properties": { "rank": 70, "type": "corridor", "name": "Agra Crescent", "where": "Khandallah", "treatment": "Quiet street (30 km/h + filter)", "length_m": 261.593125425994, "filled_m": 0.0, "cost_low": 0.03, "cost": 0.052318625085198807, "cost_high": 0.1, "dT_godutch": 1.4771555457264185, "dT_ebike": 1.9595933826640248, "dT_local": 0.22205104748718441, "dT_census": 0.15148158045485616, "dK_godutch": 1.2245987195344314, "dT_pct_pts": 0.0025385633338399533, "dT_per_M": 28.233837248607532, "health_M_low": 0.0001512949626256698, "health_M_high": 0.0022304180374854371, "crashes": 0, "crashes_serious": 0, "plan": "Not in plan", "facility_now": "mixed", "max_adt": 2090.0, "speed": 50.0, "one_way_share": 0.0, "gap_rank": 103, "rank_median": 72.0, "rank_p10": 61.0, "rank_p90": 82.0, "top10_share": 0.0, "robust_top10": false, "rank_tol150": 22.0, "rank_tol400": 122.0, "build_step": null }, "geometry": { "type": "MultiLineString", "coordinates": [ [ [ 174.7914481, -41.2461797 ], [ 174.792084499999987, -41.24578790000001 ] ], [ [ 174.792084499999987, -41.24578790000001 ], [ 174.792612600000041, -41.245466399999984 ], [ 174.7937532, -41.2445995 ] ] ] } },
{ "type": "Feature", "properties": { "rank": 71, "type": "corridor", "name": "Bracken Road", "where": "Paparangi, Newlands", "treatment": "Protected lane", "length_m": 778.83846779301894, "filled_m": 0.0, "cost_low": 0.58412885084476418, "cost": 1.2461415484688305, "cost_high": 2.648050790496264, "dT_godutch": 34.824173215350811, "dT_ebike": 41.14463557436261, "dT_local": 2.9270163671299088, "dT_census": 0.49437313082239598, "dK_godutch": 71.712587755278619, "dT_pct_pts": 0.059847027966379106, "dT_per_M": 27.945599966665313, "health_M_low": 0.038814656154086025, "health_M_high": 0.1684790339192257, "crashes": 1, "crashes_serious": 0, "plan": "Planned (WCC)", "facility_now": "mixed", "max_adt": 9721.0, "speed": 50.0, "one_way_share": 0.0, "gap_rank": 44, "rank_median": 89.0, "rank_p10": 66.0, "rank_p90": 112.0, "top10_share": 0.0, "robust_top10": false, "rank_tol150": 57.0, "rank_tol400": 81.0, "build_step": null }, "geometry": { "type": "MultiLineString", "coordinates": [ [ [ 174.8236618, -41.223170399999979 ], [ 174.8238074, -41.2233609 ] ], [ [ 174.8236959, -41.2234 ], [ 174.8236618, -41.223170399999979 ] ], [ [ 174.82032, -41.2179049 ], [ 174.8199812, -41.217749199999986 ] ], [ [ 174.823416300000019, -41.2223784 ], [ 174.8232743, -41.2218669 ] ], [ [ 174.8232743, -41.2218669 ], [ 174.823119600000012, -41.2215145 ], [ 174.822744199999988, -41.2211248 ] ], [ [ 174.822744199999988, -41.2211248 ], [ 174.822611200000011, -41.2208937 ], [ 174.8226334, -41.2207052 ] ], [ [ 174.8226334, -41.2207052 ], [ 174.8230879, -41.2198705 ], [ 174.823095600000016, -41.2195677 ], [ 174.8229639, -41.219336 ] ], [ [ 174.8229639, -41.219336 ], [ 174.8228456, -41.2191998 ] ], [ [ 174.8228456, -41.2191998 ], [ 174.8225069, -41.2187025 ] ], [ [ 174.8225069, -41.2187025 ], [ 174.8221831, -41.218012 ], [ 174.8220569, -41.2178522 ], [ 174.8218683, -41.217745 ], [ 174.821427, -41.2176744 ] ], [ [ 174.8236618, -41.223170399999979 ], [ 174.823595600000033, -41.2229364 ] ], [ [ 174.823595600000033, -41.2229364 ], [ 174.82355, -41.2227876 ] ], [ [ 174.82355, -41.2227876 ], [ 174.823416300000019, -41.2223784 ] ] ] } },
{ "type": "Feature", "properties": { "rank": 72, "type": "crossing", "name": "McLellan Street at Beauchamp Street", "where": "Tawa", "treatment": "Raised zebra / refuge", "length_m": 0.0, "filled_m": null, "cost_low": 0.15, "cost": 0.25, "cost_high": 0.4, "dT_godutch": 6.8108895253390074, "dT_ebike": 7.0483097936958075, "dT_local": 0.32290798344183713, "dT_census": 0.08626079186797142, "dK_godutch": 7.6159171802735468, "dT_pct_pts": 0.011704843453948914, "dT_per_M": 27.24355810135603, "health_M_low": 0.00091886251115892107, "health_M_high": 0.018469155602179401, "crashes": 0, "crashes_serious": 0, "plan": "Planned (WCC)", "facility_now": "unsignalised", "max_adt": 2710.0, "speed": 50.0, "one_way_share": 0.0, "gap_rank": 11, "rank_median": 82.0, "rank_p10": 66.0, "rank_p90": 103.0, "top10_share": 0.0, "robust_top10": false, "rank_tol150": 53.0, "rank_tol400": 164.0, "build_step": null }, "geometry": { "type": "Point", "coordinates": [ 174.8294995, -41.162236 ] } },
{ "type": "Feature", "properties": { "rank": 73, "type": "corridor", "name": "Onslow Road", "where": "Khandallah", "treatment": "Protected lane", "length_m": 1834.1002082291645, "filled_m": 0.0, "cost_low": 1.3755751561718734, "cost": 2.9345603331666634, "cost_high": 6.2359407079791591, "dT_godutch": 75.535508199076943, "dT_ebike": 112.67716731073277, "dT_local": 30.985880655299752, "dT_census": 17.876992949753685, "dK_godutch": 469.96435203159302, "dT_pct_pts": 0.12981142850656696, "dT_per_M": 25.739974518624773, "health_M_low": 0.21153073757359261, "health_M_high": 0.87020963467023893, "crashes": 1, "crashes_serious": 0, "plan": "Not in plan", "facility_now": "mixed", "max_adt": 5939.0, "speed": 50.0, "one_way_share": 0.0, "gap_rank": 32, "rank_median": 66.0, "rank_p10": 49.0, "rank_p90": 79.0, "top10_share": 0.0, "robust_top10": false, "rank_tol150": 66.0, "rank_tol400": 38.0, "build_step": null }, "geometry": { "type": "MultiLineString", "coordinates": [ [ [ 174.8002725, -41.2545148 ], [ 174.8004191, -41.2543457 ], [ 174.8011747, -41.2539959 ], [ 174.801562, -41.2537756 ], [ 174.801820600000013, -41.253566 ], [ 174.8018411, -41.2533592 ], [ 174.8015253, -41.2531617 ], [ 174.801361, -41.2529405 ], [ 174.801350899999989, -41.2528397 ], [ 174.8014215, -41.2527551 ], [ 174.8015819, -41.252727499999985 ], [ 174.8027633, -41.2529329 ], [ 174.802912099999986, -41.2529114 ], [ 174.803008, -41.2528232 ], [ 174.8030478, -41.2526798 ], [ 174.8030075, -41.2523076 ], [ 174.8034031, -41.250638 ], [ 174.8035917, -41.250557 ], [ 174.803719699999988, -41.2506296 ], [ 174.804045699999989, -41.2512096 ], [ 174.8042582, -41.2517831 ], [ 174.80438620000001, -41.2519006 ], [ 174.8044808, -41.2519226 ], [ 174.8046774, -41.2518457 ], [ 174.80476630000004, -41.2516856 ], [ 174.804732300000012, -41.2512764 ], [ 174.804575699999987, -41.2510055 ] ], [ [ 174.804575699999987, -41.2510055 ], [ 174.8042544, -41.2505316 ], [ 174.804261700000012, -41.2503879 ], [ 174.8045471, -41.2501038 ], [ 174.8045033, -41.2499339 ], [ 174.8042096, -41.2498497 ], [ 174.8037201, -41.2499446 ], [ 174.8035955, -41.249931 ], [ 174.8030355, -41.2496766 ], [ 174.8029144, -41.2495306 ] ], [ [ 174.8029144, -41.2495306 ], [ 174.8030913, -41.2490669 ], [ 174.803985899999986, -41.2486712 ] ], [ [ 174.803985899999986, -41.2486712 ], [ 174.804230200000035, -41.2485132 ], [ 174.8043171, -41.248292 ], [ 174.8042656, -41.2482016 ], [ 174.8041117, -41.2481218 ], [ 174.803927200000032, -41.248090199999986 ] ], [ [ 174.803927200000032, -41.248090199999986 ], [ 174.803059100000013, -41.2480777 ], [ 174.80290020000001, -41.2481961 ], [ 174.8024718, -41.2487137 ], [ 174.8020917, -41.2489921 ], [ 174.801869900000014, -41.2490886 ], [ 174.8017068, -41.24908210000001 ], [ 174.800906199999986, -41.2485403 ] ] ] } },
{ "type": "Feature", "properties": { "rank": 74, "type": "corridor", "name": "Marine Parade", "where": "Seatoun", "treatment": "Quiet street (30 km/h + filter)", "length_m": 853.94863512629729, "filled_m": 0.0, "cost_low": 0.085394863512629746, "cost": 0.17078972702525949, "cost_high": 0.25618459053788917, "dT_godutch": 4.2393161137588322, "dT_ebike": 4.565908815478906, "dT_local": 0.32228343677707016, "dT_census": 0.18976203567581251, "dK_godutch": 8.0596449069448042, "dT_pct_pts": 0.0072854700224902549, "dT_per_M": 24.821844894288315, "health_M_low": 0.00090337365885559005, "health_M_high": 0.018766424085485133, "crashes": 0, "crashes_serious": 0, "plan": "Planned (WCC)", "facility_now": "mixed", "max_adt": 2080.0, "speed": 50.0, "one_way_share": 0.0, "gap_rank": 101, "rank_median": 79.0, "rank_p10": 65.0, "rank_p90": 92.0, "top10_share": 0.0, "robust_top10": false, "rank_tol150": 73.0, "rank_tol400": 35.0, "build_step": null }, "geometry": { "type": "MultiLineString", "coordinates": [ [ [ 174.8294722, -41.3126523 ], [ 174.828694300000024, -41.312905 ], [ 174.8278857, -41.3134102 ], [ 174.827788500000025, -41.313611699999989 ], [ 174.8274645, -41.3150929 ], [ 174.8278956, -41.317338 ], [ 174.8280614, -41.317655599999988 ], [ 174.8292126, -41.3190226 ] ], [ [ 174.8292126, -41.3190226 ], [ 174.829444599999988, -41.3191823 ] ], [ [ 174.829444599999988, -41.3191823 ], [ 174.8295105, -41.3192321 ] ] ] } },
{ "type": "Feature", "properties": { "rank": 75, "type": "crossing", "name": "Devonshire Road at Argentine Avenue, Torridon Road", "where": "Miramar", "treatment": "Raised zebra / refuge", "length_m": 0.0, "filled_m": null, "cost_low": 0.15, "cost": 0.25, "cost_high": 0.4, "dT_godutch": 5.5658030676067369, "dT_ebike": 5.9002798439388471, "dT_local": 0.72912243097061946, "dT_census": 0.62104873072530609, "dK_godutch": 12.447254693192329, "dT_pct_pts": 0.0095651020853407352, "dT_per_M": 22.263212270426948, "health_M_low": 0.00085689606133053473, "health_M_high": 0.026001487309043898, "crashes": 0, "crashes_serious": 0, "plan": "Not in plan", "facility_now": "unsignalised", "max_adt": 2200.0, "speed": 50.0, "one_way_share": 0.0, "gap_rank": 58, "rank_median": 75.0, "rank_p10": 63.0, "rank_p90": 87.0, "top10_share": 0.0, "robust_top10": false, "rank_tol150": 78.0, "rank_tol400": 210.0, "build_step": null }, "geometry": { "type": "Point", "coordinates": [ 174.818623, -41.3212667 ] } },
{ "type": "Feature", "properties": { "rank": 76, "type": "corridor", "name": "Newlands Road", "where": "Newlands", "treatment": "Protected lane", "length_m": 1517.2665195323375, "filled_m": 0.0, "cost_low": 1.1379498896492533, "cost": 2.4276264312517402, "cost_high": 5.1587061664099476, "dT_godutch": 50.74474665726661, "dT_ebike": 100.14008717524101, "dT_local": 33.664800503195124, "dT_census": 6.2016025697219561, "dK_godutch": 328.30850604216937, "dT_pct_pts": 0.087207304350460632, "dT_per_M": 20.903029396949449, "health_M_low": 0.49306197171297983, "health_M_high": 0.67049576890917384, "crashes": 6, "crashes_serious": 1, "plan": "Planned (WCC)", "facility_now": "mixed", "max_adt": 15669.0, "speed": 50.0, "one_way_share": 0.0, "gap_rank": 8, "rank_median": 66.0, "rank_p10": 47.0, "rank_p90": 82.0, "top10_share": 0.0, "robust_top10": false, "rank_tol150": 51.0, "rank_tol400": 19.0, "build_step": null }, "geometry": { "type": "MultiLineString", "coordinates": [ [ [ 174.8238074, -41.2235199 ], [ 174.8236779, -41.2236006 ], [ 174.823406799999987, -41.2236409 ] ], [ [ 174.823406799999987, -41.2236409 ], [ 174.8236815, -41.2234404 ] ], [ [ 174.8118102, -41.231419 ], [ 174.8125662, -41.2314392 ], [ 174.813047700000027, -41.2313924 ] ], [ [ 174.813047700000027, -41.2313924 ], [ 174.8134982, -41.2312786 ], [ 174.815431, -41.2304337 ], [ 174.816796399999987, -41.2300164 ], [ 174.8175599, -41.2298908 ] ], [ [ 174.8175599, -41.2298908 ], [ 174.8179083, -41.2298378 ] ], [ [ 174.8179083, -41.2298378 ], [ 174.8179692, -41.2298083 ] ], [ [ 174.8179692, -41.2298083 ], [ 174.8180778, -41.229700099999988 ] ], [ [ 174.8180778, -41.229700099999988 ], [ 174.8180931, -41.22966310000001 ] ], [ [ 174.8180931, -41.22966310000001 ], [ 174.818251299999986, -41.2292508 ] ], [ [ 174.818251299999986, -41.2292508 ], [ 174.818293399999988, -41.2291334 ] ], [ [ 174.818293399999988, -41.2291334 ], [ 174.8186183, -41.2283914 ] ], [ [ 174.8186183, -41.2283914 ], [ 174.8189999, -41.2276499 ], [ 174.8190468, -41.2270802 ], [ 174.8194006, -41.2261638 ] ], [ [ 174.8194006, -41.2261638 ], [ 174.819731499999989, -41.225452 ] ], [ [ 174.819731499999989, -41.225452 ], [ 174.8202814, -41.2248072 ], [ 174.820738299999988, -41.2244924 ], [ 174.821874, -41.2240167 ], [ 174.823406799999987, -41.2236409 ] ] ] } },
{ "type": "Feature", "properties": { "rank": 77, "type": "corridor", "name": "Webb Street", "where": "Mt Cook, Te Aro", "treatment": "Protected lane", "length_m": 489.42896547218527, "filled_m": 29.883003870714123, "cost_low": 0.36707172410413896, "cost": 0.78308634475549654, "cost_high": 1.6640584826054299, "dT_godutch": 16.015667046048293, "dT_ebike": 21.962029944079404, "dT_local": 4.0986189300765545, "dT_census": 2.0237626975649619, "dK_godutch": 41.124522439704741, "dT_pct_pts": 0.027523699347514079, "dT_per_M": 20.451981002234017, "health_M_low": 0.017847201534271672, "health_M_high": 0.082900782831358169, "crashes": 5, "crashes_serious": 1, "plan": "Not in plan", "facility_now": "mixed", "max_adt": 14400.0, "speed": 50.0, "one_way_share": 0.0, "gap_rank": 55, "rank_median": 80.0, "rank_p10": 67.0, "rank_p90": 88.0, "top10_share": 0.0, "robust_top10": false, "rank_tol150": 72.0, "rank_tol400": 34.0, "build_step": null }, "geometry": { "type": "MultiLineString", "coordinates": [ [ [ 174.771545800000013, -41.2971578 ], [ 174.771358, -41.2971013 ] ], [ [ 174.7712683, -41.2969165 ], [ 174.771278099999989, -41.2970278 ], [ 174.771358, -41.2971013 ] ], [ [ 174.771358, -41.2971013 ], [ 174.7710471, -41.2969731 ] ], [ [ 174.7709489, -41.296954899999989 ], [ 174.7704474, -41.296800899999987 ] ], [ [ 174.7754864, -41.2984036 ], [ 174.775568099999987, -41.2984281 ] ], [ [ 174.7710471, -41.2969731 ], [ 174.7709489, -41.296954899999989 ] ], [ [ 174.774977, -41.2982478 ], [ 174.774507199999988, -41.2981006 ] ], [ [ 174.774507199999988, -41.2981006 ], [ 174.773699, -41.2978345 ] ], [ [ 174.773699, -41.2978345 ], [ 174.773254799999989, -41.297694499999984 ] ], [ [ 174.773254799999989, -41.297694499999984 ], [ 174.772600399999988, -41.2974866 ] ], [ [ 174.772600399999988, -41.2974866 ], [ 174.7719713, -41.2972941 ] ], [ [ 174.7719713, -41.2972941 ], [ 174.771545800000013, -41.2971578 ] ], [ [ 174.7754864, -41.2984036 ], [ 174.774977, -41.2982478 ] ] ] } },
{ "type": "Feature", "properties": { "rank": 78, "type": "corridor", "name": "Darlington Road", "where": "Miramar", "treatment": "Protected lane", "length_m": 766.88850669887142, "filled_m": 0.0, "cost_low": 0.57516638002415355, "cost": 1.2270216107181944, "cost_high": 2.6074209227761624, "dT_godutch": 24.051680927630514, "dT_ebike": 31.26033787522465, "dT_local": 7.7184012716788857, "dT_census": 5.6958611562149599, "dK_godutch": 37.019804917400492, "dT_pct_pts": 0.041333978332034609, "dT_per_M": 19.601676708491468, "health_M_low": 0.016316264219588088, "health_M_high": 0.071574050282334947, "crashes": 0, "crashes_serious": 0, "plan": "Not in plan", "facility_now": "mixed", "max_adt": 6035.0, "speed": 50.0, "one_way_share": 0.0, "gap_rank": 47, "rank_median": 72.0, "rank_p10": 56.0, "rank_p90": 84.0, "top10_share": 0.0, "robust_top10": false, "rank_tol150": 79.0, "rank_tol400": 31.0, "build_step": null }, "geometry": { "type": "MultiLineString", "coordinates": [ [ [ 174.823118, -41.3128243 ], [ 174.8234358, -41.3125775 ], [ 174.823753900000014, -41.3118474 ] ], [ [ 174.823753900000014, -41.3118474 ], [ 174.82422360000001, -41.3107621 ] ], [ [ 174.82422360000001, -41.3107621 ], [ 174.824759199999988, -41.3095339 ] ], [ [ 174.824759199999988, -41.3095339 ], [ 174.8248415, -41.3093494 ] ], [ [ 174.8248415, -41.3093494 ], [ 174.8248752, -41.3092662 ] ], [ [ 174.8248752, -41.3092662 ], [ 174.8251842, -41.3085567 ] ], [ [ 174.8251842, -41.3085567 ], [ 174.8254791, -41.3078787 ] ], [ [ 174.8254791, -41.3078787 ], [ 174.8259305, -41.306851899999984 ] ], [ [ 174.822542, -41.313131 ], [ 174.8227532, -41.3130176 ] ], [ [ 174.8227532, -41.3130176 ], [ 174.8230318, -41.3128739 ] ], [ [ 174.8230318, -41.3128739 ], [ 174.823118, -41.3128243 ] ] ] } },
{ "type": "Feature", "properties": { "rank": 79, "type": "crossing", "name": "Daniell Street at Wilson Street", "where": "Newtown", "treatment": "Raised zebra / refuge", "length_m": 0.0, "filled_m": null, "cost_low": 0.15, "cost": 0.25, "cost_high": 0.4, "dT_godutch": 4.8550920350389788, "dT_ebike": 6.9346010144072352, "dT_local": 1.4344025612881524, "dT_census": 0.67956832241088705, "dK_godutch": 14.508746797777146, "dT_pct_pts": 0.0083437107610135446, "dT_per_M": 19.420368140155915, "health_M_low": 0.0072295589077059977, "health_M_high": 0.030372844040199222, "crashes": 1, "crashes_serious": 0, "plan": "Planned (WCC)", "facility_now": "unsignalised", "max_adt": 1880.0, "speed": 40.0, "one_way_share": 0.0, "gap_rank": 2, "rank_median": 73.0, "rank_p10": 50.0, "rank_p90": 85.0, "top10_share": 0.0, "robust_top10": false, "rank_tol150": 104.0, "rank_tol400": 156.0, "build_step": null }, "geometry": { "type": "Point", "coordinates": [ 174.7821667, -41.3125479 ] } },
{ "type": "Feature", "properties": { "rank": 80, "type": "corridor", "name": "Kelburn Parade", "where": "Kelburn", "treatment": "Protected lane", "length_m": 371.34122569799689, "filled_m": 12.371373531595955, "cost_low": 0.27850591927349766, "cost": 0.59414596111679507, "cost_high": 1.2625601673731894, "dT_godutch": 10.181090246614076, "dT_ebike": 23.302204177928616, "dT_local": 4.7369815574861605, "dT_census": 1.5470602195873653, "dK_godutch": 21.593996480065254, "dT_pct_pts": 0.017496696589159901, "dT_per_M": 17.135671893615235, "health_M_low": 0.014738227589598833, "health_M_high": 0.036872077676111448, "crashes": 2, "crashes_serious": 0, "plan": "Planned (WCC)", "facility_now": "mixed", "max_adt": 12623.0, "speed": 50.0, "one_way_share": 0.0, "gap_rank": 115, "rank_median": 73.0, "rank_p10": 57.0, "rank_p90": 85.0, "top10_share": 0.0, "robust_top10": false, "rank_tol150": 15.0, "rank_tol400": 6.0, "build_step": null }, "geometry": { "type": "MultiLineString", "coordinates": [ [ [ 174.76911, -41.2867842 ], [ 174.768993900000027, -41.2868435 ], [ 174.7689117, -41.286981 ] ], [ [ 174.7689117, -41.286981 ], [ 174.7687558, -41.2872601 ] ], [ [ 174.7687558, -41.2872601 ], [ 174.7684969, -41.2877131 ] ], [ [ 174.7684969, -41.2877131 ], [ 174.768075, -41.2884586 ] ], [ [ 174.767494199999987, -41.2894803 ], [ 174.7676405, -41.2892305 ] ], [ [ 174.7675021, -41.2895192 ], [ 174.76739950000001, -41.2895621 ] ], [ [ 174.76739950000001, -41.2895621 ], [ 174.7673684, -41.2894699 ] ], [ [ 174.7673684, -41.2894699 ], [ 174.767494199999987, -41.2894803 ] ], [ [ 174.767494199999987, -41.2894803 ], [ 174.7675021, -41.2895192 ] ], [ [ 174.767956, -41.2886583 ], [ 174.7679171, -41.28873140000001 ] ], [ [ 174.7679171, -41.28873140000001 ], [ 174.7676405, -41.2892305 ] ], [ [ 174.7680334, -41.2885283 ], [ 174.767956, -41.2886583 ] ], [ [ 174.768075, -41.2884586 ], [ 174.7680334, -41.2885283 ] ] ] } },
{ "type": "Feature", "properties": { "rank": 81, "type": "corridor", "name": "Abel Smith Street", "where": "Te Aro, Aro Valley", "treatment": "Protected lane", "length_m": 580.82511048864012, "filled_m": 210.34907015627007, "cost_low": 0.42236468547134348, "cost": 0.90104466233886615, "cost_high": 1.9147199074700905, "dT_godutch": 15.398730731139722, "dT_ebike": 19.438970049396858, "dT_local": 2.3985118081427572, "dT_census": 0.74466982827556194, "dK_godutch": 25.768916197033956, "dT_pct_pts": 0.026463464416350443, "dT_per_M": 17.08986399316635, "health_M_low": 0.0089238303834611454, "health_M_high": 0.05819147540674733, "crashes": 7, "crashes_serious": 0, "plan": "Not in plan", "facility_now": "mixed", "max_adt": 4040.0, "speed": 30.0, "one_way_share": 0.076065050424478822, "gap_rank": 65, "rank_median": 85.0, "rank_p10": 69.0, "rank_p90": 99.0, "top10_share": 0.0, "robust_top10": false, "rank_tol150": 153.0, "rank_tol400": 92.0, "build_step": null }, "geometry": { "type": "MultiLineString", "coordinates": [ [ [ 174.7710734, -41.295271599999985 ], [ 174.770006, -41.2949294 ] ], [ [ 174.770006, -41.2949294 ], [ 174.7698498, -41.2948829 ] ], [ [ 174.7698498, -41.2948829 ], [ 174.768946199999988, -41.2945901 ] ], [ [ 174.772539099999989, -41.2957449 ], [ 174.7729845, -41.2958884 ] ], [ [ 174.7729845, -41.2958884 ], [ 174.7734934, -41.2960507 ] ], [ [ 174.7734934, -41.2960507 ], [ 174.7740689, -41.2962395 ] ], [ [ 174.7740689, -41.2962395 ], [ 174.774694, -41.296432 ] ], [ [ 174.774694, -41.296432 ], [ 174.774903, -41.2965018 ] ], [ [ 174.774903, -41.2965018 ], [ 174.776313499999986, -41.2969454 ] ], [ [ 174.772052, -41.2955922 ], [ 174.772539099999989, -41.2957449 ] ] ] } },
{ "type": "Feature", "properties": { "rank": 82, "type": "corridor", "name": "Upland Road", "where": "Kelburn, Northland", "treatment": "Protected lane", "length_m": 973.72583105537058, "filled_m": 0.0, "cost_low": 0.73029437329152791, "cost": 1.557961329688593, "cost_high": 3.31066782558826, "dT_godutch": 25.588714910919407, "dT_ebike": 39.527281628474157, "dT_local": 7.0103935529307364, "dT_census": 2.4914293281567552, "dK_godutch": 49.749054064742431, "dT_pct_pts": 0.043975445660327607, "dT_per_M": 16.424486553869798, "health_M_low": 0.032675714522801221, "health_M_high": 0.091199792051327319, "crashes": 4, "crashes_serious": 0, "plan": "Planned (WCC)", "facility_now": "mixed", "max_adt": 10891.0, "speed": 50.0, "one_way_share": 0.0, "gap_rank": 33, "rank_median": 83.0, "rank_p10": 71.0, "rank_p90": 97.0, "top10_share": 0.0, "robust_top10": false, "rank_tol150": 100.0, "rank_tol400": 49.0, "build_step": null }, "geometry": { "type": "MultiLineString", "coordinates": [ [ [ 174.7660607, -41.2871724 ], [ 174.765628600000014, -41.2879593 ] ], [ [ 174.765628600000014, -41.2879593 ], [ 174.765391700000038, -41.2884695 ] ], [ [ 174.765391700000038, -41.2884695 ], [ 174.7650751, -41.2887474 ], [ 174.7641348, -41.2891123 ], [ 174.7637442, -41.2892045 ], [ 174.76320640000003, -41.2892317 ] ], [ [ 174.7618084, -41.2887124 ], [ 174.761517199999986, -41.2883352 ], [ 174.7611485, -41.2876414 ] ], [ [ 174.7611485, -41.2876414 ], [ 174.7608908, -41.2872096 ], [ 174.7606165, -41.2869185 ] ], [ [ 174.757652900000011, -41.287158399999988 ], [ 174.7577774, -41.2871416 ] ], [ [ 174.7606165, -41.2869185 ], [ 174.760087, -41.286432099999985 ], [ 174.7596807, -41.2862938 ], [ 174.759406899999988, -41.286325 ], [ 174.7592516, -41.2863991 ], [ 174.7586685, -41.2869401 ] ], [ [ 174.7586685, -41.2869401 ], [ 174.7586015, -41.2869605 ] ], [ [ 174.76320640000003, -41.2892317 ], [ 174.7627376, -41.289274 ], [ 174.7624098, -41.28924 ], [ 174.7622237, -41.2891247 ], [ 174.7618084, -41.2887124 ] ] ] } },
{ "type": "Feature", "properties": { "rank": 83, "type": "crossing", "name": "Park Road at Brussels Street", "where": "Miramar", "treatment": "Raised zebra / refuge", "length_m": 0.0, "filled_m": null, "cost_low": 0.15, "cost": 0.25, "cost_high": 0.4, "dT_godutch": 3.7243502242490649, "dT_ebike": 3.6882314272224903, "dT_local": 0.17731107887811959, "dT_census": 0.17731107887811959, "dK_godutch": 2.1767009339481858, "dT_pct_pts": 0.0064004762051025977, "dT_per_M": 14.89740089699626, "health_M_low": 0.0, "health_M_high": 0.0050190171534092633, "crashes": 0, "crashes_serious": 0, "plan": "Not in plan", "facility_now": "unsignalised", "max_adt": 5873.0, "speed": 50.0, "one_way_share": 0.0, "gap_rank": 66, "rank_median": 88.0, "rank_p10": 77.0, "rank_p90": 107.0, "top10_share": 0.0, "robust_top10": false, "rank_tol150": 17.0, "rank_tol400": 216.0, "build_step": null }, "geometry": { "type": "Point", "coordinates": [ 174.8184815, -41.3134031 ] } },
{ "type": "Feature", "properties": { "rank": 84, "type": "corridor", "name": "Burma Road", "where": "Broadmeadows, Khandallah, Johnsonville", "treatment": "Protected lane", "length_m": 1526.4062359441305, "filled_m": 0.0, "cost_low": 1.1448046769580977, "cost": 2.4422499775106088, "cost_high": 5.1897812022100434, "dT_godutch": 33.13954360189382, "dT_ebike": 45.684028280898929, "dT_local": 6.821861416217871, "dT_census": 1.6744094187561132, "dK_godutch": 60.802644260205014, "dT_pct_pts": 0.056951910400598424, "dT_per_M": 13.569267645432854, "health_M_low": 0.03848257475921299, "health_M_high": 0.14005367508299271, "crashes": 7, "crashes_serious": 3, "plan": "Planned (WCC)", "facility_now": "mixed", "max_adt": 14678.0, "speed": 50.0, "one_way_share": 0.0, "gap_rank": 7, "rank_median": 89.0, "rank_p10": 76.0, "rank_p90": 98.0, "top10_share": 0.0, "robust_top10": false, "rank_tol150": 63.0, "rank_tol400": 17.0, "build_step": null }, "geometry": { "type": "MultiLineString", "coordinates": [ [ [ 174.792376100000013, -41.24209470000001 ], [ 174.7924248, -41.242015 ] ], [ [ 174.7924248, -41.242015 ], [ 174.7924612, -41.2419556 ] ], [ [ 174.793005599999987, -41.2413692 ], [ 174.794331699999987, -41.240834599999985 ], [ 174.7944944, -41.240709199999984 ] ], [ [ 174.7944944, -41.240709199999984 ], [ 174.795128299999988, -41.2399931 ], [ 174.796279199999987, -41.2392255 ] ], [ [ 174.796279199999987, -41.2392255 ], [ 174.7967744, -41.2389223 ], [ 174.7970713, -41.238795499999988 ] ], [ [ 174.7981476, -41.2359106 ], [ 174.798173400000024, -41.2348724 ] ], [ [ 174.798173400000024, -41.2348724 ], [ 174.7981859, -41.2343721 ] ], [ [ 174.7981859, -41.2343721 ], [ 174.798227, -41.2328562 ] ], [ [ 174.798227, -41.2328562 ], [ 174.7982547, -41.2319577 ] ], [ [ 174.7982547, -41.2319577 ], [ 174.7982648, -41.2316999 ] ], [ [ 174.7982648, -41.2316999 ], [ 174.7983543, -41.23131 ] ], [ [ 174.7983543, -41.23131 ], [ 174.7984822, -41.2310403 ], [ 174.798988400000042, -41.2303931 ] ], [ [ 174.7970713, -41.238795499999988 ], [ 174.797509, -41.2385467 ] ], [ [ 174.7980556, -41.237519399999982 ], [ 174.7981129, -41.2371669 ] ], [ [ 174.7981129, -41.2371669 ], [ 174.7981457, -41.2359933 ] ], [ [ 174.7981457, -41.2359933 ], [ 174.7981476, -41.2359106 ] ], [ [ 174.797509, -41.2385467 ], [ 174.7980556, -41.237519399999982 ] ], [ [ 174.7924612, -41.2419556 ], [ 174.7927622, -41.2415116 ], [ 174.793005599999987, -41.2413692 ] ] ] } },
{ "type": "Feature", "properties": { "rank": 85, "type": "corridor", "name": "Fraser Avenue", "where": "Johnsonville", "treatment": "Protected lane", "length_m": 479.90381096622394, "filled_m": 197.56114181373363, "cost_low": 0.35992785822466794, "cost": 0.76784609754595845, "cost_high": 1.6316729572851614, "dT_godutch": 9.8361246918951615, "dT_ebike": 18.300752459216806, "dT_local": 5.6599034011737785, "dT_census": 1.3555266951589147, "dK_godutch": 66.388675710567043, "dT_pct_pts": 0.016903856579060256, "dT_per_M": 12.810021074967347, "health_M_low": 0.080726079720657221, "health_M_high": 0.13688364552361831, "crashes": 2, "crashes_serious": 0, "plan": "Not in plan", "facility_now": "mixed", "max_adt": 4711.0, "speed": 50.0, "one_way_share": 0.0, "gap_rank": 147, "rank_median": 83.0, "rank_p10": 68.0, "rank_p90": 98.0, "top10_share": 0.0, "robust_top10": false, "rank_tol150": 55.0, "rank_tol400": 152.0, "build_step": null }, "geometry": { "type": "MultiLineString", "coordinates": [ [ [ 174.804383300000012, -41.2300117 ], [ 174.804419700000011, -41.2297607 ], [ 174.8045979, -41.2294801 ], [ 174.80544, -41.2291276 ], [ 174.8059661, -41.2288521 ] ], [ [ 174.8059661, -41.2288521 ], [ 174.8068676, -41.2283661 ], [ 174.806963599999989, -41.2282384 ], [ 174.8070593, -41.2277355 ], [ 174.8071182, -41.2268831 ], [ 174.8072405, -41.2267096 ] ] ] } },
{ "type": "Feature", "properties": { "rank": 86, "type": "crossing", "name": "Tauhinu Road at Rex Street", "where": "Miramar", "treatment": "Raised zebra / refuge", "length_m": 0.0, "filled_m": null, "cost_low": 0.15, "cost": 0.25, "cost_high": 0.4, "dT_godutch": 2.6988983000046574, "dT_ebike": 2.6760180304991081, "dT_local": 0.19278204956572154, "dT_census": 0.18940940006359597, "dK_godutch": 1.9920867961551709, "dT_pct_pts": 0.0046381874176869712, "dT_per_M": 10.795593200018629, "health_M_low": 7.4002053413848017e-06, "health_M_high": 0.0045355945641312508, "crashes": 0, "crashes_serious": 0, "plan": "Not in plan", "facility_now": "unsignalised", "max_adt": 6130.0, "speed": 50.0, "one_way_share": 0.0, "gap_rank": 56, "rank_median": 92.0, "rank_p10": 82.0, "rank_p90": 108.0, "top10_share": 0.0, "robust_top10": false, "rank_tol150": 84.0, "rank_tol400": 208.0, "build_step": null }, "geometry": { "type": "Point", "coordinates": [ 174.816837200000037, -41.3114018 ] } },
{ "type": "Feature", "properties": { "rank": 87, "type": "corridor", "name": "Awa Road", "where": "Miramar, Seatoun", "treatment": "Protected lane", "length_m": 1019.8267759307271, "filled_m": 0.0, "cost_low": 0.76487008194804529, "cost": 1.6317228414891634, "cost_high": 3.4674110381644718, "dT_godutch": 17.041504217078909, "dT_ebike": 27.112448924453929, "dT_local": 6.6398579257365782, "dT_census": 4.4738377980829682, "dK_godutch": 39.994943831735867, "dT_pct_pts": 0.029286650200186663, "dT_per_M": 10.443871829070112, "health_M_low": 0.015709236636127839, "health_M_high": 0.073997148702967266, "crashes": 1, "crashes_serious": 0, "plan": "Not in plan", "facility_now": "mixed", "max_adt": 3400.0, "speed": 50.0, "one_way_share": 0.0, "gap_rank": 57, "rank_median": 83.0, "rank_p10": 66.0, "rank_p90": 95.0, "top10_share": 0.0, "robust_top10": false, "rank_tol150": 80.0, "rank_tol400": 32.0, "build_step": null }, "geometry": { "type": "MultiLineString", "coordinates": [ [ [ 174.8227532, -41.3130176 ], [ 174.8230603, -41.3131264 ] ], [ [ 174.8230603, -41.3131264 ], [ 174.8236646, -41.3132436 ], [ 174.8243061, -41.3131607 ], [ 174.82476010000002, -41.3131743 ] ], [ [ 174.82476010000002, -41.3131743 ], [ 174.8249103, -41.3131154 ], [ 174.8249271, -41.3130222 ], [ 174.8247017, -41.3127558 ], [ 174.824711900000011, -41.3126374 ], [ 174.825048399999986, -41.3122632 ], [ 174.8251081, -41.3119297 ], [ 174.8252094, -41.3118723 ], [ 174.825358900000026, -41.3119272 ] ], [ [ 174.825358900000026, -41.3119272 ], [ 174.8255332, -41.3122309 ], [ 174.825817, -41.312349699999984 ], [ 174.8265451, -41.3122815 ], [ 174.8269405, -41.3121337 ], [ 174.82713590000003, -41.3121469 ] ], [ [ 174.82713590000003, -41.3121469 ], [ 174.827446400000014, -41.3121876 ] ], [ [ 174.827446400000014, -41.3121876 ], [ 174.827794399999988, -41.312222 ], [ 174.828406199999989, -41.3112416 ], [ 174.8285562, -41.311130900000016 ], [ 174.8287527, -41.3111125 ], [ 174.8291563, -41.3114384 ], [ 174.8291458, -41.3115265 ], [ 174.8290795, -41.3115665 ], [ 174.8289746, -41.311558 ], [ 174.8287895, -41.3114254 ], [ 174.8287255, -41.3114366 ], [ 174.8286886, -41.3115054 ], [ 174.828899299999989, -41.3116996 ], [ 174.8292974, -41.3118994 ], [ 174.829337, -41.3123122 ], [ 174.8294722, -41.3126523 ] ] ] } },
{ "type": "Feature", "properties": { "rank": 88, "type": "corridor", "name": "Coromandel Street", "where": "Newtown", "treatment": "Protected lane", "length_m": 320.54454416641329, "filled_m": 0.0, "cost_low": 0.24040840812480996, "cost": 0.51287127066626126, "cost_high": 1.089851450165805, "dT_godutch": 5.2790036146870989, "dT_ebike": 7.7927126275608316, "dT_local": 1.7245354475817294, "dT_census": 0.74638407174097665, "dK_godutch": 15.327703557886787, "dT_pct_pts": 0.0090722233377684095, "dT_per_M": 10.293038266365059, "health_M_low": 0.01031048529488568, "health_M_high": 0.032731787417712183, "crashes": 1, "crashes_serious": 1, "plan": "Not in plan", "facility_now": "mixed", "max_adt": 3880.0, "speed": 40.0, "one_way_share": 0.0, "gap_rank": 50, "rank_median": 86.0, "rank_p10": 73.0, "rank_p90": 95.0, "top10_share": 0.0, "robust_top10": false, "rank_tol150": 150.0, "rank_tol400": 84.0, "build_step": null }, "geometry": { "type": "MultiLineString", "coordinates": [ [ [ 174.786488, -41.3126366 ], [ 174.786275300000028, -41.3119398 ] ], [ [ 174.786275300000028, -41.3119398 ], [ 174.7862183, -41.3117158 ] ], [ [ 174.7862183, -41.3117158 ], [ 174.7860964, -41.3113299 ] ], [ [ 174.7860964, -41.3113299 ], [ 174.786038, -41.3111456 ] ], [ [ 174.786038, -41.3111456 ], [ 174.785891900000024, -41.3106837 ] ], [ [ 174.785891900000024, -41.3106837 ], [ 174.7858282, -41.3104823 ] ], [ [ 174.7858282, -41.3104823 ], [ 174.7856089, -41.309832 ] ] ] } },
{ "type": "Feature", "properties": { "rank": 89, "type": "corridor", "name": "Pembroke Road", "where": "Northland", "treatment": "Quiet street (30 km/h + filter)", "length_m": 713.24307301185866, "filled_m": 0.0, "cost_low": 0.071324307301185871, "cost": 0.14264861460237174, "cost_high": 0.2139729219035576, "dT_godutch": 1.2183169243066914, "dT_ebike": 2.3294385421359038, "dT_local": 0.72351582394685465, "dT_census": 0.37919687335443086, "dK_godutch": 6.1991524761188881, "dT_pct_pts": 0.0020937366291514702, "dT_per_M": 8.5406852895326679, "health_M_low": 0.0063260889652852889, "health_M_high": 0.01063449994694483, "crashes": 3, "crashes_serious": 0, "plan": "Planned (WCC)", "facility_now": "mixed", "max_adt": 2290.0, "speed": 50.0, "one_way_share": 0.0, "gap_rank": 142, "rank_median": 75.0, "rank_p10": 19.0, "rank_p90": 94.0, "top10_share": 0.019, "robust_top10": false, "rank_tol150": 36.0, "rank_tol400": 149.0, "build_step": null }, "geometry": { "type": "MultiLineString", "coordinates": [ [ [ 174.75863240000001, -41.2740762 ], [ 174.7589328, -41.2743943 ], [ 174.759116400000011, -41.2747716 ], [ 174.759192500000012, -41.2751896 ], [ 174.759113100000036, -41.2756788 ] ], [ [ 174.759113100000036, -41.2756788 ], [ 174.759194400000013, -41.2759954 ], [ 174.7594901, -41.2764158 ], [ 174.7594901, -41.277013 ], [ 174.759509, -41.277192 ], [ 174.759584100000041, -41.2773115 ], [ 174.7597351, -41.277431 ], [ 174.7599592, -41.2775141 ], [ 174.7608165, -41.2776318 ] ], [ [ 174.7608165, -41.2776318 ], [ 174.7610592, -41.277725599999989 ], [ 174.7611937, -41.2778803 ] ], [ [ 174.7611937, -41.2778803 ], [ 174.7616084, -41.2786779 ] ], [ [ 174.7616084, -41.2786779 ], [ 174.761653700000011, -41.2794118 ] ] ] } },
{ "type": "Feature", "properties": { "rank": 90, "type": "corridor", "name": "Wadestown Road", "where": "Wadestown", "treatment": "Protected lane", "length_m": 722.37215229119738, "filled_m": 32.928524010008694, "cost_low": 0.54177911421839808, "cost": 1.1557954436659159, "cost_high": 2.4560653177900709, "dT_godutch": 9.262157363331653, "dT_ebike": 14.868457403827733, "dT_local": 3.2981919914744822, "dT_census": 1.8949460097242081, "dK_godutch": 46.600599794591147, "dT_pct_pts": 0.015917465931623829, "dT_per_M": 8.0136648868888347, "health_M_low": 0.020480537847416616, "health_M_high": 0.094914846338131895, "crashes": 0, "crashes_serious": 0, "plan": "Planned (WCC)", "facility_now": "mixed", "max_adt": 5485.0, "speed": 30.0, "one_way_share": 0.0, "gap_rank": 93, "rank_median": 89.0, "rank_p10": 66.0, "rank_p90": 111.0, "top10_share": 0.0, "robust_top10": false, "rank_tol150": 87.0, "rank_tol400": 115.0, "build_step": null }, "geometry": { "type": "MultiLineString", "coordinates": [ [ [ 174.7677525, -41.2616038 ], [ 174.768040500000012, -41.261479 ], [ 174.7682967, -41.2614469 ], [ 174.7687708, -41.2616595 ], [ 174.7695257, -41.2616071 ] ], [ [ 174.7695257, -41.2616071 ], [ 174.7698519, -41.2616676 ], [ 174.7701834, -41.261848799999989 ], [ 174.7703646, -41.2618549 ], [ 174.770653399999986, -41.2616453 ], [ 174.7710146, -41.261556 ], [ 174.771332, -41.2614029 ], [ 174.772009200000014, -41.2612424 ], [ 174.7723489, -41.2613131 ] ], [ [ 174.7723489, -41.2613131 ], [ 174.7727194, -41.2614897 ] ], [ [ 174.7739856, -41.2618996 ], [ 174.7743686, -41.2619332 ] ], [ [ 174.7743686, -41.2619332 ], [ 174.7746735, -41.2618704 ] ], [ [ 174.7746735, -41.2618704 ], [ 174.7748573, -41.2618124 ] ], [ [ 174.7731575, -41.2616453 ], [ 174.773932700000017, -41.2618859 ] ], [ [ 174.772785199999987, -41.2615216 ], [ 174.7731575, -41.2616453 ] ], [ [ 174.7748573, -41.2618124 ], [ 174.7753324, -41.2616631 ], [ 174.7756785, -41.2616718 ] ], [ [ 174.7727194, -41.2614897 ], [ 174.772785199999987, -41.2615216 ] ] ] } },
{ "type": "Feature", "properties": { "rank": 91, "type": "corridor", "name": "Monorgan Road", "where": "Strathmore Park", "treatment": "Protected lane", "length_m": 604.03547474246955, "filled_m": 247.35973766957849, "cost_low": 0.45302660605685219, "cost": 0.9664567595879513, "cost_high": 2.0537206141243964, "dT_godutch": 7.5094875522190705, "dT_ebike": 8.0263022370636463, "dT_local": 5.0865965148550458, "dT_census": 5.0339083665166982, "dK_godutch": 7.9695873756831981, "dT_pct_pts": 0.012905417991452037, "dT_per_M": 7.7701226441012627, "health_M_low": 0.0001709573337003578, "health_M_high": 0.0069391141037324494, "crashes": 2, "crashes_serious": 0, "plan": "Not in plan", "facility_now": "mixed", "max_adt": 4419.0, "speed": 50.0, "one_way_share": 0.0, "gap_rank": 63, "rank_median": 83.0, "rank_p10": 55.9, "rank_p90": 105.0, "top10_share": 0.0, "robust_top10": false, "rank_tol150": 54.0, "rank_tol400": 91.0, "build_step": null }, "geometry": { "type": "MultiLineString", "coordinates": [ [ [ 174.818009800000027, -41.32513440000001 ], [ 174.818103800000017, -41.3271601 ] ], [ [ 174.818103800000017, -41.3271601 ], [ 174.818160799999987, -41.3283443 ] ], [ [ 174.818160799999987, -41.3283443 ], [ 174.8182785, -41.329887 ], [ 174.818452900000011, -41.3301493 ], [ 174.8188206, -41.3304185 ] ] ] } },
{ "type": "Feature", "properties": { "rank": 92, "type": "corridor", "name": "Haumia Street", "where": "Johnsonville", "treatment": "Protected lane", "length_m": 364.24448735866048, "filled_m": 0.0, "cost_low": 0.27318336551899536, "cost": 0.58279117977385686, "cost_high": 1.2384312570194456, "dT_godutch": 4.4621150149032474, "dT_ebike": 5.4648521859198809, "dT_local": 0.33085326681612059, "dT_census": 0.088369774370221421, "dK_godutch": 3.9680772133828541, "dT_pct_pts": 0.0076683607227292097, "dT_per_M": 7.6564559824579064, "health_M_low": 0.00065662742476157955, "health_M_high": 0.009488954155115914, "crashes": 1, "crashes_serious": 1, "plan": "Not in plan", "facility_now": "mixed", "max_adt": 3002.0, "speed": 50.0, "one_way_share": 0.0, "gap_rank": 73, "rank_median": 103.0, "rank_p10": 87.0, "rank_p90": 116.0, "top10_share": 0.0, "robust_top10": false, "rank_tol150": 157.0, "rank_tol400": 100.0, "build_step": null }, "geometry": { "type": "MultiLineString", "coordinates": [ [ [ 174.803782899999987, -41.2310201 ], [ 174.803459800000013, -41.2308991 ], [ 174.8027237, -41.230909 ], [ 174.802535400000011, -41.2308512 ], [ 174.8024529, -41.2307785 ] ], [ [ 174.8024529, -41.2307785 ], [ 174.8021613, -41.2302578 ] ], [ [ 174.8021613, -41.2302578 ], [ 174.80195710000001, -41.2300044 ], [ 174.801602, -41.2298635 ] ], [ [ 174.801602, -41.2298635 ], [ 174.801000499999986, -41.2298179 ] ], [ [ 174.801000499999986, -41.2298179 ], [ 174.8007307, -41.2296788 ] ], [ [ 174.8007307, -41.2296788 ], [ 174.8006114, -41.229612 ] ], [ [ 174.8006114, -41.229612 ], [ 174.8003895, -41.2294884 ] ] ] } },
{ "type": "Feature", "properties": { "rank": 93, "type": "corridor", "name": "Collins Avenue", "where": "Tawa", "treatment": "Protected lane", "length_m": 777.44414660312066, "filled_m": 0.0, "cost_low": 0.58308310995234047, "cost": 1.2439106345649933, "cost_high": 2.6433100984506099, "dT_godutch": 9.3676505433395505, "dT_ebike": 12.517794574610889, "dT_local": 1.0479055069154128, "dT_census": 0.041076567023992538, "dK_godutch": 9.6555305807894278, "dT_pct_pts": 0.016098761069778377, "dT_per_M": 7.5308067018942255, "health_M_low": 0.0033495505830043954, "health_M_high": 0.023563403408491099, "crashes": 0, "crashes_serious": 0, "plan": "Not in plan", "facility_now": "mixed", "max_adt": 8510.0, "speed": 50.0, "one_way_share": 0.0, "gap_rank": 42, "rank_median": 102.0, "rank_p10": 87.0, "rank_p90": 131.0, "top10_share": 0.0, "robust_top10": false, "rank_tol150": 82.0, "rank_tol400": 43.0, "build_step": null }, "geometry": { "type": "MultiLineString", "coordinates": [ [ [ 174.83692750000003, -41.1588831 ], [ 174.837333, -41.1591856 ] ], [ [ 174.837333, -41.1591856 ], [ 174.837894400000039, -41.1596652 ] ], [ [ 174.837894400000039, -41.1596652 ], [ 174.8392379, -41.1608486 ] ], [ [ 174.833612100000011, -41.1579101 ], [ 174.8338659, -41.1580039 ] ], [ [ 174.8338659, -41.1580039 ], [ 174.8342811, -41.1580926 ], [ 174.834764700000022, -41.1579886 ] ], [ [ 174.834764700000022, -41.1579886 ], [ 174.8353012, -41.1579896 ], [ 174.8357393, -41.1582161 ] ], [ [ 174.8357393, -41.1582161 ], [ 174.8359343, -41.1583226 ] ], [ [ 174.8359343, -41.1583226 ], [ 174.83692750000003, -41.1588831 ] ], [ [ 174.8318054, -41.1572502 ], [ 174.83191640000004, -41.1572904 ] ], [ [ 174.83191640000004, -41.1572904 ], [ 174.8322082, -41.1573961 ] ], [ [ 174.8322082, -41.1573961 ], [ 174.832357300000012, -41.1574501 ] ], [ [ 174.832357300000012, -41.1574501 ], [ 174.8326913, -41.1575736 ] ], [ [ 174.8326913, -41.1575736 ], [ 174.8328211, -41.1576236 ] ], [ [ 174.8328211, -41.1576236 ], [ 174.833285499999988, -41.1577919 ] ], [ [ 174.833285499999988, -41.1577919 ], [ 174.833612100000011, -41.1579101 ] ] ] } },
{ "type": "Feature", "properties": { "rank": 94, "type": "corridor", "name": "Ludlam Street", "where": "Seatoun", "treatment": "Quiet street (30 km/h + filter)", "length_m": 443.70908225648407, "filled_m": 0.0, "cost_low": 0.044370908225648403, "cost": 0.088741816451296807, "cost_high": 0.13311272467694521, "dT_godutch": 0.56625740509480238, "dT_ebike": 0.5659642368555069, "dT_local": 0.067575603607110679, "dT_census": 0.067575603607110679, "dK_godutch": 0.34143492134898479, "dT_pct_pts": 0.00097314077061675655, "dT_per_M": 6.3809535091675205, "health_M_low": 0.0, "health_M_high": 0.00073714807464253908, "crashes": 0, "crashes_serious": 0, "plan": "Not in plan", "facility_now": "mixed", "max_adt": 1929.0, "speed": 50.0, "one_way_share": 0.0, "gap_rank": 80, "rank_median": 101.0, "rank_p10": 85.0, "rank_p90": 132.0, "top10_share": 0.0, "robust_top10": false, "rank_tol150": 99.0, "rank_tol400": 104.0, "build_step": null }, "geometry": { "type": "MultiLineString", "coordinates": [ [ [ 174.8286301, -41.3231885 ], [ 174.8293649, -41.323651300000016 ], [ 174.830726700000014, -41.3239495 ] ], [ [ 174.830726700000014, -41.3239495 ], [ 174.8321614, -41.324229699999989 ] ], [ [ 174.8321614, -41.324229699999989 ], [ 174.833557600000034, -41.3244981 ] ] ] } },
{ "type": "Feature", "properties": { "rank": 95, "type": "crossing", "name": "Lyndhurst Road at Roy Street", "where": "Tawa", "treatment": "Raised zebra / refuge", "length_m": 0.0, "filled_m": null, "cost_low": 0.15, "cost": 0.25, "cost_high": 0.4, "dT_godutch": 1.5866405293345451, "dT_ebike": 2.7628225386142731, "dT_local": 0.3943117018789053, "dT_census": 0.0, "dK_godutch": 2.5153876942589912, "dT_pct_pts": 0.0027267185797771568, "dT_per_M": 6.3465621173381805, "health_M_low": 0.0016140924252668488, "health_M_high": 0.0061626998509345292, "crashes": 0, "crashes_serious": 0, "plan": "Not in plan", "facility_now": "unsignalised", "max_adt": 2320.0, "speed": 50.0, "one_way_share": 0.0, "gap_rank": 75, "rank_median": 100.5, "rank_p10": 88.0, "rank_p90": 140.0, "top10_share": 0.0, "robust_top10": false, "rank_tol150": 226.0, "rank_tol400": 225.0, "build_step": null }, "geometry": { "type": "Point", "coordinates": [ 174.82262320000001, -41.171371 ] } },
{ "type": "Feature", "properties": { "rank": 96, "type": "corridor", "name": "Stewart Drive", "where": "Newlands, Johnsonville", "treatment": "Protected lane", "length_m": 1159.5197291660515, "filled_m": 0.0, "cost_low": 0.86963979687453863, "cost": 1.8552315666656825, "cost_high": 3.9423670791645749, "dT_godutch": 11.603047293827554, "dT_ebike": 24.10998069276252, "dT_local": 7.0281734367645186, "dT_census": 1.0838670122709004, "dK_godutch": 74.032883379897683, "dT_pct_pts": 0.019940398630420773, "dT_per_M": 6.254231278891587, "health_M_low": 0.12752978623935135, "health_M_high": 0.16024364589096085, "crashes": 0, "crashes_serious": 0, "plan": "Planned (WCC)", "facility_now": "mixed", "max_adt": 7076.0, "speed": 50.0, "one_way_share": 0.0, "gap_rank": 23, "rank_median": 97.0, "rank_p10": 81.0, "rank_p90": 107.0, "top10_share": 0.0, "robust_top10": false, "rank_tol150": 97.0, "rank_tol400": 55.0, "build_step": null }, "geometry": { "type": "MultiLineString", "coordinates": [ [ [ 174.823416300000019, -41.2223784 ], [ 174.8231796, -41.2223932 ], [ 174.821943800000014, -41.2222176 ] ], [ [ 174.821943800000014, -41.2222176 ], [ 174.8213002, -41.2221879 ], [ 174.8201048, -41.2224858 ], [ 174.819770299999988, -41.2224951 ] ], [ [ 174.819770299999988, -41.2224951 ], [ 174.819555799999989, -41.2224405 ], [ 174.8192287, -41.222214 ] ], [ [ 174.8192287, -41.222214 ], [ 174.8189973, -41.2220248 ], [ 174.8187011, -41.2218774 ], [ 174.8178461, -41.2216069 ] ], [ [ 174.8178461, -41.2216069 ], [ 174.817688800000013, -41.221555 ] ], [ [ 174.817688800000013, -41.221555 ], [ 174.8168473, -41.221199399999989 ] ], [ [ 174.8168473, -41.221199399999989 ], [ 174.8162948, -41.2209266 ], [ 174.815954799999986, -41.2208925 ], [ 174.815789, -41.2209291 ], [ 174.8155802, -41.2210523 ], [ 174.815390799999989, -41.2213485 ] ], [ [ 174.815390799999989, -41.2213485 ], [ 174.8152203, -41.2216331 ], [ 174.8149042, -41.2219237 ], [ 174.814551200000011, -41.2220996 ], [ 174.814197900000011, -41.2221889 ], [ 174.813803799999988, -41.2222083 ], [ 174.811541799999986, -41.2218972 ] ], [ [ 174.811473200000023, -41.221886 ], [ 174.8114296, -41.2218747 ] ], [ [ 174.8114296, -41.2218747 ], [ 174.8113396, -41.2217088 ] ], [ [ 174.811541799999986, -41.2218972 ], [ 174.8115161, -41.2218945 ] ], [ [ 174.8115161, -41.2218945 ], [ 174.811473200000023, -41.221886 ] ] ] } },
{ "type": "Feature", "properties": { "rank": 97, "type": "corridor", "name": "Moxham Avenue", "where": "Hataitai", "treatment": "Protected lane", "length_m": 660.8453388970197, "filled_m": 0.0, "cost_low": 0.49563400417276476, "cost": 1.0573525422352317, "cost_high": 2.2468741522498665, "dT_godutch": 6.4869606057181954, "dT_ebike": 9.4660813920199871, "dT_local": 1.6126034003682435, "dT_census": 0.88446287950500846, "dK_godutch": 24.559842564227193, "dT_pct_pts": 0.011148155919925276, "dT_per_M": 6.1350971852820555, "health_M_low": 0.01205521065018955, "health_M_high": 0.052070539956413725, "crashes": 5, "crashes_serious": 0, "plan": "Unfunded (ex-LGWM)", "facility_now": "mixed", "max_adt": 8404.0, "speed": 50.0, "one_way_share": 0.0, "gap_rank": 86, "rank_median": 91.0, "rank_p10": 77.0, "rank_p90": 105.0, "top10_share": 0.0, "robust_top10": false, "rank_tol150": 107.0, "rank_tol400": 109.0, "build_step": null }, "geometry": { "type": "MultiLineString", "coordinates": [ [ [ 174.7942354, -41.3040565 ], [ 174.794021500000042, -41.3043439 ], [ 174.793897500000014, -41.3046225 ] ], [ [ 174.7936224, -41.3054341 ], [ 174.793423, -41.3060209 ] ], [ [ 174.793423, -41.3060209 ], [ 174.792931, -41.3075497 ] ], [ [ 174.792931, -41.3075497 ], [ 174.7924682, -41.3088824 ] ], [ [ 174.7924682, -41.3088824 ], [ 174.79220380000001, -41.3095972 ], [ 174.7921815, -41.3097848 ] ], [ [ 174.793897500000014, -41.3046225 ], [ 174.7936224, -41.3054341 ] ] ] } },
{ "type": "Feature", "properties": { "rank": 98, "type": "corridor", "name": "South Karori Road", "where": "Karori", "treatment": "Quiet street (30 km/h + filter)", "length_m": 492.07218844961125, "filled_m": 0.0, "cost_low": 0.049207218844961126, "cost": 0.098414437689922252, "cost_high": 0.14762165653488335, "dT_godutch": 0.57565128046553582, "dT_ebike": 1.3748484232928604, "dT_local": 0.38677743950393051, "dT_census": 0.35588557552546263, "dK_godutch": 1.0045041721996373, "dT_pct_pts": 0.0009892846003222999, "dT_per_M": 5.8492564097074871, "health_M_low": 0.00015642364179934803, "health_M_high": 0.00090768505610602183, "crashes": 0, "crashes_serious": 0, "plan": "Planned (WCC)", "facility_now": "sharrow", "max_adt": 2530.0, "speed": 50.0, "one_way_share": 0.0, "gap_rank": 123, "rank_median": 71.5, "rank_p10": 47.0, "rank_p90": 94.0, "top10_share": 0.0, "robust_top10": false, "rank_tol150": 44.0, "rank_tol400": 136.0, "build_step": null }, "geometry": { "type": "MultiLineString", "coordinates": [ [ [ 174.723445200000015, -41.2887196 ], [ 174.7235468, -41.2889392 ] ], [ [ 174.7235468, -41.2889392 ], [ 174.7235473, -41.2889634 ] ], [ [ 174.7235382, -41.2891981 ], [ 174.723366, -41.2898633 ] ], [ [ 174.723366, -41.2898633 ], [ 174.723310700000013, -41.2900329 ] ], [ [ 174.723310700000013, -41.2900329 ], [ 174.723131599999988, -41.2905791 ], [ 174.722390600000011, -41.2915507 ], [ 174.7223391, -41.2918538 ], [ 174.7223636, -41.2920786 ], [ 174.7222189, -41.2925568 ], [ 174.722217, -41.2929296 ] ], [ [ 174.7235473, -41.2889634 ], [ 174.7235382, -41.2891981 ] ] ] } },
{ "type": "Feature", "properties": { "rank": 99, "type": "corridor", "name": "The Esplanade", "where": "Island Bay", "treatment": "Protected lane", "length_m": 1320.1173345556974, "filled_m": 394.8088822085723, "cost_low": 0.99008800091677318, "cost": 2.1121877352891159, "cost_high": 4.4883989374893707, "dT_godutch": 12.354065389372408, "dT_ebike": 14.795376528752968, "dT_local": 2.3770779647747986, "dT_census": 1.3015515028382652, "dK_godutch": 24.088020245054462, "dT_pct_pts": 0.021231059594268634, "dT_per_M": 5.8489428676099129, "health_M_low": 0.0059567988344113284, "health_M_high": 0.053436864538054164, "crashes": 0, "crashes_serious": 0, "plan": "Planned (WCC)", "facility_now": "mixed", "max_adt": 4326.0, "speed": 50.0, "one_way_share": 0.0, "gap_rank": 107, "rank_median": 100.0, "rank_p10": 88.0, "rank_p90": 108.0, "top10_share": 0.0, "robust_top10": false, "rank_tol150": 94.0, "rank_tol400": 52.0, "build_step": null }, "geometry": { "type": "MultiLineString", "coordinates": [ [ [ 174.771093200000024, -41.3440306 ], [ 174.7708122, -41.344232 ], [ 174.7699756, -41.3454027 ] ], [ [ 174.761063799999988, -41.3477768 ], [ 174.760556799999989, -41.3476626 ], [ 174.760374399999989, -41.3475423 ] ], [ [ 174.760374399999989, -41.3475423 ], [ 174.7602765, -41.3473233 ], [ 174.760322800000012, -41.3470871 ] ], [ [ 174.7699756, -41.3454027 ], [ 174.7698273, -41.3456314 ] ], [ [ 174.7698273, -41.3456314 ], [ 174.7686253, -41.3474492 ], [ 174.7683712, -41.3476624 ], [ 174.765691299999986, -41.3482511 ], [ 174.7638749, -41.3481577 ] ], [ [ 174.7638749, -41.3481577 ], [ 174.7635924, -41.3481371 ] ], [ [ 174.7635924, -41.3481371 ], [ 174.763414399999988, -41.3481241 ] ], [ [ 174.763414399999988, -41.3481241 ], [ 174.76333790000001, -41.3481185 ] ], [ [ 174.76333790000001, -41.3481185 ], [ 174.763037, -41.3480828 ] ], [ [ 174.763037, -41.3480828 ], [ 174.7626611, -41.348022399999984 ] ], [ [ 174.7626611, -41.348022399999984 ], [ 174.762496199999987, -41.347998199999985 ] ], [ [ 174.762496199999987, -41.347998199999985 ], [ 174.762162100000012, -41.3479449 ] ], [ [ 174.762162100000012, -41.3479449 ], [ 174.761189900000034, -41.3477919 ] ], [ [ 174.761189900000034, -41.3477919 ], [ 174.761063799999988, -41.3477768 ] ], [ [ 174.760322800000012, -41.3470871 ], [ 174.7604012, -41.3474874 ], [ 174.760538, -41.3475921 ], [ 174.761063799999988, -41.3477768 ] ] ] } },
{ "type": "Feature", "properties": { "rank": 100, "type": "crossing", "name": "Abel Smith Street at Cuba Street", "where": "Te Aro", "treatment": "Raised zebra / refuge", "length_m": 0.0, "filled_m": null, "cost_low": 0.15, "cost": 0.25, "cost_high": 0.4, "dT_godutch": 1.4260285004438629, "dT_ebike": 2.2574517112516332, "dT_local": 0.34757997350163805, "dT_census": 0.013584194435679819, "dK_godutch": 1.6350697495024831, "dT_pct_pts": 0.0024506990307898335, "dT_per_M": 5.7041140017754515, "health_M_low": 0.0011497407250121738, "health_M_high": 0.0039664096663720363, "crashes": 0, "crashes_serious": 0, "plan": "Not in plan", "facility_now": "unsignalised", "max_adt": 4040.0, "speed": 30.0, "one_way_share": 0.0, "gap_rank": 23, "rank_median": 102.0, "rank_p10": 64.0, "rank_p90": 126.1, "top10_share": 0.0, "robust_top10": false, "rank_tol150": 109.0, "rank_tol400": 175.0, "build_step": null }, "geometry": { "type": "Point", "coordinates": [ 174.7740689, -41.2962395 ] } },
{ "type": "Feature", "properties": { "rank": 101, "type": "corridor", "name": "Main Road", "where": "Tawa", "treatment": "Protected lane", "length_m": 515.12089633432993, "filled_m": 223.00134191976215, "cost_low": 0.38634067225074742, "cost": 0.82419343413492785, "cost_high": 1.7514110475367217, "dT_godutch": 4.6294910805299878, "dT_ebike": 6.8561491440050304, "dT_local": 1.1047859312966466, "dT_census": 0.27401169291260885, "dK_godutch": 13.735109106026071, "dT_pct_pts": 0.0079560045963833446, "dT_per_M": 5.61699582742866, "health_M_low": 0.0034703186666422098, "health_M_high": 0.031723999737022363, "crashes": 1, "crashes_serious": 0, "plan": "Not in plan", "facility_now": "mixed", "max_adt": 19840.0, "speed": 50.0, "one_way_share": 0.0, "gap_rank": 140, "rank_median": 101.0, "rank_p10": 88.0, "rank_p90": 107.0, "top10_share": 0.0, "robust_top10": false, "rank_tol150": 70.0, "rank_tol400": 30.0, "build_step": null }, "geometry": { "type": "MultiLineString", "coordinates": [ [ [ 174.8279546, -41.1856696 ], [ 174.8276237, -41.1856191 ], [ 174.827377, -41.1855281 ] ], [ [ 174.8257543, -41.1843162 ], [ 174.8255969, -41.1841978 ] ], [ [ 174.8255969, -41.1841978 ], [ 174.8254603, -41.1840893 ] ], [ [ 174.8254603, -41.1840893 ], [ 174.82495, -41.1836862 ], [ 174.8243386, -41.1830943 ] ], [ [ 174.8243386, -41.1830943 ], [ 174.8241836, -41.182953699999985 ] ], [ [ 174.8241836, -41.182953699999985 ], [ 174.824004800000012, -41.1827693 ] ], [ [ 174.8239509, -41.1826529 ], [ 174.8239462, -41.1822426 ] ], [ [ 174.827377, -41.1855281 ], [ 174.8258716, -41.1844108 ] ], [ [ 174.8258716, -41.1844108 ], [ 174.8257543, -41.1843162 ] ] ] } },
{ "type": "Feature", "properties": { "rank": 102, "type": "corridor", "name": "Woodman Drive", "where": "Tawa", "treatment": "Quiet street (30 km/h + filter)", "length_m": 1380.6188686592363, "filled_m": 169.53027228925566, "cost_low": 0.13806188686592363, "cost": 0.27612377373184727, "cost_high": 0.4141856605977709, "dT_godutch": 1.1948221921920776, "dT_ebike": 2.0748281497508287, "dT_local": 0.35022888495586812, "dT_census": 0.0, "dK_godutch": 1.4247368432155469, "dT_pct_pts": 0.0020533597943238153, "dT_per_M": 4.3271253903418261, "health_M_low": 0.0013536640512795918, "health_M_high": 0.0034906052658780903, "crashes": 0, "crashes_serious": 0, "plan": "Not in plan", "facility_now": "mixed", "max_adt": 2260.0, "speed": 50.0, "one_way_share": 0.0, "gap_rank": 119, "rank_median": 101.0, "rank_p10": 90.0, "rank_p90": 140.0, "top10_share": 0.0, "robust_top10": false, "rank_tol150": 85.0, "rank_tol400": 132.0, "build_step": null }, "geometry": { "type": "MultiLineString", "coordinates": [ [ [ 174.8424766, -41.1633499 ], [ 174.8423374, -41.163486 ], [ 174.842013, -41.1636446 ] ], [ [ 174.842013, -41.1636446 ], [ 174.841395300000016, -41.1639621 ], [ 174.841074700000036, -41.1643936 ] ], [ [ 174.841074700000036, -41.1643936 ], [ 174.8404981, -41.1648425 ] ], [ [ 174.8404981, -41.1648425 ], [ 174.839312, -41.165529 ] ], [ [ 174.8379227, -41.1668882 ], [ 174.8374296, -41.1673451 ], [ 174.836440500000037, -41.167691 ], [ 174.8356559, -41.168027 ] ], [ [ 174.8356559, -41.168027 ], [ 174.8350418, -41.1681085 ], [ 174.8347186, -41.1682301 ], [ 174.8339581, -41.1686955 ], [ 174.8334227, -41.1692411 ] ], [ [ 174.8334227, -41.1692411 ], [ 174.8332413, -41.169540499999989 ], [ 174.833178800000013, -41.1698128 ], [ 174.8331897, -41.1700503 ], [ 174.8333141, -41.1703819 ] ], [ [ 174.8333141, -41.1703819 ], [ 174.8333882, -41.1705002 ] ], [ [ 174.8333882, -41.1705002 ], [ 174.8337668, -41.170815699999984 ], [ 174.8347756, -41.1713645 ] ], [ [ 174.8347756, -41.1713645 ], [ 174.8349634, -41.171714 ], [ 174.83501960000001, -41.172235 ] ], [ [ 174.83501960000001, -41.172235 ], [ 174.8348833, -41.1727355 ] ], [ [ 174.8348833, -41.1727355 ], [ 174.8346958, -41.1730092 ], [ 174.8343189, -41.173392 ] ] ] } },
{ "type": "Feature", "properties": { "rank": 103, "type": "corridor", "name": "Akaroa Drive", "where": "Maupuia", "treatment": "Quiet street (30 km/h + filter)", "length_m": 466.84431173159942, "filled_m": 0.0, "cost_low": 0.046684431173159943, "cost": 0.093368862346319886, "cost_high": 0.14005329351947982, "dT_godutch": 0.39977306558284909, "dT_ebike": 0.62404268211685121, "dT_local": 0.12816360668512061, "dT_census": 0.052631899656262249, "dK_godutch": 1.645024050271801, "dT_pct_pts": 0.00068702937147106249, "dT_per_M": 4.2816529572784932, "health_M_low": 0.00091809304610049628, "health_M_high": 0.0035238054276975342, "crashes": 0, "crashes_serious": 0, "plan": "Not in plan", "facility_now": "mixed", "max_adt": 2857.0, "speed": 50.0, "one_way_share": 0.0, "gap_rank": 92, "rank_median": 96.0, "rank_p10": 86.0, "rank_p90": 104.0, "top10_share": 0.0, "robust_top10": false, "rank_tol150": 3.0, "rank_tol400": 114.0, "build_step": null }, "geometry": { "type": "MultiLineString", "coordinates": [ [ [ 174.814130799999987, -41.309537 ], [ 174.8145628, -41.3089369 ], [ 174.8148364, -41.3087672 ] ], [ [ 174.8148364, -41.3087672 ], [ 174.815515299999987, -41.3087924 ], [ 174.8161101, -41.3089983 ], [ 174.8163538, -41.309018499999986 ], [ 174.8167813, -41.3089036 ], [ 174.816940499999987, -41.3087858 ], [ 174.8170335, -41.308629 ] ], [ [ 174.8170335, -41.308629 ], [ 174.817172199999987, -41.3080618 ], [ 174.8172863, -41.3078893 ] ], [ [ 174.8172863, -41.3078893 ], [ 174.8179371, -41.3075572 ] ] ] } },
{ "type": "Feature", "properties": { "rank": 104, "type": "corridor", "name": "Cockayne Road", "where": "Khandallah, Ngaio", "treatment": "Protected lane", "length_m": 1549.5035821919878, "filled_m": 43.571883233880321, "cost_low": 1.1621276866439907, "cost": 2.4792057315071805, "cost_high": 5.2683121794527583, "dT_godutch": 9.7212553689823835, "dT_ebike": 17.360066362045472, "dT_local": 3.4919959465332795, "dT_census": 2.363100030048372, "dK_godutch": 15.512307778058064, "dT_pct_pts": 0.016706448085301397, "dT_per_M": 3.921116850223056, "health_M_low": 0.004878320017448306, "health_M_high": 0.028080967828079527, "crashes": 0, "crashes_serious": 0, "plan": "Not in plan", "facility_now": "mixed", "max_adt": 6296.0, "speed": 50.0, "one_way_share": 0.0, "gap_rank": 75, "rank_median": 98.0, "rank_p10": 84.0, "rank_p90": 109.0, "top10_share": 0.0, "robust_top10": false, "rank_tol150": 102.0, "rank_tol400": 102.0, "build_step": null }, "geometry": { "type": "MultiLineString", "coordinates": [ [ [ 174.7868755, -41.247955 ], [ 174.7869565, -41.2480797 ], [ 174.7869441, -41.2483144 ] ], [ [ 174.7869441, -41.2483144 ], [ 174.7869431, -41.248333 ] ], [ [ 174.786746300000033, -41.2501397 ], [ 174.7865488, -41.2505813 ], [ 174.785893, -41.2514603 ] ], [ [ 174.785893, -41.2514603 ], [ 174.785665, -41.2517283 ], [ 174.7853873, -41.2518107 ] ], [ [ 174.7846358, -41.2517553 ], [ 174.7844053, -41.251749699999984 ], [ 174.7839922, -41.2515995 ], [ 174.783786099999986, -41.2515906 ], [ 174.7835796, -41.251663199999989 ], [ 174.7833579, -41.2518529 ] ], [ [ 174.7833579, -41.2518529 ], [ 174.783169, -41.2520389 ] ], [ [ 174.783169, -41.2520389 ], [ 174.7823665, -41.2523394 ], [ 174.7813487, -41.2528337 ], [ 174.7807991, -41.252811 ], [ 174.7801718, -41.2526009 ], [ 174.7797462, -41.2526984 ], [ 174.7795023, -41.2527085 ] ], [ [ 174.7795023, -41.2527085 ], [ 174.778809200000012, -41.2522833 ], [ 174.778032, -41.2522394 ] ], [ [ 174.778032, -41.2522394 ], [ 174.777600900000039, -41.2521472 ], [ 174.777306399999986, -41.2522184 ] ], [ [ 174.777306399999986, -41.2522184 ], [ 174.7769581, -41.2524772 ], [ 174.776833300000021, -41.252673 ], [ 174.7768519, -41.2529417 ], [ 174.777044100000012, -41.2533127 ] ], [ [ 174.7869431, -41.248333 ], [ 174.786802500000022, -41.2492771 ] ], [ [ 174.786802500000022, -41.2492771 ], [ 174.7867703, -41.2497205 ] ], [ [ 174.7867703, -41.2497205 ], [ 174.786746300000033, -41.2501397 ] ], [ [ 174.7853873, -41.2518107 ], [ 174.7849314, -41.2517392 ], [ 174.7846358, -41.2517553 ] ], [ [ 174.777044100000012, -41.2533127 ], [ 174.7770276, -41.2534917 ], [ 174.7769255, -41.253616199999989 ] ], [ [ 174.7769255, -41.253616199999989 ], [ 174.7765602, -41.2540493 ], [ 174.7762236, -41.2545861 ], [ 174.7760405, -41.2547484 ] ] ] } },
{ "type": "Feature", "properties": { "rank": 105, "type": "crossing", "name": "Para Street at Brussels Street", "where": "Miramar", "treatment": "Raised zebra / refuge", "length_m": 0.0, "filled_m": null, "cost_low": 0.15, "cost": 0.25, "cost_high": 0.4, "dT_godutch": 0.96560463588684797, "dT_ebike": 0.98677334422245622, "dT_local": 0.058056773050338961, "dT_census": 0.040456418879330158, "dK_godutch": 0.63035345878699556, "dT_pct_pts": 0.0016594383243795658, "dT_per_M": 3.8624185435473919, "health_M_low": 3.5041616345564903e-05, "health_M_high": 0.0014657709052961739, "crashes": 0, "crashes_serious": 0, "plan": "Not in plan", "facility_now": "unsignalised", "max_adt": 4637.0, "speed": 50.0, "one_way_share": 0.0, "gap_rank": 78, "rank_median": 108.0, "rank_p10": 96.0, "rank_p90": 123.0, "top10_share": 0.0, "robust_top10": false, "rank_tol150": 67.0, "rank_tol400": 228.0, "build_step": null }, "geometry": { "type": "Point", "coordinates": [ 174.8209334, -41.314440699999984 ] } },
{ "type": "Feature", "properties": { "rank": 106, "type": "corridor", "name": "Para Street", "where": "Miramar", "treatment": "Protected lane", "length_m": 577.67951385368497, "filled_m": 0.0, "cost_low": 0.43325963539026374, "cost": 0.92428722216589598, "cost_high": 1.9641103471025287, "dT_godutch": 3.2861278497148305, "dT_ebike": 3.2874284433200955, "dT_local": 0.063051762350369245, "dT_census": 0.038978066295385361, "dK_godutch": 1.2014028737793745, "dT_pct_pts": 0.0056473698343623268, "dT_per_M": 3.5553102660170919, "health_M_low": 2.0651215281224927e-05, "health_M_high": 0.0028912703784293352, "crashes": 1, "crashes_serious": 0, "plan": "Not in plan", "facility_now": "mixed", "max_adt": 6035.0, "speed": 50.0, "one_way_share": 0.0, "gap_rank": 28, "rank_median": 119.0, "rank_p10": 102.0, "rank_p90": 138.0, "top10_share": 0.0, "robust_top10": false, "rank_tol150": 45.0, "rank_tol400": 74.0, "build_step": null }, "geometry": { "type": "MultiLineString", "coordinates": [ [ [ 174.8191742, -41.3175379 ], [ 174.81981540000001, -41.3164516 ] ], [ [ 174.81981540000001, -41.3164516 ], [ 174.820092200000033, -41.315942 ] ], [ [ 174.820092200000033, -41.315942 ], [ 174.820813900000019, -41.3146663 ] ], [ [ 174.820813900000019, -41.3146663 ], [ 174.8209334, -41.314440699999984 ] ], [ [ 174.8209334, -41.314440699999984 ], [ 174.8213486, -41.3138139 ], [ 174.8218245, -41.3135259 ] ], [ [ 174.8218245, -41.3135259 ], [ 174.822542, -41.313131 ] ] ] } },
{ "type": "Feature", "properties": { "rank": 107, "type": "corridor", "name": "Middleton Road", "where": "Glenside, Churton Park, Johnsonville", "treatment": "Protected lane", "length_m": 4197.1011545779784, "filled_m": 0.0, "cost_low": 3.1478258659334837, "cost": 6.7153618473247665, "cost_high": 14.270143925565126, "dT_godutch": 23.335858914266282, "dT_ebike": 33.516690045391442, "dT_local": 3.7090153121025651, "dT_census": 0.48088361155896564, "dK_godutch": 32.345237217533722, "dT_pct_pts": 0.040103803539718944, "dT_per_M": 3.4749964997884231, "health_M_low": 0.010836597671275133, "health_M_high": 0.077859682783404216, "crashes": 2, "crashes_serious": 0, "plan": "Planned (WCC)", "facility_now": "mixed", "max_adt": 6985.0, "speed": 50.0, "one_way_share": 0.0, "gap_rank": 1, "rank_median": 112.0, "rank_p10": 100.9, "rank_p90": 123.0, "top10_share": 0.0, "robust_top10": false, "rank_tol150": 81.0, "rank_tol400": 47.0, "build_step": null }, "geometry": { "type": "MultiLineString", "coordinates": [ [ [ 174.818409800000012, -41.2030171 ], [ 174.818772200000012, -41.2025275 ], [ 174.8190577, -41.2017883 ], [ 174.8196864, -41.2013143 ], [ 174.819846399999989, -41.2011135 ], [ 174.8199257, -41.1999031 ], [ 174.820737600000029, -41.198566199999988 ], [ 174.82127460000001, -41.1980715 ], [ 174.8219214, -41.1976296 ], [ 174.8231195, -41.1964621 ], [ 174.8236774, -41.1960691 ], [ 174.823945900000012, -41.1958202 ], [ 174.824408100000028, -41.1955269 ], [ 174.8249726, -41.1946849 ], [ 174.8261853, -41.1937977 ], [ 174.826769400000018, -41.193185 ] ], [ [ 174.826769400000018, -41.193185 ], [ 174.8277213, -41.1916595 ] ], [ [ 174.8119156, -41.2074681 ], [ 174.8117574, -41.2069628 ] ], [ [ 174.807982900000013, -41.2202284 ], [ 174.808022900000026, -41.2201847 ] ], [ [ 174.812121, -41.2079525 ], [ 174.812071, -41.2077849 ] ], [ [ 174.812619, -41.205154099999987 ], [ 174.8136833, -41.2043946 ], [ 174.8145773, -41.2039699 ], [ 174.815203200000013, -41.2038141 ] ], [ [ 174.8121497, -41.2054491 ], [ 174.8122423, -41.2053887 ] ], [ [ 174.8117574, -41.2069628 ], [ 174.811669, -41.2061199 ], [ 174.811784100000011, -41.2057535 ] ], [ [ 174.811784100000011, -41.2057535 ], [ 174.8121497, -41.2054491 ] ], [ [ 174.812071, -41.2077849 ], [ 174.8119156, -41.2074681 ] ], [ [ 174.8122423, -41.2053887 ], [ 174.812619, -41.205154099999987 ] ], [ [ 174.8164689, -41.203970199999986 ], [ 174.816989100000029, -41.204051099999987 ], [ 174.817411600000014, -41.20397220000001 ], [ 174.8177541, -41.2037705 ], [ 174.8183098, -41.2031364 ] ], [ [ 174.8160143, -41.2038731 ], [ 174.8164689, -41.203970199999986 ] ], [ [ 174.808022900000026, -41.2201847 ], [ 174.8082417, -41.2199457 ] ], [ [ 174.8099229, -41.2164334 ], [ 174.8100699, -41.2161553 ], [ 174.811041499999988, -41.2149388 ] ], [ [ 174.811041499999988, -41.2149388 ], [ 174.811304299999989, -41.2145963 ], [ 174.811350800000014, -41.2136266 ] ], [ [ 174.811350800000014, -41.2136266 ], [ 174.8115754, -41.2125899 ], [ 174.8114407, -41.211661 ], [ 174.811525499999988, -41.2113442 ], [ 174.811703200000011, -41.2110148 ] ], [ [ 174.811703200000011, -41.2110148 ], [ 174.811767800000013, -41.2108381 ] ], [ [ 174.811767800000013, -41.2108381 ], [ 174.8118522, -41.2105857 ], [ 174.8121698, -41.2100822 ], [ 174.8122483, -41.2097439 ], [ 174.8122253, -41.2092655 ], [ 174.8120672, -41.2087683 ], [ 174.8121432, -41.208148 ] ], [ [ 174.8121432, -41.208148 ], [ 174.812121, -41.2079525 ] ], [ [ 174.815203200000013, -41.2038141 ], [ 174.8157583, -41.2038316 ] ], [ [ 174.8098735, -41.2166708 ], [ 174.8099229, -41.2164334 ] ], [ [ 174.8082417, -41.2199457 ], [ 174.8083422, -41.219784599999983 ], [ 174.808461099999988, -41.2193039 ], [ 174.8090216, -41.2187913 ], [ 174.8095559, -41.218196199999987 ], [ 174.8095779, -41.217938299999986 ], [ 174.8094295, -41.2175331 ], [ 174.809426800000011, -41.217302 ], [ 174.809789, -41.2168979 ], [ 174.8098735, -41.2166708 ] ], [ [ 174.8277213, -41.1916595 ], [ 174.8279542, -41.1913126 ], [ 174.8283276, -41.190911 ], [ 174.8285832, -41.1907359 ], [ 174.829100200000028, -41.1904914 ], [ 174.8292813, -41.1902659 ], [ 174.8294519, -41.1898028 ] ], [ [ 174.8294519, -41.1898028 ], [ 174.829464699999988, -41.1895618 ] ], [ [ 174.8183098, -41.2031364 ], [ 174.818409800000012, -41.2030171 ] ] ] } },
{ "type": "Feature", "properties": { "rank": 108, "type": "crossing", "name": "Broadway at Glamis Avenue", "where": "Strathmore Park", "treatment": "Signalised crossing", "length_m": 0.0, "filled_m": null, "cost_low": 0.5, "cost": 0.8, "cost_high": 1.5, "dT_godutch": 2.5811208225786686, "dT_ebike": 5.016300018876791, "dT_local": 0.9590544905513525, "dT_census": 0.83980263839475811, "dK_godutch": 3.1520130991691713, "dT_pct_pts": 0.0044357811195751854, "dT_per_M": 3.2264010282233357, "health_M_low": 0.00046638990689012403, "health_M_high": 0.0049476433612799017, "crashes": 1, "crashes_serious": 1, "plan": "Planned (WCC)", "facility_now": "unsignalised", "max_adt": 9964.0, "speed": 30.0, "one_way_share": 0.0, "gap_rank": 62, "rank_median": 98.5, "rank_p10": 84.0, "rank_p90": 112.0, "top10_share": 0.0, "robust_top10": false, "rank_tol150": 9.0, "rank_tol400": 213.0, "build_step": null }, "geometry": { "type": "Point", "coordinates": [ 174.8214018, -41.324352 ] } },
{ "type": "Feature", "properties": { "rank": 109, "type": "corridor", "name": "Hutt Road", "where": "Ngauranga, Newlands", "treatment": "Protected lane (state highway, NZTA)", "length_m": 6229.4262444600981, "filled_m": 3787.2788800266321, "cost_low": 6.2294262444600985, "cost": 12.458852488920197, "cost_high": 21.180049231164332, "dT_godutch": 40.18633959097496, "dT_ebike": 56.639244961582783, "dT_local": 15.88482217308956, "dT_census": 2.8755259088757157, "dK_godutch": 301.78297286931883, "dT_pct_pts": 0.069062170535819811, "dT_per_M": 3.2255249531779224, "health_M_low": 0.25893701165649297, "health_M_high": 0.69242872481288076, "crashes": 6, "crashes_serious": 2, "plan": "Not in plan", "facility_now": "painted_lane", "max_adt": 35432.0, "speed": 100.0, "one_way_share": 0.0, "gap_rank": 87, "rank_median": 104.0, "rank_p10": 93.0, "rank_p90": 111.0, "top10_share": 0.0, "robust_top10": false, "rank_tol150": 96.0, "rank_tol400": 46.0, "build_step": null }, "geometry": { "type": "MultiLineString", "coordinates": [ [ [ 174.8135063, -41.2472888 ], [ 174.8140211, -41.24713 ], [ 174.81431760000001, -41.2469905 ] ], [ [ 174.81431760000001, -41.2469905 ], [ 174.815316700000011, -41.2464423 ], [ 174.815778, -41.246053 ], [ 174.8161643, -41.2456295 ] ], [ [ 174.8491768, -41.2272529 ], [ 174.8441291, -41.2285623 ], [ 174.8437878, -41.2286859 ], [ 174.8430185, -41.229079 ], [ 174.8423513, -41.2296056 ], [ 174.8414029, -41.2306371 ], [ 174.8409438, -41.2310133 ], [ 174.84021340000001, -41.231435 ], [ 174.8397311, -41.231631 ], [ 174.8382286, -41.232101 ], [ 174.837492, -41.2324439 ], [ 174.836950800000011, -41.23282050000001 ], [ 174.83535, -41.234284100000011 ], [ 174.83444750000001, -41.2349921 ], [ 174.8333752, -41.2357 ], [ 174.8278965, -41.2388725 ], [ 174.826328600000011, -41.2399849 ], [ 174.818766900000014, -41.2442799 ], [ 174.817621800000012, -41.2450412 ], [ 174.8169293, -41.2455893 ] ], [ [ 174.8161643, -41.2456295 ], [ 174.81684820000001, -41.2450464 ], [ 174.8184307, -41.244121 ], [ 174.8217201, -41.2424991 ] ], [ [ 174.8127196, -41.2476799 ], [ 174.8129925, -41.2474606 ] ], [ [ 174.8120492, -41.248192 ], [ 174.8123708, -41.2479492 ] ], [ [ 174.8123708, -41.2479492 ], [ 174.8127196, -41.2476799 ] ], [ [ 174.8217201, -41.2424991 ], [ 174.824669300000011, -41.2408824 ], [ 174.826231400000012, -41.2399401 ], [ 174.827520099999987, -41.239000299999987 ], [ 174.828199500000011, -41.2385711 ], [ 174.8336301, -41.235435 ], [ 174.83440250000001, -41.2349186 ], [ 174.835756, -41.2338004 ] ], [ [ 174.835756, -41.2338004 ], [ 174.8369602, -41.232684799999987 ], [ 174.837628099999989, -41.2322644 ], [ 174.8381144, -41.2320522 ] ] ] } },
{ "type": "Feature", "properties": { "rank": 110, "type": "corridor", "name": "Westchester Drive", "where": "Glenside, Churton Park, Grenada Village", "treatment": "Protected lane", "length_m": 1625.377927793762, "filled_m": 0.0, "cost_low": 1.2190334458453214, "cost": 2.6006046844700195, "cost_high": 5.5262849544987906, "dT_godutch": 8.1578025471244473, "dT_ebike": 12.428912489674985, "dT_local": 1.4717578470590524, "dT_census": 0.13499384499664302, "dK_godutch": 21.51542729873854, "dT_pct_pts": 0.014019578703644385, "dT_per_M": 3.1368868155318794, "health_M_low": 0.0071890623160330075, "health_M_high": 0.052169728852568709, "crashes": 1, "crashes_serious": 0, "plan": "Planned (WCC)", "facility_now": "mixed", "max_adt": 9918.0, "speed": 50.0, "one_way_share": 0.0, "gap_rank": 58, "rank_median": 114.0, "rank_p10": 101.0, "rank_p90": 129.0, "top10_share": 0.0, "robust_top10": false, "rank_tol150": 90.0, "rank_tol400": 53.0, "build_step": null }, "geometry": { "type": "MultiLineString", "coordinates": [ [ [ 174.80888250000001, -41.201808 ], [ 174.8083422, -41.201973700000011 ] ], [ [ 174.8080611, -41.2020483 ], [ 174.807599900000014, -41.2021978 ] ], [ [ 174.807599900000014, -41.2021978 ], [ 174.8071966, -41.2023304 ] ], [ [ 174.8071966, -41.2023304 ], [ 174.805464199999989, -41.2028773 ] ], [ [ 174.8158827, -41.2037552 ], [ 174.8158636, -41.2036623 ] ], [ [ 174.81887660000001, -41.204317 ], [ 174.818144499999988, -41.204806199999986 ], [ 174.81785690000001, -41.2049017 ], [ 174.8174118, -41.2049521 ], [ 174.8170163, -41.204913500000011 ], [ 174.8165624, -41.2047597 ], [ 174.8162318, -41.2045332 ], [ 174.8160136, -41.2042616 ] ], [ [ 174.8118906, -41.2021665 ], [ 174.8113965, -41.2018503 ] ], [ [ 174.8113965, -41.2018503 ], [ 174.8107863, -41.201646 ] ], [ [ 174.8107863, -41.201646 ], [ 174.8102864, -41.2015754 ], [ 174.8098357, -41.201583699999986 ], [ 174.809415300000012, -41.2016492 ], [ 174.80888250000001, -41.201808 ] ], [ [ 174.8083422, -41.201973700000011 ], [ 174.8080611, -41.2020483 ] ], [ [ 174.8140577, -41.2022122 ], [ 174.8137969, -41.2023008 ], [ 174.8132197, -41.2027108 ], [ 174.8129634, -41.2027675 ], [ 174.8125948, -41.2026946 ], [ 174.8118906, -41.2021665 ] ], [ [ 174.8160136, -41.2042616 ], [ 174.81590810000003, -41.2039508 ] ], [ [ 174.815831800000012, -41.2034923 ], [ 174.8155438, -41.2031555 ], [ 174.815356, -41.2027218 ], [ 174.8148289, -41.2025087 ], [ 174.814413300000012, -41.2022476 ], [ 174.814227, -41.2022076 ], [ 174.8140577, -41.2022122 ] ], [ [ 174.8158636, -41.2036623 ], [ 174.815831800000012, -41.2034923 ] ], [ [ 174.8205048, -41.2043016 ], [ 174.8203886, -41.2042504 ] ], [ [ 174.8213278, -41.2046432 ], [ 174.8210953, -41.20455290000001 ] ], [ [ 174.8210836, -41.2045482 ], [ 174.820795800000013, -41.2044294 ] ], [ [ 174.8192913, -41.2041223 ], [ 174.81887660000001, -41.204317 ] ], [ [ 174.820706800000011, -41.204391800000018 ], [ 174.8205048, -41.2043016 ] ], [ [ 174.8210953, -41.20455290000001 ], [ 174.8210836, -41.2045482 ] ], [ [ 174.820795800000013, -41.2044294 ], [ 174.820706800000011, -41.204391800000018 ] ], [ [ 174.8203886, -41.2042504 ], [ 174.8199966, -41.2041105 ] ], [ [ 174.8199966, -41.2041105 ], [ 174.8197438, -41.2040813 ] ], [ [ 174.8197438, -41.2040813 ], [ 174.8192913, -41.2041223 ] ] ] } },
{ "type": "Feature", "properties": { "rank": 111, "type": "corridor", "name": "Boulcott Street", "where": "Wellington Central, Mt Victoria, Kelburn", "treatment": "Protected lane", "length_m": 597.56196423212441, "filled_m": 99.685196723634917, "cost_low": 0.44817147317409328, "cost": 0.95609914277139907, "cost_high": 2.0317106783892229, "dT_godutch": 2.3185773958630307, "dT_ebike": 6.5819768783917425, "dT_local": 1.6380342850063698, "dT_census": 0.0, "dK_godutch": 2.0968484949045574, "dT_pct_pts": 0.0039845875275873769, "dT_per_M": 2.4250386723936188, "health_M_low": 0.0038150316464303966, "health_M_high": 0.0051372788125161658, "crashes": 6, "crashes_serious": 0, "plan": "Not in plan", "facility_now": "mixed", "max_adt": 7268.0, "speed": 30.0, "one_way_share": 0.0, "gap_rank": 34, "rank_median": 108.0, "rank_p10": 90.0, "rank_p90": 140.0, "top10_share": 0.0, "robust_top10": false, "rank_tol150": 145.0, "rank_tol400": 76.0, "build_step": null }, "geometry": { "type": "MultiLineString", "coordinates": [ [ [ 174.774431600000014, -41.2888484 ], [ 174.7738392, -41.2880852 ] ], [ [ 174.7738392, -41.2880852 ], [ 174.774031, -41.287716799999984 ] ], [ [ 174.774031, -41.287716799999984 ], [ 174.774486599999989, -41.2868956 ] ], [ [ 174.774486599999989, -41.2868956 ], [ 174.774697800000013, -41.2864034 ], [ 174.774602200000032, -41.2862881 ], [ 174.7743171, -41.2861852 ] ], [ [ 174.7743171, -41.2861852 ], [ 174.774156299999987, -41.2861293 ] ], [ [ 174.772478400000011, -41.2854644 ], [ 174.7724371, -41.28530090000001 ], [ 174.772527599999989, -41.285123 ] ], [ [ 174.7730225, -41.2857522 ], [ 174.772478400000011, -41.2854644 ] ], [ [ 174.774698300000011, -41.2891644 ], [ 174.774431600000014, -41.2888484 ] ], [ [ 174.7739192, -41.2860512 ], [ 174.7731317, -41.285794 ] ], [ [ 174.7731317, -41.285794 ], [ 174.7730225, -41.2857522 ] ], [ [ 174.774156299999987, -41.2861293 ], [ 174.7739192, -41.2860512 ] ] ] } },
{ "type": "Feature", "properties": { "rank": 112, "type": "corridor", "name": "Raroa Road", "where": "Kelburn, Aro Valley", "treatment": "Protected lane", "length_m": 1527.9634693619321, "filled_m": 376.00484908806902, "cost_low": 1.1459726020214491, "cost": 2.4447415509790913, "cost_high": 5.1950757958305696, "dT_godutch": 5.8894501289132677, "dT_ebike": 12.678600633526003, "dT_local": 4.5638239345062175, "dT_census": 1.8892507417167508, "dK_godutch": 24.9782456674405, "dT_pct_pts": 0.010121305232202817, "dT_per_M": 2.4090277054253892, "health_M_low": 0.025788552668652438, "health_M_high": 0.039008028155135703, "crashes": 2, "crashes_serious": 1, "plan": "Planned (WCC)", "facility_now": "sharrow", "max_adt": 7670.0, "speed": 50.0, "one_way_share": 0.0, "gap_rank": 72, "rank_median": 102.0, "rank_p10": 86.0, "rank_p90": 116.0, "top10_share": 0.0, "robust_top10": false, "rank_tol150": 108.0, "rank_tol400": 99.0, "build_step": null }, "geometry": { "type": "MultiLineString", "coordinates": [ [ [ 174.758392200000031, -41.289283799999986 ], [ 174.758450900000042, -41.2894636 ], [ 174.7582303, -41.289821800000013 ] ], [ [ 174.755547400000012, -41.2873137 ], [ 174.7557426, -41.28745880000001 ], [ 174.7559231, -41.2877602 ], [ 174.7562647, -41.288074 ], [ 174.7562876, -41.2882415 ], [ 174.7560734, -41.2887122 ], [ 174.7561072, -41.2888867 ], [ 174.7563515, -41.2890218 ], [ 174.756760500000013, -41.289048800000018 ] ], [ [ 174.7601042, -41.2904051 ], [ 174.7601526, -41.29053050000001 ], [ 174.75999250000001, -41.2911841 ], [ 174.7596002, -41.2917346 ] ], [ [ 174.7596002, -41.2917346 ], [ 174.759239900000011, -41.292035 ], [ 174.759068500000012, -41.292272 ], [ 174.759115400000013, -41.2924056 ], [ 174.759318900000039, -41.2925618 ], [ 174.759541, -41.2929818 ], [ 174.759488800000014, -41.2931451 ] ], [ [ 174.7578077, -41.2891882 ], [ 174.7583036, -41.2892483 ] ], [ [ 174.757688100000024, -41.2942248 ], [ 174.7582122, -41.2940256 ], [ 174.75901540000001, -41.2939349 ], [ 174.7600157, -41.2934327 ], [ 174.7602722, -41.2932356 ] ], [ [ 174.758811, -41.2936672 ], [ 174.758478700000012, -41.2936766 ], [ 174.75816420000001, -41.2938104 ], [ 174.7576625, -41.293881 ], [ 174.757454200000012, -41.2939873 ] ], [ [ 174.757454200000012, -41.2939873 ], [ 174.7574627, -41.29416410000001 ], [ 174.757567099999989, -41.2942214 ], [ 174.757688100000024, -41.2942248 ] ], [ [ 174.759488800000014, -41.2931451 ], [ 174.7589906, -41.2935975 ], [ 174.758811, -41.2936672 ] ], [ [ 174.758468500000021, -41.2904232 ], [ 174.7588273, -41.2903885 ], [ 174.7594013, -41.2902446 ], [ 174.759752, -41.2902687 ], [ 174.7601042, -41.2904051 ] ], [ [ 174.7582303, -41.289821800000013 ], [ 174.75821940000003, -41.289877499999989 ] ], [ [ 174.75821940000003, -41.289877499999989 ], [ 174.75818240000001, -41.2902125 ] ], [ [ 174.75818240000001, -41.2902125 ], [ 174.7583305, -41.290385500000021 ] ], [ [ 174.7583305, -41.290385500000021 ], [ 174.758468500000021, -41.2904232 ] ], [ [ 174.756760500000013, -41.289048800000018 ], [ 174.75709820000003, -41.289230099999983 ] ], [ [ 174.75709820000003, -41.289230099999983 ], [ 174.7572577, -41.2892863 ], [ 174.7578077, -41.2891882 ] ] ] } },
{ "type": "Feature", "properties": { "rank": 113, "type": "crossing", "name": "Karori Road at Lancaster Street", "where": "Karori", "treatment": "Signalised crossing", "length_m": 0.0, "filled_m": null, "cost_low": 0.5, "cost": 0.8, "cost_high": 1.5, "dT_godutch": 1.8576315795071423, "dT_ebike": 2.0349157764576375, "dT_local": 0.26227676728740335, "dT_census": 0.25485079642385244, "dK_godutch": 1.5523564954440285, "dT_pct_pts": 0.0031924298217362, "dT_per_M": 2.3220394743839279, "health_M_low": 1.5682930393877765e-05, "health_M_high": 0.0032728639058181232, "crashes": 1, "crashes_serious": 0, "plan": "Unfunded (ex-LGWM)", "facility_now": "unsignalised", "max_adt": 16536.0, "speed": 30.0, "one_way_share": 0.0, "gap_rank": 28, "rank_median": 119.0, "rank_p10": 105.0, "rank_p90": 143.0, "top10_share": 0.0, "robust_top10": false, "rank_tol150": 194.0, "rank_tol400": 180.0, "build_step": null }, "geometry": { "type": "Point", "coordinates": [ 174.746604200000036, -41.282157 ] } },
{ "type": "Feature", "properties": { "rank": 114, "type": "corridor", "name": "Stone Street", "where": "Miramar", "treatment": "Quiet street (30 km/h + filter)", "length_m": 307.76046140867112, "filled_m": 0.0, "cost_low": 0.030776046140867111, "cost": 0.061552092281734222, "cost_high": 0.1, "dT_godutch": 0.13375017256475985, "dT_ebike": 0.13222098303958774, "dT_local": 0.0085835689678788185, "dT_census": 0.0085835689678788185, "dK_godutch": 0.077031529002993315, "dT_pct_pts": 0.00022985614815580849, "dT_per_M": 2.1729589946766219, "health_M_low": 0.0, "health_M_high": 0.00017558284833720775, "crashes": 0, "crashes_serious": 0, "plan": "Not in plan", "facility_now": "mixed", "max_adt": 2484.0, "speed": 50.0, "one_way_share": 0.0, "gap_rank": 145, "rank_median": 115.0, "rank_p10": 107.0, "rank_p90": 130.0, "top10_share": 0.0, "robust_top10": false, "rank_tol150": 2.0, "rank_tol400": 151.0, "build_step": null }, "geometry": { "type": "MultiLineString", "coordinates": [ [ [ 174.815318499999989, -41.3161313 ], [ 174.815200299999987, -41.3163001 ] ], [ [ 174.815200299999987, -41.3163001 ], [ 174.815073500000011, -41.316468 ] ], [ [ 174.815073500000011, -41.316468 ], [ 174.8150033, -41.316559 ] ], [ [ 174.8150033, -41.316559 ], [ 174.813611900000041, -41.3184049 ] ], [ [ 174.813611900000041, -41.3184049 ], [ 174.8135241, -41.3185491 ] ] ] } },
{ "type": "Feature", "properties": { "rank": 115, "type": "crossing", "name": "Coromandel Street at Wilson Street", "where": "Newtown", "treatment": "Raised zebra / refuge", "length_m": 0.0, "filled_m": null, "cost_low": 0.15, "cost": 0.25, "cost_high": 0.4, "dT_godutch": 0.4809399819932878, "dT_ebike": 0.69009255012497306, "dT_local": 0.093918740749359131, "dT_census": 0.070336123695597053, "dK_godutch": 0.71120983002706306, "dT_pct_pts": 0.00082651864767932027, "dT_per_M": 1.9237599279731512, "health_M_low": 0.00017239463380785795, "health_M_high": 0.00156360594028211, "crashes": 0, "crashes_serious": 0, "plan": "Planned (WCC)", "facility_now": "unsignalised", "max_adt": 3880.0, "speed": 40.0, "one_way_share": 0.0, "gap_rank": 3, "rank_median": 112.0, "rank_p10": 94.0, "rank_p90": 140.0, "top10_share": 0.0, "robust_top10": false, "rank_tol150": 129.0, "rank_tol400": 157.0, "build_step": null }, "geometry": { "type": "Point", "coordinates": [ 174.786275300000028, -41.3119398 ] } },
{ "type": "Feature", "properties": { "rank": 116, "type": "corridor", "name": "Melksham Drive", "where": "Churton Park", "treatment": "Protected lane", "length_m": 614.55412717539298, "filled_m": 0.0, "cost_low": 0.46091559538154475, "cost": 0.98328660348062891, "cost_high": 2.0894840323963364, "dT_godutch": 1.8592076813802123, "dT_ebike": 2.9068667273968458, "dT_local": 1.0033509116619825, "dT_census": 0.74342056465684436, "dK_godutch": 2.3827896558754196, "dT_pct_pts": 0.0031951384291248716, "dT_per_M": 1.8908095308112671, "health_M_low": 0.00087981042539142995, "health_M_high": 0.0035400392958729321, "crashes": 0, "crashes_serious": 0, "plan": "Not in plan", "facility_now": "mixed", "max_adt": 3412.0, "speed": 50.0, "one_way_share": 0.0, "gap_rank": 91, "rank_median": 108.0, "rank_p10": 90.0, "rank_p90": 119.0, "top10_share": 0.0, "robust_top10": false, "rank_tol150": 91.0, "rank_tol400": 113.0, "build_step": null }, "geometry": { "type": "MultiLineString", "coordinates": [ [ [ 174.808087699999987, -41.1966275 ], [ 174.8079892, -41.1972046 ] ], [ [ 174.8079892, -41.1972046 ], [ 174.807940699999989, -41.1975875 ], [ 174.807596, -41.1986082 ] ], [ [ 174.807596, -41.1986082 ], [ 174.8075427, -41.1989962 ], [ 174.8075896, -41.2001021 ], [ 174.8077743, -41.200737 ], [ 174.807724700000023, -41.2013948 ], [ 174.8078047, -41.2016583 ], [ 174.8080611, -41.2020483 ] ] ] } },
{ "type": "Feature", "properties": { "rank": 117, "type": "corridor", "name": "Ohiro Road", "where": "Brooklyn, Aro Valley", "treatment": "Protected lane", "length_m": 3391.1282598062789, "filled_m": 96.083360077922705, "cost_low": 2.5085294009068955, "cost": 5.3515293886013771, "cost_high": 11.371999950777925, "dT_godutch": 8.2162117443513125, "dT_ebike": 13.403033881215379, "dT_local": 2.064156815467868, "dT_census": 0.74302583404642064, "dK_godutch": 10.496947465182798, "dT_pct_pts": 0.014119957737435462, "dT_per_M": 1.5353016208509733, "health_M_low": 0.0044238630890940456, "health_M_high": 0.023848542932241961, "crashes": 15, "crashes_serious": 4, "plan": "Planned (WCC)", "facility_now": "mixed", "max_adt": 12695.0, "speed": 50.0, "one_way_share": 0.034223412072498696, "gap_rank": 24, "rank_median": 117.0, "rank_p10": 109.0, "rank_p90": 123.0, "top10_share": 0.0, "robust_top10": false, "rank_tol150": 93.0, "rank_tol400": 39.0, "build_step": null }, "geometry": { "type": "MultiLineString", "coordinates": [ [ [ 174.7695941, -41.2959292 ], [ 174.7692351, -41.2962693 ], [ 174.769191299999989, -41.2965061 ] ], [ [ 174.7636872, -41.3037041 ], [ 174.7636532, -41.3037757 ] ], [ [ 174.7636532, -41.3037757 ], [ 174.7635249, -41.3042644 ] ], [ [ 174.7635249, -41.3042644 ], [ 174.7634817, -41.3044181 ] ], [ [ 174.763205199999987, -41.3063249 ], [ 174.7631613, -41.3065055 ] ], [ [ 174.7631613, -41.3065055 ], [ 174.7628675, -41.3071139 ], [ 174.7627832, -41.3075167 ] ], [ [ 174.7627832, -41.3075167 ], [ 174.7626185, -41.3086584 ] ], [ [ 174.7626185, -41.3086584 ], [ 174.7625411, -41.30929 ], [ 174.7623173, -41.310134 ] ], [ [ 174.7623173, -41.310134 ], [ 174.76227750000001, -41.3103052 ] ], [ [ 174.76227750000001, -41.3103052 ], [ 174.7622211, -41.3109615 ], [ 174.761971, -41.3116578 ] ], [ [ 174.761971, -41.3116578 ], [ 174.761582, -41.3131434 ], [ 174.7611493, -41.3142781 ] ], [ [ 174.7611493, -41.3142781 ], [ 174.76104380000001, -41.3154661 ], [ 174.7610541, -41.317036 ], [ 174.7609424, -41.317771499999985 ], [ 174.7605594, -41.31928 ], [ 174.7601204, -41.3203404 ] ], [ [ 174.7601204, -41.3203404 ], [ 174.7596756, -41.3221512 ], [ 174.758990900000015, -41.3237504 ] ], [ [ 174.7681713, -41.2975251 ], [ 174.7679003, -41.298033 ], [ 174.767628800000011, -41.2983714 ] ], [ [ 174.767628800000011, -41.2983714 ], [ 174.7671095, -41.2985763 ], [ 174.7665187, -41.29908660000001 ] ], [ [ 174.7665187, -41.29908660000001 ], [ 174.7661091, -41.2995266 ], [ 174.7656931, -41.2998546 ], [ 174.7656177, -41.3005865 ], [ 174.765472499999987, -41.3007299 ] ], [ [ 174.765472499999987, -41.3007299 ], [ 174.765145, -41.3008645 ], [ 174.7647888, -41.3013254 ] ], [ [ 174.7647888, -41.3013254 ], [ 174.7646901, -41.30148 ], [ 174.7646471, -41.3017603 ], [ 174.7644723, -41.3020228 ], [ 174.76435, -41.3025037 ] ], [ [ 174.7634514, -41.3040282 ], [ 174.763418699999988, -41.3042519 ] ], [ [ 174.763418699999988, -41.3042519 ], [ 174.7632518, -41.3047967 ] ], [ [ 174.763418699999988, -41.3042519 ], [ 174.7635249, -41.3042644 ] ], [ [ 174.769191299999989, -41.2965061 ], [ 174.769144200000028, -41.2968697 ], [ 174.768824599999988, -41.2973385 ], [ 174.7684817, -41.2974818 ], [ 174.7681713, -41.2975251 ] ], [ [ 174.7634817, -41.3044181 ], [ 174.7633114, -41.3051218 ] ], [ [ 174.763349299999987, -41.3056093 ], [ 174.763324899999986, -41.3057236 ] ], [ [ 174.763324899999986, -41.3057236 ], [ 174.763205199999987, -41.3063249 ] ], [ [ 174.7642813, -41.3027846 ], [ 174.764201500000013, -41.3028223 ] ], [ [ 174.764201500000013, -41.3028223 ], [ 174.7640972, -41.302901 ] ], [ [ 174.7640972, -41.302901 ], [ 174.763936300000012, -41.303231 ] ], [ [ 174.763936300000012, -41.303231 ], [ 174.7636872, -41.3037041 ] ], [ [ 174.7633242, -41.3053826 ], [ 174.763349299999987, -41.3056093 ] ], [ [ 174.7633114, -41.3051218 ], [ 174.7633242, -41.3053826 ] ] ] } },
{ "type": "Feature", "properties": { "rank": 118, "type": "corridor", "name": "Cashmere Avenue", "where": "Khandallah", "treatment": "Protected lane", "length_m": 1096.7796720485735, "filled_m": 0.0, "cost_low": 0.82258475403643017, "cost": 1.7548474752777177, "cost_high": 3.7290508849651496, "dT_godutch": 2.4321944250259548, "dT_ebike": 4.1895898068323731, "dT_local": 1.0128304181853309, "dT_census": 0.91240696480963379, "dK_godutch": 3.2227519473093946, "dT_pct_pts": 0.0041798438938971186, "dT_per_M": 1.3859862234699583, "health_M_low": 0.00052873286831014033, "health_M_high": 0.0036004982209997508, "crashes": 0, "crashes_serious": 0, "plan": "Planned (WCC)", "facility_now": "mixed", "max_adt": 6210.0, "speed": 50.0, "one_way_share": 0.0, "gap_rank": 56, "rank_median": 113.0, "rank_p10": 97.0, "rank_p90": 123.0, "top10_share": 0.0, "robust_top10": false, "rank_tol150": 69.0, "rank_tol400": 86.0, "build_step": null }, "geometry": { "type": "MultiLineString", "coordinates": [ [ [ 174.7936219, -41.2423953 ], [ 174.7939039, -41.2425107 ] ], [ [ 174.7939039, -41.2425107 ], [ 174.7945432, -41.2426762 ], [ 174.7945949, -41.2427332 ], [ 174.794564900000012, -41.2428806 ], [ 174.7940151, -41.2433717 ], [ 174.7938694, -41.2435857 ], [ 174.7938153, -41.2438879 ], [ 174.793932399999989, -41.2441899 ] ], [ [ 174.793932399999989, -41.2441899 ], [ 174.793916200000041, -41.244425 ], [ 174.7937532, -41.2445995 ] ], [ [ 174.7937532, -41.2445995 ], [ 174.7940365, -41.2447832 ], [ 174.7947883, -41.245017899999986 ], [ 174.7950112, -41.2451367 ], [ 174.7957926, -41.2456485 ], [ 174.796017800000016, -41.2458972 ] ], [ [ 174.796017800000016, -41.2458972 ], [ 174.796935700000034, -41.2465671 ] ], [ [ 174.796935700000034, -41.2465671 ], [ 174.7971423, -41.2467835 ] ], [ [ 174.7971423, -41.2467835 ], [ 174.79773, -41.2473258 ] ], [ [ 174.79773, -41.2473258 ], [ 174.7981733, -41.2476193 ] ], [ [ 174.7981733, -41.2476193 ], [ 174.7990926, -41.2482714 ], [ 174.799513200000035, -41.2484116 ] ], [ [ 174.799513200000035, -41.2484116 ], [ 174.800268100000011, -41.2485812 ], [ 174.800906199999986, -41.2485403 ] ] ] } },
{ "type": "Feature", "properties": { "rank": 119, "type": "corridor", "name": "Houghton Bay Road", "where": "Houghton Bay, Melrose", "treatment": "Quiet street (30 km/h + filter)", "length_m": 698.35174417881638, "filled_m": 0.0, "cost_low": 0.069835174417881646, "cost": 0.13967034883576329, "cost_high": 0.20950552325364488, "dT_godutch": 0.19313238956965506, "dT_ebike": 0.31663253949955106, "dT_local": 0.1020980142056942, "dT_census": 0.1020980142056942, "dK_godutch": 0.19012528052908831, "dT_pct_pts": 0.00033190736355210074, "dT_per_M": 1.3827730164600445, "health_M_low": 0.0, "health_M_high": 0.00016218480669632677, "crashes": 0, "crashes_serious": 0, "plan": "Not in plan", "facility_now": "mixed", "max_adt": 2031.0, "speed": 50.0, "one_way_share": 0.0, "gap_rank": 132, "rank_median": 110.0, "rank_p10": 88.0, "rank_p90": 119.0, "top10_share": 0.0, "robust_top10": false, "rank_tol150": 14.0, "rank_tol400": 142.0, "build_step": null }, "geometry": { "type": "MultiLineString", "coordinates": [ [ [ 174.7869899, -41.3319059 ], [ 174.7868597, -41.3318284 ] ], [ [ 174.7868597, -41.3318284 ], [ 174.7865358, -41.3315037 ], [ 174.7863654, -41.331469 ], [ 174.786022100000025, -41.3315064 ], [ 174.785808, -41.331451899999983 ], [ 174.7854376, -41.330939 ], [ 174.7853174, -41.3308488 ], [ 174.785084, -41.3307779 ], [ 174.7848036, -41.3307766 ] ], [ [ 174.7848036, -41.3307766 ], [ 174.78464790000001, -41.3307521 ], [ 174.7836232, -41.3302891 ], [ 174.7830405, -41.3302427 ] ], [ [ 174.7830405, -41.3302427 ], [ 174.7827667, -41.3302215 ] ], [ [ 174.788422, -41.3331076 ], [ 174.7882817, -41.33256 ], [ 174.788142, -41.3324236 ], [ 174.7879556, -41.3323931 ] ], [ [ 174.7879556, -41.3323931 ], [ 174.7873102, -41.3326495 ], [ 174.7870323, -41.3325931 ], [ 174.7869274, -41.3324078 ], [ 174.787059, -41.3320044 ], [ 174.7869899, -41.3319059 ] ] ] } },
{ "type": "Feature", "properties": { "rank": 120, "type": "corridor", "name": "Happy Valley Road", "where": "Owhiro Bay", "treatment": "Protected lane", "length_m": 2380.9642758130722, "filled_m": 100.56380639971619, "cost_low": 1.7857232068598041, "cost": 3.809542841300916, "cost_high": 8.0952785377644449, "dT_godutch": 5.1137062240159139, "dT_ebike": 7.6049652744550258, "dT_local": 1.2410343981755432, "dT_census": 0.20491732881055214, "dK_godutch": 6.712753128828199, "dT_pct_pts": 0.0087881517676813656, "dT_per_M": 1.3423411776804275, "health_M_low": 0.0072873137628278782, "health_M_high": 0.015686352779863872, "crashes": 2, "crashes_serious": 1, "plan": "Planned (WCC)", "facility_now": "mixed", "max_adt": 7300.0, "speed": 50.0, "one_way_share": 0.0, "gap_rank": 79, "rank_median": 121.0, "rank_p10": 113.0, "rank_p90": 128.0, "top10_share": 0.0, "robust_top10": false, "rank_tol150": 106.0, "rank_tol400": 60.0, "build_step": null }, "geometry": { "type": "MultiLineString", "coordinates": [ [ [ 174.7570638, -41.3309142 ], [ 174.7569873, -41.3312688 ], [ 174.7570337, -41.3315008 ] ], [ [ 174.7570337, -41.3315008 ], [ 174.7574387, -41.3321582 ], [ 174.7575654, -41.3325326 ], [ 174.757579, -41.3329375 ], [ 174.7574596, -41.3333504 ] ], [ [ 174.7574596, -41.3333504 ], [ 174.7573812, -41.33378840000001 ] ], [ [ 174.7573812, -41.33378840000001 ], [ 174.7574067, -41.3340477 ], [ 174.7579216, -41.3352776 ], [ 174.7592597, -41.3374538 ] ], [ [ 174.7592597, -41.3374538 ], [ 174.7597446, -41.3383868 ], [ 174.759940199999988, -41.338959399999986 ] ], [ [ 174.759940199999988, -41.338959399999986 ], [ 174.759965200000011, -41.3390464 ] ], [ [ 174.759965200000011, -41.3390464 ], [ 174.760149, -41.3397201 ], [ 174.760185400000012, -41.3416529 ] ], [ [ 174.760185400000012, -41.3416529 ], [ 174.760199199999988, -41.3425172 ], [ 174.7598758, -41.3433807 ] ], [ [ 174.7597848, -41.3435597 ], [ 174.7593221, -41.3443921 ] ], [ [ 174.758990900000015, -41.3237504 ], [ 174.7585518, -41.3260688 ], [ 174.7581989, -41.3275894 ] ], [ [ 174.7581989, -41.3275894 ], [ 174.7581878, -41.3276844 ] ], [ [ 174.7581878, -41.3276844 ], [ 174.758156500000013, -41.3281656 ] ], [ [ 174.758156500000013, -41.3281656 ], [ 174.758071199999989, -41.3287187 ], [ 174.7570638, -41.3309142 ] ], [ [ 174.7598519, -41.3434343 ], [ 174.7597848, -41.3435597 ] ], [ [ 174.7598758, -41.3433807 ], [ 174.7598519, -41.3434343 ] ] ] } },
{ "type": "Feature", "properties": { "rank": 121, "type": "crossing", "name": "Broadway at The Quadrant", "where": "Miramar", "treatment": "Signalised crossing", "length_m": 0.0, "filled_m": null, "cost_low": 0.5, "cost": 0.8, "cost_high": 1.5, "dT_godutch": 1.0454077620524913, "dT_ebike": 1.1292474311776459, "dT_local": 0.14093991182744503, "dT_census": 0.11519740635412745, "dK_godutch": 2.3348019123421535, "dT_pct_pts": 0.0017965838610131371, "dT_per_M": 1.3067597025656141, "health_M_low": 0.00021692252327241415, "health_M_high": 0.0048672563757535354, "crashes": 2, "crashes_serious": 0, "plan": "Not in plan", "facility_now": "unsignalised", "max_adt": 12659.0, "speed": 50.0, "one_way_share": 0.0, "gap_rank": 61, "rank_median": 124.0, "rank_p10": 113.0, "rank_p90": 135.0, "top10_share": 0.0, "robust_top10": false, "rank_tol150": 131.0, "rank_tol400": 26.0, "build_step": null }, "geometry": { "type": "Point", "coordinates": [ 174.818009800000027, -41.32513440000001 ] } },
{ "type": "Feature", "properties": { "rank": 122, "type": "corridor", "name": "Box Hill", "where": "Khandallah", "treatment": "Protected lane", "length_m": 475.89502218274106, "filled_m": 0.0, "cost_low": 0.35692126663705581, "cost": 0.76143203549238569, "cost_high": 1.6180430754213195, "dT_godutch": 0.91860440094023943, "dT_ebike": 1.1041872384957969, "dT_local": 0.048464098537806422, "dT_census": 0.029629138414748013, "dK_godutch": 0.39022460876239973, "dT_pct_pts": 0.0015786661447248838, "dT_per_M": 1.206416801660068, "health_M_low": 3.4478686048962422e-05, "health_M_high": 0.00090399430604485426, "crashes": 0, "crashes_serious": 0, "plan": "Planned (WCC)", "facility_now": "mixed", "max_adt": 12029.0, "speed": 50.0, "one_way_share": 0.0, "gap_rank": 150, "rank_median": 127.0, "rank_p10": 116.0, "rank_p90": 139.0, "top10_share": 0.0, "robust_top10": false, "rank_tol150": 120.0, "rank_tol400": 58.0, "build_step": null }, "geometry": { "type": "MultiLineString", "coordinates": [ [ [ 174.7897863, -41.245891899999982 ], [ 174.789848799999987, -41.2458152 ] ], [ [ 174.7898966, -41.2457564 ], [ 174.790029299999986, -41.2455895 ] ], [ [ 174.790029299999986, -41.2455895 ], [ 174.790728300000012, -41.2447551 ] ], [ [ 174.790728300000012, -41.2447551 ], [ 174.790941299999986, -41.2444965 ] ], [ [ 174.790941299999986, -41.2444965 ], [ 174.791262499999988, -41.2441061 ], [ 174.7915504, -41.2435625 ] ], [ [ 174.7915504, -41.2435625 ], [ 174.791921400000035, -41.2428584 ] ], [ [ 174.789848799999987, -41.2458152 ], [ 174.7898966, -41.2457564 ] ], [ [ 174.791921400000035, -41.2428584 ], [ 174.792376100000013, -41.24209470000001 ] ] ] } },
{ "type": "Feature", "properties": { "rank": 123, "type": "corridor", "name": "Moa Point Road", "where": "Moa Point", "treatment": "Protected lane", "length_m": 1926.2635815467822, "filled_m": 429.80318864072729, "cost_low": 1.4446976861600866, "cost": 3.0820217304748518, "cost_high": 6.5492961772590599, "dT_godutch": 3.0193592628929764, "dT_ebike": 3.1497439516242594, "dT_local": 0.32699193965527229, "dT_census": 0.27958222253073473, "dK_godutch": 7.2370302843901531, "dT_pct_pts": 0.0051889151001364674, "dT_per_M": 0.97966838878445517, "health_M_low": 0.00030479673902339611, "health_M_high": 0.016043894357943057, "crashes": 0, "crashes_serious": 0, "plan": "Planned (WCC)", "facility_now": "mixed", "max_adt": 4061.0, "speed": 50.0, "one_way_share": 0.0, "gap_rank": 125, "rank_median": 126.0, "rank_p10": 116.0, "rank_p90": 135.0, "top10_share": 0.0, "robust_top10": false, "rank_tol150": 121.0, "rank_tol400": 61.0, "build_step": null }, "geometry": { "type": "MultiLineString", "coordinates": [ [ [ 174.8189294, -41.3417023 ], [ 174.8185604, -41.3417856 ], [ 174.818167300000027, -41.3419857 ], [ 174.817918, -41.3422628 ], [ 174.8176565, -41.3429199 ], [ 174.8174981, -41.3431286 ], [ 174.8172343, -41.3433098 ], [ 174.816863500000011, -41.3433632 ], [ 174.816443600000014, -41.3432919 ], [ 174.8162165, -41.3431528 ], [ 174.8159296, -41.3428731 ], [ 174.81565710000001, -41.3424376 ], [ 174.8154352, -41.3422679 ], [ 174.815192599999989, -41.3421636 ], [ 174.8146894, -41.3420785 ], [ 174.813328200000029, -41.3421552 ], [ 174.8129571, -41.3421309 ], [ 174.8124252, -41.3419501 ], [ 174.8113123, -41.3414377 ] ], [ [ 174.8113123, -41.3414377 ], [ 174.8110533, -41.3412672 ], [ 174.8108736, -41.3410157 ] ], [ [ 174.8108736, -41.3410157 ], [ 174.8108048, -41.3407958 ], [ 174.810814, -41.3404472 ], [ 174.8113664, -41.3384312 ], [ 174.8113418, -41.3382198 ], [ 174.8112272, -41.338041 ] ], [ [ 174.8112272, -41.338041 ], [ 174.8100724, -41.3367956 ] ], [ [ 174.8091967, -41.336145 ], [ 174.8088558, -41.3359411 ] ], [ [ 174.8100724, -41.3367956 ], [ 174.8098062, -41.3365492 ], [ 174.8091967, -41.336145 ] ], [ [ 174.8088558, -41.3359411 ], [ 174.808460200000013, -41.3358137 ], [ 174.808103100000011, -41.3358052 ], [ 174.8078615, -41.3358571 ], [ 174.8072511, -41.3361208 ] ], [ [ 174.821176799999989, -41.3427572 ], [ 174.82092320000001, -41.3427774 ], [ 174.8207191, -41.3427147 ], [ 174.8204749, -41.342485399999987 ], [ 174.8200036, -41.3418954 ], [ 174.819697, -41.3417315 ], [ 174.8192765, -41.3416603 ] ], [ [ 174.819228, -41.3416609 ], [ 174.8189294, -41.3417023 ] ], [ [ 174.8192765, -41.3416603 ], [ 174.819228, -41.3416609 ] ] ] } },
{ "type": "Feature", "properties": { "rank": 124, "type": "crossing", "name": "Braithwaite Street at Birdwood Street, Braithwaite Street", "where": "Karori", "treatment": "Raised zebra / refuge", "length_m": 0.0, "filled_m": null, "cost_low": 0.15, "cost": 0.25, "cost_high": 0.4, "dT_godutch": 0.2064561748993583, "dT_ebike": 0.45599999534897506, "dT_local": 0.16788216232089326, "dT_census": 0.16788216232089326, "dK_godutch": 0.2801064478850076, "dT_pct_pts": 0.00035480493382071191, "dT_per_M": 0.82582469959743321, "health_M_low": 0.0, "health_M_high": 0.0001643770445895668, "crashes": 1, "crashes_serious": 0, "plan": "Planned (WCC)", "facility_now": "unsignalised", "max_adt": 4698.0, "speed": 50.0, "one_way_share": 0.0, "gap_rank": 22, "rank_median": 112.0, "rank_p10": 89.0, "rank_p90": 125.0, "top10_share": 0.0, "robust_top10": false, "rank_tol150": 58.0, "rank_tol400": 33.0, "build_step": null }, "geometry": { "type": "Point", "coordinates": [ 174.750398600000011, -41.2836554 ] } },
{ "type": "Feature", "properties": { "rank": 125, "type": "crossing", "name": "Grant Road at Park Street, Grant Road", "where": "Thorndon", "treatment": "Raised zebra / refuge", "length_m": 0.0, "filled_m": null, "cost_low": 0.15, "cost": 0.25, "cost_high": 0.4, "dT_godutch": 0.2015598702942043, "dT_ebike": 0.43022545119856659, "dT_local": 0.11692442436424244, "dT_census": 0.017006117668984189, "dK_godutch": 0.9240645683940879, "dT_pct_pts": 0.00034639039726231362, "dT_per_M": 0.80623948117681721, "health_M_low": 0.0011620403403093283, "health_M_high": 0.0021690665742908712, "crashes": 0, "crashes_serious": 0, "plan": "Planned (WCC)", "facility_now": "unsignalised", "max_adt": 5912.0, "speed": 50.0, "one_way_share": 0.0, "gap_rank": 17, "rank_median": 119.0, "rank_p10": 107.9, "rank_p90": 128.0, "top10_share": 0.0, "robust_top10": false, "rank_tol150": 186.0, "rank_tol400": 170.0, "build_step": null }, "geometry": { "type": "Point", "coordinates": [ 174.7764894, -41.2709122 ] } },
{ "type": "Feature", "properties": { "rank": 126, "type": "corridor", "name": "Nicholson Road", "where": "Khandallah", "treatment": "Protected lane", "length_m": 259.57423811845382, "filled_m": 0.0, "cost_low": 0.19468067858884036, "cost": 0.41531878098952613, "cost_high": 0.88255240960274295, "dT_godutch": 0.31515658344142139, "dT_ebike": 0.75679052551276982, "dT_local": 0.20480147149646655, "dT_census": 0.17976152685878333, "dK_godutch": 0.37311558455934379, "dT_pct_pts": 0.00054161184951529741, "dT_per_M": 0.75883056068530952, "health_M_low": 0.00012951452212262777, "health_M_high": 0.00035851316027766893, "crashes": 1, "crashes_serious": 1, "plan": "Not in plan", "facility_now": "mixed", "max_adt": 4040.0, "speed": 50.0, "one_way_share": 0.0, "gap_rank": 134, "rank_median": 118.0, "rank_p10": 101.0, "rank_p90": 129.0, "top10_share": 0.0, "robust_top10": false, "rank_tol150": 115.0, "rank_tol400": 144.0, "build_step": null }, "geometry": { "type": "MultiLineString", "coordinates": [ [ [ 174.7897428, -41.2478106 ], [ 174.790189199999986, -41.2480816 ] ], [ [ 174.789898400000027, -41.2464127 ], [ 174.789611400000013, -41.2473678 ], [ 174.7897428, -41.2478106 ] ], [ [ 174.7897951, -41.2459629 ], [ 174.7899031, -41.2462251 ] ], [ [ 174.7899031, -41.2462251 ], [ 174.789898400000027, -41.2464127 ] ] ] } },
{ "type": "Feature", "properties": { "rank": 127, "type": "corridor", "name": "Salamanca Road", "where": "Kelburn, Wellington Central", "treatment": "Protected lane", "length_m": 1043.0906379294524, "filled_m": 295.65173448778432, "cost_low": 0.78231797844708928, "cost": 1.6689450206871241, "cost_high": 3.5465081689601385, "dT_godutch": 1.1603547448758036, "dT_ebike": 2.5798147969180718, "dT_local": 0.43965219940582756, "dT_census": 0.0251208279732964, "dK_godutch": 1.0779760959792335, "dT_pct_pts": 0.0019941258170887879, "dT_per_M": 0.69526241457497029, "health_M_low": 0.00099558275617744841, "health_M_high": 0.0025852384136288461, "crashes": 3, "crashes_serious": 1, "plan": "Planned (WCC)", "facility_now": "mixed", "max_adt": 12111.0, "speed": 50.0, "one_way_share": 0.0, "gap_rank": 96, "rank_median": 126.0, "rank_p10": 116.0, "rank_p90": 136.0, "top10_share": 0.0, "robust_top10": false, "rank_tol150": 75.0, "rank_tol400": 37.0, "build_step": null }, "geometry": { "type": "MultiLineString", "coordinates": [ [ [ 174.7708384, -41.2814122 ], [ 174.7708226, -41.2815029 ], [ 174.7710162, -41.2819742 ], [ 174.770784, -41.2823104 ] ], [ [ 174.770784, -41.2823104 ], [ 174.769759099999987, -41.2830525 ] ], [ [ 174.769759099999987, -41.2830525 ], [ 174.7695717, -41.2833346 ], [ 174.7695527, -41.2837416 ], [ 174.7693866, -41.2841863 ] ], [ [ 174.7693866, -41.2841863 ], [ 174.769365099999987, -41.2844434 ], [ 174.769454, -41.2847063 ], [ 174.7693453, -41.2852538 ], [ 174.7691845, -41.2856229 ] ], [ [ 174.770439399999987, -41.2884865 ], [ 174.7706557, -41.2885541 ], [ 174.771081, -41.288784 ], [ 174.7712611, -41.2888092 ] ], [ [ 174.771499299999988, -41.288746099999983 ], [ 174.7716872, -41.2887121 ], [ 174.77201980000001, -41.288789199999989 ] ], [ [ 174.7690504, -41.2862903 ], [ 174.76911, -41.2867842 ] ], [ [ 174.76911, -41.2867842 ], [ 174.7692281, -41.2868077 ], [ 174.769280900000041, -41.286875 ], [ 174.7693611, -41.2875838 ], [ 174.7695572, -41.2880305 ] ], [ [ 174.7691845, -41.2856229 ], [ 174.769082700000013, -41.2861056 ] ], [ [ 174.769082700000013, -41.2861056 ], [ 174.7690504, -41.2862903 ] ], [ [ 174.7712611, -41.2888092 ], [ 174.771499299999988, -41.288746099999983 ] ], [ [ 174.7695572, -41.2880305 ], [ 174.769903199999987, -41.2883351 ], [ 174.7701422, -41.2884347 ], [ 174.770439399999987, -41.2884865 ] ] ] } },
{ "type": "Feature", "properties": { "rank": 128, "type": "corridor", "name": "Halswater Drive", "where": "Churton Park", "treatment": "Protected lane", "length_m": 663.26676969589244, "filled_m": 19.674750304602611, "cost_low": 0.49745007727191931, "cost": 1.0612268315134279, "cost_high": 2.2551070169660341, "dT_godutch": 0.71330492538982071, "dT_ebike": 1.6317283840617165, "dT_local": 0.39549836833612062, "dT_census": 0.055260345718124881, "dK_godutch": 1.4414911359411402, "dT_pct_pts": 0.0012258490547463387, "dT_per_M": 0.6721512349744948, "health_M_low": 0.0021760851983361694, "health_M_high": 0.0032541277544546401, "crashes": 0, "crashes_serious": 0, "plan": "Not in plan", "facility_now": "mixed", "max_adt": 4800.0, "speed": 50.0, "one_way_share": 0.0, "gap_rank": 71, "rank_median": 125.0, "rank_p10": 113.0, "rank_p90": 134.0, "top10_share": 0.0, "robust_top10": false, "rank_tol150": 156.0, "rank_tol400": 98.0, "build_step": null }, "geometry": { "type": "MultiLineString", "coordinates": [ [ [ 174.8112308, -41.2075924 ], [ 174.8110926, -41.2073113 ] ], [ [ 174.8110926, -41.2073113 ], [ 174.8109039, -41.207143 ], [ 174.8105852, -41.2070411 ] ], [ [ 174.8105852, -41.2070411 ], [ 174.8099455, -41.2069668 ], [ 174.809591399999988, -41.2068562 ] ], [ [ 174.809591399999988, -41.2068562 ], [ 174.80910750000001, -41.2067319 ], [ 174.8086941, -41.2068392 ] ], [ [ 174.8086941, -41.2068392 ], [ 174.8079612, -41.2072134 ] ], [ [ 174.8079612, -41.2072134 ], [ 174.8076965, -41.2072808 ], [ 174.8072014, -41.2073019 ], [ 174.806218699999988, -41.2071904 ] ], [ [ 174.8113442, -41.2078972 ], [ 174.8112513, -41.2077491 ], [ 174.8112308, -41.2075924 ] ], [ [ 174.812071, -41.2077849 ], [ 174.8120173, -41.2078508 ], [ 174.8118842, -41.2078879 ] ], [ [ 174.811415300000021, -41.2078186 ], [ 174.811841300000026, -41.2077804 ] ], [ [ 174.8118842, -41.2078879 ], [ 174.8113717, -41.2079146 ] ], [ [ 174.8112308, -41.2075924 ], [ 174.811415300000021, -41.2078186 ] ], [ [ 174.811841300000026, -41.2077804 ], [ 174.812071, -41.2077849 ] ] ] } },
{ "type": "Feature", "properties": { "rank": 129, "type": "corridor", "name": "Mark Avenue", "where": "Grenada Village, Paparangi", "treatment": "Protected lane", "length_m": 2210.0465862499145, "filled_m": 0.0, "cost_low": 1.6575349396874357, "cost": 3.5360745379998635, "cost_high": 7.5141583932497085, "dT_godutch": 2.2463315476197749, "dT_ebike": 4.1838586961384863, "dT_local": 0.74192687583854422, "dT_census": 0.01482187383226119, "dK_godutch": 2.7495694112819491, "dT_pct_pts": 0.0038604295390105513, "dT_per_M": 0.63526136779073228, "health_M_low": 0.0025697515986009794, "health_M_high": 0.0067026443783335405, "crashes": 1, "crashes_serious": 0, "plan": "Planned (WCC)", "facility_now": "mixed", "max_adt": 3309.0, "speed": 50.0, "one_way_share": 0.0, "gap_rank": 27, "rank_median": 129.0, "rank_p10": 119.0, "rank_p90": 138.0, "top10_share": 0.0, "robust_top10": false, "rank_tol150": 83.0, "rank_tol400": 73.0, "build_step": null }, "geometry": { "type": "MultiLineString", "coordinates": [ [ [ 174.829543699999988, -41.200411699999982 ], [ 174.8291557, -41.2008351 ] ], [ [ 174.8291557, -41.2008351 ], [ 174.8289035, -41.2009946 ], [ 174.8282604, -41.2012734 ], [ 174.828016800000029, -41.2014394 ], [ 174.8277558, -41.201817399999989 ], [ 174.8277152, -41.2022557 ] ], [ [ 174.8277152, -41.2022557 ], [ 174.8276675, -41.2025412 ], [ 174.82744, -41.2028785 ], [ 174.8272567, -41.2030213 ], [ 174.8265274, -41.2033298 ], [ 174.8261925, -41.2035743 ], [ 174.8250758, -41.2050433 ] ], [ [ 174.8250758, -41.2050433 ], [ 174.8249255, -41.2052038 ], [ 174.8240252, -41.2058438 ] ], [ [ 174.8240252, -41.2058438 ], [ 174.8232413, -41.2063841 ] ], [ [ 174.8232413, -41.2063841 ], [ 174.822786200000024, -41.2066211 ], [ 174.822429, -41.2067442 ] ], [ [ 174.822429, -41.2067442 ], [ 174.8209464, -41.207259 ] ], [ [ 174.8209464, -41.207259 ], [ 174.8198815, -41.2076314 ] ], [ [ 174.8198815, -41.2076314 ], [ 174.8180779, -41.208263 ], [ 174.8176535, -41.208477 ], [ 174.8171576, -41.20884 ] ], [ [ 174.8171576, -41.20884 ], [ 174.816753, -41.209274 ], [ 174.8164572, -41.209792599999986 ], [ 174.816323899999986, -41.2102314 ], [ 174.8160723, -41.2116597 ] ], [ [ 174.8160723, -41.2116597 ], [ 174.8160449, -41.2120786 ], [ 174.8161274, -41.2122235 ], [ 174.816294, -41.212362 ] ], [ [ 174.816294, -41.212362 ], [ 174.816564699999986, -41.2124542 ], [ 174.817363300000011, -41.2123951 ], [ 174.8177203, -41.2124921 ], [ 174.817889900000011, -41.212640799999988 ], [ 174.817947299999986, -41.2127708 ], [ 174.817946400000011, -41.2134163 ] ], [ [ 174.817946400000011, -41.2134163 ], [ 174.8179381, -41.2139214 ] ], [ [ 174.8179381, -41.2139214 ], [ 174.8180433, -41.2142754 ] ] ] } },
{ "type": "Feature", "properties": { "rank": 130, "type": "crossing", "name": "Tauhinu Road at Byron Street", "where": "Miramar", "treatment": "Raised zebra / refuge", "length_m": 0.0, "filled_m": null, "cost_low": 0.15, "cost": 0.25, "cost_high": 0.4, "dT_godutch": 0.15766112320125103, "dT_ebike": 0.15805423865094781, "dT_local": 0.012072345241904259, "dT_census": 0.011815094156190753, "dK_godutch": 0.10391930678730074, "dT_pct_pts": 0.00027094827466791766, "dT_per_M": 0.63064449280500412, "health_M_low": 3.0476752447209346e-07, "health_M_high": 0.00023496784092120598, "crashes": 0, "crashes_serious": 0, "plan": "Not in plan", "facility_now": "unsignalised", "max_adt": 7970.0, "speed": 50.0, "one_way_share": 0.0, "gap_rank": 73, "rank_median": 134.0, "rank_p10": 122.0, "rank_p90": 145.0, "top10_share": 0.0, "robust_top10": false, "rank_tol150": 103.0, "rank_tol400": 223.0, "build_step": null }, "geometry": { "type": "Point", "coordinates": [ 174.8149593, -41.3132107 ] } },
{ "type": "Feature", "properties": { "rank": 131, "type": "corridor", "name": "Helston Road", "where": "Johnsonville, Paparangi", "treatment": "Protected lane", "length_m": 1312.0355394716419, "filled_m": 201.2723792396479, "cost_low": 0.98402665460373151, "cost": 2.0992568631546269, "cost_high": 4.4609208342035824, "dT_godutch": 1.1176439623814076, "dT_ebike": 2.0587795476894826, "dT_local": 0.30225438169873087, "dT_census": 0.045310248184250668, "dK_godutch": 1.256390768541169, "dT_pct_pts": 0.001920725269181988, "dT_per_M": 0.53239981347584342, "health_M_low": 0.00071934211109735331, "health_M_high": 0.0029553659886402879, "crashes": 1, "crashes_serious": 0, "plan": "Planned (WCC)", "facility_now": "mixed", "max_adt": 14060.0, "speed": 50.0, "one_way_share": 0.0, "gap_rank": 15, "rank_median": 131.0, "rank_p10": 123.0, "rank_p90": 136.0, "top10_share": 0.0, "robust_top10": false, "rank_tol150": 118.0, "rank_tol400": 62.0, "build_step": null }, "geometry": { "type": "MultiLineString", "coordinates": [ [ [ 174.807985100000025, -41.2206987 ], [ 174.8079186, -41.2207086 ], [ 174.8077685, -41.2206286 ] ], [ [ 174.8078336, -41.2205465 ], [ 174.807985100000025, -41.2206987 ] ], [ [ 174.8081731, -41.2208367 ], [ 174.8081566, -41.2208248 ] ], [ [ 174.8081566, -41.2208248 ], [ 174.807985100000025, -41.2206987 ] ], [ [ 174.8109689, -41.2216733 ], [ 174.8113396, -41.2217088 ] ], [ [ 174.8081731, -41.2208367 ], [ 174.8082334, -41.2208258 ] ], [ [ 174.8094925, -41.2214341 ], [ 174.8094082, -41.2214424 ] ], [ [ 174.813062300000013, -41.2191094 ], [ 174.8133755, -41.218492399999988 ] ], [ [ 174.8133755, -41.218492399999988 ], [ 174.8134064, -41.218322499999985 ], [ 174.813312900000028, -41.217838 ], [ 174.8136906, -41.2171182 ] ], [ [ 174.8136906, -41.2171182 ], [ 174.8137563, -41.2170231 ] ], [ [ 174.8137563, -41.2170231 ], [ 174.8139351, -41.2169165 ], [ 174.8142244, -41.2169097 ] ], [ [ 174.8142244, -41.2169097 ], [ 174.8147298, -41.2170982 ], [ 174.815034200000014, -41.2170789 ], [ 174.8152299, -41.21690790000001 ], [ 174.815429200000011, -41.2164661 ], [ 174.8156697, -41.2162486 ] ], [ [ 174.8094925, -41.2214341 ], [ 174.809598599999987, -41.221464399999988 ] ], [ [ 174.809598599999987, -41.221464399999988 ], [ 174.8096855, -41.221488900000011 ] ], [ [ 174.8096855, -41.221488900000011 ], [ 174.810296599999987, -41.2215718 ] ], [ [ 174.810296599999987, -41.2215718 ], [ 174.8109689, -41.2216733 ] ], [ [ 174.8113396, -41.2217088 ], [ 174.8116013, -41.2216145 ] ], [ [ 174.8081727, -41.220875 ], [ 174.8081731, -41.2208367 ] ], [ [ 174.8085514, -41.2211229 ], [ 174.8081727, -41.220875 ] ], [ [ 174.808593300000013, -41.2210641 ], [ 174.8087678, -41.2211545 ] ], [ [ 174.8087678, -41.2211545 ], [ 174.808960500000012, -41.2212285 ] ], [ [ 174.8082334, -41.2208258 ], [ 174.808593300000013, -41.2210641 ] ], [ [ 174.8094562, -41.22138240000001 ], [ 174.8094925, -41.2214341 ] ], [ [ 174.808960500000012, -41.2212285 ], [ 174.8094562, -41.22138240000001 ] ], [ [ 174.808922200000012, -41.2212887 ], [ 174.8085514, -41.2211229 ] ], [ [ 174.8094082, -41.2214424 ], [ 174.808922200000012, -41.2212887 ] ], [ [ 174.8116013, -41.2216145 ], [ 174.8119327, -41.221001 ] ], [ [ 174.8119327, -41.221001 ], [ 174.8119695, -41.2209247 ] ], [ [ 174.8119695, -41.2209247 ], [ 174.8120348, -41.2206787 ], [ 174.8120007, -41.220488 ] ], [ [ 174.8120007, -41.220488 ], [ 174.811953800000026, -41.2202703 ], [ 174.8119888, -41.2200322 ], [ 174.812295, -41.2195707 ] ], [ [ 174.812295, -41.2195707 ], [ 174.812628900000021, -41.2194102 ] ], [ [ 174.812628900000021, -41.2194102 ], [ 174.812937, -41.2192619 ], [ 174.813062300000013, -41.2191094 ] ] ] } },
{ "type": "Feature", "properties": { "rank": 132, "type": "crossing", "name": "Abel Smith Street at Little Palmer Street", "where": "Aro Valley", "treatment": "Raised zebra / refuge", "length_m": 0.0, "filled_m": null, "cost_low": 0.15, "cost": 0.25, "cost_high": 0.4, "dT_godutch": 0.13105347938835621, "dT_ebike": 0.1785253023263067, "dT_local": 0.018910302955191582, "dT_census": 0.016961016866844147, "dK_godutch": 0.065768938470088606, "dT_pct_pts": 0.00022522175034980888, "dT_per_M": 0.52421391755342484, "health_M_low": 1.3900013145342755e-06, "health_M_high": 0.00013178220626861313, "crashes": 0, "crashes_serious": 0, "plan": "Not in plan", "facility_now": "unsignalised", "max_adt": 2780.0, "speed": 50.0, "one_way_share": 0.0, "gap_rank": 16, "rank_median": 132.0, "rank_p10": 120.0, "rank_p90": 140.0, "top10_share": 0.0, "robust_top10": false, "rank_tol150": 185.0, "rank_tol400": 169.0, "build_step": null }, "geometry": { "type": "Point", "coordinates": [ 174.7698498, -41.2948829 ] } },
{ "type": "Feature", "properties": { "rank": 133, "type": "corridor", "name": "The Esplanade", "where": "Houghton Bay, Island Bay", "treatment": "Protected lane", "length_m": 1885.8922141792627, "filled_m": 163.47182956867761, "cost_low": 1.4144191606344469, "cost": 3.0174275426868209, "cost_high": 6.4120335282094931, "dT_godutch": 1.2923884205520153, "dT_ebike": 1.4090962018817663, "dT_local": 0.25922831799834967, "dT_census": 0.25922831799834967, "dK_godutch": 2.677029316348666, "dT_pct_pts": 0.002221032082223458, "dT_per_M": 0.42830802140860302, "health_M_low": 0.0, "health_M_high": 0.0052167165066243412, "crashes": 2, "crashes_serious": 1, "plan": "Planned (WCC)", "facility_now": "mixed", "max_adt": 6570.0, "speed": 50.0, "one_way_share": 0.0, "gap_rank": 53, "rank_median": 133.0, "rank_p10": 119.0, "rank_p90": 140.0, "top10_share": 0.0, "robust_top10": false, "rank_tol150": 119.0, "rank_tol400": 44.0, "build_step": null }, "geometry": { "type": "MultiLineString", "coordinates": [ [ [ 174.7847863, -41.3416655 ], [ 174.7849971, -41.341544 ], [ 174.7851736, -41.341505 ] ], [ [ 174.788717600000012, -41.3448614 ], [ 174.788492100000013, -41.3445254 ], [ 174.788449899999989, -41.3441316 ], [ 174.788275199999987, -41.343752 ], [ 174.7881154, -41.3436357 ], [ 174.7877526, -41.3435552 ], [ 174.7875486, -41.34345960000001 ], [ 174.787472800000018, -41.3433388 ], [ 174.7875024, -41.3430046 ], [ 174.787403700000027, -41.342855900000011 ] ], [ [ 174.787403700000027, -41.342855900000011 ], [ 174.7869404, -41.3427151 ], [ 174.7865736, -41.3424085 ], [ 174.7855384, -41.3418491 ], [ 174.7852657, -41.3415813 ] ], [ [ 174.7851837, -41.3415887 ], [ 174.7847863, -41.3416655 ] ], [ [ 174.7847863, -41.3416655 ], [ 174.784654499999988, -41.3417454 ] ], [ [ 174.784654499999988, -41.3417454 ], [ 174.7836681, -41.3423848 ], [ 174.7835729, -41.3428117 ], [ 174.7834571, -41.3429515 ], [ 174.78327010000001, -41.3430432 ], [ 174.78247, -41.343251499999987 ], [ 174.7816066, -41.34390530000001 ], [ 174.780553, -41.3444394 ], [ 174.7796035, -41.3450599 ], [ 174.7786403, -41.3452761 ], [ 174.77833480000001, -41.345289099999988 ], [ 174.7776847, -41.3451133 ], [ 174.7765999, -41.3446598 ] ], [ [ 174.7765999, -41.3446598 ], [ 174.7750548, -41.344081599999988 ] ], [ [ 174.7750548, -41.344081599999988 ], [ 174.774818900000014, -41.3439572 ], [ 174.7740044, -41.343075099999986 ] ], [ [ 174.7740044, -41.343075099999986 ], [ 174.7737434, -41.342966 ] ], [ [ 174.7737434, -41.342966 ], [ 174.7733733, -41.3430063 ] ], [ [ 174.7733733, -41.3430063 ], [ 174.772357699999986, -41.3434319 ] ] ] } },
{ "type": "Feature", "properties": { "rank": 134, "type": "corridor", "name": "Brooklyn Road", "where": "Mt Cook, Brooklyn, Aro Valley", "treatment": "Protected lane", "length_m": 1306.5331137003479, "filled_m": 0.0, "cost_low": 0.62679490556515982, "cost": 1.3371624652056742, "cost_high": 2.8414702385620578, "dT_godutch": 0.55680713039328111, "dT_ebike": 1.0075841241487069, "dT_local": 0.28726458421442658, "dT_census": 0.12918619203446724, "dK_godutch": 1.6919967949124262, "dT_pct_pts": 0.00095690001593022177, "dT_per_M": 0.41640948267840922, "health_M_low": 0.0011378454881004313, "health_M_high": 0.0031510275852641213, "crashes": 9, "crashes_serious": 3, "plan": "Planned (WCC)", "facility_now": "mixed", "max_adt": 14898.0, "speed": 50.0, "one_way_share": 0.90086995884357779, "gap_rank": 108, "rank_median": 130.0, "rank_p10": 117.0, "rank_p90": 141.0, "top10_share": 0.0, "robust_top10": false, "rank_tol150": 126.0, "rank_tol400": 51.0, "build_step": null }, "geometry": { "type": "MultiLineString", "coordinates": [ [ [ 174.7696302, -41.2973158 ], [ 174.7694065, -41.2974247 ], [ 174.7688604, -41.297907 ], [ 174.7687225, -41.2981695 ], [ 174.768665, -41.2984897 ] ], [ [ 174.768665, -41.2984897 ], [ 174.7684918, -41.299866 ], [ 174.7685777, -41.3001891 ] ], [ [ 174.7685777, -41.3001891 ], [ 174.7692724, -41.3007975 ], [ 174.7694502, -41.3011865 ] ], [ [ 174.7694502, -41.3011865 ], [ 174.7696957, -41.3023085 ], [ 174.769320099999987, -41.303046 ] ], [ [ 174.7691097, -41.3033329 ], [ 174.768818700000026, -41.3034422 ], [ 174.76855230000001, -41.30342310000001 ], [ 174.768389, -41.3033573 ], [ 174.768168800000012, -41.3031682 ], [ 174.7678708, -41.302648 ], [ 174.7677942, -41.3025766 ], [ 174.7674948, -41.3024622 ], [ 174.767000700000011, -41.3024627 ], [ 174.766322, -41.3026938 ] ], [ [ 174.7654193, -41.3027559 ], [ 174.764598799999987, -41.3027369 ] ], [ [ 174.7700539, -41.2972423 ], [ 174.7696302, -41.2973158 ] ], [ [ 174.7704474, -41.296800899999987 ], [ 174.7701903, -41.2971668 ], [ 174.7700539, -41.2972423 ] ], [ [ 174.769320099999987, -41.303046 ], [ 174.7691097, -41.3033329 ] ], [ [ 174.766322, -41.3026938 ], [ 174.76585510000001, -41.3027661 ], [ 174.7654193, -41.3027559 ] ], [ [ 174.764598799999987, -41.3027369 ], [ 174.7642813, -41.3027846 ] ] ] } },
{ "type": "Feature", "properties": { "rank": 135, "type": "corridor", "name": "Takapu Road", "where": "Tawa, Grenada North, Takapu Valley", "treatment": "Protected lane", "length_m": 5973.4844328717199, "filled_m": 181.13447042139344, "cost_low": 4.4801133246537903, "cost": 9.5575750925947531, "cost_high": 20.309847071763848, "dT_godutch": 3.8530200123786926, "dT_ebike": 6.2032073140144348, "dT_local": 1.787682831287384, "dT_census": 0.0, "dK_godutch": 20.830194758259438, "dT_pct_pts": 0.0066216014665984669, "dT_per_M": 0.40313782262239589, "health_M_low": 0.023694275068296192, "health_M_high": 0.051033977157735624, "crashes": 3, "crashes_serious": 0, "plan": "Not in plan", "facility_now": "mixed", "max_adt": 17549.0, "speed": 60.0, "one_way_share": 0.0, "gap_rank": 2, "rank_median": 134.0, "rank_p10": 123.0, "rank_p90": 140.0, "top10_share": 0.0, "robust_top10": false, "rank_tol150": 111.0, "rank_tol400": 54.0, "build_step": null }, "geometry": { "type": "MultiLineString", "coordinates": [ [ [ 174.8695941, -41.155851 ], [ 174.8690782, -41.1558681 ], [ 174.86867330000004, -41.1561138 ], [ 174.868355400000013, -41.1561805 ], [ 174.8678975, -41.156443 ], [ 174.8675174, -41.1571934 ], [ 174.8672506, -41.1575011 ], [ 174.867182, -41.1578242 ], [ 174.8667481, -41.1581262 ], [ 174.8665382, -41.158515599999987 ], [ 174.8662362, -41.1586841 ], [ 174.8657047, -41.159295 ], [ 174.8650705, -41.1594139 ], [ 174.864753, -41.1595819 ], [ 174.864521200000013, -41.1597759 ], [ 174.863551300000012, -41.1598662 ], [ 174.862976300000014, -41.1600216 ], [ 174.862653099999989, -41.1602208 ], [ 174.8624283, -41.1604761 ], [ 174.862082500000014, -41.1607433 ], [ 174.8620462, -41.1610523 ], [ 174.861941, -41.1611835 ], [ 174.861190599999986, -41.1613516 ], [ 174.860693200000014, -41.1615204 ], [ 174.8602884, -41.161531600000011 ], [ 174.8601271, -41.1616051 ], [ 174.859909499999986, -41.161854 ], [ 174.8594994, -41.1619113 ], [ 174.8593702, -41.1619673 ], [ 174.859028099999989, -41.1625285 ], [ 174.8583242, -41.16300660000001 ], [ 174.857792100000012, -41.1631165 ], [ 174.8577148, -41.1631682 ], [ 174.857457399999987, -41.1635882 ], [ 174.8568737, -41.163866 ], [ 174.856599, -41.1640922 ], [ 174.856365, -41.164404 ], [ 174.8563792, -41.1647401 ], [ 174.856274500000012, -41.1649003 ], [ 174.8561092, -41.1649781 ], [ 174.855742600000013, -41.1650326 ], [ 174.855223, -41.1653703 ], [ 174.8551506, -41.165773 ], [ 174.854817200000014, -41.166216 ], [ 174.853309200000012, -41.1669019 ], [ 174.8530948, -41.167044 ], [ 174.852784, -41.1674599 ], [ 174.852853399999987, -41.167809399999989 ], [ 174.852825700000011, -41.167911 ], [ 174.852713599999987, -41.1680355 ], [ 174.8523817, -41.1682176 ], [ 174.8523152, -41.1685058 ], [ 174.8520499, -41.1687134 ], [ 174.8520069, -41.1691516 ], [ 174.8513547, -41.1702788 ], [ 174.8512466, -41.1703498 ], [ 174.8508898, -41.1704176 ], [ 174.85035270000003, -41.1707425 ], [ 174.850047, -41.1712291 ], [ 174.84965840000001, -41.1716065 ], [ 174.8495634, -41.1720606 ], [ 174.8492666, -41.1724143 ], [ 174.8492441, -41.1728295 ], [ 174.849067600000041, -41.1734719 ], [ 174.848767400000014, -41.173966 ], [ 174.8485545, -41.1741776 ], [ 174.848374, -41.1747359 ], [ 174.8480657, -41.1750019 ], [ 174.8480968, -41.1754109 ], [ 174.8480358, -41.175588 ], [ 174.8474711, -41.1760425 ], [ 174.8470929, -41.1762657 ], [ 174.8465483, -41.1764613 ], [ 174.8457914, -41.1765882 ], [ 174.845569399999988, -41.1767008 ], [ 174.8453897, -41.1772539 ], [ 174.8456286, -41.1777484 ], [ 174.8455708, -41.1778742 ], [ 174.8451738, -41.1783077 ], [ 174.8452436, -41.178655 ], [ 174.8452007, -41.1788423 ], [ 174.8450977, -41.178894 ], [ 174.8439991, -41.1790167 ], [ 174.843381099999988, -41.1791524 ], [ 174.8432009, -41.1791459 ], [ 174.842548600000015, -41.1789651 ], [ 174.8418619, -41.178952099999989 ], [ 174.841578700000014, -41.179094299999988 ], [ 174.841174599999988, -41.1795232 ], [ 174.8408949, -41.1796386 ], [ 174.8406076, -41.179525399999989 ], [ 174.84033070000001, -41.1791431 ], [ 174.8401797, -41.1790563 ], [ 174.839560299999988, -41.1788358 ], [ 174.838714399999986, -41.178708 ] ], [ [ 174.838714399999986, -41.178708 ], [ 174.8384518, -41.1787462 ], [ 174.83823240000001, -41.1788475 ], [ 174.8371843, -41.1796431 ], [ 174.8367543, -41.1798542 ] ], [ [ 174.8367543, -41.1798542 ], [ 174.836413, -41.1800209 ] ], [ [ 174.8326113, -41.1845287 ], [ 174.8330542, -41.1847293 ] ], [ [ 174.832537, -41.1855142 ], [ 174.832141299999989, -41.185534 ] ], [ [ 174.83560140000003, -41.1807574 ], [ 174.835541100000029, -41.1808239 ] ], [ [ 174.835541100000029, -41.1808239 ], [ 174.83534130000001, -41.1810517 ] ], [ [ 174.83534130000001, -41.1810517 ], [ 174.8350666, -41.1813246 ] ], [ [ 174.8283183, -41.1856088 ], [ 174.8280832, -41.1856577 ] ], [ [ 174.828737499999988, -41.1854932 ], [ 174.8283183, -41.1856088 ] ], [ [ 174.8296995, -41.1855728 ], [ 174.8292753, -41.1854504 ] ], [ [ 174.8330542, -41.1847293 ], [ 174.833281699999986, -41.1849085 ], [ 174.833315, -41.1850082 ], [ 174.8332675, -41.185210499999982 ], [ 174.8331272, -41.1853686 ], [ 174.833003, -41.1854319 ], [ 174.832537, -41.1855142 ] ], [ [ 174.8292753, -41.1854504 ], [ 174.829705, -41.1854434 ] ], [ [ 174.832141299999989, -41.185534 ], [ 174.831482, -41.1856048 ] ], [ [ 174.8314943, -41.1854409 ], [ 174.832141299999989, -41.185534 ] ], [ [ 174.8292753, -41.1854504 ], [ 174.828737499999988, -41.1854932 ] ], [ [ 174.830602699999986, -41.1854862 ], [ 174.831221699999986, -41.1854629 ] ], [ [ 174.8308696, -41.1855679 ], [ 174.830188, -41.1855327 ], [ 174.8299059, -41.1855647 ] ], [ [ 174.8350666, -41.1813246 ], [ 174.833911, -41.1820895 ], [ 174.8335347, -41.1824609 ] ], [ [ 174.8335347, -41.1824609 ], [ 174.8333929, -41.182754499999987 ] ], [ [ 174.8333929, -41.182754499999987 ], [ 174.833088, -41.1834434 ] ], [ [ 174.836413, -41.1800209 ], [ 174.8362046, -41.1801683 ] ], [ [ 174.8362046, -41.1801683 ], [ 174.835769, -41.1805772 ] ], [ [ 174.835769, -41.1805772 ], [ 174.835679, -41.180677 ] ], [ [ 174.835679, -41.180677 ], [ 174.83560140000003, -41.1807574 ] ], [ [ 174.8312948, -41.1856274 ], [ 174.8308696, -41.1855679 ] ], [ [ 174.8298619, -41.1854256 ], [ 174.830602699999986, -41.1854862 ] ], [ [ 174.833088, -41.1834434 ], [ 174.8326113, -41.1845287 ] ], [ [ 174.871013299999987, -41.1562211 ], [ 174.8702356, -41.1559471 ], [ 174.8695941, -41.155851 ] ] ] } },
{ "type": "Feature", "properties": { "rank": 136, "type": "corridor", "name": "Broadway", "where": "Strathmore Park, Miramar", "treatment": "Protected lane", "length_m": 931.02529265523037, "filled_m": 129.47211851792025, "cost_low": 0.69826896949142281, "cost": 1.4896404682483688, "cost_high": 3.1654859950277832, "dT_godutch": 0.49278223569490365, "dT_ebike": 0.81804685954921297, "dT_local": 0.14695097430376336, "dT_census": 0.097453252645209432, "dK_godutch": 0.92926855734379366, "dT_pct_pts": 0.00084687013410465056, "dT_per_M": 0.33080615504112482, "health_M_low": 0.00036749301771346696, "health_M_high": 0.0018911983225410314, "crashes": 6, "crashes_serious": 2, "plan": "Planned (WCC)", "facility_now": "mixed", "max_adt": 12659.0, "speed": 50.0, "one_way_share": 0.0, "gap_rank": 9, "rank_median": 128.0, "rank_p10": 117.0, "rank_p90": 138.0, "top10_share": 0.0, "robust_top10": false, "rank_tol150": 18.0, "rank_tol400": 8.0, "build_step": null }, "geometry": { "type": "MultiLineString", "coordinates": [ [ [ 174.820368800000011, -41.3245633 ], [ 174.8214018, -41.324352 ] ], [ [ 174.8214018, -41.324352 ], [ 174.821673, -41.3242974 ] ], [ [ 174.8164648, -41.3251874 ], [ 174.818009800000027, -41.32513440000001 ] ], [ [ 174.8219841, -41.3242219 ], [ 174.8224976, -41.3241043 ] ], [ [ 174.8224976, -41.3241043 ], [ 174.8231112, -41.323984 ] ], [ [ 174.8231112, -41.323984 ], [ 174.82361370000001, -41.3239522 ], [ 174.8249423, -41.3242797 ], [ 174.82572110000001, -41.3243809 ] ], [ [ 174.82572110000001, -41.3243809 ], [ 174.8268142, -41.3245097 ], [ 174.8269947, -41.324496899999986 ], [ 174.82718730000002, -41.3244166 ] ], [ [ 174.818009800000027, -41.32513440000001 ], [ 174.8185018, -41.3250991 ], [ 174.8193106, -41.3248586 ] ], [ [ 174.8193106, -41.3248586 ], [ 174.820164799999986, -41.32460660000001 ] ], [ [ 174.821673, -41.3242974 ], [ 174.8219841, -41.3242219 ] ], [ [ 174.82718730000002, -41.3244166 ], [ 174.8273541, -41.3242872 ] ] ] } },
{ "type": "Feature", "properties": { "rank": 137, "type": "corridor", "name": "Chaytor Street", "where": "Kelburn, Northland, Karori", "treatment": "Protected lane", "length_m": 380.43365793082677, "filled_m": 0.0, "cost_low": 0.27091221515070912, "cost": 0.57794605898817941, "cost_high": 1.2281353753498812, "dT_godutch": 0.16913910023868084, "dT_ebike": 0.23947331169620156, "dT_local": 0.040938567253760993, "dT_census": 0.040938567253760993, "dK_godutch": 0.30404097705850658, "dT_pct_pts": 0.00029067373400642441, "dT_per_M": 0.29265551275632146, "health_M_low": 0.0, "health_M_high": 0.00056769031029715888, "crashes": 11, "crashes_serious": 2, "plan": "Unfunded (ex-LGWM)", "facility_now": "painted_lane", "max_adt": 18846.0, "speed": 50.0, "one_way_share": 0.12628595461123029, "gap_rank": 37, "rank_median": 136.0, "rank_p10": 121.0, "rank_p90": 140.0, "top10_share": 0.0, "robust_top10": false, "rank_tol150": 48.0, "rank_tol400": 45.0, "build_step": null }, "geometry": { "type": "MultiLineString", "coordinates": [ [ [ 174.75516970000001, -41.2873326 ], [ 174.7548937, -41.2872572 ] ], [ [ 174.7541007, -41.2847592 ], [ 174.7535512, -41.2846378 ] ], [ [ 174.754683199999988, -41.2868281 ], [ 174.7546752, -41.2866998 ] ], [ [ 174.7521803, -41.282743 ], [ 174.7523785, -41.282442 ], [ 174.752505899999989, -41.2817003 ], [ 174.752379600000012, -41.2815687 ], [ 174.75177690000001, -41.2813729 ], [ 174.751388600000013, -41.2810909 ] ], [ [ 174.7547463, -41.2871517 ], [ 174.754683199999988, -41.2868281 ] ], [ [ 174.7548937, -41.2872572 ], [ 174.7547463, -41.2871517 ] ] ] } },
{ "type": "Feature", "properties": { "rank": 138, "type": "crossing", "name": "Cashmere Avenue at Delhi Crescent", "where": "Khandallah", "treatment": "Raised zebra / refuge", "length_m": 0.0, "filled_m": null, "cost_low": 0.15, "cost": 0.25, "cost_high": 0.4, "dT_godutch": 0.069899902679026127, "dT_ebike": 0.15639161691069603, "dT_local": 0.032455916749313474, "dT_census": 0.032356339273974299, "dK_godutch": 0.092019481788785829, "dT_pct_pts": 0.00012012636752664719, "dT_per_M": 0.27959961071610451, "health_M_low": 4.139495203737215e-07, "health_M_high": 0.00012377788801638931, "crashes": 0, "crashes_serious": 0, "plan": "Planned (WCC)", "facility_now": "unsignalised", "max_adt": 3860.0, "speed": 50.0, "one_way_share": 0.0, "gap_rank": 49, "rank_median": 131.0, "rank_p10": 112.0, "rank_p90": 137.0, "top10_share": 0.0, "robust_top10": false, "rank_tol150": 130.0, "rank_tol400": 201.0, "build_step": null }, "geometry": { "type": "Point", "coordinates": [ 174.793932399999989, -41.2441899 ] } },
{ "type": "Feature", "properties": { "rank": 139, "type": "corridor", "name": "Hungerford Road", "where": "Houghton Bay, Lyall Bay", "treatment": "Protected lane", "length_m": 682.14542331967857, "filled_m": 0.0, "cost_low": 0.51160906748975887, "cost": 1.0914326773114857, "cost_high": 2.319294439286907, "dT_godutch": 0.28024618932977319, "dT_ebike": 0.28758563753217459, "dT_local": 0.025822115130722523, "dT_census": 0.025822115130722523, "dK_godutch": 0.29260884266106424, "dT_pct_pts": 0.00048161664676354477, "dT_per_M": 0.25676910280907161, "health_M_low": 0.0, "health_M_high": 0.00066535825769916822, "crashes": 1, "crashes_serious": 0, "plan": "Not in plan", "facility_now": "mixed", "max_adt": 3404.0, "speed": 50.0, "one_way_share": 0.0, "gap_rank": 138, "rank_median": 139.0, "rank_p10": 130.0, "rank_p90": 143.0, "top10_share": 0.0, "robust_top10": false, "rank_tol150": 132.0, "rank_tol400": 147.0, "build_step": null }, "geometry": { "type": "MultiLineString", "coordinates": [ [ [ 174.7867215, -41.3388476 ], [ 174.7878677, -41.3387479 ], [ 174.7881078, -41.3386718 ], [ 174.7885944, -41.3384092 ], [ 174.7887436, -41.3383792 ], [ 174.789228400000013, -41.3384705 ], [ 174.7897463, -41.338683 ] ], [ [ 174.7897463, -41.338683 ], [ 174.7899035, -41.3388672 ], [ 174.789864600000016, -41.3391411 ], [ 174.789913899999988, -41.3393303 ], [ 174.7900631, -41.3394567 ], [ 174.7902761, -41.3394928 ], [ 174.7904567, -41.3394361 ], [ 174.79161160000001, -41.338695 ] ], [ [ 174.79161160000001, -41.338695 ], [ 174.7917429, -41.3385958 ] ], [ [ 174.7917429, -41.3385958 ], [ 174.79192470000001, -41.3382641 ] ], [ [ 174.7921186, -41.3381442 ], [ 174.79192470000001, -41.3382641 ] ], [ [ 174.79192470000001, -41.3382641 ], [ 174.7920115, -41.338036799999983 ] ], [ [ 174.792296599999986, -41.33803 ], [ 174.7921186, -41.3381442 ] ], [ [ 174.7920316, -41.3379949 ], [ 174.79227370000001, -41.3379315 ] ], [ [ 174.7920115, -41.338036799999983 ], [ 174.7920316, -41.3379949 ] ] ] } },
{ "type": "Feature", "properties": { "rank": 140, "type": "corridor", "name": "Main Road", "where": "Tawa", "treatment": "Protected lane", "length_m": 1638.1547661183022, "filled_m": 399.06360647169282, "cost_low": 1.2286160745887267, "cost": 2.6210476257892839, "cost_high": 5.5697262048022278, "dT_godutch": 0.58020061533898115, "dT_ebike": 0.98943589441478252, "dT_local": 0.11358613381162286, "dT_census": 0.0, "dK_godutch": 0.60923747445325116, "dT_pct_pts": 0.00099710285259539287, "dT_per_M": 0.22136210331709011, "health_M_low": 0.00031838600061567205, "health_M_high": 0.0014926318124104654, "crashes": 5, "crashes_serious": 1, "plan": "Not in plan", "facility_now": "mixed", "max_adt": 17488.0, "speed": 50.0, "one_way_share": 0.0, "gap_rank": 30, "rank_median": 140.0, "rank_p10": 133.0, "rank_p90": 143.0, "top10_share": 0.0, "robust_top10": false, "rank_tol150": 127.0, "rank_tol400": 50.0, "build_step": null }, "geometry": { "type": "MultiLineString", "coordinates": [ [ [ 174.8253745, -41.1675313 ], [ 174.8257189, -41.1668009 ] ], [ [ 174.8257189, -41.1668009 ], [ 174.8262616, -41.1661387 ], [ 174.8266419, -41.16541380000001 ] ], [ [ 174.8251114, -41.1791433 ], [ 174.8253713, -41.1776566 ] ], [ [ 174.8253713, -41.1776566 ], [ 174.8253857, -41.1775936 ] ], [ [ 174.8253857, -41.1775936 ], [ 174.8254139, -41.1774698 ] ], [ [ 174.8254139, -41.1774698 ], [ 174.8254799, -41.17719180000001 ] ], [ [ 174.8254799, -41.17719180000001 ], [ 174.82553820000004, -41.176909699999982 ] ], [ [ 174.82553820000004, -41.176909699999982 ], [ 174.8255998, -41.1764526 ] ], [ [ 174.8255998, -41.1764526 ], [ 174.8255139, -41.176152 ] ], [ [ 174.8255139, -41.176152 ], [ 174.8254043, -41.1760072 ] ], [ [ 174.8249681, -41.1754865 ], [ 174.824885599999988, -41.1753279 ] ], [ [ 174.824885599999988, -41.1753279 ], [ 174.8248259, -41.1750443 ] ], [ [ 174.8251574, -41.1755651 ], [ 174.825244, -41.1757441 ] ], [ [ 174.825244, -41.1757441 ], [ 174.8254043, -41.1760072 ] ], [ [ 174.8254043, -41.1760072 ], [ 174.825030199999986, -41.1756066 ] ], [ [ 174.8248259, -41.1750443 ], [ 174.8250869, -41.1754495 ] ], [ [ 174.8248259, -41.1750443 ], [ 174.824646800000011, -41.174508 ] ], [ [ 174.824646800000011, -41.174508 ], [ 174.8245018, -41.174074 ], [ 174.824549, -41.1735355 ] ], [ [ 174.824549, -41.1735355 ], [ 174.8245828, -41.1732984 ] ], [ [ 174.8245828, -41.1732984 ], [ 174.8247086, -41.1725663 ] ], [ [ 174.8247086, -41.1725663 ], [ 174.824734, -41.1722874 ] ], [ [ 174.82484, -41.1711467 ], [ 174.82486320000001, -41.170913 ] ], [ [ 174.82486320000001, -41.170913 ], [ 174.8249923, -41.1696847 ] ], [ [ 174.8249923, -41.1696847 ], [ 174.8250041, -41.1695509 ] ], [ [ 174.8250041, -41.1695509 ], [ 174.825015900000011, -41.1693694 ] ], [ [ 174.825015900000011, -41.1693694 ], [ 174.825038799999987, -41.1690095 ] ], [ [ 174.825038799999987, -41.1690095 ], [ 174.8250483, -41.1688626 ] ], [ [ 174.8250483, -41.1688626 ], [ 174.8250737, -41.1684683 ] ], [ [ 174.8250737, -41.1684683 ], [ 174.8251138, -41.1681231 ], [ 174.825320300000016, -41.1676438 ] ], [ [ 174.825320300000016, -41.1676438 ], [ 174.825326499999989, -41.1676314 ] ], [ [ 174.824820400000021, -41.1714466 ], [ 174.82484, -41.1711467 ] ], [ [ 174.824734, -41.1722874 ], [ 174.824806599999988, -41.1716081 ] ] ] } },
{ "type": "Feature", "properties": { "rank": 141, "type": "corridor", "name": "Northland Road", "where": "Northland", "treatment": "Protected lane", "length_m": 868.2504155768379, "filled_m": 0.0, "cost_low": 0.6511878116826284, "cost": 1.3892006649229407, "cost_high": 2.9520514129612487, "dT_godutch": 0.30504077579826117, "dT_ebike": 0.48171655694022775, "dT_local": 0.26405899570090696, "dT_census": 0.25963065371615812, "dK_godutch": 0.14132543279812965, "dT_pct_pts": 0.00052422734424136159, "dT_per_M": 0.21958006751687081, "health_M_low": 5.3422136303456157e-06, "health_M_high": 5.5047411818055097e-05, "crashes": 3, "crashes_serious": 1, "plan": "Planned (WCC)", "facility_now": "mixed", "max_adt": 4600.0, "speed": 50.0, "one_way_share": 0.0, "gap_rank": 81, "rank_median": 134.0, "rank_p10": 111.0, "rank_p90": 143.0, "top10_share": 0.0, "robust_top10": false, "rank_tol150": 105.0, "rank_tol400": 105.0, "build_step": null }, "geometry": { "type": "MultiLineString", "coordinates": [ [ [ 174.756156200000021, -41.284074899999986 ], [ 174.756922, -41.2834903 ] ], [ [ 174.756922, -41.2834903 ], [ 174.7570344, -41.2834068 ] ], [ [ 174.7570344, -41.2834068 ], [ 174.7572391, -41.283303 ], [ 174.757554, -41.283285 ] ], [ [ 174.757554, -41.283285 ], [ 174.7579941, -41.2832771 ], [ 174.7582707, -41.2831313 ] ], [ [ 174.7582707, -41.2831313 ], [ 174.758360399999987, -41.2829468 ] ], [ [ 174.758360399999987, -41.2829468 ], [ 174.7582681, -41.2821305 ], [ 174.7583779, -41.281901 ] ], [ [ 174.7583779, -41.281901 ], [ 174.7585654, -41.2816973 ], [ 174.759117300000014, -41.2815726 ], [ 174.7592444, -41.2814565 ], [ 174.759261, -41.2813033 ], [ 174.7591138, -41.280703 ], [ 174.759553, -41.280152199999989 ], [ 174.7595538, -41.279849 ] ], [ [ 174.7595538, -41.279849 ], [ 174.7595115, -41.2795527 ], [ 174.759570200000013, -41.2794431 ] ], [ [ 174.759570200000013, -41.2794431 ], [ 174.759676399999989, -41.2793962 ], [ 174.759953, -41.279384 ] ], [ [ 174.759953, -41.279384 ], [ 174.760184, -41.279382 ] ], [ [ 174.760184, -41.279382 ], [ 174.7604354, -41.2793988 ], [ 174.760868, -41.2795041 ], [ 174.761653700000011, -41.2794118 ] ] ] } },
{ "type": "Feature", "properties": { "rank": 142, "type": "corridor", "name": "Curtis Street", "where": "Northland", "treatment": "Protected lane", "length_m": 691.61302102241245, "filled_m": 202.54815713098262, "cost_low": 0.51870976576680938, "cost": 1.10658083363586, "cost_high": 2.3514842714762021, "dT_godutch": 0.23338608053745702, "dT_ebike": 0.50653238827362657, "dT_local": 0.11324803961906582, "dT_census": 0.090241771540604532, "dK_godutch": 0.26322377776465067, "dT_pct_pts": 0.00040108528069036285, "dT_per_M": 0.21090739460092334, "health_M_low": 6.4524970112787459e-05, "health_M_high": 0.00039173511003163901, "crashes": 0, "crashes_serious": 0, "plan": "Planned (WCC)", "facility_now": "mixed", "max_adt": 7217.0, "speed": 50.0, "one_way_share": 0.0, "gap_rank": 121, "rank_median": 135.0, "rank_p10": 120.0, "rank_p90": 141.0, "top10_share": 0.0, "robust_top10": false, "rank_tol150": 101.0, "rank_tol400": 134.0, "build_step": null }, "geometry": { "type": "MultiLineString", "coordinates": [ [ [ 174.756261500000022, -41.2760687 ], [ 174.756042799999989, -41.2764119 ] ], [ [ 174.756042799999989, -41.2764119 ], [ 174.7559877, -41.2764878 ] ], [ [ 174.7559877, -41.2764878 ], [ 174.7555968, -41.2772624 ], [ 174.755556, -41.2776613 ], [ 174.7556725, -41.2783205 ], [ 174.755655500000017, -41.2784692 ], [ 174.75546030000001, -41.2788419 ] ], [ [ 174.75546030000001, -41.2788419 ], [ 174.7550915, -41.2793925 ] ], [ [ 174.7550915, -41.2793925 ], [ 174.7545628, -41.2796823 ], [ 174.75420170000001, -41.279941699999988 ] ], [ [ 174.75420170000001, -41.279941699999988 ], [ 174.7540898, -41.2801226 ], [ 174.7540156, -41.2812235 ], [ 174.753728200000012, -41.2816942 ] ] ] } },
{ "type": "Feature", "properties": { "rank": 143, "type": "corridor", "name": "Hutchison Road", "where": "Mt Cook, Vogeltown", "treatment": "Protected lane", "length_m": 752.8556998190644, "filled_m": 0.0, "cost_low": 0.56464177486429834, "cost": 1.2045691197105031, "cost_high": 2.5597093793848189, "dT_godutch": 0.2063484433456324, "dT_ebike": 0.62170020642224699, "dT_local": 0.26301476522348821, "dT_census": 0.093319201172562316, "dK_godutch": 0.18091534497669914, "dT_pct_pts": 0.00035461979192893386, "dT_per_M": 0.17130477609721939, "health_M_low": 0.00054070636434409337, "health_M_high": 0.00020208511002465216, "crashes": 4, "crashes_serious": 1, "plan": "Not in plan", "facility_now": "mixed", "max_adt": 4000.0, "speed": 50.0, "one_way_share": 0.0, "gap_rank": 95, "rank_median": 131.0, "rank_p10": 117.0, "rank_p90": 142.0, "top10_share": 0.0, "robust_top10": false, "rank_tol150": 92.0, "rank_tol400": 117.0, "build_step": null }, "geometry": { "type": "MultiLineString", "coordinates": [ [ [ 174.7723421, -41.3096718 ], [ 174.7722708, -41.3099823 ], [ 174.7723485, -41.3101243 ], [ 174.7725911, -41.3103304 ], [ 174.7725844, -41.3104576 ] ], [ [ 174.7725844, -41.3104576 ], [ 174.7724336, -41.310654299999989 ], [ 174.7723827, -41.3110098 ], [ 174.7722003, -41.3111853 ], [ 174.772083, -41.311527699999985 ], [ 174.771875200000011, -41.3117363 ] ], [ [ 174.7759943, -41.3072646 ], [ 174.7758696, -41.3074143 ], [ 174.7755826, -41.3075743 ] ], [ [ 174.775052499999987, -41.3074958 ], [ 174.774040400000018, -41.3073728 ] ], [ [ 174.774040400000018, -41.3073728 ], [ 174.7739546, -41.3073915 ] ], [ [ 174.7739546, -41.3073915 ], [ 174.7736798, -41.3074947 ], [ 174.773517199999986, -41.3076267 ], [ 174.773473, -41.30780810000001 ], [ 174.773561199999989, -41.3083065 ], [ 174.773381, -41.30857670000001 ] ], [ [ 174.773381, -41.30857670000001 ], [ 174.7723421, -41.3096718 ] ], [ [ 174.7755826, -41.3075743 ], [ 174.775052499999987, -41.3074958 ] ] ] } },
{ "type": "Feature", "properties": { "rank": 144, "type": "crossing", "name": "Bracken Road at ", "where": "Paparangi", "treatment": "Raised zebra / refuge", "length_m": 0.0, "filled_m": null, "cost_low": 0.15, "cost": 0.25, "cost_high": 0.4, "dT_godutch": 0.019131828099489212, "dT_ebike": 0.039245735853910446, "dT_local": 0.0030132981482893229, "dT_census": 0.0, "dK_godutch": 0.0078120490680314569, "dT_pct_pts": 3.2878973012153799e-05, "dT_per_M": 0.076527312397956848, "health_M_low": 3.01450967090797e-06, "health_M_high": 1.9139520216677069e-05, "crashes": 0, "crashes_serious": 0, "plan": "Planned (WCC)", "facility_now": "unsignalised", "max_adt": 4020.0, "speed": 50.0, "one_way_share": 0.0, "gap_rank": 70, "rank_median": 143.0, "rank_p10": 140.0, "rank_p90": 145.0, "top10_share": 0.0, "robust_top10": false, "rank_tol150": 223.0, "rank_tol400": 220.0, "build_step": null }, "geometry": { "type": "Point", "coordinates": [ 174.8228456, -41.2191998 ] } },
{ "type": "Feature", "properties": { "rank": 145, "type": "corridor", "name": "Farnham Street", "where": "Mornington", "treatment": "Protected lane", "length_m": 1122.7521985048897, "filled_m": 233.66499087736491, "cost_low": 0.84206414887866732, "cost": 1.7964035176078237, "cost_high": 3.817357474916625, "dT_godutch": 0.022815319825895131, "dT_ebike": 0.066893303301185369, "dT_local": 0.029293971892911941, "dT_census": 0.019427985796937719, "dK_godutch": 0.022096616553413419, "dT_pct_pts": 3.9209231910216207e-05, "dT_per_M": 0.01270055396923131, "health_M_low": 2.5691844785312713e-05, "health_M_high": 9.298069300776038e-06, "crashes": 1, "crashes_serious": 0, "plan": "Planned (WCC)", "facility_now": "mixed", "max_adt": 4410.0, "speed": 50.0, "one_way_share": 0.0, "gap_rank": 129, "rank_median": 145.0, "rank_p10": 136.0, "rank_p90": 146.0, "top10_share": 0.0, "robust_top10": false, "rank_tol150": 134.0, "rank_tol400": 42.0, "build_step": null }, "geometry": { "type": "MultiLineString", "coordinates": [ [ [ 174.764079200000026, -41.3179508 ], [ 174.7644242, -41.3180759 ] ], [ [ 174.7644242, -41.3180759 ], [ 174.76470710000001, -41.3181433 ], [ 174.7651675, -41.318032 ], [ 174.7653837, -41.3180703 ] ], [ [ 174.7653837, -41.3180703 ], [ 174.765952199999987, -41.31851790000001 ], [ 174.765998200000013, -41.3186177 ], [ 174.76585080000001, -41.3187921 ], [ 174.76522940000001, -41.3188889 ], [ 174.765156200000035, -41.3190566 ], [ 174.765308299999987, -41.3193783 ], [ 174.765697100000011, -41.3197608 ], [ 174.76593410000001, -41.3200954 ], [ 174.7659678, -41.3203691 ], [ 174.7658159, -41.3209534 ], [ 174.7658487, -41.321096 ], [ 174.7659428, -41.3211856 ], [ 174.766130800000013, -41.3212381 ], [ 174.7665489, -41.3212112 ], [ 174.7671375, -41.3210296 ], [ 174.7676854, -41.320944 ], [ 174.767863100000028, -41.3208578 ], [ 174.7683299, -41.3204856 ], [ 174.768657200000035, -41.3201676 ] ], [ [ 174.769205699999986, -41.3196116 ], [ 174.7695947, -41.3192777 ] ], [ [ 174.768657200000035, -41.3201676 ], [ 174.769205699999986, -41.3196116 ] ], [ [ 174.7642645, -41.3177343 ], [ 174.764290499999987, -41.3179608 ], [ 174.7644242, -41.3180759 ] ], [ [ 174.769614100000013, -41.3192406 ], [ 174.7697243, -41.3190215 ], [ 174.769722, -41.3188012 ] ], [ [ 174.7698833, -41.3190772 ], [ 174.7696886, -41.3192304 ] ], [ [ 174.7696886, -41.3192304 ], [ 174.7695947, -41.3192777 ] ], [ [ 174.7695947, -41.3192777 ], [ 174.769614100000013, -41.3192406 ] ], [ [ 174.769614100000013, -41.3192406 ], [ 174.7697954, -41.319092 ], [ 174.7698833, -41.3190772 ] ], [ [ 174.7698833, -41.3190772 ], [ 174.769957799999986, -41.3190433 ] ] ] } },
{ "type": "Feature", "properties": { "rank": 146, "type": "corridor", "name": "Waikowhai Street", "where": "Ngaio", "treatment": "Protected lane", "length_m": 667.43941374253245, "filled_m": 0.0, "cost_low": 0.50057956030689932, "cost": 1.0679030619880521, "cost_high": 2.2692940067246106, "dT_godutch": 0.0080542797222733498, "dT_ebike": 0.010678994469344616, "dT_local": 0.0023813999723643064, "dT_census": 0.0023813999723643064, "dK_godutch": 0.004263249589192164, "dT_pct_pts": 1.3841669716237582e-05, "dT_per_M": 0.0075421449839081578, "health_M_low": 0.0, "health_M_high": 7.3567112874556954e-06, "crashes": 3, "crashes_serious": 0, "plan": "Planned (WCC)", "facility_now": "sharrow", "max_adt": 10489.0, "speed": 50.0, "one_way_share": 0.0, "gap_rank": 62, "rank_median": 146.0, "rank_p10": 139.0, "rank_p90": 147.0, "top10_share": 0.0, "robust_top10": false, "rank_tol150": 136.0, "rank_tol400": 90.0, "build_step": null }, "geometry": { "type": "MultiLineString", "coordinates": [ [ [ 174.7721532, -41.251123 ], [ 174.7721369, -41.2512893 ] ], [ [ 174.7721369, -41.2512893 ], [ 174.772085, -41.2515634 ], [ 174.771935, -41.2517777 ], [ 174.771751599999988, -41.2518962 ], [ 174.771409, -41.2520042 ], [ 174.7711842, -41.2521268 ], [ 174.770969400000013, -41.2524133 ], [ 174.770800900000012, -41.252796 ], [ 174.7705416, -41.2530228 ] ], [ [ 174.7705416, -41.2530228 ], [ 174.7700419, -41.2534037 ] ], [ [ 174.7700419, -41.2534037 ], [ 174.7690541, -41.2541344 ], [ 174.7684122, -41.2543864 ], [ 174.7679115, -41.2544649 ] ], [ [ 174.7729802, -41.2505 ], [ 174.7725863, -41.2506594 ] ], [ [ 174.7725863, -41.2506594 ], [ 174.7723511, -41.2507914 ], [ 174.7721532, -41.251123 ] ], [ [ 174.7679115, -41.2544649 ], [ 174.7676869, -41.2544865 ] ] ] } },
{ "type": "Feature", "properties": { "rank": 147, "type": "corridor", "name": "Woodridge Drive", "where": "Woodridge", "treatment": "Protected lane", "length_m": 354.98972086064737, "filled_m": 0.0, "cost_low": 0.26624229064548555, "cost": 0.56798355337703588, "cost_high": 1.2069650509262011, "dT_godutch": 0.0, "dT_ebike": 0.0, "dT_local": 0.0, "dT_census": 0.0, "dK_godutch": 0.0, "dT_pct_pts": 0.0, "dT_per_M": 0.0, "health_M_low": 0.0, "health_M_high": 0.0, "crashes": 0, "crashes_serious": 0, "plan": "Not in plan", "facility_now": "mixed", "max_adt": 3950.0, "speed": 50.0, "one_way_share": 0.0, "gap_rank": 102, "rank_median": 147.0, "rank_p10": 140.0, "rank_p90": 148.0, "top10_share": 0.0, "robust_top10": false, "rank_tol150": 123.0, "rank_tol400": 121.0, "build_step": null }, "geometry": { "type": "MultiLineString", "coordinates": [ [ [ 174.8315292, -41.2211899 ], [ 174.8315653, -41.2209637 ], [ 174.8314916, -41.2203349 ] ], [ [ 174.8314916, -41.2203349 ], [ 174.8315868, -41.2197101 ], [ 174.83180790000003, -41.21939960000001 ], [ 174.8321503, -41.2190513 ], [ 174.8323547, -41.2187357 ], [ 174.8324756, -41.2184731 ], [ 174.832529099999988, -41.2181865 ] ] ] } },
{ "type": "Feature", "properties": { "rank": 148, "type": "corridor", "name": "Stewart Duff Drive", "where": "Miramar, Rongotai, Strathmore Park", "treatment": "Quiet street (30 km/h + filter)", "length_m": 867.45771327654643, "filled_m": 294.18858895490791, "cost_low": 0.086745771327654653, "cost": 0.17349154265530931, "cost_high": 0.26023731398296396, "dT_godutch": 0.0, "dT_ebike": 0.0, "dT_local": 0.0, "dT_census": 0.0, "dK_godutch": 0.0, "dT_pct_pts": 0.0, "dT_per_M": 0.0, "health_M_low": 0.0, "health_M_high": 0.0, "crashes": 1, "crashes_serious": 1, "plan": "Not in plan", "facility_now": "mixed", "max_adt": 500.0, "speed": 50.0, "one_way_share": 0.0, "gap_rank": 99, "rank_median": 147.0, "rank_p10": 140.0, "rank_p90": 148.0, "top10_share": 0.0, "robust_top10": false, "rank_tol150": 162.0, "rank_tol400": 119.0, "build_step": null }, "geometry": { "type": "MultiLineString", "coordinates": [ [ [ 174.810722199999987, -41.3261302 ], [ 174.811281400000013, -41.3264361 ], [ 174.8115067, -41.3266375 ], [ 174.811654, -41.3268696 ] ], [ [ 174.811870699999986, -41.3270573 ], [ 174.8125889, -41.3274988 ] ], [ [ 174.8125889, -41.3274988 ], [ 174.813041, -41.3277458 ], [ 174.813116799999989, -41.3280883 ] ], [ [ 174.813116799999989, -41.3280883 ], [ 174.813095800000013, -41.328380899999985 ] ], [ [ 174.8116226, -41.3270512 ], [ 174.8115268, -41.3268107 ], [ 174.811328300000014, -41.326577 ], [ 174.8106631, -41.3262044 ] ], [ [ 174.809823200000011, -41.3257305 ], [ 174.810149500000023, -41.3259083 ] ], [ [ 174.8103537, -41.3260836 ], [ 174.809650299999987, -41.3258676 ] ], [ [ 174.810149500000023, -41.3259083 ], [ 174.8105947, -41.3260789 ] ], [ [ 174.8105431, -41.326159 ], [ 174.8103537, -41.3260836 ] ], [ [ 174.8129735, -41.3302154 ], [ 174.8129669, -41.330341 ] ], [ [ 174.812999600000012, -41.3298258 ], [ 174.8129735, -41.3302154 ] ], [ [ 174.813072799999986, -41.3287189 ], [ 174.8130314, -41.3293354 ] ], [ [ 174.8130314, -41.3293354 ], [ 174.813020099999989, -41.3295209 ] ], [ [ 174.813020099999989, -41.3295209 ], [ 174.812999600000012, -41.3298258 ] ], [ [ 174.8117311, -41.3269587 ], [ 174.811870699999986, -41.3270573 ] ], [ [ 174.811654, -41.3268696 ], [ 174.8117311, -41.3269587 ] ], [ [ 174.813095800000013, -41.328380899999985 ], [ 174.8130916, -41.3284476 ] ], [ [ 174.8130916, -41.3284476 ], [ 174.813072799999986, -41.3287189 ] ], [ [ 174.8106631, -41.3262044 ], [ 174.8105431, -41.326159 ] ], [ [ 174.8105947, -41.3260789 ], [ 174.810722199999987, -41.3261302 ] ] ] } },
{ "type": "Feature", "properties": { "rank": 149, "type": "corridor", "name": "Majoribanks Street", "where": "Mt Victoria", "treatment": "Protected lane", "length_m": 405.23045767668646, "filled_m": 0.0, "cost_low": 0.30392284325751484, "cost": 0.64836873228269842, "cost_high": 1.3777835561007339, "dT_godutch": 0.0, "dT_ebike": 0.0, "dT_local": 0.0, "dT_census": 0.0, "dK_godutch": 0.0, "dT_pct_pts": 0.0, "dT_per_M": 0.0, "health_M_low": 0.0, "health_M_high": 0.0, "crashes": 2, "crashes_serious": 2, "plan": "Not in plan", "facility_now": "mixed", "max_adt": 6380.0, "speed": 50.0, "one_way_share": 0.0, "gap_rank": 68, "rank_median": 147.0, "rank_p10": 140.0, "rank_p90": 148.0, "top10_share": 0.0, "robust_top10": false, "rank_tol150": 155.0, "rank_tol400": 95.0, "build_step": null }, "geometry": { "type": "MultiLineString", "coordinates": [ [ [ 174.7843523, -41.2941203 ], [ 174.7845185, -41.2941664 ] ], [ [ 174.7845185, -41.2941664 ], [ 174.7848866, -41.294284 ] ], [ [ 174.7848866, -41.294284 ], [ 174.785192, -41.294389 ] ], [ [ 174.785192, -41.294389 ], [ 174.7864411, -41.2947892 ] ], [ [ 174.7864411, -41.2947892 ], [ 174.7873222, -41.2950641 ] ], [ [ 174.7873222, -41.2950641 ], [ 174.7878548, -41.2952375 ] ], [ [ 174.7878548, -41.2952375 ], [ 174.78880190000001, -41.295552699999988 ] ] ] } },
{ "type": "Feature", "properties": { "rank": 150, "type": "corridor", "name": "Willowbank Road", "where": "Tawa", "treatment": "Protected lane", "length_m": 463.07570396044309, "filled_m": 0.0, "cost_low": 0.34730677797033227, "cost": 0.74092112633670903, "cost_high": 1.5744573934655066, "dT_godutch": 0.0, "dT_ebike": 0.0, "dT_local": 0.0, "dT_census": 0.0, "dK_godutch": 0.0, "dT_pct_pts": 0.0, "dT_per_M": 0.0, "health_M_low": 0.0, "health_M_high": 0.0, "crashes": 1, "crashes_serious": 0, "plan": "Planned (WCC)", "facility_now": "mixed", "max_adt": 4184.0, "speed": 50.0, "one_way_share": 0.0, "gap_rank": 16, "rank_median": 147.0, "rank_p10": 140.0, "rank_p90": 148.0, "top10_share": 0.0, "robust_top10": false, "rank_tol150": 140.0, "rank_tol400": 67.0, "build_step": null }, "geometry": { "type": "MultiLineString", "coordinates": [ [ [ 174.829464699999988, -41.1895618 ], [ 174.8293344, -41.1893051 ], [ 174.8286463, -41.1887556 ], [ 174.82830340000001, -41.1882066 ], [ 174.8282206, -41.1877188 ], [ 174.828282800000011, -41.186804 ] ], [ [ 174.828282800000011, -41.186804 ], [ 174.8282491, -41.1861934 ], [ 174.8280436, -41.1857164 ] ] ] } },
{ "type": "Feature", "properties": { "rank": 151, "type": "corridor", "name": "Rintoul Street", "where": "Newtown", "treatment": "Protected lane", "length_m": 208.66436810912836, "filled_m": 0.0, "cost_low": 0.11508776477717811, "cost": 0.25, "cost_high": 0.52173120032320752, "dT_godutch": 0.0, "dT_ebike": 0.0, "dT_local": 0.0, "dT_census": 0.0, "dK_godutch": 0.0, "dT_pct_pts": 0.0, "dT_per_M": 0.0, "health_M_low": 0.0, "health_M_high": 0.0, "crashes": 6, "crashes_serious": 0, "plan": "Unfunded (ex-LGWM)", "facility_now": "sharrow", "max_adt": 3892.0, "speed": 50.0, "one_way_share": 0.6615170521592687, "gap_rank": 11, "rank_median": 147.0, "rank_p10": 140.0, "rank_p90": 148.0, "top10_share": 0.0, "robust_top10": false, "rank_tol150": 138.0, "rank_tol400": 64.0, "build_step": null }, "geometry": { "type": "MultiLineString", "coordinates": [ [ [ 174.779247199999986, -41.311866 ], [ 174.779075400000011, -41.3120051 ], [ 174.778948, -41.3124388 ] ], [ [ 174.7783111, -41.3145485 ], [ 174.7781334, -41.3151667 ], [ 174.778099, -41.31577630000001 ] ] ] } },
{ "type": "Feature", "properties": { "rank": 152, "type": "corridor", "name": "Rongotai Road", "where": "Kilbirnie", "treatment": "Protected lane", "length_m": 249.62928238769146, "filled_m": 0.0, "cost_low": 0.18722196179076861, "cost": 0.39940685182030639, "cost_high": 0.84873956011815099, "dT_godutch": 0.0, "dT_ebike": 0.0, "dT_local": 0.0, "dT_census": 0.0, "dK_godutch": 0.0, "dT_pct_pts": 0.0, "dT_per_M": 0.0, "health_M_low": 0.0, "health_M_high": 0.0, "crashes": 0, "crashes_serious": 0, "plan": "Planned (WCC)", "facility_now": "sharrow", "max_adt": 8079.0, "speed": 30.0, "one_way_share": 0.0, "gap_rank": 21, "rank_median": 147.0, "rank_p10": 140.0, "rank_p90": 148.0, "top10_share": 0.0, "robust_top10": false, "rank_tol150": 143.0, "rank_tol400": 70.0, "build_step": null }, "geometry": { "type": "MultiLineString", "coordinates": [ [ [ 174.795878, -41.318106 ], [ 174.7951673, -41.3179675 ], [ 174.7950185, -41.317894699999989 ] ], [ [ 174.7950185, -41.317894699999989 ], [ 174.793732100000028, -41.3176609 ], [ 174.7935789, -41.3175959 ] ], [ [ 174.7950185, -41.317894699999989 ], [ 174.7955689, -41.3180011 ] ] ] } },
{ "type": "Feature", "properties": { "rank": 153, "type": "corridor", "name": "Churchill Drive", "where": "Crofton Downs", "treatment": "Protected lane", "length_m": 616.86067072533228, "filled_m": 0.0, "cost_low": 0.46264550304399921, "cost": 0.98697707316053174, "cost_high": 2.0973262804661301, "dT_godutch": 0.0, "dT_ebike": 0.0, "dT_local": 0.0, "dT_census": 0.0, "dK_godutch": 0.0, "dT_pct_pts": 0.0, "dT_per_M": 0.0, "health_M_low": 0.0, "health_M_high": 0.0, "crashes": 1, "crashes_serious": 0, "plan": "Planned (WCC)", "facility_now": "mixed", "max_adt": 10173.0, "speed": 50.0, "one_way_share": 0.0, "gap_rank": 97, "rank_median": 147.0, "rank_p10": 140.0, "rank_p90": 148.0, "top10_share": 0.0, "robust_top10": false, "rank_tol150": 117.0, "rank_tol400": 57.0, "build_step": null }, "geometry": { "type": "MultiLineString", "coordinates": [ [ [ 174.7676869, -41.2544865 ], [ 174.7674374, -41.2544824 ], [ 174.7666319, -41.2543137 ], [ 174.7662277, -41.254439 ] ], [ [ 174.7661204, -41.2545193 ], [ 174.76600160000001, -41.2546777 ] ], [ [ 174.76600160000001, -41.2546777 ], [ 174.765341900000038, -41.2559672 ], [ 174.7652664, -41.256289499999987 ] ], [ [ 174.7652664, -41.256289499999987 ], [ 174.765399800000012, -41.25765470000001 ], [ 174.765535, -41.257900099999986 ] ], [ [ 174.766266699999989, -41.2595641 ], [ 174.76583, -41.2599503 ] ], [ [ 174.765701299999989, -41.2580057 ], [ 174.76592, -41.2581047 ] ], [ [ 174.7655866, -41.2579393 ], [ 174.765701299999989, -41.2580057 ] ], [ [ 174.765535, -41.257900099999986 ], [ 174.7655866, -41.2579393 ] ] ] } },
{ "type": "Feature", "properties": { "rank": 154, "type": "corridor", "name": "Mount Albert Road", "where": "Berhampore, Southgate", "treatment": "Protected lane", "length_m": 988.16168838111366, "filled_m": 342.69221540917971, "cost_low": 0.74112126628583519, "cost": 1.5810587014097819, "cost_high": 3.3597497404957863, "dT_godutch": 0.0, "dT_ebike": 0.0, "dT_local": 0.0, "dT_census": 0.0, "dK_godutch": 0.0, "dT_pct_pts": 0.0, "dT_per_M": 0.0, "health_M_low": 0.0, "health_M_high": 0.0, "crashes": 1, "crashes_serious": 1, "plan": "Not in plan", "facility_now": "mixed", "max_adt": 3111.0, "speed": 50.0, "one_way_share": 0.0, "gap_rank": 98, "rank_median": 147.0, "rank_p10": 140.0, "rank_p90": 148.0, "top10_share": 0.0, "robust_top10": false, "rank_tol150": 114.0, "rank_tol400": 118.0, "build_step": null }, "geometry": { "type": "MultiLineString", "coordinates": [ [ [ 174.782452800000016, -41.3300734 ], [ 174.7816991, -41.329694 ] ], [ [ 174.7816991, -41.329694 ], [ 174.780910799999987, -41.3292783 ], [ 174.7807317, -41.3289484 ], [ 174.7801025, -41.3284742 ] ], [ [ 174.7801025, -41.3284742 ], [ 174.7798076, -41.3283613 ], [ 174.779234, -41.328407 ], [ 174.779177299999986, -41.3283779 ], [ 174.7791139, -41.328161099999988 ], [ 174.779259, -41.3279558 ], [ 174.779831300000012, -41.3278224 ], [ 174.7800848, -41.3276689 ], [ 174.7802256, -41.3272806 ], [ 174.7802687, -41.3269448 ], [ 174.7804118, -41.326601 ] ], [ [ 174.7804118, -41.326601 ], [ 174.780486200000041, -41.3264564 ] ], [ [ 174.780486200000041, -41.3264564 ], [ 174.780596300000042, -41.3261975 ], [ 174.7805549, -41.3259978 ] ], [ [ 174.7805549, -41.3259978 ], [ 174.7803848, -41.3258467 ], [ 174.779905500000012, -41.325620099999988 ], [ 174.7798015, -41.3255152 ], [ 174.7798189, -41.325402 ], [ 174.780206099999987, -41.3250666 ] ], [ [ 174.780206099999987, -41.3250666 ], [ 174.7802734, -41.323861599999987 ] ], [ [ 174.7827667, -41.3302215 ], [ 174.782452800000016, -41.3300734 ] ] ] } },
{ "type": "Feature", "properties": { "rank": 155, "type": "corridor", "name": "Braithwaite Street", "where": "Karori", "treatment": "Protected lane", "length_m": 393.98045434874973, "filled_m": 0.0, "cost_low": 0.23394908747825655, "cost": 0.49909138662028074, "cost_high": 1.0605691965680963, "dT_godutch": 0.0, "dT_ebike": 0.0, "dT_local": 0.0, "dT_census": 0.0, "dK_godutch": 0.0, "dT_pct_pts": 0.0, "dT_per_M": 0.0, "health_M_low": 0.0, "health_M_high": 0.0, "crashes": 1, "crashes_serious": 0, "plan": "Planned (WCC)", "facility_now": "mixed", "max_adt": 4700.0, "speed": 50.0, "one_way_share": 0.52063710778939731, "gap_rank": 90, "rank_median": 147.0, "rank_p10": 140.0, "rank_p90": 148.0, "top10_share": 0.0, "robust_top10": false, "rank_tol150": 41.0, "rank_tol400": 112.0, "build_step": null }, "geometry": { "type": "MultiLineString", "coordinates": [ [ [ 174.750398600000011, -41.2836554 ], [ 174.750193500000023, -41.2836494 ] ], [ [ 174.750193500000023, -41.2836494 ], [ 174.748502699999989, -41.2841201 ] ], [ [ 174.748502699999989, -41.2841201 ], [ 174.748093400000016, -41.2842386 ] ], [ [ 174.747679, -41.2843588 ], [ 174.7463218, -41.2847525 ], [ 174.746207100000021, -41.2848365 ], [ 174.7462128, -41.2849799 ] ], [ [ 174.7478448, -41.2843122 ], [ 174.747679, -41.2843588 ] ], [ [ 174.748093400000016, -41.2842386 ], [ 174.7478448, -41.2843122 ] ] ] } },
{ "type": "Feature", "properties": { "rank": 156, "type": "corridor", "name": "Ngatitoa Street", "where": "Tawa", "treatment": "Quiet street (30 km/h + filter)", "length_m": 453.43933518529661, "filled_m": 0.0, "cost_low": 0.045343933518529667, "cost": 0.090687867037059333, "cost_high": 0.13603180055558897, "dT_godutch": 0.0, "dT_ebike": 0.0, "dT_local": 0.0, "dT_census": 0.0, "dK_godutch": 0.0, "dT_pct_pts": 0.0, "dT_per_M": 0.0, "health_M_low": 0.0, "health_M_high": 0.0, "crashes": 0, "crashes_serious": 0, "plan": "Not in plan", "facility_now": "mixed", "max_adt": 2041.0, "speed": 50.0, "one_way_share": 0.0, "gap_rank": 89, "rank_median": 147.0, "rank_p10": 140.0, "rank_p90": 148.0, "top10_share": 0.0, "robust_top10": false, "rank_tol150": 160.0, "rank_tol400": 111.0, "build_step": null }, "geometry": { "type": "LineString", "coordinates": [ [ 174.8212349, -41.1749326 ], [ 174.8217367, -41.172999199999985 ], [ 174.822947, -41.1719891 ], [ 174.823505399999988, -41.1716122 ], [ 174.8235757, -41.1714469 ] ] } },
{ "type": "Feature", "properties": { "rank": 157, "type": "corridor", "name": "Owen Street", "where": "Newtown", "treatment": "Quiet street (30 km/h + filter)", "length_m": 245.95699504092187, "filled_m": 0.0, "cost_low": 0.03, "cost": 0.05, "cost_high": 0.1, "dT_godutch": 0.0, "dT_ebike": 0.0, "dT_local": 0.0, "dT_census": 0.0, "dK_godutch": 0.0, "dT_pct_pts": 0.0, "dT_per_M": 0.0, "health_M_low": 0.0, "health_M_high": 0.0, "crashes": 2, "crashes_serious": 0, "plan": "Not in plan", "facility_now": "mixed", "max_adt": 1930.0, "speed": 40.0, "one_way_share": 0.3061306069821953, "gap_rank": 94, "rank_median": 147.0, "rank_p10": 140.0, "rank_p90": 148.0, "top10_share": 0.0, "robust_top10": false, "rank_tol150": 161.0, "rank_tol400": 116.0, "build_step": null }, "geometry": { "type": "MultiLineString", "coordinates": [ [ [ 174.784884, -41.3144608 ], [ 174.7846768, -41.3137961 ] ], [ [ 174.7846768, -41.3137961 ], [ 174.7844355, -41.3129617 ] ], [ [ 174.783784200000014, -41.310841 ], [ 174.7836093, -41.3101766 ] ] ] } },
{ "type": "Feature", "properties": { "rank": 158, "type": "corridor", "name": "Bowen Street", "where": "Wellington Central", "treatment": "Protected lane", "length_m": 113.35049233826416, "filled_m": 45.423382774744198, "cost_low": 0.1, "cost": 0.25, "cost_high": 0.5, "dT_godutch": 0.0, "dT_ebike": 0.0, "dT_local": 0.0, "dT_census": 0.0, "dK_godutch": 0.0, "dT_pct_pts": 0.0, "dT_per_M": 0.0, "health_M_low": 0.0, "health_M_high": 0.0, "crashes": 5, "crashes_serious": 1, "plan": "Unfunded (ex-LGWM)", "facility_now": "mixed", "max_adt": 11240.0, "speed": 30.0, "one_way_share": 0.5992661184109348, "gap_rank": 83, "rank_median": 147.0, "rank_p10": 140.0, "rank_p90": 148.0, "top10_share": 0.0, "robust_top10": false, "rank_tol150": 159.0, "rank_tol400": 106.0, "build_step": null }, "geometry": { "type": "MultiLineString", "coordinates": [ [ [ 174.7769508, -41.2792107 ], [ 174.777163, -41.2793216 ], [ 174.7774115, -41.2792299 ] ], [ [ 174.776429400000012, -41.2788692 ], [ 174.7756253, -41.2787908 ] ] ] } },
{ "type": "Feature", "properties": { "rank": 159, "type": "corridor", "name": "Clutha Avenue", "where": "Khandallah", "treatment": "Quiet street (30 km/h + filter)", "length_m": 326.14529978274379, "filled_m": 0.0, "cost_low": 0.032614529978274381, "cost": 0.065229059956548763, "cost_high": 0.1, "dT_godutch": 0.0, "dT_ebike": 0.0, "dT_local": 0.0, "dT_census": 0.0, "dK_godutch": 0.0, "dT_pct_pts": 0.0, "dT_per_M": 0.0, "health_M_low": 0.0, "health_M_high": 0.0, "crashes": 0, "crashes_serious": 0, "plan": "Not in plan", "facility_now": "mixed", "max_adt": 2306.0, "speed": 50.0, "one_way_share": 0.0, "gap_rank": 84, "rank_median": 147.0, "rank_p10": 140.0, "rank_p90": 148.0, "top10_share": 0.0, "robust_top10": false, "rank_tol150": 56.0, "rank_tol400": 107.0, "build_step": null }, "geometry": { "type": "MultiLineString", "coordinates": [ [ [ 174.7897428, -41.2478106 ], [ 174.789548800000034, -41.247876099999985 ], [ 174.7885675, -41.2488718 ], [ 174.788046799999989, -41.2490326 ], [ 174.787926700000014, -41.248982599999984 ], [ 174.7876225, -41.2486801 ] ], [ [ 174.7876225, -41.2486801 ], [ 174.7869431, -41.248333 ] ] ] } },
{ "type": "Feature", "properties": { "rank": 160, "type": "corridor", "name": "Birdwood Street", "where": "Karori", "treatment": "Protected lane", "length_m": 531.17575109346149, "filled_m": 0.0, "cost_low": 0.23902908799205763, "cost": 0.50992872104972298, "cost_high": 1.0835985322306614, "dT_godutch": 0.0, "dT_ebike": 0.0, "dT_local": 0.0, "dT_census": 0.0, "dK_godutch": 0.0, "dT_pct_pts": 0.0, "dT_per_M": 0.0, "health_M_low": 0.0, "health_M_high": 0.0, "crashes": 1, "crashes_serious": 0, "plan": "Planned (WCC)", "facility_now": "mixed", "max_adt": 4390.0, "speed": 50.0, "one_way_share": 1.0, "gap_rank": 77, "rank_median": 147.0, "rank_p10": 140.0, "rank_p90": 148.0, "top10_share": 0.0, "robust_top10": false, "rank_tol150": 77.0, "rank_tol400": 2.0, "build_step": null }, "geometry": { "type": "MultiLineString", "coordinates": [ [ [ 174.75376940000001, -41.2866228 ], [ 174.75372680000001, -41.2866039 ] ], [ [ 174.75372680000001, -41.2866039 ], [ 174.753523199999989, -41.2864368 ], [ 174.75356690000001, -41.2861007 ], [ 174.753372399999989, -41.2855336 ], [ 174.7532439, -41.2854216 ], [ 174.75289810000001, -41.2852834 ], [ 174.7524192, -41.2846598 ], [ 174.7517509, -41.2842979 ], [ 174.7515186, -41.2842948 ], [ 174.7512247, -41.2843678 ], [ 174.7510747, -41.2843525 ], [ 174.750937599999986, -41.2842665 ], [ 174.750529699999987, -41.283755099999986 ], [ 174.750398600000011, -41.2836554 ] ], [ [ 174.7542856, -41.2866807 ], [ 174.75376940000001, -41.2866228 ] ] ] } },
{ "type": "Feature", "properties": { "rank": 161, "type": "corridor", "name": "Ira Street", "where": "Miramar", "treatment": "Protected lane", "length_m": 350.03049472516636, "filled_m": 224.58881493251971, "cost_low": 0.26252287104387478, "cost": 0.56004879156026621, "cost_high": 1.1901036820655657, "dT_godutch": 0.0, "dT_ebike": 0.0, "dT_local": 0.0, "dT_census": 0.0, "dK_godutch": 0.0, "dT_pct_pts": 0.0, "dT_per_M": 0.0, "health_M_low": 0.0, "health_M_high": 0.0, "crashes": 3, "crashes_serious": 1, "plan": "Planned (WCC)", "facility_now": "mixed", "max_adt": 5942.0, "speed": 30.0, "one_way_share": 0.0, "gap_rank": 59, "rank_median": 147.0, "rank_p10": 140.0, "rank_p90": 148.0, "top10_share": 0.0, "robust_top10": false, "rank_tol150": 128.0, "rank_tol400": 87.0, "build_step": null }, "geometry": { "type": "MultiLineString", "coordinates": [ [ [ 174.820024600000011, -41.3241555 ], [ 174.8198974, -41.3238243 ], [ 174.819856499999986, -41.3234217 ] ], [ [ 174.819856499999986, -41.3234217 ], [ 174.820170600000012, -41.3214134 ] ], [ [ 174.8202138, -41.3245069 ], [ 174.8200636, -41.3242425 ] ], [ [ 174.8200636, -41.3242425 ], [ 174.820024600000011, -41.3241555 ] ] ] } },
{ "type": "Feature", "properties": { "rank": 162, "type": "corridor", "name": "Horokiwi Road West", "where": "Newlands", "treatment": "Protected lane", "length_m": 766.93964149356418, "filled_m": 0.0, "cost_low": 0.57520473112017312, "cost": 1.2271034263897027, "cost_high": 2.6075947810781179, "dT_godutch": 0.0, "dT_ebike": 0.0, "dT_local": 0.0, "dT_census": 0.0, "dK_godutch": 0.0, "dT_pct_pts": 0.0, "dT_per_M": 0.0, "health_M_low": 0.0, "health_M_high": 0.0, "crashes": 2, "crashes_serious": 0, "plan": "Not in plan", "facility_now": "mixed", "max_adt": 9890.0, "speed": 50.0, "one_way_share": 0.0, "gap_rank": 39, "rank_median": 147.0, "rank_p10": 140.0, "rank_p90": 148.0, "top10_share": 0.0, "robust_top10": false, "rank_tol150": 147.0, "rank_tol400": 78.0, "build_step": null }, "geometry": { "type": "MultiLineString", "coordinates": [ [ [ 174.8238646, -41.2233833 ], [ 174.8244276, -41.2232238 ] ], [ [ 174.8244276, -41.2232238 ], [ 174.8238896, -41.223468 ] ], [ [ 174.824633299999988, -41.2231569 ], [ 174.8254354, -41.2228805 ] ], [ [ 174.8254354, -41.2228805 ], [ 174.825724600000029, -41.222791699999988 ], [ 174.826487899999989, -41.2229384 ], [ 174.826907, -41.222875 ] ], [ [ 174.826907, -41.222875 ], [ 174.8277957, -41.2226142 ] ], [ [ 174.8277957, -41.2226142 ], [ 174.8288095, -41.2223033 ] ], [ [ 174.8288095, -41.2223033 ], [ 174.8297782, -41.22180680000001 ] ], [ [ 174.8297782, -41.22180680000001 ], [ 174.8300069, -41.221718 ] ], [ [ 174.8300069, -41.221718 ], [ 174.831146600000011, -41.2215556 ], [ 174.8313358, -41.2214391 ], [ 174.8315292, -41.2211899 ] ], [ [ 174.8244276, -41.2232238 ], [ 174.824633299999988, -41.2231569 ] ] ] } },
{ "type": "Feature", "properties": { "rank": 163, "type": "corridor", "name": "Hamilton Road", "where": "Hataitai", "treatment": "Protected lane", "length_m": 189.16575658742985, "filled_m": 0.0, "cost_low": 0.14187431744057238, "cost": 0.30266521053988776, "cost_high": 0.64316357239726152, "dT_godutch": 0.0, "dT_ebike": 0.0, "dT_local": 0.0, "dT_census": 0.0, "dK_godutch": 0.0, "dT_pct_pts": 0.0, "dT_per_M": 0.0, "health_M_low": 0.0, "health_M_high": 0.0, "crashes": 0, "crashes_serious": 0, "plan": "Unfunded (ex-LGWM)", "facility_now": "mixed", "max_adt": 6708.0, "speed": 50.0, "one_way_share": 0.0, "gap_rank": 61, "rank_median": 147.0, "rank_p10": 140.0, "rank_p90": 148.0, "top10_share": 0.0, "robust_top10": false, "rank_tol150": 152.0, "rank_tol400": 89.0, "build_step": null }, "geometry": { "type": "MultiLineString", "coordinates": [ [ [ 174.7936297, -41.311607799999983 ], [ 174.793609800000013, -41.3111079 ], [ 174.793497800000011, -41.3109271 ], [ 174.7930302, -41.3104578 ] ], [ [ 174.79350740000001, -41.3120116 ], [ 174.7936297, -41.311607799999983 ] ] ] } },
{ "type": "Feature", "properties": { "rank": 164, "type": "corridor", "name": "Severn Street", "where": "Island Bay", "treatment": "Protected lane", "length_m": 575.1165152973623, "filled_m": 0.0, "cost_low": 0.43133738647302178, "cost": 0.9201864244757797, "cost_high": 1.9553961520110317, "dT_godutch": 0.0, "dT_ebike": 0.0, "dT_local": 0.0, "dT_census": 0.0, "dK_godutch": 0.0, "dT_pct_pts": 0.0, "dT_per_M": 0.0, "health_M_low": 0.0, "health_M_high": 0.0, "crashes": 0, "crashes_serious": 0, "plan": "Not in plan", "facility_now": "mixed", "max_adt": 3240.0, "speed": 50.0, "one_way_share": 0.0, "gap_rank": 60, "rank_median": 147.0, "rank_p10": 140.0, "rank_p90": 148.0, "top10_share": 0.0, "robust_top10": false, "rank_tol150": 113.0, "rank_tol400": 88.0, "build_step": null }, "geometry": { "type": "MultiLineString", "coordinates": [ [ [ 174.763309600000014, -41.343947 ], [ 174.764053600000011, -41.3428124 ], [ 174.764528899999988, -41.3425447 ] ], [ [ 174.764528899999988, -41.3425447 ], [ 174.7647701, -41.3423978 ] ], [ [ 174.7647701, -41.3423978 ], [ 174.7683362, -41.340604300000017 ] ] ] } },
{ "type": "Feature", "properties": { "rank": 165, "type": "corridor", "name": "Karori Tunnel", "where": "Northland", "treatment": "Protected lane", "length_m": 78.01376249973957, "filled_m": 0.0, "cost_low": 0.1, "cost": 0.25, "cost_high": 0.5, "dT_godutch": 0.0, "dT_ebike": 0.0, "dT_local": 0.0, "dT_census": 0.0, "dK_godutch": 0.0, "dT_pct_pts": 0.0, "dT_per_M": 0.0, "health_M_low": 0.0, "health_M_high": 0.0, "crashes": 1, "crashes_serious": 0, "plan": "Unfunded (ex-LGWM)", "facility_now": "sharrow", "max_adt": 17127.0, "speed": 50.0, "one_way_share": 0.0, "gap_rank": 106, "rank_median": 147.0, "rank_p10": 140.0, "rank_p90": 148.0, "top10_share": 0.0, "robust_top10": false, "rank_tol150": 163.0, "rank_tol400": 124.0, "build_step": null }, "geometry": { "type": "LineString", "coordinates": [ [ 174.7560718, -41.2875075 ], [ 174.75516970000001, -41.2873326 ] ] } },
{ "type": "Feature", "properties": { "rank": 166, "type": "corridor", "name": "Bing Lucas Drive", "where": "Tawa, Grenada North", "treatment": "Quiet street (30 km/h + filter)", "length_m": 1008.2980524240004, "filled_m": 0.0, "cost_low": 0.10082980524240004, "cost": 0.20165961048480008, "cost_high": 0.30248941572720006, "dT_godutch": 0.0, "dT_ebike": 0.0, "dT_local": 0.0, "dT_census": 0.0, "dK_godutch": 0.0, "dT_pct_pts": 0.0, "dT_per_M": 0.0, "health_M_low": 0.0, "health_M_high": 0.0, "crashes": 0, "crashes_serious": 0, "plan": "Not in plan", "facility_now": "mixed", "max_adt": 2831.0, "speed": 50.0, "one_way_share": 0.0, "gap_rank": 109, "rank_median": 147.0, "rank_p10": 140.0, "rank_p90": 148.0, "top10_share": 0.0, "robust_top10": false, "rank_tol150": 125.0, "rank_tol400": 125.0, "build_step": null }, "geometry": { "type": "MultiLineString", "coordinates": [ [ [ 174.8343189, -41.173392 ], [ 174.8339977, -41.1735972 ], [ 174.833475099999987, -41.17382 ], [ 174.8331183, -41.174095699999988 ], [ 174.832945599999988, -41.1743397 ], [ 174.832764300000036, -41.1748598 ], [ 174.832743400000027, -41.175513 ], [ 174.8326041, -41.1764353 ] ], [ [ 174.8326041, -41.1764353 ], [ 174.8324601, -41.1772151 ], [ 174.8325299, -41.1776002 ], [ 174.832680900000014, -41.1778946 ] ], [ [ 174.832680900000014, -41.1778946 ], [ 174.83301510000004, -41.1785382 ], [ 174.83309890000001, -41.179189299999983 ], [ 174.833413400000012, -41.1799988 ], [ 174.833800300000036, -41.1803642 ], [ 174.834332, -41.180672 ], [ 174.834699, -41.1810372 ] ], [ [ 174.834699, -41.1810372 ], [ 174.8348136, -41.1811473 ] ], [ [ 174.8348929, -41.1812082 ], [ 174.8350666, -41.1813246 ] ], [ [ 174.8348136, -41.1811473 ], [ 174.8348929, -41.1812082 ] ] ] } },
{ "type": "Feature", "properties": { "rank": 167, "type": "crossing", "name": "Ira Street at The Quadrant", "where": "Miramar", "treatment": "Raised zebra / refuge", "length_m": 0.0, "filled_m": null, "cost_low": 0.15, "cost": 0.25, "cost_high": 0.4, "dT_godutch": 0.0, "dT_ebike": 0.0, "dT_local": 0.0, "dT_census": 0.0, "dK_godutch": 0.0, "dT_pct_pts": 0.0, "dT_per_M": 0.0, "health_M_low": 0.0, "health_M_high": 0.0, "crashes": 0, "crashes_serious": 0, "plan": "Planned (WCC)", "facility_now": "unsignalised", "max_adt": 5942.0, "speed": 50.0, "one_way_share": 0.0, "gap_rank": 15, "rank_median": 147.0, "rank_p10": 140.0, "rank_p90": 148.0, "top10_share": 0.0, "robust_top10": false, "rank_tol150": 184.0, "rank_tol400": 168.0, "build_step": null }, "geometry": { "type": "Point", "coordinates": [ 174.819856499999986, -41.3234217 ] } },
{ "type": "Feature", "properties": { "rank": 168, "type": "crossing", "name": "Hania Street at Ellice Street, Hania Street", "where": "Mt Victoria", "treatment": "Raised zebra / refuge", "length_m": 0.0, "filled_m": null, "cost_low": 0.15, "cost": 0.25, "cost_high": 0.4, "dT_godutch": 0.0, "dT_ebike": 0.0, "dT_local": 0.0, "dT_census": 0.0, "dK_godutch": 0.0, "dT_pct_pts": 0.0, "dT_per_M": 0.0, "health_M_low": 0.0, "health_M_high": 0.0, "crashes": 1, "crashes_serious": 1, "plan": "Unfunded (ex-LGWM)", "facility_now": "unsignalised", "max_adt": 2900.0, "speed": 50.0, "one_way_share": 0.0, "gap_rank": 14, "rank_median": 147.0, "rank_p10": 140.0, "rank_p90": 148.0, "top10_share": 0.0, "robust_top10": false, "rank_tol150": 183.0, "rank_tol400": 167.0, "build_step": null }, "geometry": { "type": "Point", "coordinates": [ 174.7817746, -41.2998494 ] } },
{ "type": "Feature", "properties": { "rank": 169, "type": "crossing", "name": "Linden Avenue at Beauchamp Street", "where": "Tawa", "treatment": "Signalised crossing", "length_m": 0.0, "filled_m": null, "cost_low": 0.5, "cost": 0.8, "cost_high": 1.5, "dT_godutch": 0.0, "dT_ebike": 0.0, "dT_local": 0.0, "dT_census": 0.0, "dK_godutch": 0.0, "dT_pct_pts": 0.0, "dT_per_M": 0.0, "health_M_low": 0.0, "health_M_high": 0.0, "crashes": 0, "crashes_serious": 0, "plan": "Not in plan", "facility_now": "unsignalised", "max_adt": 8510.0, "speed": 50.0, "one_way_share": 0.0, "gap_rank": 10, "rank_median": 147.0, "rank_p10": 140.0, "rank_p90": 148.0, "top10_share": 0.0, "robust_top10": false, "rank_tol150": 182.0, "rank_tol400": 163.0, "build_step": null }, "geometry": { "type": "Point", "coordinates": [ 174.831731, -41.1572236 ] } },
{ "type": "Feature", "properties": { "rank": 170, "type": "crossing", "name": "Linden Avenue at Findlay Street", "where": "Tawa", "treatment": "Signalised crossing", "length_m": 0.0, "filled_m": null, "cost_low": 0.5, "cost": 0.8, "cost_high": 1.5, "dT_godutch": 0.0, "dT_ebike": 0.0, "dT_local": 0.0, "dT_census": 0.0, "dK_godutch": 0.0, "dT_pct_pts": 0.0, "dT_per_M": 0.0, "health_M_low": 0.0, "health_M_high": 0.0, "crashes": 0, "crashes_serious": 0, "plan": "Not in plan", "facility_now": "unsignalised", "max_adt": 8510.0, "speed": 50.0, "one_way_share": 0.0, "gap_rank": 9, "rank_median": 147.0, "rank_p10": 140.0, "rank_p90": 148.0, "top10_share": 0.0, "robust_top10": false, "rank_tol150": 124.0, "rank_tol400": 59.0, "build_step": null }, "geometry": { "type": "Point", "coordinates": [ 174.8317099, -41.157216800000015 ] } },
{ "type": "Feature", "properties": { "rank": 171, "type": "crossing", "name": "Hobart Street at Kedah Street", "where": "Miramar", "treatment": "Raised zebra / refuge", "length_m": 0.0, "filled_m": null, "cost_low": 0.15, "cost": 0.25, "cost_high": 0.4, "dT_godutch": 0.0, "dT_ebike": 0.0, "dT_local": 0.0, "dT_census": 0.0, "dK_godutch": 0.0, "dT_pct_pts": 0.0, "dT_per_M": 0.0, "health_M_low": 0.0, "health_M_high": 0.0, "crashes": 0, "crashes_serious": 0, "plan": "Planned (WCC)", "facility_now": "unsignalised", "max_adt": 1961.0, "speed": 50.0, "one_way_share": 0.0, "gap_rank": 4, "rank_median": 147.0, "rank_p10": 140.0, "rank_p90": 148.0, "top10_share": 0.0, "robust_top10": false, "rank_tol150": 178.0, "rank_tol400": 158.0, "build_step": null }, "geometry": { "type": "Point", "coordinates": [ 174.8125995, -41.3234512 ] } },
{ "type": "Feature", "properties": { "rank": 172, "type": "crossing", "name": "Daniell Street at Wilson Street", "where": "Newtown", "treatment": "Raised zebra / refuge", "length_m": 0.0, "filled_m": null, "cost_low": 0.15, "cost": 0.25, "cost_high": 0.4, "dT_godutch": 0.0, "dT_ebike": 0.0, "dT_local": 0.0, "dT_census": 0.0, "dK_godutch": 0.0, "dT_pct_pts": 0.0, "dT_per_M": 0.0, "health_M_low": 0.0, "health_M_high": 0.0, "crashes": 1, "crashes_serious": 0, "plan": "Planned (WCC)", "facility_now": "unsignalised", "max_adt": 1830.0, "speed": 40.0, "one_way_share": 0.0, "gap_rank": 1, "rank_median": 147.0, "rank_p10": 140.0, "rank_p90": 148.0, "top10_share": 0.0, "robust_top10": false, "rank_tol150": 177.0, "rank_tol400": 155.0, "build_step": null }, "geometry": { "type": "Point", "coordinates": [ 174.7821975, -41.3126498 ] } },
{ "type": "Feature", "properties": { "rank": 173, "type": "crossing", "name": "McLellan Street at Luckie Street", "where": "Tawa", "treatment": "Raised zebra / refuge", "length_m": 0.0, "filled_m": null, "cost_low": 0.15, "cost": 0.25, "cost_high": 0.4, "dT_godutch": 0.0, "dT_ebike": 0.0, "dT_local": 0.0, "dT_census": 0.0, "dK_godutch": 0.0, "dT_pct_pts": 0.0, "dT_per_M": 0.0, "health_M_low": 0.0, "health_M_high": 0.0, "crashes": 0, "crashes_serious": 0, "plan": "Built or underway", "facility_now": "unsignalised", "max_adt": 2710.0, "speed": 50.0, "one_way_share": 0.0, "gap_rank": 7, "rank_median": 147.0, "rank_p10": 140.0, "rank_p90": 148.0, "top10_share": 0.0, "robust_top10": false, "rank_tol150": 180.0, "rank_tol400": 161.0, "build_step": null }, "geometry": { "type": "Point", "coordinates": [ 174.8289254, -41.1621066 ] } },
{ "type": "Feature", "properties": { "rank": 174, "type": "crossing", "name": "Wakefield Street at ", "where": "Te Aro", "treatment": "Raised zebra / refuge", "length_m": 0.0, "filled_m": null, "cost_low": 0.15, "cost": 0.25, "cost_high": 0.4, "dT_godutch": 0.0, "dT_ebike": 0.0, "dT_local": 0.0, "dT_census": 0.0, "dK_godutch": 0.0, "dT_pct_pts": 0.0, "dT_per_M": 0.0, "health_M_low": 0.0, "health_M_high": 0.0, "crashes": 0, "crashes_serious": 0, "plan": "Not in plan", "facility_now": "unsignalised", "max_adt": 4711.0, "speed": 30.0, "one_way_share": 0.0, "gap_rank": 8, "rank_median": 147.0, "rank_p10": 140.0, "rank_p90": 148.0, "top10_share": 0.0, "robust_top10": false, "rank_tol150": 181.0, "rank_tol400": 162.0, "build_step": null }, "geometry": { "type": "Point", "coordinates": [ 174.778293, -41.2904221 ] } },
{ "type": "Feature", "properties": { "rank": 175, "type": "corridor", "name": "Hall Street", "where": "Newtown", "treatment": "Protected lane", "length_m": 278.44580223001645, "filled_m": 0.0, "cost_low": 0.20883435167251235, "cost": 0.44551328356802633, "cost_high": 0.94671572758205591, "dT_godutch": 0.0, "dT_ebike": 0.0, "dT_local": 0.0, "dT_census": 0.0, "dK_godutch": 0.0, "dT_pct_pts": 0.0, "dT_per_M": 0.0, "health_M_low": 0.0, "health_M_high": 0.0, "crashes": 5, "crashes_serious": 1, "plan": "Not in plan", "facility_now": "mixed", "max_adt": 4983.0, "speed": 50.0, "one_way_share": 0.0, "gap_rank": 143, "rank_median": 147.0, "rank_p10": 140.0, "rank_p90": 148.0, "top10_share": 0.0, "robust_top10": false, "rank_tol150": 174.0, "rank_tol400": 150.0, "build_step": null }, "geometry": { "type": "MultiLineString", "coordinates": [ [ [ 174.7790343, -41.3109006 ], [ 174.7780942, -41.3107524 ] ], [ [ 174.7780942, -41.3107524 ], [ 174.776907, -41.3105458 ] ], [ [ 174.776907, -41.3105458 ], [ 174.7757894, -41.3103542 ] ] ] } },
{ "type": "Feature", "properties": { "rank": 176, "type": "corridor", "name": "Carlton Gore Road", "where": "Roseneath", "treatment": "Quiet street (30 km/h + filter)", "length_m": 489.99401461091611, "filled_m": 0.0, "cost_low": 0.048999401461091614, "cost": 0.097998802922183229, "cost_high": 0.14699820438327485, "dT_godutch": 0.0, "dT_ebike": 0.0, "dT_local": 0.0, "dT_census": 0.0, "dK_godutch": 0.0, "dT_pct_pts": 0.0, "dT_per_M": 0.0, "health_M_low": 0.0, "health_M_high": 0.0, "crashes": 2, "crashes_serious": 0, "plan": "Not in plan", "facility_now": "mixed", "max_adt": 2573.0, "speed": 50.0, "one_way_share": 0.0, "gap_rank": 144, "rank_median": 147.0, "rank_p10": 140.0, "rank_p90": 148.0, "top10_share": 0.0, "robust_top10": false, "rank_tol150": 16.0, "rank_tol400": 3.0, "build_step": null }, "geometry": { "type": "LineString", "coordinates": [ [ 174.8000355, -41.288156 ], [ 174.800406900000013, -41.2876945 ], [ 174.801810200000034, -41.2872367 ], [ 174.8019951, -41.2871356 ], [ 174.802275400000013, -41.2868809 ], [ 174.802459, -41.2868499 ], [ 174.8025342, -41.2869389 ], [ 174.802446700000019, -41.2870506 ], [ 174.8016994, -41.2874523 ], [ 174.8010698, -41.2876869 ], [ 174.801117299999987, -41.2878199 ], [ 174.8015459, -41.2881019 ] ] } },
{ "type": "Feature", "properties": { "rank": 177, "type": "corridor", "name": "Humber Street", "where": "Island Bay", "treatment": "Quiet street (30 km/h + filter)", "length_m": 116.17962281547868, "filled_m": 0.0, "cost_low": 0.03, "cost": 0.05, "cost_high": 0.1, "dT_godutch": 0.0, "dT_ebike": 0.0, "dT_local": 0.0, "dT_census": 0.0, "dK_godutch": 0.0, "dT_pct_pts": 0.0, "dT_per_M": 0.0, "health_M_low": 0.0, "health_M_high": 0.0, "crashes": 1, "crashes_serious": 0, "plan": "Not in plan", "facility_now": "mixed", "max_adt": 1960.0, "speed": 50.0, "one_way_share": 0.0, "gap_rank": 148, "rank_median": 147.0, "rank_p10": 140.0, "rank_p90": 148.0, "top10_share": 0.0, "robust_top10": false, "rank_tol150": 175.0, "rank_tol400": 153.0, "build_step": null }, "geometry": { "type": "LineString", "coordinates": [ [ 174.769909899999988, -41.340198 ], [ 174.77123850000001, -41.3405013 ] ] } },
{ "type": "Feature", "properties": { "rank": 178, "type": "corridor", "name": "Childers Terrace", "where": "Kilbirnie", "treatment": "Protected lane", "length_m": 276.69844613789871, "filled_m": 0.0, "cost_low": 0.20752383460342402, "cost": 0.44271751382063795, "cost_high": 0.94077471686885561, "dT_godutch": 0.0, "dT_ebike": 0.0, "dT_local": 0.0, "dT_census": 0.0, "dK_godutch": 0.0, "dT_pct_pts": 0.0, "dT_per_M": 0.0, "health_M_low": 0.0, "health_M_high": 0.0, "crashes": 2, "crashes_serious": 0, "plan": "Planned (WCC)", "facility_now": "mixed", "max_adt": 8222.0, "speed": 50.0, "one_way_share": 0.0, "gap_rank": 149, "rank_median": 147.0, "rank_p10": 140.0, "rank_p90": 148.0, "top10_share": 0.0, "robust_top10": false, "rank_tol150": 176.0, "rank_tol400": 154.0, "build_step": null }, "geometry": { "type": "MultiLineString", "coordinates": [ [ [ 174.79390250000003, -41.319863 ], [ 174.793234, -41.3191449 ], [ 174.7932286, -41.3187373 ] ], [ [ 174.7932286, -41.3187373 ], [ 174.7935132, -41.3182825 ], [ 174.7935338, -41.3176532 ], [ 174.7935789, -41.3175959 ] ] ] } },
{ "type": "Feature", "properties": { "rank": 179, "type": "corridor", "name": "Priscilla Crescent", "where": "Mornington, Kingston", "treatment": "Quiet street (30 km/h + filter)", "length_m": 324.16931120897749, "filled_m": 0.0, "cost_low": 0.032416931120897753, "cost": 0.064833862241795506, "cost_high": 0.1, "dT_godutch": 0.0, "dT_ebike": 0.0, "dT_local": 0.0, "dT_census": 0.0, "dK_godutch": 0.0, "dT_pct_pts": 0.0, "dT_per_M": 0.0, "health_M_low": 0.0, "health_M_high": 0.0, "crashes": 0, "crashes_serious": 0, "plan": "Not in plan", "facility_now": "mixed", "max_adt": 2010.0, "speed": 50.0, "one_way_share": 0.0, "gap_rank": 130, "rank_median": 147.0, "rank_p10": 140.0, "rank_p90": 148.0, "top10_share": 0.0, "robust_top10": false, "rank_tol150": 133.0, "rank_tol400": 140.0, "build_step": null }, "geometry": { "type": "MultiLineString", "coordinates": [ [ [ 174.768657200000035, -41.3201676 ], [ 174.7686835, -41.320278 ], [ 174.7683987, -41.3211303 ], [ 174.767860399999989, -41.3218329 ] ], [ [ 174.767860399999989, -41.3218329 ], [ 174.7675681, -41.3220841 ], [ 174.7667089, -41.322514400000017 ] ] ] } },
{ "type": "Feature", "properties": { "rank": 180, "type": "corridor", "name": "Elizabeth Street", "where": "Mt Victoria", "treatment": "Protected lane", "length_m": 213.56466379095548, "filled_m": 0.0, "cost_low": 0.16017349784321661, "cost": 0.34170346206552882, "cost_high": 0.72611985688924863, "dT_godutch": 0.0, "dT_ebike": 0.0, "dT_local": 0.0, "dT_census": 0.0, "dK_godutch": 0.0, "dT_pct_pts": 0.0, "dT_per_M": 0.0, "health_M_low": 0.0, "health_M_high": 0.0, "crashes": 0, "crashes_serious": 0, "plan": "Not in plan", "facility_now": "mixed", "max_adt": 3100.0, "speed": 50.0, "one_way_share": 0.0, "gap_rank": 128, "rank_median": 147.0, "rank_p10": 140.0, "rank_p90": 148.0, "top10_share": 0.0, "robust_top10": false, "rank_tol150": 170.0, "rank_tol400": 139.0, "build_step": null }, "geometry": { "type": "MultiLineString", "coordinates": [ [ [ 174.7830763, -41.295716699999986 ], [ 174.784721, -41.2962369 ] ], [ [ 174.784721, -41.2962369 ], [ 174.785266, -41.2964186 ], [ 174.7853692, -41.2965176 ] ] ] } },
{ "type": "Feature", "properties": { "rank": 181, "type": "corridor", "name": "Seatoun Tunnel", "where": "Strathmore Park", "treatment": "Protected lane", "length_m": 143.90786347865381, "filled_m": 0.0, "cost_low": 0.10793089760899037, "cost": 0.25, "cost_high": 0.5, "dT_godutch": 0.0, "dT_ebike": 0.0, "dT_local": 0.0, "dT_census": 0.0, "dK_godutch": 0.0, "dT_pct_pts": 0.0, "dT_per_M": 0.0, "health_M_low": 0.0, "health_M_high": 0.0, "crashes": 1, "crashes_serious": 0, "plan": "Planned (WCC)", "facility_now": "sharrow", "max_adt": 6500.0, "speed": 50.0, "one_way_share": 0.0, "gap_rank": 127, "rank_median": 147.0, "rank_p10": 140.0, "rank_p90": 148.0, "top10_share": 0.0, "robust_top10": false, "rank_tol150": 169.0, "rank_tol400": 138.0, "build_step": null }, "geometry": { "type": "LineString", "coordinates": [ [ 174.8273541, -41.3242872 ], [ 174.828501499999987, -41.3233222 ] ] } },
{ "type": "Feature", "properties": { "rank": 182, "type": "corridor", "name": "Tawa Street", "where": "Tawa", "treatment": "Protected lane", "length_m": 190.01904864113681, "filled_m": 0.0, "cost_low": 0.1425142864808526, "cost": 0.30403047782581888, "cost_high": 0.64606476537986512, "dT_godutch": 0.0, "dT_ebike": 0.0, "dT_local": 0.0, "dT_census": 0.0, "dK_godutch": 0.0, "dT_pct_pts": 0.0, "dT_per_M": 0.0, "health_M_low": 0.0, "health_M_high": 0.0, "crashes": 1, "crashes_serious": 0, "plan": "Not in plan", "facility_now": "mixed", "max_adt": 4680.0, "speed": 50.0, "one_way_share": 0.0, "gap_rank": 131, "rank_median": 147.0, "rank_p10": 140.0, "rank_p90": 148.0, "top10_share": 0.0, "robust_top10": false, "rank_tol150": 171.0, "rank_tol400": 141.0, "build_step": null }, "geometry": { "type": "MultiLineString", "coordinates": [ [ [ 174.825529, -41.1754922 ], [ 174.8251598, -41.1755613 ] ], [ [ 174.8250938, -41.175451 ], [ 174.825529, -41.1754922 ] ], [ [ 174.8267993, -41.1755909 ], [ 174.826501799999988, -41.1755665 ] ], [ [ 174.826501799999988, -41.1755665 ], [ 174.8262331, -41.1755476 ] ], [ [ 174.8262331, -41.1755476 ], [ 174.82601360000001, -41.1755302 ] ], [ [ 174.82601360000001, -41.1755302 ], [ 174.825529, -41.1754922 ] ], [ [ 174.8269588, -41.1756036 ], [ 174.8267993, -41.1755909 ] ] ] } },
{ "type": "Feature", "properties": { "rank": 183, "type": "corridor", "name": "Glenmore Street", "where": "Kelburn", "treatment": "Protected lane", "length_m": 245.38383810516146, "filled_m": 0.0, "cost_low": 0.12902432887275117, "cost": 0.27525190159520246, "cost_high": 0.58491029088980517, "dT_godutch": 0.0, "dT_ebike": 0.0, "dT_local": 0.0, "dT_census": 0.0, "dK_godutch": 0.0, "dT_pct_pts": 0.0, "dT_per_M": 0.0, "health_M_low": 0.0, "health_M_high": 0.0, "crashes": 1, "crashes_serious": 0, "plan": "Unfunded (ex-LGWM)", "facility_now": "sharrow", "max_adt": 15941.0, "speed": 50.0, "one_way_share": 0.74731286476092706, "gap_rank": 118, "rank_median": 147.0, "rank_p10": 140.0, "rank_p90": 148.0, "top10_share": 0.0, "robust_top10": false, "rank_tol150": 137.0, "rank_tol400": 131.0, "build_step": null }, "geometry": { "type": "MultiLineString", "coordinates": [ [ [ 174.756678600000015, -41.2872849 ], [ 174.75639910000001, -41.2875051 ], [ 174.7560718, -41.2875075 ] ], [ [ 174.757939599999986, -41.287542099999989 ], [ 174.757562900000011, -41.2880465 ], [ 174.7576245, -41.2883895 ], [ 174.7575749, -41.288563099999983 ], [ 174.757417299999986, -41.288645199999984 ], [ 174.7572443, -41.288642 ], [ 174.7571007, -41.288566 ], [ 174.7570461, -41.2884505 ] ] ] } },
{ "type": "Feature", "properties": { "rank": 184, "type": "corridor", "name": "Grenada Drive", "where": "Grenada Village", "treatment": "Protected lane", "length_m": 893.98831673450627, "filled_m": 0.0, "cost_low": 0.6704912375508798, "cost": 1.43038130677521, "cost_high": 3.0395602768973213, "dT_godutch": 0.0, "dT_ebike": 0.0, "dT_local": 0.0, "dT_census": 0.0, "dK_godutch": 0.0, "dT_pct_pts": 0.0, "dT_per_M": 0.0, "health_M_low": 0.0, "health_M_high": 0.0, "crashes": 1, "crashes_serious": 0, "plan": "Planned (WCC)", "facility_now": "mixed", "max_adt": 5000.0, "speed": 50.0, "one_way_share": 0.0, "gap_rank": 114, "rank_median": 147.0, "rank_p10": 140.0, "rank_p90": 148.0, "top10_share": 0.0, "robust_top10": false, "rank_tol150": 116.0, "rank_tol400": 129.0, "build_step": null }, "geometry": { "type": "MultiLineString", "coordinates": [ [ [ 174.829498300000012, -41.2002908 ], [ 174.828957100000025, -41.2001637 ], [ 174.82826110000002, -41.2001727 ], [ 174.827962, -41.200246399999983 ], [ 174.8274175, -41.200538 ] ], [ [ 174.8274175, -41.200538 ], [ 174.8261288, -41.201463199999985 ], [ 174.8249679, -41.2020669 ], [ 174.824087100000014, -41.2026324 ] ], [ [ 174.824087100000014, -41.2026324 ], [ 174.823232, -41.2033724 ], [ 174.8222705, -41.2044573 ] ], [ [ 174.8214889, -41.2046733 ], [ 174.8213278, -41.2046432 ] ], [ [ 174.8222705, -41.2044573 ], [ 174.8219504, -41.2046261 ], [ 174.821699600000017, -41.204671 ], [ 174.8214889, -41.2046733 ] ] ] } },
{ "type": "Feature", "properties": { "rank": 185, "type": "corridor", "name": "Oxford Street", "where": "Tawa", "treatment": "Quiet street (30 km/h + filter)", "length_m": 299.77877555933071, "filled_m": 20.195620474841164, "cost_low": 0.03, "cost": 0.059955755111866148, "cost_high": 0.1, "dT_godutch": 0.0, "dT_ebike": 0.0, "dT_local": 0.0, "dT_census": 0.0, "dK_godutch": 0.0, "dT_pct_pts": 0.0, "dT_per_M": 0.0, "health_M_low": 0.0, "health_M_high": 0.0, "crashes": 1, "crashes_serious": 0, "plan": "Planned (WCC)", "facility_now": "mixed", "max_adt": 2130.0, "speed": 50.0, "one_way_share": 0.0, "gap_rank": 124, "rank_median": 147.0, "rank_p10": 140.0, "rank_p90": 148.0, "top10_share": 0.0, "robust_top10": false, "rank_tol150": 5.0, "rank_tol400": 137.0, "build_step": null }, "geometry": { "type": "MultiLineString", "coordinates": [ [ [ 174.8266744, -41.1704322 ], [ 174.8268277, -41.1702933 ] ], [ [ 174.8268277, -41.1702933 ], [ 174.8268878, -41.17017 ] ], [ [ 174.8268878, -41.17017 ], [ 174.8268656, -41.1698197 ] ], [ [ 174.8268656, -41.1698197 ], [ 174.8268586, -41.1697425 ] ], [ [ 174.8268586, -41.1697425 ], [ 174.8267684, -41.1692671 ] ], [ [ 174.8267684, -41.1692671 ], [ 174.8264632, -41.1684857 ], [ 174.8263978, -41.1678291 ] ] ] } },
{ "type": "Feature", "properties": { "rank": 186, "type": "corridor", "name": "The Rigi", "where": "Northland", "treatment": "Quiet street (30 km/h + filter)", "length_m": 108.94646363690008, "filled_m": 0.0, "cost_low": 0.03, "cost": 0.05, "cost_high": 0.1, "dT_godutch": 0.0, "dT_ebike": 0.0, "dT_local": 0.0, "dT_census": 0.0, "dK_godutch": 0.0, "dT_pct_pts": 0.0, "dT_per_M": 0.0, "health_M_low": 0.0, "health_M_high": 0.0, "crashes": 0, "crashes_serious": 0, "plan": "Not in plan", "facility_now": "mixed", "max_adt": 2310.0, "speed": 50.0, "one_way_share": 0.0, "gap_rank": 120, "rank_median": 147.0, "rank_p10": 140.0, "rank_p90": 148.0, "top10_share": 0.0, "robust_top10": false, "rank_tol150": 168.0, "rank_tol400": 133.0, "build_step": null }, "geometry": { "type": "LineString", "coordinates": [ [ 174.7581901, -41.2848697 ], [ 174.758313500000014, -41.2849288 ], [ 174.7584762, -41.285098 ], [ 174.7585094, -41.285225 ], [ 174.7584602, -41.2854632 ], [ 174.758654299999989, -41.2857072 ] ] } },
{ "type": "Feature", "properties": { "rank": 187, "type": "corridor", "name": "McLellan Street", "where": "Tawa", "treatment": "Quiet street (30 km/h + filter)", "length_m": 277.86497420477139, "filled_m": 69.106257288908751, "cost_low": 0.03, "cost": 0.055572994840954279, "cost_high": 0.1, "dT_godutch": 0.0, "dT_ebike": 0.0, "dT_local": 0.0, "dT_census": 0.0, "dK_godutch": 0.0, "dT_pct_pts": 0.0, "dT_per_M": 0.0, "health_M_low": 0.0, "health_M_high": 0.0, "crashes": 1, "crashes_serious": 0, "plan": "Planned (WCC)", "facility_now": "mixed", "max_adt": 2900.0, "speed": 50.0, "one_way_share": 0.18093425427025497, "gap_rank": 111, "rank_median": 147.0, "rank_p10": 140.0, "rank_p90": 148.0, "top10_share": 0.0, "robust_top10": false, "rank_tol150": 165.0, "rank_tol400": 127.0, "build_step": null }, "geometry": { "type": "MultiLineString", "coordinates": [ [ [ 174.8275744, -41.1618254 ], [ 174.8277682, -41.1618313 ] ], [ [ 174.8282, -41.1619353 ], [ 174.8283687, -41.1619736 ] ], [ [ 174.8277682, -41.1618313 ], [ 174.8282, -41.1619353 ] ], [ [ 174.8289254, -41.1621066 ], [ 174.8294995, -41.162236 ] ], [ [ 174.8294995, -41.162236 ], [ 174.829732400000012, -41.1622883 ] ], [ [ 174.829732400000012, -41.1622883 ], [ 174.8313105, -41.1626407 ] ] ] } },
{ "type": "Feature", "properties": { "rank": 188, "type": "crossing", "name": "Queens Drive at Rua Street", "where": "Lyall Bay", "treatment": "Raised zebra / refuge", "length_m": 0.0, "filled_m": null, "cost_low": 0.15, "cost": 0.25, "cost_high": 0.4, "dT_godutch": 0.0, "dT_ebike": 0.0, "dT_local": 0.0, "dT_census": 0.0, "dK_godutch": 0.0, "dT_pct_pts": 0.0, "dT_per_M": 0.0, "health_M_low": 0.0, "health_M_high": 0.0, "crashes": 0, "crashes_serious": 0, "plan": "Not in plan", "facility_now": "unsignalised", "max_adt": 3163.0, "speed": 50.0, "one_way_share": 0.0, "gap_rank": 31, "rank_median": 147.0, "rank_p10": 140.0, "rank_p90": 148.0, "top10_share": 0.0, "robust_top10": false, "rank_tol150": 197.0, "rank_tol400": 183.0, "build_step": null }, "geometry": { "type": "Point", "coordinates": [ 174.7917773, -41.3299957 ] } },
{ "type": "Feature", "properties": { "rank": 189, "type": "crossing", "name": "Ruahine Street at ", "where": "Hataitai", "treatment": "Signalised crossing", "length_m": 0.0, "filled_m": null, "cost_low": 0.5, "cost": 0.8, "cost_high": 1.5, "dT_godutch": 0.0, "dT_ebike": 0.0, "dT_local": 0.0, "dT_census": 0.0, "dK_godutch": 0.0, "dT_pct_pts": 0.0, "dT_per_M": 0.0, "health_M_low": 0.0, "health_M_high": 0.0, "crashes": 0, "crashes_serious": 0, "plan": "Unfunded (ex-LGWM)", "facility_now": "unsignalised", "max_adt": 34190.0, "speed": 70.0, "one_way_share": 0.0, "gap_rank": 33, "rank_median": 147.0, "rank_p10": 140.0, "rank_p90": 148.0, "top10_share": 0.0, "robust_top10": false, "rank_tol150": 199.0, "rank_tol400": 185.0, "build_step": null }, "geometry": { "type": "Point", "coordinates": [ 174.791624899999988, -41.3086831 ] } },
{ "type": "Feature", "properties": { "rank": 190, "type": "crossing", "name": "Vivian Street at Marion Street", "where": "Te Aro", "treatment": "Signalised crossing", "length_m": 0.0, "filled_m": null, "cost_low": 0.5, "cost": 0.8, "cost_high": 1.5, "dT_godutch": 0.0, "dT_ebike": 0.0, "dT_local": 0.0, "dT_census": 0.0, "dK_godutch": 0.0, "dT_pct_pts": 0.0, "dT_per_M": 0.0, "health_M_low": 0.0, "health_M_high": 0.0, "crashes": 0, "crashes_serious": 0, "plan": "Not in plan", "facility_now": "unsignalised", "max_adt": 21250.0, "speed": 50.0, "one_way_share": 0.0, "gap_rank": 34, "rank_median": 147.0, "rank_p10": 140.0, "rank_p90": 148.0, "top10_share": 0.0, "robust_top10": false, "rank_tol150": 200.0, "rank_tol400": 186.0, "build_step": null }, "geometry": { "type": "Point", "coordinates": [ 174.77594, -41.2951147 ] } },
{ "type": "Feature", "properties": { "rank": 191, "type": "crossing", "name": "Moxham Avenue at Goa Street", "where": "Hataitai", "treatment": "Raised zebra / refuge", "length_m": 0.0, "filled_m": null, "cost_low": 0.15, "cost": 0.25, "cost_high": 0.4, "dT_godutch": 0.0, "dT_ebike": 0.0, "dT_local": 0.0, "dT_census": 0.0, "dK_godutch": 0.0, "dT_pct_pts": 0.0, "dT_per_M": 0.0, "health_M_low": 0.0, "health_M_high": 0.0, "crashes": 1, "crashes_serious": 0, "plan": "Not in plan", "facility_now": "unsignalised", "max_adt": 5986.0, "speed": 50.0, "one_way_share": 0.0, "gap_rank": 32, "rank_median": 147.0, "rank_p10": 140.0, "rank_p90": 148.0, "top10_share": 0.0, "robust_top10": false, "rank_tol150": 198.0, "rank_tol400": 184.0, "build_step": null }, "geometry": { "type": "Point", "coordinates": [ 174.7924682, -41.3088824 ] } },
{ "type": "Feature", "properties": { "rank": 192, "type": "crossing", "name": "Aro Street at Devon Street", "where": "Aro Valley", "treatment": "Signalised crossing", "length_m": 0.0, "filled_m": null, "cost_low": 0.5, "cost": 0.8, "cost_high": 1.5, "dT_godutch": 0.0, "dT_ebike": 0.0, "dT_local": 0.0, "dT_census": 0.0, "dK_godutch": 0.0, "dT_pct_pts": 0.0, "dT_per_M": 0.0, "health_M_low": 0.0, "health_M_high": 0.0, "crashes": 1, "crashes_serious": 0, "plan": "Planned (WCC)", "facility_now": "unsignalised", "max_adt": 10155.0, "speed": 30.0, "one_way_share": 0.0, "gap_rank": 18, "rank_median": 147.0, "rank_p10": 140.0, "rank_p90": 148.0, "top10_share": 0.0, "robust_top10": false, "rank_tol150": 187.0, "rank_tol400": 171.0, "build_step": null }, "geometry": { "type": "Point", "coordinates": [ 174.7665557, -41.295326 ] } },
{ "type": "Feature", "properties": { "rank": 193, "type": "crossing", "name": "Hamilton Road at Hamilton Road", "where": "Hataitai", "treatment": "Raised zebra / refuge", "length_m": 0.0, "filled_m": null, "cost_low": 0.15, "cost": 0.25, "cost_high": 0.4, "dT_godutch": 0.0, "dT_ebike": 0.0, "dT_local": 0.0, "dT_census": 0.0, "dK_godutch": 0.0, "dT_pct_pts": 0.0, "dT_per_M": 0.0, "health_M_low": 0.0, "health_M_high": 0.0, "crashes": 0, "crashes_serious": 0, "plan": "Unfunded (ex-LGWM)", "facility_now": "unsignalised", "max_adt": 6708.0, "speed": 50.0, "one_way_share": 0.0, "gap_rank": 24, "rank_median": 147.0, "rank_p10": 140.0, "rank_p90": 148.0, "top10_share": 0.0, "robust_top10": false, "rank_tol150": 191.0, "rank_tol400": 176.0, "build_step": null }, "geometry": { "type": "Point", "coordinates": [ 174.7930302, -41.3104578 ] } },
{ "type": "Feature", "properties": { "rank": 194, "type": "crossing", "name": "Featherston Street at ", "where": "Pipitea", "treatment": "Raised zebra / refuge", "length_m": 0.0, "filled_m": null, "cost_low": 0.15, "cost": 0.25, "cost_high": 0.4, "dT_godutch": 0.0, "dT_ebike": 0.0, "dT_local": 0.0, "dT_census": 0.0, "dK_godutch": 0.0, "dT_pct_pts": 0.0, "dT_per_M": 0.0, "health_M_low": 0.0, "health_M_high": 0.0, "crashes": 0, "crashes_serious": 0, "plan": "Unfunded (ex-LGWM)", "facility_now": "unsignalised", "max_adt": 7923.0, "speed": 30.0, "one_way_share": 0.0, "gap_rank": 25, "rank_median": 147.0, "rank_p10": 140.0, "rank_p90": 148.0, "top10_share": 0.0, "robust_top10": false, "rank_tol150": 192.0, "rank_tol400": 177.0, "build_step": null }, "geometry": { "type": "Point", "coordinates": [ 174.7787079, -41.2804006 ] } },
{ "type": "Feature", "properties": { "rank": 195, "type": "crossing", "name": "Ghuznee Street at Marion Street", "where": "Te Aro", "treatment": "Signalised crossing", "length_m": 0.0, "filled_m": null, "cost_low": 0.5, "cost": 0.8, "cost_high": 1.5, "dT_godutch": 0.0, "dT_ebike": 0.0, "dT_local": 0.0, "dT_census": 0.0, "dK_godutch": 0.0, "dT_pct_pts": 0.0, "dT_per_M": 0.0, "health_M_low": 0.0, "health_M_high": 0.0, "crashes": 0, "crashes_serious": 0, "plan": "Not in plan", "facility_now": "unsignalised", "max_adt": 10488.0, "speed": 30.0, "one_way_share": 0.0, "gap_rank": 27, "rank_median": 147.0, "rank_p10": 140.0, "rank_p90": 148.0, "top10_share": 0.0, "robust_top10": false, "rank_tol150": 193.0, "rank_tol400": 179.0, "build_step": null }, "geometry": { "type": "Point", "coordinates": [ 174.77678370000001, -41.2936214 ] } },
{ "type": "Feature", "properties": { "rank": 196, "type": "crossing", "name": "Johnsonville Road at ", "where": "Johnsonville", "treatment": "Signalised crossing", "length_m": 0.0, "filled_m": null, "cost_low": 0.5, "cost": 0.8, "cost_high": 1.5, "dT_godutch": 0.0, "dT_ebike": 0.0, "dT_local": 0.0, "dT_census": 0.0, "dK_godutch": 0.0, "dT_pct_pts": 0.0, "dT_per_M": 0.0, "health_M_low": 0.0, "health_M_high": 0.0, "crashes": 1, "crashes_serious": 0, "plan": "Planned (WCC)", "facility_now": "unsignalised", "max_adt": 15484.0, "speed": 50.0, "one_way_share": 0.0, "gap_rank": 29, "rank_median": 147.0, "rank_p10": 140.0, "rank_p90": 148.0, "top10_share": 0.0, "robust_top10": false, "rank_tol150": 195.0, "rank_tol400": 181.0, "build_step": null }, "geometry": { "type": "Point", "coordinates": [ 174.80733140000001, -41.2221398 ] } },
{ "type": "Feature", "properties": { "rank": 197, "type": "crossing", "name": "Tory Street at Jessie Street", "where": "Te Aro", "treatment": "Signalised crossing", "length_m": 0.0, "filled_m": null, "cost_low": 0.5, "cost": 0.8, "cost_high": 1.5, "dT_godutch": 0.0, "dT_ebike": 0.0, "dT_local": 0.0, "dT_census": 0.0, "dK_godutch": 0.0, "dT_pct_pts": 0.0, "dT_per_M": 0.0, "health_M_low": 0.0, "health_M_high": 0.0, "crashes": 1, "crashes_serious": 0, "plan": "Unfunded (ex-LGWM)", "facility_now": "unsignalised", "max_adt": 8060.0, "speed": 30.0, "one_way_share": 0.0, "gap_rank": 19, "rank_median": 147.0, "rank_p10": 140.0, "rank_p90": 148.0, "top10_share": 0.0, "robust_top10": false, "rank_tol150": 188.0, "rank_tol400": 172.0, "build_step": null }, "geometry": { "type": "Point", "coordinates": [ 174.7798515, -41.295775 ] } },
{ "type": "Feature", "properties": { "rank": 198, "type": "crossing", "name": "Karori Road at Fancourt Street", "where": "Karori", "treatment": "Signalised crossing", "length_m": 0.0, "filled_m": null, "cost_low": 0.5, "cost": 0.8, "cost_high": 1.5, "dT_godutch": 0.0, "dT_ebike": 0.0, "dT_local": 0.0, "dT_census": 0.0, "dK_godutch": 0.0, "dT_pct_pts": 0.0, "dT_per_M": 0.0, "health_M_low": 0.0, "health_M_high": 0.0, "crashes": 0, "crashes_serious": 0, "plan": "Unfunded (ex-LGWM)", "facility_now": "unsignalised", "max_adt": 17109.0, "speed": 50.0, "one_way_share": 0.0, "gap_rank": 20, "rank_median": 146.0, "rank_p10": 139.0, "rank_p90": 147.0, "top10_share": 0.0, "robust_top10": false, "rank_tol150": 189.0, "rank_tol400": 173.0, "build_step": null }, "geometry": { "type": "Point", "coordinates": [ 174.7440091, -41.2828877 ] } },
{ "type": "Feature", "properties": { "rank": 199, "type": "crossing", "name": "Ranui Crescent at Izard Road, Everest Street", "where": "Khandallah", "treatment": "Raised zebra / refuge", "length_m": 0.0, "filled_m": null, "cost_low": 0.15, "cost": 0.25, "cost_high": 0.4, "dT_godutch": 0.0, "dT_ebike": 0.0, "dT_local": 0.0, "dT_census": 0.0, "dK_godutch": 0.0, "dT_pct_pts": 0.0, "dT_per_M": 0.0, "health_M_low": 0.0, "health_M_high": 0.0, "crashes": 0, "crashes_serious": 0, "plan": "Not in plan", "facility_now": "unsignalised", "max_adt": 2870.0, "speed": 50.0, "one_way_share": 0.0, "gap_rank": 48, "rank_median": 147.0, "rank_p10": 140.0, "rank_p90": 148.0, "top10_share": 0.0, "robust_top10": false, "rank_tol150": 89.0, "rank_tol400": 200.0, "build_step": null }, "geometry": { "type": "Point", "coordinates": [ 174.79531320000001, -41.2474462 ] } },
{ "type": "Feature", "properties": { "rank": 200, "type": "crossing", "name": "Abel Smith Street at Wigan Street", "where": "Te Aro", "treatment": "Raised zebra / refuge", "length_m": 0.0, "filled_m": null, "cost_low": 0.15, "cost": 0.25, "cost_high": 0.4, "dT_godutch": 0.0, "dT_ebike": 0.0, "dT_local": 0.0, "dT_census": 0.0, "dK_godutch": 0.0, "dT_pct_pts": 0.0, "dT_per_M": 0.0, "health_M_low": 0.0, "health_M_high": 0.0, "crashes": 0, "crashes_serious": 0, "plan": "Not in plan", "facility_now": "unsignalised", "max_adt": 4040.0, "speed": 30.0, "one_way_share": 0.0, "gap_rank": 47, "rank_median": 147.0, "rank_p10": 140.0, "rank_p90": 148.0, "top10_share": 0.0, "robust_top10": false, "rank_tol150": 212.0, "rank_tol400": 199.0, "build_step": null }, "geometry": { "type": "Point", "coordinates": [ 174.774694, -41.296432 ] } },
{ "type": "Feature", "properties": { "rank": 201, "type": "crossing", "name": "Miramar Avenue at Chelsea Street", "where": "Miramar", "treatment": "Signalised crossing", "length_m": 0.0, "filled_m": null, "cost_low": 0.5, "cost": 0.8, "cost_high": 1.5, "dT_godutch": 0.0, "dT_ebike": 0.0, "dT_local": 0.0, "dT_census": 0.0, "dK_godutch": 0.0, "dT_pct_pts": 0.0, "dT_per_M": 0.0, "health_M_low": 0.0, "health_M_high": 0.0, "crashes": 1, "crashes_serious": 0, "plan": "Planned (WCC)", "facility_now": "unsignalised", "max_adt": 12593.0, "speed": 50.0, "one_way_share": 0.0, "gap_rank": 46, "rank_median": 147.0, "rank_p10": 140.0, "rank_p90": 148.0, "top10_share": 0.0, "robust_top10": false, "rank_tol150": 211.0, "rank_tol400": 198.0, "build_step": null }, "geometry": { "type": "Point", "coordinates": [ 174.818974200000014, -41.3174491 ] } },
{ "type": "Feature", "properties": { "rank": 202, "type": "crossing", "name": "Willis Street at Palmer Street", "where": "Te Aro", "treatment": "Signalised crossing", "length_m": 0.0, "filled_m": null, "cost_low": 0.5, "cost": 0.8, "cost_high": 1.5, "dT_godutch": 0.0, "dT_ebike": 0.0, "dT_local": 0.0, "dT_census": 0.0, "dK_godutch": 0.0, "dT_pct_pts": 0.0, "dT_per_M": 0.0, "health_M_low": 0.0, "health_M_high": 0.0, "crashes": 0, "crashes_serious": 0, "plan": "Unfunded (ex-LGWM)", "facility_now": "unsignalised", "max_adt": 10570.0, "speed": 50.0, "one_way_share": 0.0, "gap_rank": 45, "rank_median": 147.0, "rank_p10": 140.0, "rank_p90": 148.0, "top10_share": 0.0, "robust_top10": false, "rank_tol150": 210.0, "rank_tol400": 197.0, "build_step": null }, "geometry": { "type": "Point", "coordinates": [ 174.7710109, -41.2957603 ] } },
{ "type": "Feature", "properties": { "rank": 203, "type": "crossing", "name": "Tory Street at Holland Street", "where": "Te Aro", "treatment": "Signalised crossing", "length_m": 0.0, "filled_m": null, "cost_low": 0.5, "cost": 0.8, "cost_high": 1.5, "dT_godutch": 0.0, "dT_ebike": 0.0, "dT_local": 0.0, "dT_census": 0.0, "dK_godutch": 0.0, "dT_pct_pts": 0.0, "dT_per_M": 0.0, "health_M_low": 0.0, "health_M_high": 0.0, "crashes": 0, "crashes_serious": 0, "plan": "Unfunded (ex-LGWM)", "facility_now": "unsignalised", "max_adt": 8070.0, "speed": 30.0, "one_way_share": 0.0, "gap_rank": 44, "rank_median": 147.0, "rank_p10": 140.0, "rank_p90": 148.0, "top10_share": 0.0, "robust_top10": false, "rank_tol150": 209.0, "rank_tol400": 196.0, "build_step": null }, "geometry": { "type": "Point", "coordinates": [ 174.7806611, -41.2943683 ] } },
{ "type": "Feature", "properties": { "rank": 204, "type": "crossing", "name": "Queens Drive at Rua Street", "where": "Lyall Bay", "treatment": "Raised zebra / refuge", "length_m": 0.0, "filled_m": null, "cost_low": 0.15, "cost": 0.25, "cost_high": 0.4, "dT_godutch": 0.0, "dT_ebike": 0.0, "dT_local": 0.0, "dT_census": 0.0, "dK_godutch": 0.0, "dT_pct_pts": 0.0, "dT_per_M": 0.0, "health_M_low": 0.0, "health_M_high": 0.0, "crashes": 0, "crashes_serious": 0, "plan": "Not in plan", "facility_now": "unsignalised", "max_adt": 3160.0, "speed": 50.0, "one_way_share": 0.0, "gap_rank": 43, "rank_median": 147.0, "rank_p10": 140.0, "rank_p90": 148.0, "top10_share": 0.0, "robust_top10": false, "rank_tol150": 208.0, "rank_tol400": 195.0, "build_step": null }, "geometry": { "type": "Point", "coordinates": [ 174.791578500000014, -41.3301304 ] } },
{ "type": "Feature", "properties": { "rank": 205, "type": "crossing", "name": "Hobart Street at Chelsea Street", "where": "Miramar", "treatment": "Raised zebra / refuge", "length_m": 0.0, "filled_m": null, "cost_low": 0.15, "cost": 0.25, "cost_high": 0.4, "dT_godutch": 0.0, "dT_ebike": 0.0, "dT_local": 0.0, "dT_census": 0.0, "dK_godutch": 0.0, "dT_pct_pts": 0.0, "dT_per_M": 0.0, "health_M_low": 0.0, "health_M_high": 0.0, "crashes": 0, "crashes_serious": 0, "plan": "Planned (WCC)", "facility_now": "unsignalised", "max_adt": 2240.0, "speed": 50.0, "one_way_share": 0.0, "gap_rank": 42, "rank_median": 147.0, "rank_p10": 140.0, "rank_p90": 148.0, "top10_share": 0.0, "robust_top10": false, "rank_tol150": 207.0, "rank_tol400": 194.0, "build_step": null }, "geometry": { "type": "Point", "coordinates": [ 174.81474, -41.3190851 ] } },
{ "type": "Feature", "properties": { "rank": 206, "type": "crossing", "name": "Bassett Road at Bassett Road", "where": "Johnsonville", "treatment": "Raised zebra / refuge", "length_m": 0.0, "filled_m": null, "cost_low": 0.15, "cost": 0.25, "cost_high": 0.4, "dT_godutch": 0.0, "dT_ebike": 0.0, "dT_local": 0.0, "dT_census": 0.0, "dK_godutch": 0.0, "dT_pct_pts": 0.0, "dT_per_M": 0.0, "health_M_low": 0.0, "health_M_high": 0.0, "crashes": 0, "crashes_serious": 0, "plan": "Not in plan", "facility_now": "unsignalised", "max_adt": 5100.0, "speed": 50.0, "one_way_share": 0.0, "gap_rank": 41, "rank_median": 147.0, "rank_p10": 140.0, "rank_p90": 148.0, "top10_share": 0.0, "robust_top10": false, "rank_tol150": 206.0, "rank_tol400": 193.0, "build_step": null }, "geometry": { "type": "Point", "coordinates": [ 174.8074449, -41.2184267 ] } },
{ "type": "Feature", "properties": { "rank": 207, "type": "crossing", "name": "Boulcott Street at ", "where": "Wellington Central", "treatment": "Raised zebra / refuge", "length_m": 0.0, "filled_m": null, "cost_low": 0.15, "cost": 0.25, "cost_high": 0.4, "dT_godutch": 0.0, "dT_ebike": 0.0, "dT_local": 0.0, "dT_census": 0.0, "dK_godutch": 0.0, "dT_pct_pts": 0.0, "dT_per_M": 0.0, "health_M_low": 0.0, "health_M_high": 0.0, "crashes": 0, "crashes_serious": 0, "plan": "Not in plan", "facility_now": "unsignalised", "max_adt": 7268.0, "speed": 30.0, "one_way_share": 0.0, "gap_rank": 39, "rank_median": 147.0, "rank_p10": 140.0, "rank_p90": 148.0, "top10_share": 0.0, "robust_top10": false, "rank_tol150": 205.0, "rank_tol400": 191.0, "build_step": null }, "geometry": { "type": "Point", "coordinates": [ 174.774486599999989, -41.2868956 ] } },
{ "type": "Feature", "properties": { "rank": 208, "type": "crossing", "name": "Kemp Street at Kemp Street", "where": "Kilbirnie", "treatment": "Signalised crossing", "length_m": 0.0, "filled_m": null, "cost_low": 0.5, "cost": 0.8, "cost_high": 1.5, "dT_godutch": 0.0, "dT_ebike": 0.0, "dT_local": 0.0, "dT_census": 0.0, "dK_godutch": 0.0, "dT_pct_pts": 0.0, "dT_per_M": 0.0, "health_M_low": 0.0, "health_M_high": 0.0, "crashes": 0, "crashes_serious": 0, "plan": "Not in plan", "facility_now": "unsignalised", "max_adt": 10145.0, "speed": 50.0, "one_way_share": 0.0, "gap_rank": 38, "rank_median": 147.0, "rank_p10": 140.0, "rank_p90": 148.0, "top10_share": 0.0, "robust_top10": false, "rank_tol150": 204.0, "rank_tol400": 190.0, "build_step": null }, "geometry": { "type": "Point", "coordinates": [ 174.802208, -41.3182049 ] } },
{ "type": "Feature", "properties": { "rank": 209, "type": "crossing", "name": "Johnsonville Road at Burgess Road", "where": "Johnsonville", "treatment": "Signalised crossing", "length_m": 0.0, "filled_m": null, "cost_low": 0.5, "cost": 0.8, "cost_high": 1.5, "dT_godutch": 0.0, "dT_ebike": 0.0, "dT_local": 0.0, "dT_census": 0.0, "dK_godutch": 0.0, "dT_pct_pts": 0.0, "dT_per_M": 0.0, "health_M_low": 0.0, "health_M_high": 0.0, "crashes": 1, "crashes_serious": 0, "plan": "Planned (WCC)", "facility_now": "unsignalised", "max_adt": 15484.0, "speed": 50.0, "one_way_share": 0.0, "gap_rank": 35, "rank_median": 147.0, "rank_p10": 140.0, "rank_p90": 148.0, "top10_share": 0.0, "robust_top10": false, "rank_tol150": 201.0, "rank_tol400": 187.0, "build_step": null }, "geometry": { "type": "Point", "coordinates": [ 174.8074316, -41.2220494 ] } },
{ "type": "Feature", "properties": { "rank": 210, "type": "crossing", "name": "Southampton Road at Wexford Road", "where": "Miramar", "treatment": "Raised zebra / refuge", "length_m": 0.0, "filled_m": null, "cost_low": 0.15, "cost": 0.25, "cost_high": 0.4, "dT_godutch": 0.0, "dT_ebike": 0.0, "dT_local": 0.0, "dT_census": 0.0, "dK_godutch": 0.0, "dT_pct_pts": 0.0, "dT_per_M": 0.0, "health_M_low": 0.0, "health_M_high": 0.0, "crashes": 0, "crashes_serious": 0, "plan": "Not in plan", "facility_now": "unsignalised", "max_adt": 2110.0, "speed": 50.0, "one_way_share": 0.0, "gap_rank": 36, "rank_median": 147.0, "rank_p10": 140.0, "rank_p90": 148.0, "top10_share": 0.0, "robust_top10": false, "rank_tol150": 202.0, "rank_tol400": 188.0, "build_step": null }, "geometry": { "type": "Point", "coordinates": [ 174.8137168, -41.3195767 ] } },
{ "type": "Feature", "properties": { "rank": 211, "type": "crossing", "name": "Burma Road at Rangoon Street", "where": "Broadmeadows", "treatment": "Signalised crossing", "length_m": 0.0, "filled_m": null, "cost_low": 0.5, "cost": 0.8, "cost_high": 1.5, "dT_godutch": 0.0, "dT_ebike": 0.0, "dT_local": 0.0, "dT_census": 0.0, "dK_godutch": 0.0, "dT_pct_pts": 0.0, "dT_per_M": 0.0, "health_M_low": 0.0, "health_M_high": 0.0, "crashes": 0, "crashes_serious": 0, "plan": "Planned (WCC)", "facility_now": "unsignalised", "max_adt": 13676.0, "speed": 50.0, "one_way_share": 0.0, "gap_rank": 55, "rank_median": 147.0, "rank_p10": 140.0, "rank_p90": 148.0, "top10_share": 0.0, "robust_top10": false, "rank_tol150": 217.0, "rank_tol400": 207.0, "build_step": null }, "geometry": { "type": "Point", "coordinates": [ 174.796279199999987, -41.2392255 ] } },
{ "type": "Feature", "properties": { "rank": 212, "type": "crossing", "name": "Main Road at The Drive", "where": "Tawa", "treatment": "Signalised crossing", "length_m": 0.0, "filled_m": null, "cost_low": 0.5, "cost": 0.8, "cost_high": 1.5, "dT_godutch": 0.0, "dT_ebike": 0.0, "dT_local": 0.0, "dT_census": 0.0, "dK_godutch": 0.0, "dT_pct_pts": 0.0, "dT_per_M": 0.0, "health_M_low": 0.0, "health_M_high": 0.0, "crashes": 0, "crashes_serious": 0, "plan": "Not in plan", "facility_now": "unsignalised", "max_adt": 12470.0, "speed": 50.0, "one_way_share": 0.0, "gap_rank": 53, "rank_median": 147.0, "rank_p10": 140.0, "rank_p90": 148.0, "top10_share": 0.0, "robust_top10": false, "rank_tol150": 216.0, "rank_tol400": 205.0, "build_step": null }, "geometry": { "type": "Point", "coordinates": [ 174.824885599999988, -41.1753279 ] } },
{ "type": "Feature", "properties": { "rank": 213, "type": "crossing", "name": "Bing Lucas Drive at ", "where": "Takapu Valley", "treatment": "Raised zebra / refuge", "length_m": 0.0, "filled_m": null, "cost_low": 0.15, "cost": 0.25, "cost_high": 0.4, "dT_godutch": 0.0, "dT_ebike": 0.0, "dT_local": 0.0, "dT_census": 0.0, "dK_godutch": 0.0, "dT_pct_pts": 0.0, "dT_per_M": 0.0, "health_M_low": 0.0, "health_M_high": 0.0, "crashes": 0, "crashes_serious": 0, "plan": "Not in plan", "facility_now": "unsignalised", "max_adt": 2831.0, "speed": 50.0, "one_way_share": 0.0, "gap_rank": 52, "rank_median": 147.0, "rank_p10": 140.0, "rank_p90": 148.0, "top10_share": 0.0, "robust_top10": false, "rank_tol150": 215.0, "rank_tol400": 204.0, "build_step": null }, "geometry": { "type": "Point", "coordinates": [ 174.834699, -41.1810372 ] } },
{ "type": "Feature", "properties": { "rank": 214, "type": "crossing", "name": "Stewart Duff Drive at ", "where": "Miramar", "treatment": "Raised zebra / refuge", "length_m": 0.0, "filled_m": null, "cost_low": 0.15, "cost": 0.25, "cost_high": 0.4, "dT_godutch": 0.0, "dT_ebike": 0.0, "dT_local": 0.0, "dT_census": 0.0, "dK_godutch": 0.0, "dT_pct_pts": 0.0, "dT_per_M": 0.0, "health_M_low": 0.0, "health_M_high": 0.0, "crashes": 1, "crashes_serious": 1, "plan": "Not in plan", "facility_now": "unsignalised", "max_adt": 500.0, "speed": 50.0, "one_way_share": 0.0, "gap_rank": 50, "rank_median": 147.0, "rank_p10": 140.0, "rank_p90": 148.0, "top10_share": 0.0, "robust_top10": false, "rank_tol150": 213.0, "rank_tol400": 202.0, "build_step": null }, "geometry": { "type": "Point", "coordinates": [ 174.8105947, -41.3260789 ] } },
{ "type": "Feature", "properties": { "rank": 215, "type": "crossing", "name": "Majoribanks Street at Roxburgh Street", "where": "Mt Victoria", "treatment": "Raised zebra / refuge", "length_m": 0.0, "filled_m": null, "cost_low": 0.15, "cost": 0.25, "cost_high": 0.4, "dT_godutch": 0.0, "dT_ebike": 0.0, "dT_local": 0.0, "dT_census": 0.0, "dK_godutch": 0.0, "dT_pct_pts": 0.0, "dT_per_M": 0.0, "health_M_low": 0.0, "health_M_high": 0.0, "crashes": 0, "crashes_serious": 0, "plan": "Not in plan", "facility_now": "unsignalised", "max_adt": 6380.0, "speed": 50.0, "one_way_share": 0.0, "gap_rank": 64, "rank_median": 147.0, "rank_p10": 140.0, "rank_p90": 148.0, "top10_share": 0.0, "robust_top10": false, "rank_tol150": 220.0, "rank_tol400": 214.0, "build_step": null }, "geometry": { "type": "Point", "coordinates": [ 174.7848866, -41.294284 ] } },
{ "type": "Feature", "properties": { "rank": 216, "type": "crossing", "name": "Ohiro Road at Ohiro Road, Brooklyn Road", "where": "Brooklyn", "treatment": "Signalised crossing", "length_m": 0.0, "filled_m": null, "cost_low": 0.5, "cost": 0.8, "cost_high": 1.5, "dT_godutch": 0.0, "dT_ebike": 0.0, "dT_local": 0.0, "dT_census": 0.0, "dK_godutch": 0.0, "dT_pct_pts": 0.0, "dT_per_M": 0.0, "health_M_low": 0.0, "health_M_high": 0.0, "crashes": 3, "crashes_serious": 0, "plan": "Planned (WCC)", "facility_now": "unsignalised", "max_adt": 12265.0, "speed": 50.0, "one_way_share": 0.0, "gap_rank": 63, "rank_median": 147.0, "rank_p10": 140.0, "rank_p90": 148.0, "top10_share": 0.0, "robust_top10": false, "rank_tol150": 95.0, "rank_tol400": 36.0, "build_step": null }, "geometry": { "type": "Point", "coordinates": [ 174.7642813, -41.3027846 ] } },
{ "type": "Feature", "properties": { "rank": 217, "type": "crossing", "name": "Main Road at Boscobel Lane", "where": "Tawa", "treatment": "Signalised crossing", "length_m": 0.0, "filled_m": null, "cost_low": 0.5, "cost": 0.8, "cost_high": 1.5, "dT_godutch": 0.0, "dT_ebike": 0.0, "dT_local": 0.0, "dT_census": 0.0, "dK_godutch": 0.0, "dT_pct_pts": 0.0, "dT_per_M": 0.0, "health_M_low": 0.0, "health_M_high": 0.0, "crashes": 0, "crashes_serious": 0, "plan": "Not in plan", "facility_now": "unsignalised", "max_adt": 19840.0, "speed": 50.0, "one_way_share": 0.0, "gap_rank": 59, "rank_median": 147.0, "rank_p10": 140.0, "rank_p90": 148.0, "top10_share": 0.0, "robust_top10": false, "rank_tol150": 219.0, "rank_tol400": 211.0, "build_step": null }, "geometry": { "type": "Point", "coordinates": [ 174.8258716, -41.1844108 ] } },
{ "type": "Feature", "properties": { "rank": 218, "type": "crossing", "name": "Wha Street at Palm Avenue", "where": "Lyall Bay", "treatment": "Raised zebra / refuge", "length_m": 0.0, "filled_m": null, "cost_low": 0.15, "cost": 0.25, "cost_high": 0.4, "dT_godutch": 0.0, "dT_ebike": 0.0, "dT_local": 0.0, "dT_census": 0.0, "dK_godutch": 0.0, "dT_pct_pts": 0.0, "dT_per_M": 0.0, "health_M_low": 0.0, "health_M_high": 0.0, "crashes": 0, "crashes_serious": 0, "plan": "Not in plan", "facility_now": "unsignalised", "max_adt": 1630.0, "speed": 50.0, "one_way_share": 0.0, "gap_rank": 60, "rank_median": 147.0, "rank_p10": 140.0, "rank_p90": 148.0, "top10_share": 0.0, "robust_top10": false, "rank_tol150": 122.0, "rank_tol400": 212.0, "build_step": null }, "geometry": { "type": "Point", "coordinates": [ 174.794449500000013, -41.325754200000013 ] } },
{ "type": "Feature", "properties": { "rank": 219, "type": "crossing", "name": "Burma Road at Fraser Avenue", "where": "Broadmeadows", "treatment": "Signalised crossing", "length_m": 0.0, "filled_m": null, "cost_low": 0.5, "cost": 0.8, "cost_high": 1.5, "dT_godutch": 0.0, "dT_ebike": 0.0, "dT_local": 0.0, "dT_census": 0.0, "dK_godutch": 0.0, "dT_pct_pts": 0.0, "dT_per_M": 0.0, "health_M_low": 0.0, "health_M_high": 0.0, "crashes": 0, "crashes_serious": 0, "plan": "Planned (WCC)", "facility_now": "unsignalised", "max_adt": 14276.0, "speed": 50.0, "one_way_share": 0.0, "gap_rank": 57, "rank_median": 147.0, "rank_p10": 140.0, "rank_p90": 148.0, "top10_share": 0.0, "robust_top10": false, "rank_tol150": 218.0, "rank_tol400": 209.0, "build_step": null }, "geometry": { "type": "Point", "coordinates": [ 174.7981129, -41.2371669 ] } },
{ "type": "Feature", "properties": { "rank": 220, "type": "crossing", "name": "Takapu Road at ", "where": "Grenada North", "treatment": "Signalised crossing", "length_m": 0.0, "filled_m": null, "cost_low": 0.5, "cost": 0.8, "cost_high": 1.5, "dT_godutch": 0.0, "dT_ebike": 0.0, "dT_local": 0.0, "dT_census": 0.0, "dK_godutch": 0.0, "dT_pct_pts": 0.0, "dT_per_M": 0.0, "health_M_low": 0.0, "health_M_high": 0.0, "crashes": 0, "crashes_serious": 0, "plan": "Not in plan", "facility_now": "unsignalised", "max_adt": 7015.0, "speed": 70.0, "one_way_share": 0.0, "gap_rank": 51, "rank_median": 147.0, "rank_p10": 140.0, "rank_p90": 148.0, "top10_share": 0.0, "robust_top10": false, "rank_tol150": 214.0, "rank_tol400": 203.0, "build_step": null }, "geometry": { "type": "Point", "coordinates": [ 174.8335347, -41.1824609 ] } },
{ "type": "Feature", "properties": { "rank": 221, "type": "crossing", "name": "Crofton Road at Old Porirua Road", "where": "Ngaio", "treatment": "Raised zebra / refuge", "length_m": 0.0, "filled_m": null, "cost_low": 0.15, "cost": 0.25, "cost_high": 0.4, "dT_godutch": 0.0, "dT_ebike": 0.0, "dT_local": 0.0, "dT_census": 0.0, "dK_godutch": 0.0, "dT_pct_pts": 0.0, "dT_per_M": 0.0, "health_M_low": 0.0, "health_M_high": 0.0, "crashes": 0, "crashes_serious": 0, "plan": "Not in plan", "facility_now": "unsignalised", "max_adt": 2900.0, "speed": 50.0, "one_way_share": 0.0, "gap_rank": 67, "rank_median": 147.0, "rank_p10": 140.0, "rank_p90": 148.0, "top10_share": 0.0, "robust_top10": false, "rank_tol150": 65.0, "rank_tol400": 217.0, "build_step": null }, "geometry": { "type": "Point", "coordinates": [ 174.7760405, -41.2547484 ] } },
{ "type": "Feature", "properties": { "rank": 222, "type": "crossing", "name": "Boulcott Street at ", "where": "Wellington Central", "treatment": "Raised zebra / refuge", "length_m": 0.0, "filled_m": null, "cost_low": 0.15, "cost": 0.25, "cost_high": 0.4, "dT_godutch": 0.0, "dT_ebike": 0.0, "dT_local": 0.0, "dT_census": 0.0, "dK_godutch": 0.0, "dT_pct_pts": 0.0, "dT_per_M": 0.0, "health_M_low": 0.0, "health_M_high": 0.0, "crashes": 1, "crashes_serious": 0, "plan": "Not in plan", "facility_now": "unsignalised", "max_adt": 7268.0, "speed": 30.0, "one_way_share": 0.0, "gap_rank": 65, "rank_median": 147.0, "rank_p10": 140.0, "rank_p90": 148.0, "top10_share": 0.0, "robust_top10": false, "rank_tol150": 221.0, "rank_tol400": 215.0, "build_step": null }, "geometry": { "type": "Point", "coordinates": [ 174.7743171, -41.2861852 ] } },
{ "type": "Feature", "properties": { "rank": 223, "type": "crossing", "name": "Cockayne Road at Lucknow Terrace", "where": "Khandallah", "treatment": "Raised zebra / refuge", "length_m": 0.0, "filled_m": null, "cost_low": 0.15, "cost": 0.25, "cost_high": 0.4, "dT_godutch": 0.0, "dT_ebike": 0.0, "dT_local": 0.0, "dT_census": 0.0, "dK_godutch": 0.0, "dT_pct_pts": 0.0, "dT_per_M": 0.0, "health_M_low": 0.0, "health_M_high": 0.0, "crashes": 0, "crashes_serious": 0, "plan": "Not in plan", "facility_now": "unsignalised", "max_adt": 3944.0, "speed": 50.0, "one_way_share": 0.0, "gap_rank": 72, "rank_median": 147.0, "rank_p10": 140.0, "rank_p90": 148.0, "top10_share": 0.0, "robust_top10": false, "rank_tol150": 6.0, "rank_tol400": 222.0, "build_step": null }, "geometry": { "type": "Point", "coordinates": [ 174.786802500000022, -41.2492771 ] } },
{ "type": "Feature", "properties": { "rank": 224, "type": "crossing", "name": "Stewart Duff Drive at ", "where": "Rongotai", "treatment": "Raised zebra / refuge", "length_m": 0.0, "filled_m": null, "cost_low": 0.15, "cost": 0.25, "cost_high": 0.4, "dT_godutch": 0.0, "dT_ebike": 0.0, "dT_local": 0.0, "dT_census": 0.0, "dK_godutch": 0.0, "dT_pct_pts": 0.0, "dT_per_M": 0.0, "health_M_low": 0.0, "health_M_high": 0.0, "crashes": 0, "crashes_serious": 0, "plan": "Not in plan", "facility_now": "unsignalised", "max_adt": 500.0, "speed": 50.0, "one_way_share": 0.0, "gap_rank": 71, "rank_median": 147.0, "rank_p10": 140.0, "rank_p90": 148.0, "top10_share": 0.0, "robust_top10": false, "rank_tol150": 224.0, "rank_tol400": 221.0, "build_step": null }, "geometry": { "type": "Point", "coordinates": [ 174.813116799999989, -41.3280883 ] } },
{ "type": "Feature", "properties": { "rank": 225, "type": "crossing", "name": "Adelaide Road at Stoke Street", "where": "Newtown", "treatment": "Signalised crossing", "length_m": 0.0, "filled_m": null, "cost_low": 0.5, "cost": 0.8, "cost_high": 1.5, "dT_godutch": 0.0, "dT_ebike": 0.0, "dT_local": 0.0, "dT_census": 0.0, "dK_godutch": 0.0, "dT_pct_pts": 0.0, "dT_per_M": 0.0, "health_M_low": 0.0, "health_M_high": 0.0, "crashes": 1, "crashes_serious": 0, "plan": "Not in plan", "facility_now": "unsignalised", "max_adt": 10842.0, "speed": 50.0, "one_way_share": 0.0, "gap_rank": 69, "rank_median": 147.0, "rank_p10": 140.0, "rank_p90": 148.0, "top10_share": 0.0, "robust_top10": false, "rank_tol150": 222.0, "rank_tol400": 219.0, "build_step": null }, "geometry": { "type": "Point", "coordinates": [ 174.775865, -41.313964599999984 ] } },
{ "type": "Feature", "properties": { "rank": 226, "type": "crossing", "name": "Upland Road at St. Michael's Crescent", "where": "Kelburn", "treatment": "Signalised crossing", "length_m": 0.0, "filled_m": null, "cost_low": 0.5, "cost": 0.8, "cost_high": 1.5, "dT_godutch": 0.0, "dT_ebike": 0.0, "dT_local": 0.0, "dT_census": 0.0, "dK_godutch": 0.0, "dT_pct_pts": 0.0, "dT_per_M": 0.0, "health_M_low": 0.0, "health_M_high": 0.0, "crashes": 0, "crashes_serious": 0, "plan": "Planned (WCC)", "facility_now": "unsignalised", "max_adt": 9475.0, "speed": 50.0, "one_way_share": 0.0, "gap_rank": 74, "rank_median": 147.0, "rank_p10": 140.0, "rank_p90": 148.0, "top10_share": 0.0, "robust_top10": false, "rank_tol150": 225.0, "rank_tol400": 224.0, "build_step": null }, "geometry": { "type": "Point", "coordinates": [ 174.76320640000003, -41.2892317 ] } },
{ "type": "Feature", "properties": { "rank": 227, "type": "crossing", "name": "Tirangi Road at McGregor Street", "where": "Rongotai", "treatment": "Raised zebra / refuge", "length_m": 0.0, "filled_m": null, "cost_low": 0.15, "cost": 0.25, "cost_high": 0.4, "dT_godutch": 0.0, "dT_ebike": 0.0, "dT_local": 0.0, "dT_census": 0.0, "dK_godutch": 0.0, "dT_pct_pts": 0.0, "dT_per_M": 0.0, "health_M_low": 0.0, "health_M_high": 0.0, "crashes": 0, "crashes_serious": 0, "plan": "Not in plan", "facility_now": "unsignalised", "max_adt": 4798.0, "speed": 50.0, "one_way_share": 0.0, "gap_rank": 76, "rank_median": 147.0, "rank_p10": 140.0, "rank_p90": 148.0, "top10_share": 0.0, "robust_top10": false, "rank_tol150": 227.0, "rank_tol400": 226.0, "build_step": null }, "geometry": { "type": "Point", "coordinates": [ 174.8018806, -41.3272988 ] } },
{ "type": "Feature", "properties": { "rank": 228, "type": "crossing", "name": "Victoria Street at Bond Street", "where": "Te Aro", "treatment": "Signalised crossing", "length_m": 0.0, "filled_m": null, "cost_low": 0.5, "cost": 0.8, "cost_high": 1.5, "dT_godutch": 0.0, "dT_ebike": 0.0, "dT_local": 0.0, "dT_census": 0.0, "dK_godutch": 0.0, "dT_pct_pts": 0.0, "dT_per_M": 0.0, "health_M_low": 0.0, "health_M_high": 0.0, "crashes": 0, "crashes_serious": 0, "plan": "Unfunded (ex-LGWM)", "facility_now": "unsignalised", "max_adt": 9063.0, "speed": 30.0, "one_way_share": 0.0, "gap_rank": 77, "rank_median": 147.0, "rank_p10": 140.0, "rank_p90": 148.0, "top10_share": 0.0, "robust_top10": false, "rank_tol150": 228.0, "rank_tol400": 227.0, "build_step": null }, "geometry": { "type": "Point", "coordinates": [ 174.7759528, -41.289399 ] } },
{ "type": "Feature", "properties": { "rank": 229, "type": "crossing", "name": "John Street at ", "where": "Mt Cook", "treatment": "Signalised crossing", "length_m": 0.0, "filled_m": null, "cost_low": 0.5, "cost": 0.8, "cost_high": 1.5, "dT_godutch": 0.0, "dT_ebike": 0.0, "dT_local": 0.0, "dT_census": 0.0, "dK_godutch": 0.0, "dT_pct_pts": 0.0, "dT_per_M": 0.0, "health_M_low": 0.0, "health_M_high": 0.0, "crashes": 0, "crashes_serious": 0, "plan": "Unfunded (ex-LGWM)", "facility_now": "unsignalised", "max_adt": 17050.0, "speed": 50.0, "one_way_share": 0.0, "gap_rank": 79, "rank_median": 147.0, "rank_p10": 140.0, "rank_p90": 148.0, "top10_share": 0.0, "robust_top10": false, "rank_tol150": 229.0, "rank_tol400": 229.0, "build_step": null }, "geometry": { "type": "Point", "coordinates": [ 174.775052499999987, -41.3074958 ] } },
{ "type": "Feature", "properties": { "rank": 230, "type": "crossing", "name": "Abel Smith Street at Inverlochy Place", "where": "Aro Valley", "treatment": "Raised zebra / refuge", "length_m": 0.0, "filled_m": null, "cost_low": 0.15, "cost": 0.25, "cost_high": 0.4, "dT_godutch": 0.0, "dT_ebike": 0.0, "dT_local": 0.0, "dT_census": 0.0, "dK_godutch": 0.0, "dT_pct_pts": 0.0, "dT_per_M": 0.0, "health_M_low": 0.0, "health_M_high": 0.0, "crashes": 0, "crashes_serious": 0, "plan": "Not in plan", "facility_now": "unsignalised", "max_adt": 2780.0, "speed": 50.0, "one_way_share": 0.0, "gap_rank": 80, "rank_median": 147.0, "rank_p10": 140.0, "rank_p90": 148.0, "top10_share": 0.0, "robust_top10": false, "rank_tol150": 230.0, "rank_tol400": 230.0, "build_step": null }, "geometry": { "type": "Point", "coordinates": [ 174.770006, -41.2949294 ] } }
]
}
