{
"type": "FeatureCollection",
"name": "cycle_plan_packages",
"crs": { "type": "name", "properties": { "name": "urn:ogc:def:crs:OGC:1.3:CRS84" } },
"features": [
{ "type": "Feature", "properties": { "package": "Aro Valley routes", "suburb": "Aro Valley", "projects": "Willis Street; Aro Street; Customhouse Quay", "n_projects": 3, "cost": 4.1992135683321425, "cost_low": 1.9683813601556914, "cost_high": 8.9233288327058009, "extra_riders": 1183.5110264225318, "riders_per_M": 281.84111314266937, "build_step": 1.0 }, "geometry": { "type": "MultiLineString", "coordinates": [ [ [ 174.774698300000011, -41.2891644 ], [ 174.7752602, -41.2882083 ] ], [ [ 174.774698300000011, -41.2891644 ], [ 174.774406900000031, -41.2896824 ] ], [ [ 174.770634699999988, -41.2964583 ], [ 174.7708145, -41.296117 ] ], [ [ 174.772060100000033, -41.293851 ], [ 174.7722143, -41.2935989 ] ], [ [ 174.7722143, -41.2935989 ], [ 174.7726791, -41.2927584 ] ], [ [ 174.770634699999988, -41.2964583 ], [ 174.7705996, -41.2962824 ] ], [ [ 174.7752602, -41.2882083 ], [ 174.776125799999988, -41.2866726 ] ], [ [ 174.7712295, -41.2953352 ], [ 174.7716129, -41.2946282 ] ], [ [ 174.7716129, -41.2946282 ], [ 174.7718749, -41.2941852 ] ], [ [ 174.7718749, -41.2941852 ], [ 174.771880399999986, -41.2941674 ] ], [ [ 174.771880399999986, -41.2941674 ], [ 174.772026, -41.2939086 ] ], [ [ 174.772026, -41.2939086 ], [ 174.772060100000033, -41.293851 ] ], [ [ 174.774406900000031, -41.2896824 ], [ 174.7743691, -41.2897448 ] ], [ [ 174.7743691, -41.2897448 ], [ 174.7743481, -41.2897819 ] ], [ [ 174.7743481, -41.2897819 ], [ 174.7737514, -41.2908406 ] ], [ [ 174.7737514, -41.2908406 ], [ 174.773145699999986, -41.2919081 ] ], [ [ 174.773145699999986, -41.2919081 ], [ 174.773047100000014, -41.2920939 ] ], [ [ 174.7708145, -41.296117 ], [ 174.7710109, -41.2957603 ] ], [ [ 174.7710109, -41.2957603 ], [ 174.771163300000012, -41.295462399999984 ] ], [ [ 174.7726791, -41.2927584 ], [ 174.7729051, -41.2923401 ] ], [ [ 174.776125799999988, -41.2866726 ], [ 174.776248200000026, -41.286455399999987 ] ], [ [ 174.7704474, -41.296800899999987 ], [ 174.770634699999988, -41.2964583 ] ], [ [ 174.773047100000014, -41.2920939 ], [ 174.7729051, -41.2923401 ] ], [ [ 174.770565, -41.2961741 ], [ 174.7708145, -41.296117 ] ], [ [ 174.7674314, -41.295377 ], [ 174.767352499999987, -41.2953724 ] ], [ [ 174.767352499999987, -41.2953724 ], [ 174.7665557, -41.295326 ] ], [ [ 174.7665557, -41.295326 ], [ 174.7661871, -41.2953046 ] ], [ [ 174.7705996, -41.2962824 ], [ 174.7703294, -41.2961487 ] ], [ [ 174.7661871, -41.2953046 ], [ 174.7641303, -41.2951818 ] ], [ [ 174.7703294, -41.2961487 ], [ 174.7700518, -41.2960695 ] ], [ [ 174.7641303, -41.2951818 ], [ 174.763825700000012, -41.2951385 ], [ 174.7634969, -41.2948819 ] ], [ [ 174.7703294, -41.2961487 ], [ 174.770565, -41.2961741 ] ], [ [ 174.7700518, -41.2960695 ], [ 174.7697707, -41.2959849 ] ], [ [ 174.767594, -41.2953864 ], [ 174.7674314, -41.295377 ] ], [ [ 174.7695941, -41.2959292 ], [ 174.7692409, -41.2958177 ] ], [ [ 174.7697707, -41.2959849 ], [ 174.7695941, -41.2959292 ] ], [ [ 174.7767179, -41.2855926 ], [ 174.77708, -41.284961 ] ], [ [ 174.776248200000026, -41.286455399999987 ], [ 174.776571300000029, -41.2858815 ] ], [ [ 174.7789392, -41.2819616 ], [ 174.7787875, -41.2821829 ] ], [ [ 174.77807390000001, -41.2831999 ], [ 174.7783992, -41.2826108 ] ], [ [ 174.7783992, -41.2826108 ], [ 174.778558, -41.2822862 ] ], [ [ 174.77708, -41.284961 ], [ 174.7774049, -41.284366100000014 ] ], [ [ 174.7774049, -41.284366100000014 ], [ 174.7774947, -41.2842091 ], [ 174.7776054, -41.284158 ] ], [ [ 174.7776054, -41.284158 ], [ 174.7777422, -41.2837898 ] ], [ [ 174.7777422, -41.2837898 ], [ 174.77807390000001, -41.2831999 ] ], [ [ 174.7787078, -41.282015 ], [ 174.7789517, -41.2817322 ] ], [ [ 174.7790445, -41.2818381 ], [ 174.7789392, -41.2819616 ] ], [ [ 174.7785337, -41.2826562 ], [ 174.7782139, -41.283245799999989 ] ], [ [ 174.776571300000029, -41.2858815 ], [ 174.7767179, -41.2855926 ] ], [ [ 174.7782139, -41.283245799999989 ], [ 174.7778906, -41.283842899999989 ] ], [ [ 174.7787875, -41.2821829 ], [ 174.7785337, -41.2826562 ] ], [ [ 174.7778906, -41.283842899999989 ], [ 174.7777812, -41.2841892 ] ], [ [ 174.778558, -41.2822862 ], [ 174.7787078, -41.282015 ] ] ] } },
{ "type": "Feature", "properties": { "package": "Rongotai routes", "suburb": "Rongotai", "projects": "Miro Street; Kedah Street; Coutts Street; Kauri Street; Hamilton Road; Wexford Road; Taurima Street; Moxham Avenue; (unnamed link); Kupe Street", "n_projects": 10, "cost": 3.6468828360171974, "cost_low": 1.7073238424177086, "cost_high": 7.4415466187549741, "extra_riders": 892.4205110210853, "riders_per_M": 244.70775485502242, "build_step": 2.0 }, "geometry": { "type": "MultiLineString", "coordinates": [ [ [ 174.8102337, -41.3229278 ], [ 174.810951, -41.321068 ] ], [ [ 174.8093546, -41.3253203 ], [ 174.809447900000038, -41.3253911 ], [ 174.810088, -41.325392899999983 ] ], [ [ 174.8093546, -41.3253203 ], [ 174.8094988, -41.324855599999985 ] ], [ [ 174.809578100000039, -41.3246728 ], [ 174.8102337, -41.3229278 ] ], [ [ 174.8125995, -41.3234512 ], [ 174.811412900000022, -41.3231894 ] ], [ [ 174.811412900000022, -41.3231894 ], [ 174.8102337, -41.3229278 ] ], [ [ 174.8102337, -41.3229278 ], [ 174.8092608, -41.3227125 ] ], [ [ 174.8057521, -41.3243235 ], [ 174.8054498, -41.3241772 ] ], [ [ 174.8054498, -41.3241772 ], [ 174.8049361, -41.3239286 ] ], [ [ 174.8049361, -41.3239286 ], [ 174.8043553, -41.3236475 ] ], [ [ 174.8043553, -41.3236475 ], [ 174.804183099999989, -41.3235642 ] ], [ [ 174.8105922, -41.3253848 ], [ 174.811412900000022, -41.3231894 ] ], [ [ 174.811412900000022, -41.3231894 ], [ 174.8121356, -41.3213301 ] ], [ [ 174.8121356, -41.3213301 ], [ 174.812633299999987, -41.320031099999987 ] ], [ [ 174.7936297, -41.311607799999983 ], [ 174.793609800000013, -41.3111079 ], [ 174.793497800000011, -41.3109271 ], [ 174.7930302, -41.3104578 ] ], [ [ 174.7930302, -41.3104578 ], [ 174.7931324, -41.310004299999989 ], [ 174.7930632, -41.3097868 ] ], [ [ 174.7930632, -41.3097868 ], [ 174.7930249, -41.309539 ], [ 174.7933678, -41.3090587 ] ], [ [ 174.7933678, -41.3090587 ], [ 174.7942348, -41.3083071 ], [ 174.794418799999988, -41.3078551 ] ], [ [ 174.794418799999988, -41.3078551 ], [ 174.7945636, -41.3074843 ], [ 174.794957, -41.3071393 ], [ 174.7949839, -41.3069987 ], [ 174.7948653, -41.3067388 ], [ 174.7951046, -41.3063842 ] ], [ [ 174.7951046, -41.3063842 ], [ 174.7958817, -41.3057784 ] ], [ [ 174.7958817, -41.3057784 ], [ 174.7960885, -41.3056665 ], [ 174.796526300000011, -41.305589 ] ], [ [ 174.79350740000001, -41.3120116 ], [ 174.7936297, -41.311607799999983 ] ], [ [ 174.812633299999987, -41.320031099999987 ], [ 174.81192870000001, -41.3200764 ], [ 174.8114008, -41.32029330000001 ], [ 174.8112161, -41.3202845 ], [ 174.8110675, -41.3202118 ], [ 174.8109933, -41.3200826 ], [ 174.8110531, -41.319692 ], [ 174.8114103, -41.319206 ], [ 174.811399099999988, -41.3189255 ], [ 174.8113156, -41.3188707 ], [ 174.8105773, -41.3187029 ], [ 174.809883, -41.3183102 ] ], [ [ 174.812633299999987, -41.320031099999987 ], [ 174.8137168, -41.3195767 ] ], [ [ 174.8137168, -41.3195767 ], [ 174.813880399999988, -41.3195053 ] ], [ [ 174.813880399999988, -41.3195053 ], [ 174.8145759, -41.3192742 ] ], [ [ 174.792876, -41.304493 ], [ 174.7930997, -41.3044942 ] ], [ [ 174.7930997, -41.3044942 ], [ 174.793297, -41.304513 ] ], [ [ 174.793297, -41.304513 ], [ 174.793897500000014, -41.3046225 ] ], [ [ 174.792274600000013, -41.304507 ], [ 174.7925689, -41.3047381 ] ], [ [ 174.7925689, -41.3047381 ], [ 174.7927041, -41.3049511 ] ], [ [ 174.7921815, -41.3097848 ], [ 174.7920422, -41.3099779 ] ], [ [ 174.7936224, -41.3054341 ], [ 174.793423, -41.3060209 ] ], [ [ 174.793423, -41.3060209 ], [ 174.792931, -41.3075497 ] ], [ [ 174.792931, -41.3075497 ], [ 174.7924682, -41.3088824 ] ], [ [ 174.7924682, -41.3088824 ], [ 174.79220380000001, -41.3095972 ], [ 174.7921815, -41.3097848 ] ], [ [ 174.793897500000014, -41.3046225 ], [ 174.7936224, -41.3054341 ] ], [ [ 174.7933634, -41.3123706 ], [ 174.793338799999987, -41.3121822 ], [ 174.793252700000011, -41.312062799999985 ] ], [ [ 174.793801300000013, -41.312187299999984 ], [ 174.7935091, -41.312255299999983 ], [ 174.7933634, -41.3123706 ] ], [ [ 174.7955454, -41.3128377 ], [ 174.795433, -41.31262430000001 ], [ 174.7950892, -41.312439 ] ], [ [ 174.7934735, -41.3121136 ], [ 174.79350740000001, -41.3120116 ] ], [ [ 174.792291, -41.3099246 ], [ 174.7921786, -41.3099186 ], [ 174.7920422, -41.3099779 ] ], [ [ 174.7952516, -41.3123544 ], [ 174.7955667, -41.3122684 ] ], [ [ 174.7930302, -41.3104578 ], [ 174.792291, -41.3099246 ] ], [ [ 174.792291, -41.3099246 ], [ 174.7921815, -41.3097848 ] ] ] } },
{ "type": "Feature", "properties": { "package": "Te Aro routes", "suburb": "Te Aro", "projects": "Willis Street; Taranaki Street; Customhouse Quay; Jervois Quay", "n_projects": 4, "cost": 7.66260855133382, "cost_low": 3.5918477584377282, "cost_high": 16.283043171584367, "extra_riders": 1642.8722292589257, "riders_per_M": 214.40116877338764, "build_step": null }, "geometry": { "type": "MultiLineString", "coordinates": [ [ [ 174.774698300000011, -41.2891644 ], [ 174.7752602, -41.2882083 ] ], [ [ 174.774698300000011, -41.2891644 ], [ 174.774406900000031, -41.2896824 ] ], [ [ 174.770634699999988, -41.2964583 ], [ 174.7708145, -41.296117 ] ], [ [ 174.772060100000033, -41.293851 ], [ 174.7722143, -41.2935989 ] ], [ [ 174.7722143, -41.2935989 ], [ 174.7726791, -41.2927584 ] ], [ [ 174.770634699999988, -41.2964583 ], [ 174.7705996, -41.2962824 ] ], [ [ 174.7752602, -41.2882083 ], [ 174.776125799999988, -41.2866726 ] ], [ [ 174.7712295, -41.2953352 ], [ 174.7716129, -41.2946282 ] ], [ [ 174.7716129, -41.2946282 ], [ 174.7718749, -41.2941852 ] ], [ [ 174.7718749, -41.2941852 ], [ 174.771880399999986, -41.2941674 ] ], [ [ 174.771880399999986, -41.2941674 ], [ 174.772026, -41.2939086 ] ], [ [ 174.772026, -41.2939086 ], [ 174.772060100000033, -41.293851 ] ], [ [ 174.774406900000031, -41.2896824 ], [ 174.7743691, -41.2897448 ] ], [ [ 174.7743691, -41.2897448 ], [ 174.7743481, -41.2897819 ] ], [ [ 174.7743481, -41.2897819 ], [ 174.7737514, -41.2908406 ] ], [ [ 174.7737514, -41.2908406 ], [ 174.773145699999986, -41.2919081 ] ], [ [ 174.773145699999986, -41.2919081 ], [ 174.773047100000014, -41.2920939 ] ], [ [ 174.7708145, -41.296117 ], [ 174.7710109, -41.2957603 ] ], [ [ 174.7710109, -41.2957603 ], [ 174.771163300000012, -41.295462399999984 ] ], [ [ 174.7726791, -41.2927584 ], [ 174.7729051, -41.2923401 ] ], [ [ 174.776125799999988, -41.2866726 ], [ 174.776248200000026, -41.286455399999987 ] ], [ [ 174.7704474, -41.296800899999987 ], [ 174.770634699999988, -41.2964583 ] ], [ [ 174.773047100000014, -41.2920939 ], [ 174.7729051, -41.2923401 ] ], [ [ 174.7740263, -41.3017587 ], [ 174.773982600000039, -41.3016771 ] ], [ [ 174.7799463, -41.2906463 ], [ 174.7797883, -41.2909063 ] ], [ [ 174.778889099999986, -41.2924322 ], [ 174.7786433, -41.2928461 ] ], [ [ 174.7796322, -41.2911466 ], [ 174.7791575, -41.2919515 ] ], [ [ 174.7774, -41.2950108 ], [ 174.7775886, -41.2946804 ] ], [ [ 174.7775886, -41.2946804 ], [ 174.7777726, -41.2943441 ] ], [ [ 174.7739879, -41.30125240000001 ], [ 174.7746253, -41.3000907 ] ], [ [ 174.7746253, -41.3000907 ], [ 174.775270799999987, -41.2989063 ] ], [ [ 174.773982600000039, -41.3016771 ], [ 174.7739501, -41.3014488 ] ], [ [ 174.7739501, -41.3014488 ], [ 174.7739879, -41.30125240000001 ] ], [ [ 174.7758791, -41.297738899999985 ], [ 174.776107599999989, -41.2973278 ] ], [ [ 174.776107599999989, -41.2973278 ], [ 174.776313499999986, -41.2969454 ] ], [ [ 174.775270799999987, -41.2989063 ], [ 174.775378600000039, -41.2986087 ] ], [ [ 174.775378600000039, -41.2986087 ], [ 174.7754864, -41.2984036 ] ], [ [ 174.775813699999986, -41.2978557 ], [ 174.7758117, -41.2979422 ] ], [ [ 174.7758117, -41.2979422 ], [ 174.7757963, -41.2979717 ] ], [ [ 174.7757963, -41.2979717 ], [ 174.7757911, -41.2979815 ] ], [ [ 174.7757911, -41.2979815 ], [ 174.775568099999987, -41.2984281 ] ], [ [ 174.7754864, -41.2984036 ], [ 174.775574, -41.2982193 ] ], [ [ 174.775568099999987, -41.2984281 ], [ 174.775270799999987, -41.2989063 ] ], [ [ 174.7797883, -41.2909063 ], [ 174.7796322, -41.2911466 ] ], [ [ 174.775574, -41.2982193 ], [ 174.775730600000031, -41.2979168 ] ], [ [ 174.780075400000015, -41.2904307 ], [ 174.7799463, -41.2906463 ] ], [ [ 174.7767801, -41.2961403 ], [ 174.77682630000001, -41.2960588 ] ], [ [ 174.77682630000001, -41.2960588 ], [ 174.777141, -41.2954939 ] ], [ [ 174.7783937, -41.2932681 ], [ 174.7781119, -41.293755299999987 ] ], [ [ 174.7791575, -41.2919515 ], [ 174.778889099999986, -41.2924322 ] ], [ [ 174.776313499999986, -41.2969454 ], [ 174.7764008, -41.2967857 ] ], [ [ 174.7764008, -41.2967857 ], [ 174.776591599999989, -41.2964642 ] ], [ [ 174.776591599999989, -41.2964642 ], [ 174.7766267, -41.2964112 ] ], [ [ 174.7766267, -41.2964112 ], [ 174.7767801, -41.2961403 ] ], [ [ 174.7786433, -41.2928461 ], [ 174.7784537, -41.293165299999984 ] ], [ [ 174.7784537, -41.293165299999984 ], [ 174.7783937, -41.2932681 ] ], [ [ 174.7777726, -41.2943441 ], [ 174.7779653, -41.293997 ] ], [ [ 174.777310300000011, -41.2951781 ], [ 174.7774, -41.2950108 ] ], [ [ 174.777141, -41.2954939 ], [ 174.777310300000011, -41.2951781 ] ], [ [ 174.7781119, -41.293755299999987 ], [ 174.7779653, -41.293997 ] ], [ [ 174.7767179, -41.2855926 ], [ 174.77708, -41.284961 ] ], [ [ 174.776248200000026, -41.286455399999987 ], [ 174.776571300000029, -41.2858815 ] ], [ [ 174.7789392, -41.2819616 ], [ 174.7787875, -41.2821829 ] ], [ [ 174.77807390000001, -41.2831999 ], [ 174.7783992, -41.2826108 ] ], [ [ 174.7783992, -41.2826108 ], [ 174.778558, -41.2822862 ] ], [ [ 174.77708, -41.284961 ], [ 174.7774049, -41.284366100000014 ] ], [ [ 174.7774049, -41.284366100000014 ], [ 174.7774947, -41.2842091 ], [ 174.7776054, -41.284158 ] ], [ [ 174.7776054, -41.284158 ], [ 174.7777422, -41.2837898 ] ], [ [ 174.7777422, -41.2837898 ], [ 174.77807390000001, -41.2831999 ] ], [ [ 174.7787078, -41.282015 ], [ 174.7789517, -41.2817322 ] ], [ [ 174.7790445, -41.2818381 ], [ 174.7789392, -41.2819616 ] ], [ [ 174.7785337, -41.2826562 ], [ 174.7782139, -41.283245799999989 ] ], [ [ 174.776571300000029, -41.2858815 ], [ 174.7767179, -41.2855926 ] ], [ [ 174.7782139, -41.283245799999989 ], [ 174.7778906, -41.283842899999989 ] ], [ [ 174.7787875, -41.2821829 ], [ 174.7785337, -41.2826562 ] ], [ [ 174.7778906, -41.283842899999989 ], [ 174.7777812, -41.2841892 ] ], [ [ 174.778558, -41.2822862 ], [ 174.7787078, -41.282015 ] ], [ [ 174.7793419, -41.2908089 ], [ 174.778871, -41.2901859 ], [ 174.7786936, -41.2898185 ] ], [ [ 174.7786936, -41.2898185 ], [ 174.7786021, -41.2895591 ] ], [ [ 174.7786021, -41.2895591 ], [ 174.778447300000011, -41.2888711 ] ], [ [ 174.7777485, -41.2844802 ], [ 174.7778045, -41.2849334 ] ], [ [ 174.7778604, -41.2858572 ], [ 174.777676, -41.2849834 ] ], [ [ 174.778447300000011, -41.2888711 ], [ 174.778410900000011, -41.2886964 ] ], [ [ 174.7796322, -41.2911466 ], [ 174.7793419, -41.2908089 ] ], [ [ 174.778410900000011, -41.2886964 ], [ 174.778304900000023, -41.2881971 ] ], [ [ 174.778419500000012, -41.2879646 ], [ 174.7784241, -41.2879932 ] ], [ [ 174.778264799999988, -41.287051699999985 ], [ 174.778419500000012, -41.2879646 ] ], [ [ 174.7781723, -41.2865832 ], [ 174.7782633, -41.2870397 ] ], [ [ 174.778304900000023, -41.2881971 ], [ 174.7781922, -41.2876379 ] ], [ [ 174.7781922, -41.2876379 ], [ 174.778113600000012, -41.2872474 ] ], [ [ 174.778064699999987, -41.2870049 ], [ 174.777976, -41.2865066 ] ], [ [ 174.777976, -41.2865066 ], [ 174.7778604, -41.2858572 ] ], [ [ 174.7779405, -41.2854422 ], [ 174.7780278, -41.2858385 ] ], [ [ 174.7780278, -41.2858385 ], [ 174.7780661, -41.2860535 ] ], [ [ 174.7780661, -41.2860535 ], [ 174.7781723, -41.2865832 ] ], [ [ 174.777667799999989, -41.2849448 ], [ 174.7775958, -41.2845052 ], [ 174.7776054, -41.284158 ] ], [ [ 174.7777812, -41.2841892 ], [ 174.7777485, -41.2844802 ] ], [ [ 174.77783880000004, -41.2850591 ], [ 174.7779405, -41.2854422 ] ], [ [ 174.778113600000012, -41.2872474 ], [ 174.778064699999987, -41.2870049 ] ] ] } },
{ "type": "Feature", "properties": { "package": "Mt Cook routes", "suburb": "Mt Cook", "projects": "Willis Street; Taranaki Street; Customhouse Quay; Jervois Quay", "n_projects": 4, "cost": 7.66260855133382, "cost_low": 3.5918477584377282, "cost_high": 16.283043171584367, "extra_riders": 1642.8722292589257, "riders_per_M": 214.40116877338764, "build_step": null }, "geometry": { "type": "MultiLineString", "coordinates": [ [ [ 174.774698300000011, -41.2891644 ], [ 174.7752602, -41.2882083 ] ], [ [ 174.774698300000011, -41.2891644 ], [ 174.774406900000031, -41.2896824 ] ], [ [ 174.770634699999988, -41.2964583 ], [ 174.7708145, -41.296117 ] ], [ [ 174.772060100000033, -41.293851 ], [ 174.7722143, -41.2935989 ] ], [ [ 174.7722143, -41.2935989 ], [ 174.7726791, -41.2927584 ] ], [ [ 174.770634699999988, -41.2964583 ], [ 174.7705996, -41.2962824 ] ], [ [ 174.7752602, -41.2882083 ], [ 174.776125799999988, -41.2866726 ] ], [ [ 174.7712295, -41.2953352 ], [ 174.7716129, -41.2946282 ] ], [ [ 174.7716129, -41.2946282 ], [ 174.7718749, -41.2941852 ] ], [ [ 174.7718749, -41.2941852 ], [ 174.771880399999986, -41.2941674 ] ], [ [ 174.771880399999986, -41.2941674 ], [ 174.772026, -41.2939086 ] ], [ [ 174.772026, -41.2939086 ], [ 174.772060100000033, -41.293851 ] ], [ [ 174.774406900000031, -41.2896824 ], [ 174.7743691, -41.2897448 ] ], [ [ 174.7743691, -41.2897448 ], [ 174.7743481, -41.2897819 ] ], [ [ 174.7743481, -41.2897819 ], [ 174.7737514, -41.2908406 ] ], [ [ 174.7737514, -41.2908406 ], [ 174.773145699999986, -41.2919081 ] ], [ [ 174.773145699999986, -41.2919081 ], [ 174.773047100000014, -41.2920939 ] ], [ [ 174.7708145, -41.296117 ], [ 174.7710109, -41.2957603 ] ], [ [ 174.7710109, -41.2957603 ], [ 174.771163300000012, -41.295462399999984 ] ], [ [ 174.7726791, -41.2927584 ], [ 174.7729051, -41.2923401 ] ], [ [ 174.776125799999988, -41.2866726 ], [ 174.776248200000026, -41.286455399999987 ] ], [ [ 174.7704474, -41.296800899999987 ], [ 174.770634699999988, -41.2964583 ] ], [ [ 174.773047100000014, -41.2920939 ], [ 174.7729051, -41.2923401 ] ], [ [ 174.7740263, -41.3017587 ], [ 174.773982600000039, -41.3016771 ] ], [ [ 174.7799463, -41.2906463 ], [ 174.7797883, -41.2909063 ] ], [ [ 174.778889099999986, -41.2924322 ], [ 174.7786433, -41.2928461 ] ], [ [ 174.7796322, -41.2911466 ], [ 174.7791575, -41.2919515 ] ], [ [ 174.7774, -41.2950108 ], [ 174.7775886, -41.2946804 ] ], [ [ 174.7775886, -41.2946804 ], [ 174.7777726, -41.2943441 ] ], [ [ 174.7739879, -41.30125240000001 ], [ 174.7746253, -41.3000907 ] ], [ [ 174.7746253, -41.3000907 ], [ 174.775270799999987, -41.2989063 ] ], [ [ 174.773982600000039, -41.3016771 ], [ 174.7739501, -41.3014488 ] ], [ [ 174.7739501, -41.3014488 ], [ 174.7739879, -41.30125240000001 ] ], [ [ 174.7758791, -41.297738899999985 ], [ 174.776107599999989, -41.2973278 ] ], [ [ 174.776107599999989, -41.2973278 ], [ 174.776313499999986, -41.2969454 ] ], [ [ 174.775270799999987, -41.2989063 ], [ 174.775378600000039, -41.2986087 ] ], [ [ 174.775378600000039, -41.2986087 ], [ 174.7754864, -41.2984036 ] ], [ [ 174.775813699999986, -41.2978557 ], [ 174.7758117, -41.2979422 ] ], [ [ 174.7758117, -41.2979422 ], [ 174.7757963, -41.2979717 ] ], [ [ 174.7757963, -41.2979717 ], [ 174.7757911, -41.2979815 ] ], [ [ 174.7757911, -41.2979815 ], [ 174.775568099999987, -41.2984281 ] ], [ [ 174.7754864, -41.2984036 ], [ 174.775574, -41.2982193 ] ], [ [ 174.775568099999987, -41.2984281 ], [ 174.775270799999987, -41.2989063 ] ], [ [ 174.7797883, -41.2909063 ], [ 174.7796322, -41.2911466 ] ], [ [ 174.775574, -41.2982193 ], [ 174.775730600000031, -41.2979168 ] ], [ [ 174.780075400000015, -41.2904307 ], [ 174.7799463, -41.2906463 ] ], [ [ 174.7767801, -41.2961403 ], [ 174.77682630000001, -41.2960588 ] ], [ [ 174.77682630000001, -41.2960588 ], [ 174.777141, -41.2954939 ] ], [ [ 174.7783937, -41.2932681 ], [ 174.7781119, -41.293755299999987 ] ], [ [ 174.7791575, -41.2919515 ], [ 174.778889099999986, -41.2924322 ] ], [ [ 174.776313499999986, -41.2969454 ], [ 174.7764008, -41.2967857 ] ], [ [ 174.7764008, -41.2967857 ], [ 174.776591599999989, -41.2964642 ] ], [ [ 174.776591599999989, -41.2964642 ], [ 174.7766267, -41.2964112 ] ], [ [ 174.7766267, -41.2964112 ], [ 174.7767801, -41.2961403 ] ], [ [ 174.7786433, -41.2928461 ], [ 174.7784537, -41.293165299999984 ] ], [ [ 174.7784537, -41.293165299999984 ], [ 174.7783937, -41.2932681 ] ], [ [ 174.7777726, -41.2943441 ], [ 174.7779653, -41.293997 ] ], [ [ 174.777310300000011, -41.2951781 ], [ 174.7774, -41.2950108 ] ], [ [ 174.777141, -41.2954939 ], [ 174.777310300000011, -41.2951781 ] ], [ [ 174.7781119, -41.293755299999987 ], [ 174.7779653, -41.293997 ] ], [ [ 174.7767179, -41.2855926 ], [ 174.77708, -41.284961 ] ], [ [ 174.776248200000026, -41.286455399999987 ], [ 174.776571300000029, -41.2858815 ] ], [ [ 174.7789392, -41.2819616 ], [ 174.7787875, -41.2821829 ] ], [ [ 174.77807390000001, -41.2831999 ], [ 174.7783992, -41.2826108 ] ], [ [ 174.7783992, -41.2826108 ], [ 174.778558, -41.2822862 ] ], [ [ 174.77708, -41.284961 ], [ 174.7774049, -41.284366100000014 ] ], [ [ 174.7774049, -41.284366100000014 ], [ 174.7774947, -41.2842091 ], [ 174.7776054, -41.284158 ] ], [ [ 174.7776054, -41.284158 ], [ 174.7777422, -41.2837898 ] ], [ [ 174.7777422, -41.2837898 ], [ 174.77807390000001, -41.2831999 ] ], [ [ 174.7787078, -41.282015 ], [ 174.7789517, -41.2817322 ] ], [ [ 174.7790445, -41.2818381 ], [ 174.7789392, -41.2819616 ] ], [ [ 174.7785337, -41.2826562 ], [ 174.7782139, -41.283245799999989 ] ], [ [ 174.776571300000029, -41.2858815 ], [ 174.7767179, -41.2855926 ] ], [ [ 174.7782139, -41.283245799999989 ], [ 174.7778906, -41.283842899999989 ] ], [ [ 174.7787875, -41.2821829 ], [ 174.7785337, -41.2826562 ] ], [ [ 174.7778906, -41.283842899999989 ], [ 174.7777812, -41.2841892 ] ], [ [ 174.778558, -41.2822862 ], [ 174.7787078, -41.282015 ] ], [ [ 174.7793419, -41.2908089 ], [ 174.778871, -41.2901859 ], [ 174.7786936, -41.2898185 ] ], [ [ 174.7786936, -41.2898185 ], [ 174.7786021, -41.2895591 ] ], [ [ 174.7786021, -41.2895591 ], [ 174.778447300000011, -41.2888711 ] ], [ [ 174.7777485, -41.2844802 ], [ 174.7778045, -41.2849334 ] ], [ [ 174.7778604, -41.2858572 ], [ 174.777676, -41.2849834 ] ], [ [ 174.778447300000011, -41.2888711 ], [ 174.778410900000011, -41.2886964 ] ], [ [ 174.7796322, -41.2911466 ], [ 174.7793419, -41.2908089 ] ], [ [ 174.778410900000011, -41.2886964 ], [ 174.778304900000023, -41.2881971 ] ], [ [ 174.778419500000012, -41.2879646 ], [ 174.7784241, -41.2879932 ] ], [ [ 174.778264799999988, -41.287051699999985 ], [ 174.778419500000012, -41.2879646 ] ], [ [ 174.7781723, -41.2865832 ], [ 174.7782633, -41.2870397 ] ], [ [ 174.778304900000023, -41.2881971 ], [ 174.7781922, -41.2876379 ] ], [ [ 174.7781922, -41.2876379 ], [ 174.778113600000012, -41.2872474 ] ], [ [ 174.778064699999987, -41.2870049 ], [ 174.777976, -41.2865066 ] ], [ [ 174.777976, -41.2865066 ], [ 174.7778604, -41.2858572 ] ], [ [ 174.7779405, -41.2854422 ], [ 174.7780278, -41.2858385 ] ], [ [ 174.7780278, -41.2858385 ], [ 174.7780661, -41.2860535 ] ], [ [ 174.7780661, -41.2860535 ], [ 174.7781723, -41.2865832 ] ], [ [ 174.777667799999989, -41.2849448 ], [ 174.7775958, -41.2845052 ], [ 174.7776054, -41.284158 ] ], [ [ 174.7777812, -41.2841892 ], [ 174.7777485, -41.2844802 ] ], [ [ 174.77783880000004, -41.2850591 ], [ 174.7779405, -41.2854422 ] ], [ [ 174.778113600000012, -41.2872474 ], [ 174.778064699999987, -41.2870049 ] ] ] } },
{ "type": "Feature", "properties": { "package": "Hataitai routes", "suburb": "Hataitai", "projects": "Brougham Street; Wakefield Street; Pirie Street; Hataitai Road; Taurima Street; Moxham Avenue", "n_projects": 6, "cost": 4.9555688050973883, "cost_low": 2.3240513129184812, "cost_high": 10.376835620046712, "extra_riders": 898.93602539181484, "riders_per_M": 181.39916137722736, "build_step": null }, "geometry": { "type": "MultiLineString", "coordinates": [ [ [ 174.7860526, -41.2954774 ], [ 174.7860092, -41.2955506 ] ], [ [ 174.7860092, -41.2955506 ], [ 174.7857904, -41.2959378 ] ], [ [ 174.7857904, -41.2959378 ], [ 174.7855454, -41.296387599999989 ], [ 174.7853692, -41.2965176 ] ], [ [ 174.7853692, -41.2965176 ], [ 174.7853739, -41.2966579 ], [ 174.7850933, -41.297183 ] ], [ [ 174.7850933, -41.297183 ], [ 174.7847794, -41.2977713 ], [ 174.78478770000001, -41.2978899 ] ], [ [ 174.7846848, -41.2979129 ], [ 174.783964, -41.2992028 ] ], [ [ 174.783964, -41.2992028 ], [ 174.783713800000015, -41.2996548 ] ], [ [ 174.783713800000015, -41.2996548 ], [ 174.783603700000015, -41.2998507 ] ], [ [ 174.783603700000015, -41.2998507 ], [ 174.7833091, -41.3003767 ] ], [ [ 174.7833091, -41.3003767 ], [ 174.7829298, -41.3010472 ] ], [ [ 174.7864411, -41.2947892 ], [ 174.7860526, -41.2954774 ] ], [ [ 174.7847874, -41.2930922 ], [ 174.78451960000001, -41.2931345 ], [ 174.7841204, -41.2929739 ] ], [ [ 174.7764119, -41.2891225 ], [ 174.7765846, -41.2892553 ] ], [ [ 174.7764119, -41.2891225 ], [ 174.776221, -41.289091 ], [ 174.7760197, -41.2891721 ] ], [ [ 174.7785053, -41.2905397 ], [ 174.778622899999988, -41.290608400000018 ] ], [ [ 174.778622899999988, -41.290608400000018 ], [ 174.7789214, -41.2907725 ] ], [ [ 174.7841204, -41.2929739 ], [ 174.783865600000013, -41.292861099999989 ] ], [ [ 174.7819125, -41.2921767 ], [ 174.7810301, -41.2918946 ] ], [ [ 174.7810301, -41.2918946 ], [ 174.780674800000014, -41.2917642 ], [ 174.7803572, -41.2915775 ] ], [ [ 174.7803572, -41.2915775 ], [ 174.780326200000019, -41.2915592 ] ], [ [ 174.783865600000013, -41.292861099999989 ], [ 174.7835422, -41.2927029 ] ], [ [ 174.7835422, -41.2927029 ], [ 174.783336900000023, -41.2926293 ] ], [ [ 174.780045800000011, -41.291388499999989 ], [ 174.7796322, -41.2911466 ] ], [ [ 174.776134100000036, -41.2887874 ], [ 174.7764119, -41.2891225 ] ], [ [ 174.783336900000023, -41.2926293 ], [ 174.7827347, -41.2924415 ] ], [ [ 174.7827347, -41.2924415 ], [ 174.782310099999989, -41.2923042 ] ], [ [ 174.782310099999989, -41.2923042 ], [ 174.7819125, -41.2921767 ] ], [ [ 174.7791111, -41.2908769 ], [ 174.7796322, -41.2911466 ] ], [ [ 174.7789214, -41.2907725 ], [ 174.7791111, -41.2908769 ] ], [ [ 174.7765846, -41.2892553 ], [ 174.777330799999987, -41.2898209 ] ], [ [ 174.777330799999987, -41.2898209 ], [ 174.7775895, -41.2899729 ] ], [ [ 174.7775895, -41.2899729 ], [ 174.7777434, -41.2900784 ] ], [ [ 174.778069, -41.2902943 ], [ 174.7781712, -41.2903526 ] ], [ [ 174.7781712, -41.2903526 ], [ 174.778293, -41.2904221 ] ], [ [ 174.778293, -41.2904221 ], [ 174.778325, -41.2904398 ] ], [ [ 174.778325, -41.2904398 ], [ 174.7784227, -41.2904937 ] ], [ [ 174.7784227, -41.2904937 ], [ 174.7785053, -41.2905397 ] ], [ [ 174.780326200000019, -41.2915592 ], [ 174.780045800000011, -41.291388499999989 ] ], [ [ 174.7870619, -41.29867 ], [ 174.7861589, -41.298382599999989 ] ], [ [ 174.7861589, -41.298382599999989 ], [ 174.784923, -41.2979836 ], [ 174.78478770000001, -41.2978899 ] ], [ [ 174.7846848, -41.2979129 ], [ 174.783105299999988, -41.2974119 ] ], [ [ 174.783105299999988, -41.2974119 ], [ 174.7827748, -41.2973071 ] ], [ [ 174.7827748, -41.2973071 ], [ 174.7825775, -41.2972445 ] ], [ [ 174.7825775, -41.2972445 ], [ 174.782274300000012, -41.2971484 ] ], [ [ 174.7883285, -41.299074199999978 ], [ 174.7870619, -41.29867 ] ], [ [ 174.78478770000001, -41.2978899 ], [ 174.7846848, -41.2979129 ] ], [ [ 174.8007991, -41.2977408 ], [ 174.799904700000013, -41.2980969 ] ], [ [ 174.799904700000013, -41.2980969 ], [ 174.799106500000022, -41.2989251 ], [ 174.798966900000011, -41.2994207 ], [ 174.798874, -41.2995661 ], [ 174.7983783, -41.2997689 ], [ 174.7982906, -41.29985 ], [ 174.7983122, -41.3004831 ], [ 174.798249700000014, -41.3006577 ], [ 174.7977005, -41.3011155 ], [ 174.7972605, -41.301616 ] ], [ [ 174.7972605, -41.301616 ], [ 174.796892300000025, -41.3019951 ], [ 174.796074, -41.3024774 ] ], [ [ 174.796074, -41.3024774 ], [ 174.795400600000022, -41.3028504 ], [ 174.7952449, -41.3030923 ], [ 174.7945202, -41.3037563 ] ], [ [ 174.801501800000011, -41.297 ], [ 174.8013813, -41.2971281 ] ], [ [ 174.8013813, -41.2971281 ], [ 174.8007991, -41.2977408 ] ], [ [ 174.7945202, -41.3037563 ], [ 174.7942354, -41.3040565 ] ], [ [ 174.792876, -41.304493 ], [ 174.7930997, -41.3044942 ] ], [ [ 174.7930997, -41.3044942 ], [ 174.793297, -41.304513 ] ], [ [ 174.793297, -41.304513 ], [ 174.793897500000014, -41.3046225 ] ], [ [ 174.792274600000013, -41.304507 ], [ 174.7925689, -41.3047381 ] ], [ [ 174.7925689, -41.3047381 ], [ 174.7927041, -41.3049511 ] ], [ [ 174.7921815, -41.3097848 ], [ 174.7920422, -41.3099779 ] ], [ [ 174.7936224, -41.3054341 ], [ 174.793423, -41.3060209 ] ], [ [ 174.793423, -41.3060209 ], [ 174.792931, -41.3075497 ] ], [ [ 174.792931, -41.3075497 ], [ 174.7924682, -41.3088824 ] ], [ [ 174.7924682, -41.3088824 ], [ 174.79220380000001, -41.3095972 ], [ 174.7921815, -41.3097848 ] ], [ [ 174.793897500000014, -41.3046225 ], [ 174.7936224, -41.3054341 ] ] ] } },
{ "type": "Feature", "properties": { "package": "Wellington Central routes", "suburb": "Wellington Central", "projects": "Willis Street; Victoria Street; The Terrace; Boulcott Street; Customhouse Quay", "n_projects": 5, "cost": 9.4143412995893634, "cost_low": 4.4129724841825135, "cost_high": 20.005475261627396, "extra_riders": 1667.9351917315405, "riders_per_M": 177.16961162267324, "build_step": 6.0 }, "geometry": { "type": "MultiLineString", "coordinates": [ [ [ 174.774698300000011, -41.2891644 ], [ 174.7752602, -41.2882083 ] ], [ [ 174.774698300000011, -41.2891644 ], [ 174.774406900000031, -41.2896824 ] ], [ [ 174.770634699999988, -41.2964583 ], [ 174.7708145, -41.296117 ] ], [ [ 174.772060100000033, -41.293851 ], [ 174.7722143, -41.2935989 ] ], [ [ 174.7722143, -41.2935989 ], [ 174.7726791, -41.2927584 ] ], [ [ 174.770634699999988, -41.2964583 ], [ 174.7705996, -41.2962824 ] ], [ [ 174.7752602, -41.2882083 ], [ 174.776125799999988, -41.2866726 ] ], [ [ 174.7712295, -41.2953352 ], [ 174.7716129, -41.2946282 ] ], [ [ 174.7716129, -41.2946282 ], [ 174.7718749, -41.2941852 ] ], [ [ 174.7718749, -41.2941852 ], [ 174.771880399999986, -41.2941674 ] ], [ [ 174.771880399999986, -41.2941674 ], [ 174.772026, -41.2939086 ] ], [ [ 174.772026, -41.2939086 ], [ 174.772060100000033, -41.293851 ] ], [ [ 174.774406900000031, -41.2896824 ], [ 174.7743691, -41.2897448 ] ], [ [ 174.7743691, -41.2897448 ], [ 174.7743481, -41.2897819 ] ], [ [ 174.7743481, -41.2897819 ], [ 174.7737514, -41.2908406 ] ], [ [ 174.7737514, -41.2908406 ], [ 174.773145699999986, -41.2919081 ] ], [ [ 174.773145699999986, -41.2919081 ], [ 174.773047100000014, -41.2920939 ] ], [ [ 174.7708145, -41.296117 ], [ 174.7710109, -41.2957603 ] ], [ [ 174.7710109, -41.2957603 ], [ 174.771163300000012, -41.295462399999984 ] ], [ [ 174.7726791, -41.2927584 ], [ 174.7729051, -41.2923401 ] ], [ [ 174.776125799999988, -41.2866726 ], [ 174.776248200000026, -41.286455399999987 ] ], [ [ 174.7704474, -41.296800899999987 ], [ 174.770634699999988, -41.2964583 ] ], [ [ 174.773047100000014, -41.2920939 ], [ 174.7729051, -41.2923401 ] ], [ [ 174.7752227, -41.2913111 ], [ 174.7749666, -41.2915815 ] ], [ [ 174.7749666, -41.2915815 ], [ 174.774432499999989, -41.2921293 ] ], [ [ 174.774432499999989, -41.2921293 ], [ 174.774338699999987, -41.2922311 ] ], [ [ 174.774338699999987, -41.2922311 ], [ 174.773943300000013, -41.292711 ] ], [ [ 174.775734300000011, -41.2903776 ], [ 174.7756937, -41.2906449 ], [ 174.7755132, -41.2909591 ] ], [ [ 174.7774933, -41.2859986 ], [ 174.7770941, -41.2867154 ] ], [ [ 174.7770941, -41.2867154 ], [ 174.776808100000011, -41.287253 ] ], [ [ 174.776808100000011, -41.287253 ], [ 174.7767093, -41.2874186 ] ], [ [ 174.7767093, -41.2874186 ], [ 174.776489700000013, -41.287791 ] ], [ [ 174.776489700000013, -41.287791 ], [ 174.7762239, -41.28826 ] ], [ [ 174.7716038, -41.2963552 ], [ 174.771456199999989, -41.2966038 ] ], [ [ 174.7755132, -41.2909591 ], [ 174.7752227, -41.2913111 ] ], [ [ 174.7761362, -41.2886248 ], [ 174.776134100000036, -41.2887874 ] ], [ [ 174.776127, -41.2885518 ], [ 174.7761362, -41.2886248 ] ], [ [ 174.773943300000013, -41.292711 ], [ 174.773256, -41.2935845 ] ], [ [ 174.7731434, -41.2937332 ], [ 174.772910599999989, -41.2941388 ] ], [ [ 174.7759528, -41.289399 ], [ 174.7756909, -41.2900205 ], [ 174.775734300000011, -41.2903776 ] ], [ [ 174.7719582, -41.295749 ], [ 174.7717566, -41.2961048 ] ], [ [ 174.772052, -41.2955922 ], [ 174.7719582, -41.295749 ] ], [ [ 174.771305399999989, -41.2968681 ], [ 174.7712683, -41.2969165 ] ], [ [ 174.771456199999989, -41.2966038 ], [ 174.771305399999989, -41.2968681 ] ], [ [ 174.7712683, -41.2969165 ], [ 174.7710471, -41.2969731 ] ], [ [ 174.773256, -41.2935845 ], [ 174.7731434, -41.2937332 ] ], [ [ 174.7760197, -41.2891721 ], [ 174.7759528, -41.289399 ] ], [ [ 174.776134100000036, -41.2887874 ], [ 174.7760197, -41.2891721 ] ], [ [ 174.777339500000011, -41.2857947 ], [ 174.777478, -41.2858655 ], [ 174.7774933, -41.2859986 ] ], [ [ 174.7762239, -41.28826 ], [ 174.776127, -41.2885518 ] ], [ [ 174.7706241, -41.2916117 ], [ 174.7711801, -41.2906115 ] ], [ [ 174.7711801, -41.2906115 ], [ 174.771454, -41.290103 ] ], [ [ 174.771454, -41.290103 ], [ 174.77201980000001, -41.288789199999989 ] ], [ [ 174.769739, -41.2931242 ], [ 174.7706241, -41.2916117 ] ], [ [ 174.77201980000001, -41.288789199999989 ], [ 174.7727231, -41.2873437 ] ], [ [ 174.7727231, -41.2873437 ], [ 174.773278299999987, -41.2863642 ] ], [ [ 174.775548500000014, -41.2791207 ], [ 174.775488200000012, -41.2789323 ], [ 174.77533, -41.278778 ] ], [ [ 174.7749532, -41.2819302 ], [ 174.775105200000013, -41.281220399999981 ] ], [ [ 174.775105200000013, -41.281220399999981 ], [ 174.775465, -41.2795206 ] ], [ [ 174.775465, -41.2795206 ], [ 174.775548500000014, -41.2791207 ] ], [ [ 174.773477, -41.2858417 ], [ 174.773623500000014, -41.2855484 ] ], [ [ 174.773623500000014, -41.2855484 ], [ 174.7741691, -41.2843795 ] ], [ [ 174.774369299999989, -41.284009100000013 ], [ 174.774239, -41.284394 ] ], [ [ 174.774369299999989, -41.284009100000013 ], [ 174.77472, -41.283032 ] ], [ [ 174.77472, -41.283032 ], [ 174.774822, -41.2825751 ] ], [ [ 174.774822, -41.2825751 ], [ 174.7749532, -41.2819302 ] ], [ [ 174.7741691, -41.2843795 ], [ 174.77430160000003, -41.2840531 ], [ 174.774369299999989, -41.284009100000013 ] ], [ [ 174.774239, -41.284394 ], [ 174.774038100000013, -41.2848714 ] ], [ [ 174.774038100000013, -41.2848714 ], [ 174.7736922, -41.285572 ] ], [ [ 174.7736922, -41.285572 ], [ 174.7735529, -41.2858651 ] ], [ [ 174.773278299999987, -41.2863642 ], [ 174.7734135, -41.2859796 ] ], [ [ 174.7734867, -41.2860023 ], [ 174.773278299999987, -41.2863642 ] ], [ [ 174.7734135, -41.2859796 ], [ 174.773448860023905, -41.285902810352162 ] ], [ [ 174.773448860023905, -41.285902810352162 ], [ 174.773477, -41.2858417 ] ], [ [ 174.7735529, -41.2858651 ], [ 174.773523297736318, -41.28592645098832 ] ], [ [ 174.773523297736318, -41.28592645098832 ], [ 174.7734867, -41.2860023 ] ], [ [ 174.775548500000014, -41.2791207 ], [ 174.7756253, -41.2787908 ] ], [ [ 174.774431600000014, -41.2888484 ], [ 174.7738392, -41.2880852 ] ], [ [ 174.7738392, -41.2880852 ], [ 174.774031, -41.287716799999984 ] ], [ [ 174.774031, -41.287716799999984 ], [ 174.774486599999989, -41.2868956 ] ], [ [ 174.774486599999989, -41.2868956 ], [ 174.774697800000013, -41.2864034 ], [ 174.774602200000032, -41.2862881 ], [ 174.7743171, -41.2861852 ] ], [ [ 174.7743171, -41.2861852 ], [ 174.774156299999987, -41.2861293 ] ], [ [ 174.772478400000011, -41.2854644 ], [ 174.7724371, -41.28530090000001 ], [ 174.772527599999989, -41.285123 ] ], [ [ 174.7730225, -41.2857522 ], [ 174.772478400000011, -41.2854644 ] ], [ [ 174.774698300000011, -41.2891644 ], [ 174.774431600000014, -41.2888484 ] ], [ [ 174.7739192, -41.2860512 ], [ 174.773523297736318, -41.28592645098832 ] ], [ [ 174.773523297736318, -41.28592645098832 ], [ 174.773448860023905, -41.285902810352162 ] ], [ [ 174.773448860023905, -41.285902810352162 ], [ 174.7731317, -41.285794 ] ], [ [ 174.7731317, -41.285794 ], [ 174.7730225, -41.2857522 ] ], [ [ 174.774156299999987, -41.2861293 ], [ 174.7739192, -41.2860512 ] ], [ [ 174.7767179, -41.2855926 ], [ 174.77708, -41.284961 ] ], [ [ 174.776248200000026, -41.286455399999987 ], [ 174.776571300000029, -41.2858815 ] ], [ [ 174.7789392, -41.2819616 ], [ 174.7787875, -41.2821829 ] ], [ [ 174.77807390000001, -41.2831999 ], [ 174.7783992, -41.2826108 ] ], [ [ 174.7783992, -41.2826108 ], [ 174.778558, -41.2822862 ] ], [ [ 174.77708, -41.284961 ], [ 174.7774049, -41.284366100000014 ] ], [ [ 174.7774049, -41.284366100000014 ], [ 174.7774947, -41.2842091 ], [ 174.7776054, -41.284158 ] ], [ [ 174.7776054, -41.284158 ], [ 174.7777422, -41.2837898 ] ], [ [ 174.7777422, -41.2837898 ], [ 174.77807390000001, -41.2831999 ] ], [ [ 174.7787078, -41.282015 ], [ 174.7789517, -41.2817322 ] ], [ [ 174.7790445, -41.2818381 ], [ 174.7789392, -41.2819616 ] ], [ [ 174.7785337, -41.2826562 ], [ 174.7782139, -41.283245799999989 ] ], [ [ 174.776571300000029, -41.2858815 ], [ 174.7767179, -41.2855926 ] ], [ [ 174.7782139, -41.283245799999989 ], [ 174.7778906, -41.283842899999989 ] ], [ [ 174.7787875, -41.2821829 ], [ 174.7785337, -41.2826562 ] ], [ [ 174.7778906, -41.283842899999989 ], [ 174.7777812, -41.2841892 ] ], [ [ 174.778558, -41.2822862 ], [ 174.7787078, -41.282015 ] ] ] } },
{ "type": "Feature", "properties": { "package": "Miramar routes", "suburb": "Miramar", "projects": "Park Road; Miro Street; Coutts Street; Hobart Street; Tauhinu Road; Chelsea Street; Miramar Avenue; Wellington Road", "n_projects": 8, "cost": 8.6439654269927892, "cost_low": 4.1234969791434288, "cost_high": 17.439547202339718, "extra_riders": 1434.7857707913574, "riders_per_M": 165.98698628651448, "build_step": 4.0 }, "geometry": { "type": "MultiLineString", "coordinates": [ [ [ 174.816583799999989, -41.316089799999986 ], [ 174.81656, -41.3160071 ] ], [ [ 174.8203713, -41.311014199999988 ], [ 174.8207267, -41.310567399999989 ] ], [ [ 174.8207267, -41.310567399999989 ], [ 174.820926, -41.310218399999989 ] ], [ [ 174.8167348, -41.3156205 ], [ 174.816719, -41.3156695 ] ], [ [ 174.816719, -41.3156695 ], [ 174.816583799999989, -41.316089799999986 ] ], [ [ 174.8199898, -41.311497599999988 ], [ 174.819254300000011, -41.312439 ] ], [ [ 174.819254300000011, -41.312439 ], [ 174.8184815, -41.3134031 ] ], [ [ 174.8184815, -41.3134031 ], [ 174.8177211, -41.3143779 ] ], [ [ 174.8177211, -41.3143779 ], [ 174.8169983, -41.3153036 ] ], [ [ 174.8165493, -41.3163668 ], [ 174.816583799999989, -41.316089799999986 ] ], [ [ 174.8210311, -41.3101087 ], [ 174.8212991, -41.3095312 ] ], [ [ 174.8212991, -41.3095312 ], [ 174.8214211, -41.3092516 ] ], [ [ 174.8214211, -41.3092516 ], [ 174.8216122, -41.308814 ] ], [ [ 174.8216122, -41.308814 ], [ 174.8221744, -41.3073048 ] ], [ [ 174.8221744, -41.3073048 ], [ 174.822305600000021, -41.3070485 ], [ 174.822608600000024, -41.3067639 ] ], [ [ 174.822608600000024, -41.3067639 ], [ 174.8231283, -41.3063129 ], [ 174.82322750000003, -41.3062817 ] ], [ [ 174.81656, -41.3160071 ], [ 174.8166572, -41.3157029 ] ], [ [ 174.8166572, -41.3157029 ], [ 174.8167348, -41.3156205 ] ], [ [ 174.8199898, -41.311497599999988 ], [ 174.8203713, -41.311014199999988 ] ], [ [ 174.8169983, -41.3153036 ], [ 174.8167348, -41.3156205 ] ], [ [ 174.8102337, -41.3229278 ], [ 174.810951, -41.321068 ] ], [ [ 174.8093546, -41.3253203 ], [ 174.809447900000038, -41.3253911 ], [ 174.810088, -41.325392899999983 ] ], [ [ 174.8093546, -41.3253203 ], [ 174.8094988, -41.324855599999985 ] ], [ [ 174.809578100000039, -41.3246728 ], [ 174.8102337, -41.3229278 ] ], [ [ 174.8057521, -41.3243235 ], [ 174.8054498, -41.3241772 ] ], [ [ 174.8054498, -41.3241772 ], [ 174.8049361, -41.3239286 ] ], [ [ 174.8049361, -41.3239286 ], [ 174.8043553, -41.3236475 ] ], [ [ 174.8043553, -41.3236475 ], [ 174.804183099999989, -41.3235642 ] ], [ [ 174.8125995, -41.3234512 ], [ 174.8129883, -41.3224541 ] ], [ [ 174.8129883, -41.3224541 ], [ 174.8133094, -41.3215875 ] ], [ [ 174.813880399999988, -41.3195053 ], [ 174.8139151, -41.3199072 ] ], [ [ 174.81474, -41.3190851 ], [ 174.8164205, -41.316821799999985 ] ], [ [ 174.8164205, -41.316821799999985 ], [ 174.816515700000025, -41.3166638 ], [ 174.816529300000013, -41.3164897 ] ], [ [ 174.8115996, -41.3253483 ], [ 174.811817, -41.3252424 ], [ 174.8120221, -41.325002099999985 ] ], [ [ 174.8119785, -41.325168 ], [ 174.8120639, -41.3252836 ], [ 174.8121641, -41.3253253 ] ], [ [ 174.8119785, -41.325168 ], [ 174.811900400000013, -41.3253345 ] ], [ [ 174.8133094, -41.3215875 ], [ 174.8139151, -41.3199072 ] ], [ [ 174.8139151, -41.3199072 ], [ 174.8145759, -41.3192742 ] ], [ [ 174.8145759, -41.3192742 ], [ 174.81474, -41.3190851 ] ], [ [ 174.8119785, -41.325168 ], [ 174.8120221, -41.325002099999985 ] ], [ [ 174.8120221, -41.325002099999985 ], [ 174.812193799999989, -41.3245122 ] ], [ [ 174.812193799999989, -41.3245122 ], [ 174.8125995, -41.3234512 ] ], [ [ 174.8136107, -41.3148547 ], [ 174.813672, -41.314775399999981 ] ], [ [ 174.813672, -41.314775399999981 ], [ 174.813770799999986, -41.314635699999982 ] ], [ [ 174.813770799999986, -41.314635699999982 ], [ 174.8141467, -41.3141806 ] ], [ [ 174.8141467, -41.3141806 ], [ 174.814201, -41.3141144 ] ], [ [ 174.814201, -41.3141144 ], [ 174.81427260000001, -41.314027 ] ], [ [ 174.81427260000001, -41.314027 ], [ 174.8149593, -41.3132107 ] ], [ [ 174.8149593, -41.3132107 ], [ 174.8157989, -41.3122696 ] ], [ [ 174.8157989, -41.3122696 ], [ 174.816337800000014, -41.3117227 ], [ 174.8167775, -41.3114383 ] ], [ [ 174.8167775, -41.3114383 ], [ 174.816837200000037, -41.3114018 ] ], [ [ 174.816837200000037, -41.3114018 ], [ 174.8171806, -41.3111561 ], [ 174.817471399999988, -41.310445099999988 ] ], [ [ 174.817471399999988, -41.310445099999988 ], [ 174.817622199999988, -41.3101298 ], [ 174.817849200000012, -41.3099698 ] ], [ [ 174.817849200000012, -41.3099698 ], [ 174.817935299999988, -41.3100061 ], [ 174.81951380000001, -41.3098341 ], [ 174.819685099999987, -41.3096966 ], [ 174.81969620000001, -41.309558100000011 ], [ 174.819265800000011, -41.3091412 ] ], [ [ 174.81474, -41.3190851 ], [ 174.814928400000042, -41.3191189 ] ], [ [ 174.814928400000042, -41.3191189 ], [ 174.816298700000033, -41.3185794 ] ], [ [ 174.816298700000033, -41.3185794 ], [ 174.8178738, -41.3179593 ] ], [ [ 174.8178738, -41.3179593 ], [ 174.8188044, -41.3175914 ], [ 174.818974200000014, -41.3174491 ] ], [ [ 174.8207698, -41.3183986 ], [ 174.820798200000013, -41.3183538 ] ], [ [ 174.820798200000013, -41.3183538 ], [ 174.8208277, -41.3182994 ], [ 174.8207816, -41.3182266 ], [ 174.8196649, -41.3177658 ] ], [ [ 174.818974200000014, -41.3174491 ], [ 174.81714740000001, -41.3166853 ] ], [ [ 174.8196649, -41.3177658 ], [ 174.8191742, -41.3175379 ] ], [ [ 174.8164796, -41.3164116 ], [ 174.815444500000012, -41.3159595 ] ], [ [ 174.815444500000012, -41.3159595 ], [ 174.815185500000013, -41.3158503 ] ], [ [ 174.815185500000013, -41.3158503 ], [ 174.8147916, -41.3156836 ] ], [ [ 174.8147916, -41.3156836 ], [ 174.8146824, -41.3156374 ] ], [ [ 174.8146824, -41.3156374 ], [ 174.814580300000017, -41.3155943 ] ], [ [ 174.814580300000017, -41.3155943 ], [ 174.8144313, -41.3155332 ] ], [ [ 174.8144313, -41.3155332 ], [ 174.8140268, -41.3153579 ] ], [ [ 174.8140268, -41.3153579 ], [ 174.813860299999988, -41.315282799999984 ] ], [ [ 174.8191742, -41.3175379 ], [ 174.818974200000014, -41.3174491 ] ], [ [ 174.81714740000001, -41.3166853 ], [ 174.816624100000013, -41.3164704 ] ], [ [ 174.79350740000001, -41.3120116 ], [ 174.7946177, -41.3122745 ], [ 174.7952516, -41.3123544 ] ], [ [ 174.7950892, -41.312439 ], [ 174.794209200000012, -41.312281 ] ], [ [ 174.7909516, -41.3119169 ], [ 174.791303, -41.3119229 ] ], [ [ 174.791303, -41.3119229 ], [ 174.7923573, -41.3119673 ] ], [ [ 174.7923573, -41.3119673 ], [ 174.7926359, -41.311977 ] ], [ [ 174.7898238, -41.3130531 ], [ 174.7899861, -41.312875099999985 ] ], [ [ 174.7899861, -41.312875099999985 ], [ 174.7900012, -41.312117400000012 ], [ 174.7902116, -41.311932599999977 ] ], [ [ 174.793252700000011, -41.312062799999985 ], [ 174.79288, -41.3119836 ] ], [ [ 174.79288, -41.3119836 ], [ 174.79350740000001, -41.3120116 ] ], [ [ 174.7904958, -41.3118136 ], [ 174.7909516, -41.3119169 ] ], [ [ 174.7907344, -41.3119234 ], [ 174.7902116, -41.311932599999977 ] ], [ [ 174.7902116, -41.311932599999977 ], [ 174.790452, -41.3118322 ] ], [ [ 174.790452, -41.3118322 ], [ 174.7904958, -41.3118136 ] ], [ [ 174.7956331, -41.3124911 ], [ 174.7950892, -41.312439 ] ], [ [ 174.7952516, -41.3123544 ], [ 174.795661200000012, -41.3123863 ] ], [ [ 174.793801300000013, -41.312187299999984 ], [ 174.7934735, -41.3121136 ] ], [ [ 174.7926359, -41.311977 ], [ 174.79288, -41.3119836 ] ], [ [ 174.7934735, -41.3121136 ], [ 174.793252700000011, -41.312062799999985 ] ], [ [ 174.789538, -41.3130861 ], [ 174.7898238, -41.3130531 ] ], [ [ 174.7898238, -41.3130531 ], [ 174.7897341, -41.3131058 ], [ 174.7894191, -41.3131573 ] ], [ [ 174.794209200000012, -41.312281 ], [ 174.793801300000013, -41.312187299999984 ] ] ] } },
{ "type": "Feature", "properties": { "package": "Roseneath routes", "suburb": "Roseneath", "projects": "Wakefield Street; Whitmore Street; Customhouse Quay; Jervois Quay", "n_projects": 4, "cost": 4.9787400836426796, "cost_low": 2.3165969142075058, "cost_high": 10.548572677740692, "extra_riders": 787.47411393899051, "riders_per_M": 158.16734770432876, "build_step": 3.0 }, "geometry": { "type": "MultiLineString", "coordinates": [ [ [ 174.7847874, -41.2930922 ], [ 174.78451960000001, -41.2931345 ], [ 174.7841204, -41.2929739 ] ], [ [ 174.7764119, -41.2891225 ], [ 174.7765846, -41.2892553 ] ], [ [ 174.7764119, -41.2891225 ], [ 174.776221, -41.289091 ], [ 174.7760197, -41.2891721 ] ], [ [ 174.7785053, -41.2905397 ], [ 174.778622899999988, -41.290608400000018 ] ], [ [ 174.778622899999988, -41.290608400000018 ], [ 174.7789214, -41.2907725 ] ], [ [ 174.7841204, -41.2929739 ], [ 174.783865600000013, -41.292861099999989 ] ], [ [ 174.7819125, -41.2921767 ], [ 174.7810301, -41.2918946 ] ], [ [ 174.7810301, -41.2918946 ], [ 174.780674800000014, -41.2917642 ], [ 174.7803572, -41.2915775 ] ], [ [ 174.7803572, -41.2915775 ], [ 174.780326200000019, -41.2915592 ] ], [ [ 174.783865600000013, -41.292861099999989 ], [ 174.7835422, -41.2927029 ] ], [ [ 174.7835422, -41.2927029 ], [ 174.783336900000023, -41.2926293 ] ], [ [ 174.780045800000011, -41.291388499999989 ], [ 174.7796322, -41.2911466 ] ], [ [ 174.776134100000036, -41.2887874 ], [ 174.7764119, -41.2891225 ] ], [ [ 174.783336900000023, -41.2926293 ], [ 174.7827347, -41.2924415 ] ], [ [ 174.7827347, -41.2924415 ], [ 174.782310099999989, -41.2923042 ] ], [ [ 174.782310099999989, -41.2923042 ], [ 174.7819125, -41.2921767 ] ], [ [ 174.7791111, -41.2908769 ], [ 174.7796322, -41.2911466 ] ], [ [ 174.7789214, -41.2907725 ], [ 174.7791111, -41.2908769 ] ], [ [ 174.7765846, -41.2892553 ], [ 174.777330799999987, -41.2898209 ] ], [ [ 174.777330799999987, -41.2898209 ], [ 174.7775895, -41.2899729 ] ], [ [ 174.7775895, -41.2899729 ], [ 174.7777434, -41.2900784 ] ], [ [ 174.778069, -41.2902943 ], [ 174.7781712, -41.2903526 ] ], [ [ 174.7781712, -41.2903526 ], [ 174.778293, -41.2904221 ] ], [ [ 174.778293, -41.2904221 ], [ 174.778325, -41.2904398 ] ], [ [ 174.778325, -41.2904398 ], [ 174.7784227, -41.2904937 ] ], [ [ 174.7784227, -41.2904937 ], [ 174.7785053, -41.2905397 ] ], [ [ 174.780326200000019, -41.2915592 ], [ 174.780045800000011, -41.291388499999989 ] ], [ [ 174.77802650000001, -41.2807191 ], [ 174.7783244, -41.2810373 ] ], [ [ 174.7783244, -41.2810373 ], [ 174.7785714, -41.2813011 ] ], [ [ 174.7785714, -41.2813011 ], [ 174.778607900000026, -41.2813401 ] ], [ [ 174.7767179, -41.2855926 ], [ 174.77708, -41.284961 ] ], [ [ 174.776248200000026, -41.286455399999987 ], [ 174.776571300000029, -41.2858815 ] ], [ [ 174.7789392, -41.2819616 ], [ 174.7787875, -41.2821829 ] ], [ [ 174.77807390000001, -41.2831999 ], [ 174.7783992, -41.2826108 ] ], [ [ 174.7783992, -41.2826108 ], [ 174.778558, -41.2822862 ] ], [ [ 174.77708, -41.284961 ], [ 174.7774049, -41.284366100000014 ] ], [ [ 174.7774049, -41.284366100000014 ], [ 174.7774947, -41.2842091 ], [ 174.7776054, -41.284158 ] ], [ [ 174.7776054, -41.284158 ], [ 174.7777422, -41.2837898 ] ], [ [ 174.7777422, -41.2837898 ], [ 174.77807390000001, -41.2831999 ] ], [ [ 174.7787078, -41.282015 ], [ 174.7789517, -41.2817322 ] ], [ [ 174.7790445, -41.2818381 ], [ 174.7789392, -41.2819616 ] ], [ [ 174.7785337, -41.2826562 ], [ 174.7782139, -41.283245799999989 ] ], [ [ 174.776571300000029, -41.2858815 ], [ 174.7767179, -41.2855926 ] ], [ [ 174.7782139, -41.283245799999989 ], [ 174.7778906, -41.283842899999989 ] ], [ [ 174.7787875, -41.2821829 ], [ 174.7785337, -41.2826562 ] ], [ [ 174.7778906, -41.283842899999989 ], [ 174.7777812, -41.2841892 ] ], [ [ 174.778558, -41.2822862 ], [ 174.7787078, -41.282015 ] ], [ [ 174.7793419, -41.2908089 ], [ 174.778871, -41.2901859 ], [ 174.7786936, -41.2898185 ] ], [ [ 174.7786936, -41.2898185 ], [ 174.7786021, -41.2895591 ] ], [ [ 174.7786021, -41.2895591 ], [ 174.778447300000011, -41.2888711 ] ], [ [ 174.7777485, -41.2844802 ], [ 174.7778045, -41.2849334 ] ], [ [ 174.7778604, -41.2858572 ], [ 174.777676, -41.2849834 ] ], [ [ 174.778447300000011, -41.2888711 ], [ 174.778410900000011, -41.2886964 ] ], [ [ 174.7796322, -41.2911466 ], [ 174.7793419, -41.2908089 ] ], [ [ 174.778410900000011, -41.2886964 ], [ 174.778304900000023, -41.2881971 ] ], [ [ 174.778419500000012, -41.2879646 ], [ 174.7784241, -41.2879932 ] ], [ [ 174.778264799999988, -41.287051699999985 ], [ 174.778419500000012, -41.2879646 ] ], [ [ 174.7781723, -41.2865832 ], [ 174.7782633, -41.2870397 ] ], [ [ 174.778304900000023, -41.2881971 ], [ 174.7781922, -41.2876379 ] ], [ [ 174.7781922, -41.2876379 ], [ 174.778113600000012, -41.2872474 ] ], [ [ 174.778064699999987, -41.2870049 ], [ 174.777976, -41.2865066 ] ], [ [ 174.777976, -41.2865066 ], [ 174.7778604, -41.2858572 ] ], [ [ 174.7779405, -41.2854422 ], [ 174.7780278, -41.2858385 ] ], [ [ 174.7780278, -41.2858385 ], [ 174.7780661, -41.2860535 ] ], [ [ 174.7780661, -41.2860535 ], [ 174.7781723, -41.2865832 ] ], [ [ 174.777667799999989, -41.2849448 ], [ 174.7775958, -41.2845052 ], [ 174.7776054, -41.284158 ] ], [ [ 174.7777812, -41.2841892 ], [ 174.7777485, -41.2844802 ] ], [ [ 174.77783880000004, -41.2850591 ], [ 174.7779405, -41.2854422 ] ], [ [ 174.778113600000012, -41.2872474 ], [ 174.778064699999987, -41.2870049 ] ] ] } },
{ "type": "Feature", "properties": { "package": "Oriental Bay routes", "suburb": "Oriental Bay", "projects": "Wakefield Street; Whitmore Street; Customhouse Quay; Jervois Quay", "n_projects": 4, "cost": 4.9787400836426796, "cost_low": 2.3165969142075058, "cost_high": 10.548572677740692, "extra_riders": 787.47411393899051, "riders_per_M": 158.16734770432876, "build_step": null }, "geometry": { "type": "MultiLineString", "coordinates": [ [ [ 174.7847874, -41.2930922 ], [ 174.78451960000001, -41.2931345 ], [ 174.7841204, -41.2929739 ] ], [ [ 174.7764119, -41.2891225 ], [ 174.7765846, -41.2892553 ] ], [ [ 174.7764119, -41.2891225 ], [ 174.776221, -41.289091 ], [ 174.7760197, -41.2891721 ] ], [ [ 174.7785053, -41.2905397 ], [ 174.778622899999988, -41.290608400000018 ] ], [ [ 174.778622899999988, -41.290608400000018 ], [ 174.7789214, -41.2907725 ] ], [ [ 174.7841204, -41.2929739 ], [ 174.783865600000013, -41.292861099999989 ] ], [ [ 174.7819125, -41.2921767 ], [ 174.7810301, -41.2918946 ] ], [ [ 174.7810301, -41.2918946 ], [ 174.780674800000014, -41.2917642 ], [ 174.7803572, -41.2915775 ] ], [ [ 174.7803572, -41.2915775 ], [ 174.780326200000019, -41.2915592 ] ], [ [ 174.783865600000013, -41.292861099999989 ], [ 174.7835422, -41.2927029 ] ], [ [ 174.7835422, -41.2927029 ], [ 174.783336900000023, -41.2926293 ] ], [ [ 174.780045800000011, -41.291388499999989 ], [ 174.7796322, -41.2911466 ] ], [ [ 174.776134100000036, -41.2887874 ], [ 174.7764119, -41.2891225 ] ], [ [ 174.783336900000023, -41.2926293 ], [ 174.7827347, -41.2924415 ] ], [ [ 174.7827347, -41.2924415 ], [ 174.782310099999989, -41.2923042 ] ], [ [ 174.782310099999989, -41.2923042 ], [ 174.7819125, -41.2921767 ] ], [ [ 174.7791111, -41.2908769 ], [ 174.7796322, -41.2911466 ] ], [ [ 174.7789214, -41.2907725 ], [ 174.7791111, -41.2908769 ] ], [ [ 174.7765846, -41.2892553 ], [ 174.777330799999987, -41.2898209 ] ], [ [ 174.777330799999987, -41.2898209 ], [ 174.7775895, -41.2899729 ] ], [ [ 174.7775895, -41.2899729 ], [ 174.7777434, -41.2900784 ] ], [ [ 174.778069, -41.2902943 ], [ 174.7781712, -41.2903526 ] ], [ [ 174.7781712, -41.2903526 ], [ 174.778293, -41.2904221 ] ], [ [ 174.778293, -41.2904221 ], [ 174.778325, -41.2904398 ] ], [ [ 174.778325, -41.2904398 ], [ 174.7784227, -41.2904937 ] ], [ [ 174.7784227, -41.2904937 ], [ 174.7785053, -41.2905397 ] ], [ [ 174.780326200000019, -41.2915592 ], [ 174.780045800000011, -41.291388499999989 ] ], [ [ 174.77802650000001, -41.2807191 ], [ 174.7783244, -41.2810373 ] ], [ [ 174.7783244, -41.2810373 ], [ 174.7785714, -41.2813011 ] ], [ [ 174.7785714, -41.2813011 ], [ 174.778607900000026, -41.2813401 ] ], [ [ 174.7767179, -41.2855926 ], [ 174.77708, -41.284961 ] ], [ [ 174.776248200000026, -41.286455399999987 ], [ 174.776571300000029, -41.2858815 ] ], [ [ 174.7789392, -41.2819616 ], [ 174.7787875, -41.2821829 ] ], [ [ 174.77807390000001, -41.2831999 ], [ 174.7783992, -41.2826108 ] ], [ [ 174.7783992, -41.2826108 ], [ 174.778558, -41.2822862 ] ], [ [ 174.77708, -41.284961 ], [ 174.7774049, -41.284366100000014 ] ], [ [ 174.7774049, -41.284366100000014 ], [ 174.7774947, -41.2842091 ], [ 174.7776054, -41.284158 ] ], [ [ 174.7776054, -41.284158 ], [ 174.7777422, -41.2837898 ] ], [ [ 174.7777422, -41.2837898 ], [ 174.77807390000001, -41.2831999 ] ], [ [ 174.7787078, -41.282015 ], [ 174.7789517, -41.2817322 ] ], [ [ 174.7790445, -41.2818381 ], [ 174.7789392, -41.2819616 ] ], [ [ 174.7785337, -41.2826562 ], [ 174.7782139, -41.283245799999989 ] ], [ [ 174.776571300000029, -41.2858815 ], [ 174.7767179, -41.2855926 ] ], [ [ 174.7782139, -41.283245799999989 ], [ 174.7778906, -41.283842899999989 ] ], [ [ 174.7787875, -41.2821829 ], [ 174.7785337, -41.2826562 ] ], [ [ 174.7778906, -41.283842899999989 ], [ 174.7777812, -41.2841892 ] ], [ [ 174.778558, -41.2822862 ], [ 174.7787078, -41.282015 ] ], [ [ 174.7793419, -41.2908089 ], [ 174.778871, -41.2901859 ], [ 174.7786936, -41.2898185 ] ], [ [ 174.7786936, -41.2898185 ], [ 174.7786021, -41.2895591 ] ], [ [ 174.7786021, -41.2895591 ], [ 174.778447300000011, -41.2888711 ] ], [ [ 174.7777485, -41.2844802 ], [ 174.7778045, -41.2849334 ] ], [ [ 174.7778604, -41.2858572 ], [ 174.777676, -41.2849834 ] ], [ [ 174.778447300000011, -41.2888711 ], [ 174.778410900000011, -41.2886964 ] ], [ [ 174.7796322, -41.2911466 ], [ 174.7793419, -41.2908089 ] ], [ [ 174.778410900000011, -41.2886964 ], [ 174.778304900000023, -41.2881971 ] ], [ [ 174.778419500000012, -41.2879646 ], [ 174.7784241, -41.2879932 ] ], [ [ 174.778264799999988, -41.287051699999985 ], [ 174.778419500000012, -41.2879646 ] ], [ [ 174.7781723, -41.2865832 ], [ 174.7782633, -41.2870397 ] ], [ [ 174.778304900000023, -41.2881971 ], [ 174.7781922, -41.2876379 ] ], [ [ 174.7781922, -41.2876379 ], [ 174.778113600000012, -41.2872474 ] ], [ [ 174.778064699999987, -41.2870049 ], [ 174.777976, -41.2865066 ] ], [ [ 174.777976, -41.2865066 ], [ 174.7778604, -41.2858572 ] ], [ [ 174.7779405, -41.2854422 ], [ 174.7780278, -41.2858385 ] ], [ [ 174.7780278, -41.2858385 ], [ 174.7780661, -41.2860535 ] ], [ [ 174.7780661, -41.2860535 ], [ 174.7781723, -41.2865832 ] ], [ [ 174.777667799999989, -41.2849448 ], [ 174.7775958, -41.2845052 ], [ 174.7776054, -41.284158 ] ], [ [ 174.7777812, -41.2841892 ], [ 174.7777485, -41.2844802 ] ], [ [ 174.77783880000004, -41.2850591 ], [ 174.7779405, -41.2854422 ] ], [ [ 174.778113600000012, -41.2872474 ], [ 174.778064699999987, -41.2870049 ] ] ] } },
{ "type": "Feature", "properties": { "package": "Karori routes", "suburb": "Karori", "projects": "Willis Street; Karori Road; Chaytor Street; Aro Street; Karori Road; Raroa Road; Karori Tunnel; Glenmore Street; Raroa Crescent; (unnamed link); Karori Road at ", "n_projects": 11, "cost": 8.824662368128033, "cost_low": 4.2271854850600157, "cost_high": 18.489907532272067, "extra_riders": 1179.0433274732334, "riders_per_M": 133.60775498126426, "build_step": null }, "geometry": { "type": "MultiLineString", "coordinates": [ [ [ 174.774698300000011, -41.2891644 ], [ 174.7752602, -41.2882083 ] ], [ [ 174.774698300000011, -41.2891644 ], [ 174.774406900000031, -41.2896824 ] ], [ [ 174.770634699999988, -41.2964583 ], [ 174.7708145, -41.296117 ] ], [ [ 174.772060100000033, -41.293851 ], [ 174.7722143, -41.2935989 ] ], [ [ 174.7722143, -41.2935989 ], [ 174.7726791, -41.2927584 ] ], [ [ 174.770634699999988, -41.2964583 ], [ 174.7705996, -41.2962824 ] ], [ [ 174.7752602, -41.2882083 ], [ 174.776125799999988, -41.2866726 ] ], [ [ 174.7712295, -41.2953352 ], [ 174.7716129, -41.2946282 ] ], [ [ 174.7716129, -41.2946282 ], [ 174.7718749, -41.2941852 ] ], [ [ 174.7718749, -41.2941852 ], [ 174.771880399999986, -41.2941674 ] ], [ [ 174.771880399999986, -41.2941674 ], [ 174.772026, -41.2939086 ] ], [ [ 174.772026, -41.2939086 ], [ 174.772060100000033, -41.293851 ] ], [ [ 174.774406900000031, -41.2896824 ], [ 174.7743691, -41.2897448 ] ], [ [ 174.7743691, -41.2897448 ], [ 174.7743481, -41.2897819 ] ], [ [ 174.7743481, -41.2897819 ], [ 174.7737514, -41.2908406 ] ], [ [ 174.7737514, -41.2908406 ], [ 174.773145699999986, -41.2919081 ] ], [ [ 174.773145699999986, -41.2919081 ], [ 174.773047100000014, -41.2920939 ] ], [ [ 174.7708145, -41.296117 ], [ 174.7710109, -41.2957603 ] ], [ [ 174.7710109, -41.2957603 ], [ 174.771163300000012, -41.295462399999984 ] ], [ [ 174.7726791, -41.2927584 ], [ 174.7729051, -41.2923401 ] ], [ [ 174.776125799999988, -41.2866726 ], [ 174.776248200000026, -41.286455399999987 ] ], [ [ 174.7704474, -41.296800899999987 ], [ 174.770634699999988, -41.2964583 ] ], [ [ 174.773047100000014, -41.2920939 ], [ 174.7729051, -41.2923401 ] ], [ [ 174.7500724, -41.2815236 ], [ 174.7495648, -41.2816745 ] ], [ [ 174.7495648, -41.2816745 ], [ 174.749153400000012, -41.2817406 ] ], [ [ 174.746604200000036, -41.282157 ], [ 174.7463764, -41.2822193 ] ], [ [ 174.7463764, -41.2822193 ], [ 174.745003200000042, -41.282607 ] ], [ [ 174.744646499999988, -41.2827077 ], [ 174.7440091, -41.2828877 ] ], [ [ 174.745003200000042, -41.282607 ], [ 174.7448106, -41.2826614 ] ], [ [ 174.7448106, -41.2826614 ], [ 174.744646499999988, -41.2827077 ] ], [ [ 174.7502082, -41.2814659 ], [ 174.7500724, -41.2815236 ] ], [ [ 174.75516970000001, -41.2873326 ], [ 174.7548937, -41.2872572 ] ], [ [ 174.7541007, -41.2847592 ], [ 174.7535512, -41.2846378 ] ], [ [ 174.754683199999988, -41.2868281 ], [ 174.7546752, -41.2866998 ] ], [ [ 174.7521803, -41.282743 ], [ 174.7523785, -41.282442 ], [ 174.752505899999989, -41.2817003 ], [ 174.752379600000012, -41.2815687 ], [ 174.75177690000001, -41.2813729 ], [ 174.751388600000013, -41.2810909 ] ], [ [ 174.7547463, -41.2871517 ], [ 174.754683199999988, -41.2868281 ] ], [ [ 174.7548937, -41.2872572 ], [ 174.7547463, -41.2871517 ] ], [ [ 174.770565, -41.2961741 ], [ 174.7708145, -41.296117 ] ], [ [ 174.7674314, -41.295377 ], [ 174.767352499999987, -41.2953724 ] ], [ [ 174.767352499999987, -41.2953724 ], [ 174.7665557, -41.295326 ] ], [ [ 174.7665557, -41.295326 ], [ 174.7661871, -41.2953046 ] ], [ [ 174.7705996, -41.2962824 ], [ 174.7703294, -41.2961487 ] ], [ [ 174.7661871, -41.2953046 ], [ 174.7641303, -41.2951818 ] ], [ [ 174.7703294, -41.2961487 ], [ 174.7700518, -41.2960695 ] ], [ [ 174.7641303, -41.2951818 ], [ 174.763825700000012, -41.2951385 ], [ 174.7634969, -41.2948819 ] ], [ [ 174.7703294, -41.2961487 ], [ 174.770565, -41.2961741 ] ], [ [ 174.7700518, -41.2960695 ], [ 174.7697707, -41.2959849 ] ], [ [ 174.767594, -41.2953864 ], [ 174.7674314, -41.295377 ] ], [ [ 174.7695941, -41.2959292 ], [ 174.7692409, -41.2958177 ] ], [ [ 174.7697707, -41.2959849 ], [ 174.7695941, -41.2959292 ] ], [ [ 174.7384659, -41.284442 ], [ 174.738425, -41.2844535 ] ], [ [ 174.738425, -41.2844535 ], [ 174.7382385, -41.284506 ] ], [ [ 174.7382385, -41.284506 ], [ 174.7378554, -41.284613899999989 ] ], [ [ 174.7378554, -41.284613899999989 ], [ 174.7377737, -41.28463690000001 ] ], [ [ 174.7377737, -41.28463690000001 ], [ 174.7375553, -41.2846983 ] ], [ [ 174.7369546, -41.2848827 ], [ 174.73619690000001, -41.2851036 ] ], [ [ 174.73619690000001, -41.2851036 ], [ 174.735932, -41.2851787 ] ], [ [ 174.7375553, -41.2846983 ], [ 174.7369546, -41.2848827 ] ], [ [ 174.7583305, -41.290385500000021 ], [ 174.7582032, -41.2904857 ], [ 174.758012900000011, -41.2904614 ] ], [ [ 174.758012900000011, -41.2904614 ], [ 174.75818240000001, -41.2902125 ] ], [ [ 174.757932899999986, -41.29052020000001 ], [ 174.758012900000011, -41.2904614 ] ], [ [ 174.758392200000031, -41.289283799999986 ], [ 174.758450900000042, -41.2894636 ], [ 174.7582303, -41.289821800000013 ] ], [ [ 174.755547400000012, -41.2873137 ], [ 174.755715073474278, -41.287438338488101 ] ], [ [ 174.755715073474278, -41.287438338488101 ], [ 174.7559231, -41.2877602 ], [ 174.7562647, -41.288074 ], [ 174.7562925, -41.2881683 ], [ 174.7560734, -41.2887122 ], [ 174.7560795, -41.2888468 ], [ 174.7562829, -41.2890046 ], [ 174.756760500000013, -41.289048800000018 ] ], [ [ 174.7601042, -41.2904051 ], [ 174.7601526, -41.29053050000001 ], [ 174.75999250000001, -41.2911841 ], [ 174.7596002, -41.2917346 ] ], [ [ 174.7596002, -41.2917346 ], [ 174.759239900000011, -41.292035 ], [ 174.759068500000012, -41.292272 ], [ 174.759115400000013, -41.2924056 ], [ 174.759318900000039, -41.2925618 ], [ 174.759541, -41.2929818 ], [ 174.759488800000014, -41.2931451 ] ], [ [ 174.7578077, -41.2891882 ], [ 174.7583036, -41.2892483 ] ], [ [ 174.757688100000024, -41.2942248 ], [ 174.7582122, -41.2940256 ], [ 174.75901540000001, -41.2939349 ], [ 174.7600157, -41.2934327 ], [ 174.7602722, -41.2932356 ] ], [ [ 174.758811, -41.2936672 ], [ 174.758478700000012, -41.2936766 ], [ 174.75816420000001, -41.2938104 ], [ 174.7576625, -41.293881 ], [ 174.757454200000012, -41.2939873 ] ], [ [ 174.757454200000012, -41.2939873 ], [ 174.7574627, -41.29416410000001 ], [ 174.757567099999989, -41.2942214 ], [ 174.757688100000024, -41.2942248 ] ], [ [ 174.759488800000014, -41.2931451 ], [ 174.7589906, -41.2935975 ], [ 174.758811, -41.2936672 ] ], [ [ 174.758468500000021, -41.2904232 ], [ 174.7588273, -41.2903885 ], [ 174.7594013, -41.2902446 ], [ 174.759752, -41.2902687 ], [ 174.7601042, -41.2904051 ] ], [ [ 174.7582303, -41.289821800000013 ], [ 174.75821940000003, -41.289877499999989 ] ], [ [ 174.75821940000003, -41.289877499999989 ], [ 174.75818240000001, -41.2902125 ] ], [ [ 174.75818240000001, -41.2902125 ], [ 174.7583305, -41.290385500000021 ] ], [ [ 174.7583305, -41.290385500000021 ], [ 174.758468500000021, -41.2904232 ] ], [ [ 174.756760500000013, -41.289048800000018 ], [ 174.75709820000003, -41.289230099999983 ] ], [ [ 174.75709820000003, -41.289230099999983 ], [ 174.7572577, -41.2892863 ], [ 174.7578077, -41.2891882 ] ], [ [ 174.7560718, -41.2875075 ], [ 174.755715073474278, -41.287438338488101 ] ], [ [ 174.755715073474278, -41.287438338488101 ], [ 174.75516970000001, -41.2873326 ] ], [ [ 174.756678600000015, -41.2872849 ], [ 174.75639910000001, -41.2875051 ], [ 174.7560718, -41.2875075 ] ], [ [ 174.757939599999986, -41.287542099999989 ], [ 174.757562900000011, -41.2880465 ], [ 174.7576245, -41.2883895 ], [ 174.7575749, -41.288563099999983 ], [ 174.757417299999986, -41.288645199999984 ], [ 174.7572443, -41.288642 ], [ 174.7571007, -41.288566 ], [ 174.7570461, -41.2884505 ] ], [ [ 174.754863, -41.285813 ], [ 174.755067200000013, -41.2863967 ], [ 174.7550396, -41.286923 ], [ 174.755547400000012, -41.2873137 ] ], [ [ 174.7541007, -41.2847592 ], [ 174.7542274, -41.2847518 ], [ 174.754353400000014, -41.2847968 ], [ 174.7546174, -41.2850624 ] ], [ [ 174.7583885, -41.2892222 ], [ 174.758392200000031, -41.289283799999986 ] ], [ [ 174.758392200000031, -41.289283799999986 ], [ 174.7583254, -41.2892877 ], [ 174.7583036, -41.2892483 ] ], [ [ 174.7583036, -41.2892483 ], [ 174.7583885, -41.2892222 ] ], [ [ 174.7585755, -41.2872395 ], [ 174.7586685, -41.2869401 ] ] ] } },
{ "type": "Feature", "properties": { "package": "Kelburn routes", "suburb": "Kelburn", "projects": "Willis Street; Kelburn Parade; Ghuznee Street; The Terrace; Upland Road; Salamanca Road", "n_projects": 6, "cost": 10.841983610783476, "cost_low": 5.0821798175547537, "cost_high": 23.03921517291489, "extra_riders": 1447.8570071962388, "riders_per_M": 133.54170778824965, "build_step": null }, "geometry": { "type": "MultiLineString", "coordinates": [ [ [ 174.774698300000011, -41.2891644 ], [ 174.7752602, -41.2882083 ] ], [ [ 174.774698300000011, -41.2891644 ], [ 174.774406900000031, -41.2896824 ] ], [ [ 174.770634699999988, -41.2964583 ], [ 174.7708145, -41.296117 ] ], [ [ 174.772060100000033, -41.293851 ], [ 174.7722143, -41.2935989 ] ], [ [ 174.7722143, -41.2935989 ], [ 174.7726791, -41.2927584 ] ], [ [ 174.770634699999988, -41.2964583 ], [ 174.7705996, -41.2962824 ] ], [ [ 174.7752602, -41.2882083 ], [ 174.776125799999988, -41.2866726 ] ], [ [ 174.7712295, -41.2953352 ], [ 174.7716129, -41.2946282 ] ], [ [ 174.7716129, -41.2946282 ], [ 174.7718749, -41.2941852 ] ], [ [ 174.7718749, -41.2941852 ], [ 174.771880399999986, -41.2941674 ] ], [ [ 174.771880399999986, -41.2941674 ], [ 174.772026, -41.2939086 ] ], [ [ 174.772026, -41.2939086 ], [ 174.772060100000033, -41.293851 ] ], [ [ 174.774406900000031, -41.2896824 ], [ 174.7743691, -41.2897448 ] ], [ [ 174.7743691, -41.2897448 ], [ 174.7743481, -41.2897819 ] ], [ [ 174.7743481, -41.2897819 ], [ 174.7737514, -41.2908406 ] ], [ [ 174.7737514, -41.2908406 ], [ 174.773145699999986, -41.2919081 ] ], [ [ 174.773145699999986, -41.2919081 ], [ 174.773047100000014, -41.2920939 ] ], [ [ 174.7708145, -41.296117 ], [ 174.7710109, -41.2957603 ] ], [ [ 174.7710109, -41.2957603 ], [ 174.771163300000012, -41.295462399999984 ] ], [ [ 174.7726791, -41.2927584 ], [ 174.7729051, -41.2923401 ] ], [ [ 174.776125799999988, -41.2866726 ], [ 174.776248200000026, -41.286455399999987 ] ], [ [ 174.7704474, -41.296800899999987 ], [ 174.770634699999988, -41.2964583 ] ], [ [ 174.773047100000014, -41.2920939 ], [ 174.7729051, -41.2923401 ] ], [ [ 174.76911, -41.2867842 ], [ 174.768993900000027, -41.2868435 ], [ 174.7689117, -41.286981 ] ], [ [ 174.7689117, -41.286981 ], [ 174.7687558, -41.2872601 ] ], [ [ 174.7665921, -41.2913943 ], [ 174.766569299999986, -41.2911581 ], [ 174.7666302, -41.2909766 ], [ 174.76674460000001, -41.2908983 ], [ 174.7669568, -41.2908447 ] ], [ [ 174.766512800000015, -41.2916456 ], [ 174.7661285, -41.2917064 ], [ 174.765732500000041, -41.291880399999982 ] ], [ [ 174.765447599999987, -41.2913028 ], [ 174.7652599, -41.2913467 ], [ 174.7648599, -41.2918861 ], [ 174.764232, -41.292133 ], [ 174.7640968, -41.292130899999989 ], [ 174.7640068, -41.2920557 ], [ 174.7639748, -41.2913882 ], [ 174.7637114, -41.2905236 ], [ 174.76362, -41.2904272 ] ], [ [ 174.76362, -41.2904272 ], [ 174.7634761, -41.2903709 ], [ 174.7632784, -41.2903857 ], [ 174.762797, -41.290723 ] ], [ [ 174.7687558, -41.2872601 ], [ 174.7684969, -41.2877131 ] ], [ [ 174.7684969, -41.2877131 ], [ 174.768075, -41.2884586 ] ], [ [ 174.767494199999987, -41.2894803 ], [ 174.7676405, -41.2892305 ] ], [ [ 174.7669568, -41.2908447 ], [ 174.767333400000012, -41.2899511 ] ], [ [ 174.767333400000012, -41.2899511 ], [ 174.76739950000001, -41.2895621 ] ], [ [ 174.765732500000041, -41.291880399999982 ], [ 174.765621399999986, -41.2917621 ], [ 174.7655843, -41.291425099999984 ], [ 174.765447599999987, -41.2913028 ] ], [ [ 174.7675021, -41.2895192 ], [ 174.76739950000001, -41.2895621 ] ], [ [ 174.76739950000001, -41.2895621 ], [ 174.7673684, -41.2894699 ] ], [ [ 174.7673684, -41.2894699 ], [ 174.767494199999987, -41.2894803 ] ], [ [ 174.767494199999987, -41.2894803 ], [ 174.7675021, -41.2895192 ] ], [ [ 174.767956, -41.2886583 ], [ 174.7679171, -41.28873140000001 ] ], [ [ 174.7679171, -41.28873140000001 ], [ 174.7676405, -41.2892305 ] ], [ [ 174.7680334, -41.2885283 ], [ 174.767956, -41.2886583 ] ], [ [ 174.768075, -41.2884586 ], [ 174.7680334, -41.2885283 ] ], [ [ 174.766512800000015, -41.2916456 ], [ 174.766591299999988, -41.291591 ] ], [ [ 174.766591299999988, -41.291591 ], [ 174.7665921, -41.2913943 ] ], [ [ 174.7706241, -41.2916117 ], [ 174.7715792, -41.291942 ] ], [ [ 174.7715792, -41.291942 ], [ 174.7715973, -41.2919483 ] ], [ [ 174.771983400000011, -41.2920858 ], [ 174.7722114, -41.2921488 ] ], [ [ 174.7722114, -41.2921488 ], [ 174.7729051, -41.2923401 ] ], [ [ 174.7715973, -41.2919483 ], [ 174.771983400000011, -41.2920858 ] ], [ [ 174.7729051, -41.2923401 ], [ 174.773943300000013, -41.292711 ] ], [ [ 174.774289, -41.292814 ], [ 174.7749547, -41.2930202 ] ], [ [ 174.7749547, -41.2930202 ], [ 174.775016, -41.2930393 ] ], [ [ 174.775016, -41.2930393 ], [ 174.775053100000036, -41.2930508 ] ], [ [ 174.775053100000036, -41.2930508 ], [ 174.7757249, -41.2932647 ] ], [ [ 174.7757249, -41.2932647 ], [ 174.7761578, -41.2934069 ] ], [ [ 174.7761578, -41.2934069 ], [ 174.7766045, -41.29356210000001 ] ], [ [ 174.7766045, -41.29356210000001 ], [ 174.77678370000001, -41.2936214 ] ], [ [ 174.77678370000001, -41.2936214 ], [ 174.7771565, -41.2937463 ] ], [ [ 174.7771565, -41.2937463 ], [ 174.7773786, -41.2938191 ] ], [ [ 174.773943300000013, -41.292711 ], [ 174.774289, -41.292814 ] ], [ [ 174.7773786, -41.2938191 ], [ 174.777559, -41.2938782 ] ], [ [ 174.777559, -41.2938782 ], [ 174.7779653, -41.293997 ] ], [ [ 174.7706241, -41.2916117 ], [ 174.7711801, -41.2906115 ] ], [ [ 174.7711801, -41.2906115 ], [ 174.771454, -41.290103 ] ], [ [ 174.771454, -41.290103 ], [ 174.77201980000001, -41.288789199999989 ] ], [ [ 174.769739, -41.2931242 ], [ 174.7706241, -41.2916117 ] ], [ [ 174.77201980000001, -41.288789199999989 ], [ 174.7727231, -41.2873437 ] ], [ [ 174.7727231, -41.2873437 ], [ 174.773278299999987, -41.2863642 ] ], [ [ 174.775548500000014, -41.2791207 ], [ 174.775488200000012, -41.2789323 ], [ 174.77533, -41.278778 ] ], [ [ 174.7749532, -41.2819302 ], [ 174.775105200000013, -41.281220399999981 ] ], [ [ 174.775105200000013, -41.281220399999981 ], [ 174.775465, -41.2795206 ] ], [ [ 174.775465, -41.2795206 ], [ 174.775548500000014, -41.2791207 ] ], [ [ 174.773477, -41.2858417 ], [ 174.773623500000014, -41.2855484 ] ], [ [ 174.773623500000014, -41.2855484 ], [ 174.7741691, -41.2843795 ] ], [ [ 174.774369299999989, -41.284009100000013 ], [ 174.774239, -41.284394 ] ], [ [ 174.774369299999989, -41.284009100000013 ], [ 174.77472, -41.283032 ] ], [ [ 174.77472, -41.283032 ], [ 174.774822, -41.2825751 ] ], [ [ 174.774822, -41.2825751 ], [ 174.7749532, -41.2819302 ] ], [ [ 174.7741691, -41.2843795 ], [ 174.77430160000003, -41.2840531 ], [ 174.774369299999989, -41.284009100000013 ] ], [ [ 174.774239, -41.284394 ], [ 174.774038100000013, -41.2848714 ] ], [ [ 174.774038100000013, -41.2848714 ], [ 174.7736922, -41.285572 ] ], [ [ 174.7736922, -41.285572 ], [ 174.7735529, -41.2858651 ] ], [ [ 174.773278299999987, -41.2863642 ], [ 174.7734135, -41.2859796 ] ], [ [ 174.7734867, -41.2860023 ], [ 174.773278299999987, -41.2863642 ] ], [ [ 174.7734135, -41.2859796 ], [ 174.773477, -41.2858417 ] ], [ [ 174.7735529, -41.2858651 ], [ 174.7734867, -41.2860023 ] ], [ [ 174.775548500000014, -41.2791207 ], [ 174.7756253, -41.2787908 ] ], [ [ 174.766969100000011, -41.2855339 ], [ 174.7671906, -41.28536 ], [ 174.7673512, -41.2854096 ], [ 174.7673287, -41.2854986 ], [ 174.7669473, -41.2856136 ] ], [ [ 174.7669473, -41.2856136 ], [ 174.7667908, -41.2858778 ] ], [ [ 174.7667908, -41.2858778 ], [ 174.7661019, -41.2870885 ] ], [ [ 174.7660607, -41.2871724 ], [ 174.765628600000014, -41.2879593 ] ], [ [ 174.765628600000014, -41.2879593 ], [ 174.765391700000038, -41.2884695 ] ], [ [ 174.765391700000038, -41.2884695 ], [ 174.7650751, -41.2887474 ], [ 174.7641348, -41.2891123 ], [ 174.7637442, -41.2892045 ], [ 174.76320640000003, -41.2892317 ] ], [ [ 174.7618084, -41.2887124 ], [ 174.761517199999986, -41.2883352 ], [ 174.7611485, -41.2876414 ] ], [ [ 174.7611485, -41.2876414 ], [ 174.7608908, -41.2872096 ], [ 174.7606165, -41.2869185 ] ], [ [ 174.757652900000011, -41.287158399999988 ], [ 174.7577774, -41.2871416 ] ], [ [ 174.7606165, -41.2869185 ], [ 174.760087, -41.286432099999985 ], [ 174.7596807, -41.2862938 ], [ 174.759406899999988, -41.286325 ], [ 174.7592516, -41.2863991 ], [ 174.7586685, -41.2869401 ] ], [ [ 174.7586685, -41.2869401 ], [ 174.7586015, -41.2869605 ] ], [ [ 174.76320640000003, -41.2892317 ], [ 174.7627376, -41.289274 ], [ 174.7624098, -41.28924 ], [ 174.7622237, -41.2891247 ], [ 174.7618084, -41.2887124 ] ], [ [ 174.7669473, -41.2856136 ], [ 174.766969100000011, -41.2855339 ] ], [ [ 174.770439399999987, -41.2884865 ], [ 174.7706557, -41.2885541 ], [ 174.771081, -41.288784 ], [ 174.7712611, -41.2888092 ] ], [ [ 174.771499299999988, -41.288746099999983 ], [ 174.7716872, -41.2887121 ], [ 174.77201980000001, -41.288789199999989 ] ], [ [ 174.76911, -41.2867842 ], [ 174.7692281, -41.2868077 ], [ 174.769280900000041, -41.286875 ], [ 174.7693611, -41.2875838 ], [ 174.7695572, -41.2880305 ] ], [ [ 174.7712611, -41.2888092 ], [ 174.771499299999988, -41.288746099999983 ] ], [ [ 174.7695572, -41.2880305 ], [ 174.769903199999987, -41.2883351 ], [ 174.7701422, -41.2884347 ], [ 174.770439399999987, -41.2884865 ] ] ] } },
{ "type": "Feature", "properties": { "package": "Karaka Bays routes", "suburb": "Karaka Bays", "projects": "Park Road; Hobart Street; Tauhinu Road; Para Street; Awa Road; Chelsea Street; Totara Road; Miramar Avenue; Wellington Road; Nevay Road; Rex Street", "n_projects": 11, "cost": 11.666834442037368, "cost_low": 5.5500561721764967, "cost_high": 23.546357014690997, "extra_riders": 1453.6951857239242, "riders_per_M": 124.60065264027753, "build_step": 5.0 }, "geometry": { "type": "MultiLineString", "coordinates": [ [ [ 174.816583799999989, -41.316089799999986 ], [ 174.81656, -41.3160071 ] ], [ [ 174.8203713, -41.311014199999988 ], [ 174.8207267, -41.310567399999989 ] ], [ [ 174.8207267, -41.310567399999989 ], [ 174.820926, -41.310218399999989 ] ], [ [ 174.8167348, -41.3156205 ], [ 174.816719, -41.3156695 ] ], [ [ 174.816719, -41.3156695 ], [ 174.816583799999989, -41.316089799999986 ] ], [ [ 174.8199898, -41.311497599999988 ], [ 174.819254300000011, -41.312439 ] ], [ [ 174.819254300000011, -41.312439 ], [ 174.8184815, -41.3134031 ] ], [ [ 174.8184815, -41.3134031 ], [ 174.8177211, -41.3143779 ] ], [ [ 174.8177211, -41.3143779 ], [ 174.8169983, -41.3153036 ] ], [ [ 174.8165493, -41.3163668 ], [ 174.816583799999989, -41.316089799999986 ] ], [ [ 174.8210311, -41.3101087 ], [ 174.8212991, -41.3095312 ] ], [ [ 174.8212991, -41.3095312 ], [ 174.8214211, -41.3092516 ] ], [ [ 174.8214211, -41.3092516 ], [ 174.8216122, -41.308814 ] ], [ [ 174.8216122, -41.308814 ], [ 174.8221744, -41.3073048 ] ], [ [ 174.8221744, -41.3073048 ], [ 174.822305600000021, -41.3070485 ], [ 174.822608600000024, -41.3067639 ] ], [ [ 174.822608600000024, -41.3067639 ], [ 174.8231283, -41.3063129 ], [ 174.82322750000003, -41.3062817 ] ], [ [ 174.81656, -41.3160071 ], [ 174.8166572, -41.3157029 ] ], [ [ 174.8166572, -41.3157029 ], [ 174.8167348, -41.3156205 ] ], [ [ 174.8199898, -41.311497599999988 ], [ 174.8203713, -41.311014199999988 ] ], [ [ 174.8169983, -41.3153036 ], [ 174.8167348, -41.3156205 ] ], [ [ 174.8125995, -41.3234512 ], [ 174.8129883, -41.3224541 ] ], [ [ 174.8129883, -41.3224541 ], [ 174.8133094, -41.3215875 ] ], [ [ 174.813880399999988, -41.3195053 ], [ 174.8139151, -41.3199072 ] ], [ [ 174.81474, -41.3190851 ], [ 174.8164205, -41.316821799999985 ] ], [ [ 174.8164205, -41.316821799999985 ], [ 174.816515700000025, -41.3166638 ], [ 174.816529300000013, -41.3164897 ] ], [ [ 174.8115996, -41.3253483 ], [ 174.811817, -41.3252424 ], [ 174.8120221, -41.325002099999985 ] ], [ [ 174.8119785, -41.325168 ], [ 174.8120639, -41.3252836 ], [ 174.8121641, -41.3253253 ] ], [ [ 174.8119785, -41.325168 ], [ 174.811900400000013, -41.3253345 ] ], [ [ 174.8133094, -41.3215875 ], [ 174.8139151, -41.3199072 ] ], [ [ 174.8139151, -41.3199072 ], [ 174.8145759, -41.3192742 ] ], [ [ 174.8145759, -41.3192742 ], [ 174.81474, -41.3190851 ] ], [ [ 174.8119785, -41.325168 ], [ 174.8120221, -41.325002099999985 ] ], [ [ 174.8120221, -41.325002099999985 ], [ 174.812193799999989, -41.3245122 ] ], [ [ 174.812193799999989, -41.3245122 ], [ 174.8125995, -41.3234512 ] ], [ [ 174.8136107, -41.3148547 ], [ 174.813672, -41.314775399999981 ] ], [ [ 174.813672, -41.314775399999981 ], [ 174.813770799999986, -41.314635699999982 ] ], [ [ 174.813770799999986, -41.314635699999982 ], [ 174.8141467, -41.3141806 ] ], [ [ 174.8141467, -41.3141806 ], [ 174.814201, -41.3141144 ] ], [ [ 174.814201, -41.3141144 ], [ 174.81427260000001, -41.314027 ] ], [ [ 174.81427260000001, -41.314027 ], [ 174.8149593, -41.3132107 ] ], [ [ 174.8149593, -41.3132107 ], [ 174.8157989, -41.3122696 ] ], [ [ 174.8157989, -41.3122696 ], [ 174.816337800000014, -41.3117227 ], [ 174.8167775, -41.3114383 ] ], [ [ 174.8167775, -41.3114383 ], [ 174.816837200000037, -41.3114018 ] ], [ [ 174.816837200000037, -41.3114018 ], [ 174.8171806, -41.3111561 ], [ 174.817471399999988, -41.310445099999988 ] ], [ [ 174.817471399999988, -41.310445099999988 ], [ 174.817622199999988, -41.3101298 ], [ 174.817849200000012, -41.3099698 ] ], [ [ 174.817849200000012, -41.3099698 ], [ 174.817935299999988, -41.3100061 ], [ 174.81951380000001, -41.3098341 ], [ 174.819685099999987, -41.3096966 ], [ 174.81969620000001, -41.309558100000011 ], [ 174.819265800000011, -41.3091412 ] ], [ [ 174.8191742, -41.3175379 ], [ 174.81981540000001, -41.3164516 ] ], [ [ 174.81981540000001, -41.3164516 ], [ 174.820092200000033, -41.315942 ] ], [ [ 174.820092200000033, -41.315942 ], [ 174.820813900000019, -41.3146663 ] ], [ [ 174.820813900000019, -41.3146663 ], [ 174.8209334, -41.314440699999984 ] ], [ [ 174.8209334, -41.314440699999984 ], [ 174.8213486, -41.3138139 ], [ 174.8218245, -41.3135259 ] ], [ [ 174.8218245, -41.3135259 ], [ 174.822542, -41.313131 ] ], [ [ 174.8227532, -41.3130176 ], [ 174.8230603, -41.3131264 ] ], [ [ 174.8230603, -41.3131264 ], [ 174.8236646, -41.3132436 ], [ 174.8243061, -41.3131607 ], [ 174.82476010000002, -41.3131743 ] ], [ [ 174.82476010000002, -41.3131743 ], [ 174.8249103, -41.3131154 ], [ 174.8249271, -41.3130222 ], [ 174.8247017, -41.3127558 ], [ 174.824711900000011, -41.3126374 ], [ 174.825048399999986, -41.3122632 ], [ 174.8251081, -41.3119297 ], [ 174.8252094, -41.3118723 ], [ 174.825358900000026, -41.3119272 ] ], [ [ 174.825358900000026, -41.3119272 ], [ 174.8255332, -41.3122309 ], [ 174.825817, -41.312349699999984 ], [ 174.8265451, -41.3122815 ], [ 174.8269405, -41.3121337 ], [ 174.82713590000003, -41.3121469 ] ], [ [ 174.82713590000003, -41.3121469 ], [ 174.827446400000014, -41.3121876 ] ], [ [ 174.827446400000014, -41.3121876 ], [ 174.827794399999988, -41.312222 ], [ 174.828406199999989, -41.3112416 ], [ 174.8285562, -41.311130900000016 ], [ 174.8287527, -41.3111125 ], [ 174.8291563, -41.3114384 ], [ 174.8291458, -41.3115265 ], [ 174.8290795, -41.3115665 ], [ 174.8289746, -41.311558 ], [ 174.8287895, -41.3114254 ], [ 174.8287255, -41.3114366 ], [ 174.8286886, -41.3115054 ], [ 174.828899299999989, -41.3116996 ], [ 174.8292974, -41.3118994 ], [ 174.829337, -41.3123122 ], [ 174.8294722, -41.3126523 ] ], [ [ 174.81474, -41.3190851 ], [ 174.814928400000042, -41.3191189 ] ], [ [ 174.814928400000042, -41.3191189 ], [ 174.816298700000033, -41.3185794 ] ], [ [ 174.816298700000033, -41.3185794 ], [ 174.8178738, -41.3179593 ] ], [ [ 174.8178738, -41.3179593 ], [ 174.8188044, -41.3175914 ], [ 174.818974200000014, -41.3174491 ] ], [ [ 174.825358900000026, -41.3119272 ], [ 174.8254259, -41.3119254 ], [ 174.825466799999987, -41.3119289 ], [ 174.8256552, -41.3121072 ], [ 174.8258404, -41.3121425 ], [ 174.826445400000011, -41.3119477 ], [ 174.826469800000012, -41.3118751 ], [ 174.8263011, -41.311142 ], [ 174.8263921, -41.3109861 ], [ 174.826804, -41.3106705 ], [ 174.826838, -41.310598799999987 ], [ 174.826460700000013, -41.3101948 ], [ 174.8264098, -41.3100211 ], [ 174.8264467, -41.3097232 ], [ 174.826903, -41.3091039 ], [ 174.8268429, -41.3087613 ], [ 174.8268814, -41.308489 ], [ 174.827307499999989, -41.3081301 ], [ 174.8272397, -41.307951 ], [ 174.8270106, -41.3077443 ], [ 174.826999199999989, -41.307584899999988 ], [ 174.8271492, -41.3074521 ], [ 174.8274917, -41.3074121 ], [ 174.8275936, -41.3073489 ], [ 174.8276265, -41.3069608 ], [ 174.8279273, -41.306538699999983 ], [ 174.827871300000027, -41.30640540000001 ], [ 174.827754700000014, -41.3063654 ] ], [ [ 174.827754700000014, -41.3063654 ], [ 174.827607699999987, -41.3061063 ], [ 174.827678, -41.3057181 ], [ 174.8276104, -41.3052744 ], [ 174.827930900000013, -41.3047107 ], [ 174.8279164, -41.3044721 ], [ 174.827988, -41.304357900000014 ] ], [ [ 174.827988, -41.304357900000014 ], [ 174.8283018, -41.304192 ], [ 174.828353600000042, -41.3039594 ], [ 174.828233399999988, -41.3038762 ], [ 174.827917500000012, -41.3038984 ], [ 174.8278465, -41.3038276 ], [ 174.8278574, -41.30374350000001 ], [ 174.8282915, -41.3034431 ], [ 174.8285072, -41.3034186 ], [ 174.8293713, -41.3035842 ] ], [ [ 174.8207698, -41.3183986 ], [ 174.820798200000013, -41.3183538 ] ], [ [ 174.820798200000013, -41.3183538 ], [ 174.8208277, -41.3182994 ], [ 174.8207816, -41.3182266 ], [ 174.8196649, -41.3177658 ] ], [ [ 174.818974200000014, -41.3174491 ], [ 174.81714740000001, -41.3166853 ] ], [ [ 174.8196649, -41.3177658 ], [ 174.8191742, -41.3175379 ] ], [ [ 174.8164796, -41.3164116 ], [ 174.815444500000012, -41.3159595 ] ], [ [ 174.815444500000012, -41.3159595 ], [ 174.815185500000013, -41.3158503 ] ], [ [ 174.815185500000013, -41.3158503 ], [ 174.8147916, -41.3156836 ] ], [ [ 174.8147916, -41.3156836 ], [ 174.8146824, -41.3156374 ] ], [ [ 174.8146824, -41.3156374 ], [ 174.814580300000017, -41.3155943 ] ], [ [ 174.814580300000017, -41.3155943 ], [ 174.8144313, -41.3155332 ] ], [ [ 174.8144313, -41.3155332 ], [ 174.8140268, -41.3153579 ] ], [ [ 174.8140268, -41.3153579 ], [ 174.813860299999988, -41.315282799999984 ] ], [ [ 174.8191742, -41.3175379 ], [ 174.818974200000014, -41.3174491 ] ], [ [ 174.81714740000001, -41.3166853 ], [ 174.816624100000013, -41.3164704 ] ], [ [ 174.79350740000001, -41.3120116 ], [ 174.7946177, -41.3122745 ], [ 174.7952516, -41.3123544 ] ], [ [ 174.7950892, -41.312439 ], [ 174.794209200000012, -41.312281 ] ], [ [ 174.7909516, -41.3119169 ], [ 174.791303, -41.3119229 ] ], [ [ 174.791303, -41.3119229 ], [ 174.7923573, -41.3119673 ] ], [ [ 174.7923573, -41.3119673 ], [ 174.7926359, -41.311977 ] ], [ [ 174.7898238, -41.3130531 ], [ 174.7899861, -41.312875099999985 ] ], [ [ 174.7899861, -41.312875099999985 ], [ 174.7900012, -41.312117400000012 ], [ 174.7902116, -41.311932599999977 ] ], [ [ 174.793252700000011, -41.312062799999985 ], [ 174.79288, -41.3119836 ] ], [ [ 174.79288, -41.3119836 ], [ 174.79350740000001, -41.3120116 ] ], [ [ 174.7904958, -41.3118136 ], [ 174.7909516, -41.3119169 ] ], [ [ 174.7907344, -41.3119234 ], [ 174.7902116, -41.311932599999977 ] ], [ [ 174.7902116, -41.311932599999977 ], [ 174.790452, -41.3118322 ] ], [ [ 174.790452, -41.3118322 ], [ 174.7904958, -41.3118136 ] ], [ [ 174.7956331, -41.3124911 ], [ 174.7950892, -41.312439 ] ], [ [ 174.7952516, -41.3123544 ], [ 174.795661200000012, -41.3123863 ] ], [ [ 174.793801300000013, -41.312187299999984 ], [ 174.7934735, -41.3121136 ] ], [ [ 174.7926359, -41.311977 ], [ 174.79288, -41.3119836 ] ], [ [ 174.7934735, -41.3121136 ], [ 174.793252700000011, -41.312062799999985 ] ], [ [ 174.789538, -41.3130861 ], [ 174.7898238, -41.3130531 ] ], [ [ 174.7898238, -41.3130531 ], [ 174.7897341, -41.3131058 ], [ 174.7894191, -41.3131573 ] ], [ [ 174.794209200000012, -41.312281 ], [ 174.793801300000013, -41.312187299999984 ] ], [ [ 174.829507799999988, -41.3061613 ], [ 174.8294252, -41.3061091 ] ], [ [ 174.8294252, -41.3061091 ], [ 174.8291533, -41.3059339 ], [ 174.8290115, -41.3057788 ], [ 174.8289342, -41.305351 ], [ 174.828687900000034, -41.3048761 ], [ 174.8287315, -41.3047845 ], [ 174.8290144, -41.3046009 ], [ 174.8290993, -41.3044679 ], [ 174.8290776, -41.3043398 ], [ 174.828929, -41.3041145 ], [ 174.828981, -41.303941799999983 ], [ 174.8293713, -41.3035842 ] ], [ [ 174.827446400000014, -41.3121876 ], [ 174.8275368, -41.3118504 ], [ 174.827494, -41.311373100000012 ], [ 174.8282685, -41.3105101 ], [ 174.8284102, -41.3101696 ], [ 174.8287614, -41.3095883 ], [ 174.828758, -41.3094451 ], [ 174.828495800000013, -41.3092337 ], [ 174.8284726, -41.3091414 ], [ 174.8286157, -41.3087628 ], [ 174.8290563, -41.3082679 ], [ 174.829130099999986, -41.3081212 ], [ 174.8291027, -41.3079736 ], [ 174.828881200000012, -41.307621 ], [ 174.828856300000012, -41.307393 ], [ 174.829507799999988, -41.3061613 ] ], [ [ 174.8293713, -41.3035842 ], [ 174.829545, -41.302582199999989 ], [ 174.829214900000011, -41.3019811 ], [ 174.829221100000012, -41.3017305 ] ], [ [ 174.829221100000012, -41.3017305 ], [ 174.8292339, -41.3016145 ] ], [ [ 174.816837200000037, -41.3114018 ], [ 174.819254300000011, -41.312439 ] ], [ [ 174.819254300000011, -41.312439 ], [ 174.8218245, -41.3135259 ] ] ] } },
{ "type": "Feature", "properties": { "package": "Thorndon routes", "suburb": "Thorndon", "projects": "Featherston Street; Whitmore Street; Tinakori Road; Customhouse Quay; Mulgrave Street; Jervois Quay; Murphy Street", "n_projects": 7, "cost": 7.969556984585024, "cost_low": 3.7013548365242293, "cost_high": 16.872808592243175, "extra_riders": 971.80114654125919, "riders_per_M": 121.93916781333624, "build_step": null }, "geometry": { "type": "MultiLineString", "coordinates": [ [ [ 174.779165299999988, -41.279578399999984 ], [ 174.7788112, -41.280226 ] ], [ [ 174.7788112, -41.280226 ], [ 174.7787079, -41.2804006 ] ], [ [ 174.7762129, -41.2846935 ], [ 174.7759314, -41.2851986 ], [ 174.7759906, -41.2853618 ] ], [ [ 174.7779021, -41.2817328 ], [ 174.7775586, -41.2823371 ] ], [ [ 174.77861870000001, -41.2805513 ], [ 174.7783244, -41.2810373 ] ], [ [ 174.77689620000001, -41.2835017 ], [ 174.7765703, -41.2840763 ] ], [ [ 174.7765703, -41.2840763 ], [ 174.7762129, -41.2846935 ] ], [ [ 174.7772214, -41.2829164 ], [ 174.77689620000001, -41.2835017 ] ], [ [ 174.7775586, -41.2823371 ], [ 174.7772214, -41.2829164 ] ], [ [ 174.7787079, -41.2804006 ], [ 174.77861870000001, -41.2805513 ] ], [ [ 174.7783244, -41.2810373 ], [ 174.7779021, -41.2817328 ] ], [ [ 174.77802650000001, -41.2807191 ], [ 174.7783244, -41.2810373 ] ], [ [ 174.7783244, -41.2810373 ], [ 174.7785714, -41.2813011 ] ], [ [ 174.7785714, -41.2813011 ], [ 174.778607900000026, -41.2813401 ] ], [ [ 174.781338100000028, -41.2676338 ], [ 174.781175, -41.2676596 ], [ 174.7810264, -41.2678745 ], [ 174.780811, -41.2683443 ], [ 174.7806439, -41.2689126 ] ], [ [ 174.7806439, -41.2689126 ], [ 174.7805876, -41.269053200000016 ] ], [ [ 174.7779712, -41.2713791 ], [ 174.777832, -41.2716085 ] ], [ [ 174.770601, -41.2776523 ], [ 174.7698196, -41.2783181 ] ], [ [ 174.7698196, -41.2783181 ], [ 174.769562799999989, -41.2785307 ] ], [ [ 174.7723559, -41.2761621 ], [ 174.772545799999989, -41.2760016 ] ], [ [ 174.7729058, -41.2757037 ], [ 174.772545799999989, -41.2760016 ] ], [ [ 174.773371200000014, -41.2753132 ], [ 174.7731683, -41.2754878 ] ], [ [ 174.7737546, -41.2749961 ], [ 174.773371200000014, -41.2753132 ] ], [ [ 174.7745434, -41.2743194 ], [ 174.7743025, -41.274565499999987 ] ], [ [ 174.7737546, -41.2749961 ], [ 174.7740334, -41.274719 ] ], [ [ 174.7746751, -41.274206 ], [ 174.7745434, -41.2743194 ] ], [ [ 174.7740334, -41.274719 ], [ 174.7745434, -41.2743194 ] ], [ [ 174.7741438, -41.2747053 ], [ 174.7740808, -41.2747609 ] ], [ [ 174.7740808, -41.2747609 ], [ 174.7737546, -41.2749961 ] ], [ [ 174.7743025, -41.274565499999987 ], [ 174.7741438, -41.2747053 ] ], [ [ 174.7775727, -41.271711 ], [ 174.7768907, -41.2722674 ] ], [ [ 174.7768907, -41.2722674 ], [ 174.7758725, -41.2731629 ] ], [ [ 174.7758725, -41.2731629 ], [ 174.7755961, -41.2733997 ] ], [ [ 174.7779712, -41.2713791 ], [ 174.7775727, -41.271711 ] ], [ [ 174.7721627, -41.2763264 ], [ 174.7723559, -41.2761621 ] ], [ [ 174.7719291, -41.2765213 ], [ 174.7715926, -41.2768033 ] ], [ [ 174.7714224, -41.2769519 ], [ 174.7715926, -41.2768033 ] ], [ [ 174.769562799999989, -41.2785307 ], [ 174.7693204, -41.2787287 ] ], [ [ 174.7714224, -41.2769519 ], [ 174.7710492, -41.277271 ] ], [ [ 174.7710492, -41.277271 ], [ 174.770662, -41.277599500000015 ] ], [ [ 174.770662, -41.277599500000015 ], [ 174.770601, -41.2776523 ] ], [ [ 174.779395599999987, -41.2701653 ], [ 174.779319500000014, -41.2702293 ] ], [ [ 174.779319500000014, -41.2702293 ], [ 174.7792706, -41.2702713 ] ], [ [ 174.7792706, -41.2702713 ], [ 174.7779712, -41.2713791 ] ], [ [ 174.779976299999987, -41.2696768 ], [ 174.779395599999987, -41.2701653 ] ], [ [ 174.7805876, -41.269053200000016 ], [ 174.7804609, -41.269255 ], [ 174.779976299999987, -41.2696768 ] ], [ [ 174.7755961, -41.2733997 ], [ 174.774712599999987, -41.2741732 ] ], [ [ 174.774712599999987, -41.2741732 ], [ 174.7746751, -41.274206 ] ], [ [ 174.7721627, -41.2763264 ], [ 174.7719291, -41.2765213 ] ], [ [ 174.7731683, -41.2754878 ], [ 174.7729058, -41.2757037 ] ], [ [ 174.7767179, -41.2855926 ], [ 174.77708, -41.284961 ] ], [ [ 174.776248200000026, -41.286455399999987 ], [ 174.776571300000029, -41.2858815 ] ], [ [ 174.7789392, -41.2819616 ], [ 174.7787875, -41.2821829 ] ], [ [ 174.77807390000001, -41.2831999 ], [ 174.7783992, -41.2826108 ] ], [ [ 174.7783992, -41.2826108 ], [ 174.778558, -41.2822862 ] ], [ [ 174.77708, -41.284961 ], [ 174.7774049, -41.284366100000014 ] ], [ [ 174.7774049, -41.284366100000014 ], [ 174.7774947, -41.2842091 ], [ 174.7776054, -41.284158 ] ], [ [ 174.7776054, -41.284158 ], [ 174.7777422, -41.2837898 ] ], [ [ 174.7777422, -41.2837898 ], [ 174.77807390000001, -41.2831999 ] ], [ [ 174.7787078, -41.282015 ], [ 174.7789517, -41.2817322 ] ], [ [ 174.7790445, -41.2818381 ], [ 174.7789392, -41.2819616 ] ], [ [ 174.7785337, -41.2826562 ], [ 174.7782139, -41.283245799999989 ] ], [ [ 174.776571300000029, -41.2858815 ], [ 174.7767179, -41.2855926 ] ], [ [ 174.7782139, -41.283245799999989 ], [ 174.7778906, -41.283842899999989 ] ], [ [ 174.7787875, -41.2821829 ], [ 174.7785337, -41.2826562 ] ], [ [ 174.7778906, -41.283842899999989 ], [ 174.7777812, -41.2841892 ] ], [ [ 174.778558, -41.2822862 ], [ 174.7787078, -41.282015 ] ], [ [ 174.779860100000036, -41.2777364 ], [ 174.7800221, -41.2778335 ], [ 174.780195600000013, -41.2778507 ] ], [ [ 174.7799953, -41.2779501 ], [ 174.780122299999988, -41.2781231 ] ], [ [ 174.7799377, -41.2778743 ], [ 174.7799953, -41.2779501 ] ], [ [ 174.779860100000036, -41.2777364 ], [ 174.7799377, -41.2778743 ] ], [ [ 174.7798703, -41.2770269 ], [ 174.779860100000036, -41.2777364 ] ], [ [ 174.7793419, -41.2908089 ], [ 174.778871, -41.2901859 ], [ 174.7786936, -41.2898185 ] ], [ [ 174.7786936, -41.2898185 ], [ 174.7786021, -41.2895591 ] ], [ [ 174.7786021, -41.2895591 ], [ 174.778447300000011, -41.2888711 ] ], [ [ 174.7777485, -41.2844802 ], [ 174.7778045, -41.2849334 ] ], [ [ 174.7778604, -41.2858572 ], [ 174.777676, -41.2849834 ] ], [ [ 174.778447300000011, -41.2888711 ], [ 174.778410900000011, -41.2886964 ] ], [ [ 174.7796322, -41.2911466 ], [ 174.7793419, -41.2908089 ] ], [ [ 174.778410900000011, -41.2886964 ], [ 174.778304900000023, -41.2881971 ] ], [ [ 174.778419500000012, -41.2879646 ], [ 174.7784241, -41.2879932 ] ], [ [ 174.778264799999988, -41.287051699999985 ], [ 174.778419500000012, -41.2879646 ] ], [ [ 174.7781723, -41.2865832 ], [ 174.7782633, -41.2870397 ] ], [ [ 174.778304900000023, -41.2881971 ], [ 174.7781922, -41.2876379 ] ], [ [ 174.7781922, -41.2876379 ], [ 174.778113600000012, -41.2872474 ] ], [ [ 174.778064699999987, -41.2870049 ], [ 174.777976, -41.2865066 ] ], [ [ 174.777976, -41.2865066 ], [ 174.7778604, -41.2858572 ] ], [ [ 174.7779405, -41.2854422 ], [ 174.7780278, -41.2858385 ] ], [ [ 174.7780278, -41.2858385 ], [ 174.7780661, -41.2860535 ] ], [ [ 174.7780661, -41.2860535 ], [ 174.7781723, -41.2865832 ] ], [ [ 174.777667799999989, -41.2849448 ], [ 174.7775958, -41.2845052 ], [ 174.7776054, -41.284158 ] ], [ [ 174.7777812, -41.2841892 ], [ 174.7777485, -41.2844802 ] ], [ [ 174.77783880000004, -41.2850591 ], [ 174.7779405, -41.2854422 ] ], [ [ 174.778113600000012, -41.2872474 ], [ 174.778064699999987, -41.2870049 ] ], [ [ 174.7775727, -41.271711 ], [ 174.777607, -41.2717099 ], [ 174.7776451, -41.271713699999978 ], [ 174.777680299999986, -41.2717258 ] ], [ [ 174.7781065, -41.272734 ], [ 174.7783402, -41.2730514 ] ], [ [ 174.777877600000011, -41.2720455 ], [ 174.777936, -41.2722869 ] ], [ [ 174.777680299999986, -41.2717258 ], [ 174.7778089, -41.2718302 ] ], [ [ 174.7783402, -41.2730514 ], [ 174.7783741, -41.2731087 ] ] ] } },
{ "type": "Feature", "properties": { "package": "Kilbirnie routes", "suburb": "Kilbirnie", "projects": "Miro Street; Kedah Street; Coutts Street; Brougham Street; Hamilton Road; Taurima Street; Moxham Avenue; (unnamed link); Kupe Street", "n_projects": 9, "cost": 4.6047869923865115, "cost_low": 2.1485665270044354, "cost_high": 9.6325907252675531, "extra_riders": 534.20423521363091, "riders_per_M": 116.01062896000977, "build_step": null }, "geometry": { "type": "MultiLineString", "coordinates": [ [ [ 174.8102337, -41.3229278 ], [ 174.810951, -41.321068 ] ], [ [ 174.8093546, -41.3253203 ], [ 174.809447900000038, -41.3253911 ], [ 174.810088, -41.325392899999983 ] ], [ [ 174.8093546, -41.3253203 ], [ 174.8094988, -41.324855599999985 ] ], [ [ 174.809578100000039, -41.3246728 ], [ 174.8102337, -41.3229278 ] ], [ [ 174.8125995, -41.3234512 ], [ 174.811412900000022, -41.3231894 ] ], [ [ 174.811412900000022, -41.3231894 ], [ 174.8102337, -41.3229278 ] ], [ [ 174.8102337, -41.3229278 ], [ 174.8092608, -41.3227125 ] ], [ [ 174.8057521, -41.3243235 ], [ 174.8054498, -41.3241772 ] ], [ [ 174.8054498, -41.3241772 ], [ 174.8049361, -41.3239286 ] ], [ [ 174.8049361, -41.3239286 ], [ 174.8043553, -41.3236475 ] ], [ [ 174.8043553, -41.3236475 ], [ 174.804183099999989, -41.3235642 ] ], [ [ 174.7860526, -41.2954774 ], [ 174.7860092, -41.2955506 ] ], [ [ 174.7860092, -41.2955506 ], [ 174.7857904, -41.2959378 ] ], [ [ 174.7857904, -41.2959378 ], [ 174.7855454, -41.296387599999989 ], [ 174.7853692, -41.2965176 ] ], [ [ 174.7853692, -41.2965176 ], [ 174.7853739, -41.2966579 ], [ 174.7850933, -41.297183 ] ], [ [ 174.7850933, -41.297183 ], [ 174.7847794, -41.2977713 ], [ 174.78478770000001, -41.2978899 ] ], [ [ 174.7846848, -41.2979129 ], [ 174.783964, -41.2992028 ] ], [ [ 174.783964, -41.2992028 ], [ 174.783713800000015, -41.2996548 ] ], [ [ 174.783713800000015, -41.2996548 ], [ 174.783603700000015, -41.2998507 ] ], [ [ 174.783603700000015, -41.2998507 ], [ 174.7833091, -41.3003767 ] ], [ [ 174.7833091, -41.3003767 ], [ 174.7829298, -41.3010472 ] ], [ [ 174.7864411, -41.2947892 ], [ 174.7860526, -41.2954774 ] ], [ [ 174.7936297, -41.311607799999983 ], [ 174.793609800000013, -41.3111079 ], [ 174.793497800000011, -41.3109271 ], [ 174.7930302, -41.3104578 ] ], [ [ 174.7930302, -41.3104578 ], [ 174.7931324, -41.310004299999989 ], [ 174.7930632, -41.3097868 ] ], [ [ 174.7930632, -41.3097868 ], [ 174.7930249, -41.309539 ], [ 174.7933678, -41.3090587 ] ], [ [ 174.7933678, -41.3090587 ], [ 174.7942348, -41.3083071 ], [ 174.794418799999988, -41.3078551 ] ], [ [ 174.794418799999988, -41.3078551 ], [ 174.7945636, -41.3074843 ], [ 174.794957, -41.3071393 ], [ 174.7949839, -41.3069987 ], [ 174.7948653, -41.3067388 ], [ 174.7951046, -41.3063842 ] ], [ [ 174.7951046, -41.3063842 ], [ 174.7958817, -41.3057784 ] ], [ [ 174.7958817, -41.3057784 ], [ 174.7960885, -41.3056665 ], [ 174.796526300000011, -41.305589 ] ], [ [ 174.79350740000001, -41.3120116 ], [ 174.7936297, -41.311607799999983 ] ], [ [ 174.792876, -41.304493 ], [ 174.7930997, -41.3044942 ] ], [ [ 174.7930997, -41.3044942 ], [ 174.793297, -41.304513 ] ], [ [ 174.793297, -41.304513 ], [ 174.793897500000014, -41.3046225 ] ], [ [ 174.792274600000013, -41.304507 ], [ 174.7925689, -41.3047381 ] ], [ [ 174.7925689, -41.3047381 ], [ 174.7927041, -41.3049511 ] ], [ [ 174.7921815, -41.3097848 ], [ 174.7920422, -41.3099779 ] ], [ [ 174.7936224, -41.3054341 ], [ 174.793423, -41.3060209 ] ], [ [ 174.793423, -41.3060209 ], [ 174.792931, -41.3075497 ] ], [ [ 174.792931, -41.3075497 ], [ 174.7924682, -41.3088824 ] ], [ [ 174.7924682, -41.3088824 ], [ 174.79220380000001, -41.3095972 ], [ 174.7921815, -41.3097848 ] ], [ [ 174.793897500000014, -41.3046225 ], [ 174.7936224, -41.3054341 ] ], [ [ 174.7933634, -41.3123706 ], [ 174.793338799999987, -41.3121822 ], [ 174.793252700000011, -41.312062799999985 ] ], [ [ 174.793801300000013, -41.312187299999984 ], [ 174.7935091, -41.312255299999983 ], [ 174.7933634, -41.3123706 ] ], [ [ 174.7955454, -41.3128377 ], [ 174.795433, -41.31262430000001 ], [ 174.7950892, -41.312439 ] ], [ [ 174.7934735, -41.3121136 ], [ 174.79350740000001, -41.3120116 ] ], [ [ 174.792291, -41.3099246 ], [ 174.7921786, -41.3099186 ], [ 174.7920422, -41.3099779 ] ], [ [ 174.7952516, -41.3123544 ], [ 174.7955667, -41.3122684 ] ], [ [ 174.7930302, -41.3104578 ], [ 174.792291, -41.3099246 ] ], [ [ 174.792291, -41.3099246 ], [ 174.7921815, -41.3097848 ] ] ] } },
{ "type": "Feature", "properties": { "package": "Newtown routes", "suburb": "Newtown", "projects": "Riddiford Street; Daniell Street; Owen Street; Wakefield Street; Customhouse Quay; Jervois Quay; Cambridge Terrace", "n_projects": 7, "cost": 7.8071000171895815, "cost_low": 3.6496618066153022, "cost_high": 16.413414065374138, "extra_riders": 811.47543792343708, "riders_per_M": 103.94069963709187, "build_step": null }, "geometry": { "type": "MultiLineString", "coordinates": [ [ [ 174.7804769, -41.315882 ], [ 174.780608, -41.3163014 ] ], [ [ 174.780608, -41.3163014 ], [ 174.7806426, -41.3164704 ] ], [ [ 174.779411900000014, -41.3123678 ], [ 174.7795993, -41.3129844 ] ], [ [ 174.779730699999988, -41.3134382 ], [ 174.7799547, -41.313628 ], [ 174.78030050000001, -41.3136602 ] ], [ [ 174.779730699999988, -41.3134382 ], [ 174.7798194, -41.3137151 ] ], [ [ 174.7795993, -41.3129844 ], [ 174.779730699999988, -41.3134382 ] ], [ [ 174.7798194, -41.3137151 ], [ 174.7799247, -41.3140622 ] ], [ [ 174.7799247, -41.3140622 ], [ 174.7799827, -41.3142577 ] ], [ [ 174.7799827, -41.3142577 ], [ 174.779997900000012, -41.3142994 ] ], [ [ 174.779997900000012, -41.3142994 ], [ 174.7801752, -41.3148883 ] ], [ [ 174.7801752, -41.3148883 ], [ 174.7802194, -41.3150306 ] ], [ [ 174.7802194, -41.3150306 ], [ 174.7803915, -41.3155913 ] ], [ [ 174.7803915, -41.3155913 ], [ 174.7804344, -41.315737499999983 ] ], [ [ 174.7804344, -41.315737499999983 ], [ 174.7804769, -41.315882 ] ], [ [ 174.7806426, -41.3164704 ], [ 174.7806917, -41.3167108 ] ], [ [ 174.7791892, -41.311665 ], [ 174.779247199999986, -41.311866 ] ], [ [ 174.779304, -41.3120376 ], [ 174.779411900000014, -41.3123678 ] ], [ [ 174.779247199999986, -41.311866 ], [ 174.779304, -41.3120376 ] ], [ [ 174.784199, -41.3192873 ], [ 174.7841508, -41.3191598 ] ], [ [ 174.78411890000001, -41.319056299999986 ], [ 174.784079600000041, -41.3189405 ], [ 174.7839605, -41.3188427 ] ], [ [ 174.7839605, -41.3188427 ], [ 174.784001499999988, -41.3186815 ], [ 174.783852, -41.318190199999989 ] ], [ [ 174.783852, -41.318190199999989 ], [ 174.7836475, -41.317503 ] ], [ [ 174.7836475, -41.317503 ], [ 174.7834976, -41.31698560000001 ] ], [ [ 174.7834976, -41.31698560000001 ], [ 174.7834316, -41.3167742 ] ], [ [ 174.7834316, -41.3167742 ], [ 174.7832913, -41.316284 ] ], [ [ 174.7832913, -41.316284 ], [ 174.782943499999988, -41.3151582 ] ], [ [ 174.782943499999988, -41.3151582 ], [ 174.7828395, -41.314815 ] ], [ [ 174.7828395, -41.314815 ], [ 174.782737700000013, -41.3144516 ] ], [ [ 174.782737700000013, -41.3144516 ], [ 174.7826231, -41.314089499999987 ] ], [ [ 174.7826231, -41.314089499999987 ], [ 174.782551, -41.313855699999984 ] ], [ [ 174.782551, -41.313855699999984 ], [ 174.7825416, -41.3138236 ] ], [ [ 174.7825416, -41.3138236 ], [ 174.782389, -41.3133199 ] ], [ [ 174.782389, -41.3133199 ], [ 174.7821975, -41.3126498 ] ], [ [ 174.7821667, -41.3125479 ], [ 174.7816655, -41.3109464 ] ], [ [ 174.7816655, -41.3109464 ], [ 174.7815373, -41.3105318 ] ], [ [ 174.7841508, -41.3191598 ], [ 174.78411890000001, -41.319056299999986 ] ], [ [ 174.7850879, -41.3196091 ], [ 174.7852518, -41.3193739 ], [ 174.7855887, -41.3191257 ], [ 174.786181200000016, -41.3189356 ], [ 174.786199900000014, -41.3188218 ], [ 174.786098900000013, -41.318495 ] ], [ [ 174.7860833, -41.3184398 ], [ 174.7859688, -41.318041 ] ], [ [ 174.7859688, -41.318041 ], [ 174.7858373, -41.3176062 ] ], [ [ 174.7858373, -41.3176062 ], [ 174.7858079, -41.3175096 ] ], [ [ 174.7858079, -41.3175096 ], [ 174.785532499999988, -41.3166242 ] ], [ [ 174.785532499999988, -41.3166242 ], [ 174.7853829, -41.3161256 ] ], [ [ 174.7853829, -41.3161256 ], [ 174.7852926, -41.3158174 ] ], [ [ 174.7852926, -41.3158174 ], [ 174.7851595, -41.31537070000001 ] ], [ [ 174.7851595, -41.31537070000001 ], [ 174.784884, -41.3144608 ] ], [ [ 174.784884, -41.3144608 ], [ 174.7846768, -41.3137961 ] ], [ [ 174.7846768, -41.3137961 ], [ 174.7844355, -41.3129617 ] ], [ [ 174.7844355, -41.3129617 ], [ 174.784226, -41.3122966 ] ], [ [ 174.784226, -41.3122966 ], [ 174.783987100000019, -41.3114999 ] ], [ [ 174.783987100000019, -41.3114999 ], [ 174.783784200000014, -41.310841 ] ], [ [ 174.783784200000014, -41.310841 ], [ 174.7836093, -41.3101766 ] ], [ [ 174.7836093, -41.3101766 ], [ 174.7834853, -41.309764299999983 ] ], [ [ 174.7847874, -41.2930922 ], [ 174.78451960000001, -41.2931345 ], [ 174.7841204, -41.2929739 ] ], [ [ 174.7764119, -41.2891225 ], [ 174.7765846, -41.2892553 ] ], [ [ 174.7764119, -41.2891225 ], [ 174.776221, -41.289091 ], [ 174.7760197, -41.2891721 ] ], [ [ 174.7785053, -41.2905397 ], [ 174.778622899999988, -41.290608400000018 ] ], [ [ 174.778622899999988, -41.290608400000018 ], [ 174.7789214, -41.2907725 ] ], [ [ 174.7841204, -41.2929739 ], [ 174.783865600000013, -41.292861099999989 ] ], [ [ 174.7819125, -41.2921767 ], [ 174.7810301, -41.2918946 ] ], [ [ 174.7810301, -41.2918946 ], [ 174.780674800000014, -41.2917642 ], [ 174.7803572, -41.2915775 ] ], [ [ 174.7803572, -41.2915775 ], [ 174.780326200000019, -41.2915592 ] ], [ [ 174.783865600000013, -41.292861099999989 ], [ 174.7835422, -41.2927029 ] ], [ [ 174.7835422, -41.2927029 ], [ 174.783336900000023, -41.2926293 ] ], [ [ 174.780045800000011, -41.291388499999989 ], [ 174.7796322, -41.2911466 ] ], [ [ 174.776134100000036, -41.2887874 ], [ 174.7764119, -41.2891225 ] ], [ [ 174.783336900000023, -41.2926293 ], [ 174.7827347, -41.2924415 ] ], [ [ 174.7827347, -41.2924415 ], [ 174.782310099999989, -41.2923042 ] ], [ [ 174.782310099999989, -41.2923042 ], [ 174.7819125, -41.2921767 ] ], [ [ 174.7791111, -41.2908769 ], [ 174.7796322, -41.2911466 ] ], [ [ 174.7789214, -41.2907725 ], [ 174.7791111, -41.2908769 ] ], [ [ 174.7765846, -41.2892553 ], [ 174.777330799999987, -41.2898209 ] ], [ [ 174.777330799999987, -41.2898209 ], [ 174.7775895, -41.2899729 ] ], [ [ 174.7775895, -41.2899729 ], [ 174.7777434, -41.2900784 ] ], [ [ 174.778069, -41.2902943 ], [ 174.7781712, -41.2903526 ] ], [ [ 174.7781712, -41.2903526 ], [ 174.778293, -41.2904221 ] ], [ [ 174.778293, -41.2904221 ], [ 174.778325, -41.2904398 ] ], [ [ 174.778325, -41.2904398 ], [ 174.7784227, -41.2904937 ] ], [ [ 174.7784227, -41.2904937 ], [ 174.7785053, -41.2905397 ] ], [ [ 174.780326200000019, -41.2915592 ], [ 174.780045800000011, -41.291388499999989 ] ], [ [ 174.7767179, -41.2855926 ], [ 174.77708, -41.284961 ] ], [ [ 174.776248200000026, -41.286455399999987 ], [ 174.776571300000029, -41.2858815 ] ], [ [ 174.7789392, -41.2819616 ], [ 174.7787875, -41.2821829 ] ], [ [ 174.77807390000001, -41.2831999 ], [ 174.7783992, -41.2826108 ] ], [ [ 174.7783992, -41.2826108 ], [ 174.778558, -41.2822862 ] ], [ [ 174.77708, -41.284961 ], [ 174.7774049, -41.284366100000014 ] ], [ [ 174.7774049, -41.284366100000014 ], [ 174.7774947, -41.2842091 ], [ 174.7776054, -41.284158 ] ], [ [ 174.7776054, -41.284158 ], [ 174.7777422, -41.2837898 ] ], [ [ 174.7777422, -41.2837898 ], [ 174.77807390000001, -41.2831999 ] ], [ [ 174.7787078, -41.282015 ], [ 174.7789517, -41.2817322 ] ], [ [ 174.7790445, -41.2818381 ], [ 174.7789392, -41.2819616 ] ], [ [ 174.7785337, -41.2826562 ], [ 174.7782139, -41.283245799999989 ] ], [ [ 174.776571300000029, -41.2858815 ], [ 174.7767179, -41.2855926 ] ], [ [ 174.7782139, -41.283245799999989 ], [ 174.7778906, -41.283842899999989 ] ], [ [ 174.7787875, -41.2821829 ], [ 174.7785337, -41.2826562 ] ], [ [ 174.7778906, -41.283842899999989 ], [ 174.7777812, -41.2841892 ] ], [ [ 174.778558, -41.2822862 ], [ 174.7787078, -41.282015 ] ], [ [ 174.7793419, -41.2908089 ], [ 174.778871, -41.2901859 ], [ 174.7786936, -41.2898185 ] ], [ [ 174.7786936, -41.2898185 ], [ 174.7786021, -41.2895591 ] ], [ [ 174.7786021, -41.2895591 ], [ 174.778447300000011, -41.2888711 ] ], [ [ 174.7777485, -41.2844802 ], [ 174.7778045, -41.2849334 ] ], [ [ 174.7778604, -41.2858572 ], [ 174.777676, -41.2849834 ] ], [ [ 174.778447300000011, -41.2888711 ], [ 174.778410900000011, -41.2886964 ] ], [ [ 174.7796322, -41.2911466 ], [ 174.7793419, -41.2908089 ] ], [ [ 174.778410900000011, -41.2886964 ], [ 174.778304900000023, -41.2881971 ] ], [ [ 174.778419500000012, -41.2879646 ], [ 174.7784241, -41.2879932 ] ], [ [ 174.778264799999988, -41.287051699999985 ], [ 174.778419500000012, -41.2879646 ] ], [ [ 174.7781723, -41.2865832 ], [ 174.7782633, -41.2870397 ] ], [ [ 174.778304900000023, -41.2881971 ], [ 174.7781922, -41.2876379 ] ], [ [ 174.7781922, -41.2876379 ], [ 174.778113600000012, -41.2872474 ] ], [ [ 174.778064699999987, -41.2870049 ], [ 174.777976, -41.2865066 ] ], [ [ 174.777976, -41.2865066 ], [ 174.7778604, -41.2858572 ] ], [ [ 174.7779405, -41.2854422 ], [ 174.7780278, -41.2858385 ] ], [ [ 174.7780278, -41.2858385 ], [ 174.7780661, -41.2860535 ] ], [ [ 174.7780661, -41.2860535 ], [ 174.7781723, -41.2865832 ] ], [ [ 174.777667799999989, -41.2849448 ], [ 174.7775958, -41.2845052 ], [ 174.7776054, -41.284158 ] ], [ [ 174.7777812, -41.2841892 ], [ 174.7777485, -41.2844802 ] ], [ [ 174.77783880000004, -41.2850591 ], [ 174.7779405, -41.2854422 ] ], [ [ 174.778113600000012, -41.2872474 ], [ 174.778064699999987, -41.2870049 ] ], [ [ 174.7840661, -41.2934191 ], [ 174.784201700000011, -41.2931562 ], [ 174.7842062, -41.2930666 ], [ 174.7841204, -41.2929739 ] ], [ [ 174.7838813, -41.2937745 ], [ 174.7840661, -41.2934191 ] ], [ [ 174.783749, -41.2940108 ], [ 174.7838813, -41.2937745 ] ] ] } },
{ "type": "Feature", "properties": { "package": "Seatoun routes", "suburb": "Seatoun", "projects": "Tauhinu Road; Para Street; Hamilton Road; Awa Road; Wellington Road; Seatoun Heights Road; Rex Street; (unnamed link)", "n_projects": 8, "cost": 7.9807128875674396, "cost_low": 3.8126574755120251, "cost_high": 15.903933071576247, "extra_riders": 810.02713469628952, "riders_per_M": 101.49809247719845, "build_step": null }, "geometry": { "type": "MultiLineString", "coordinates": [ [ [ 174.8136107, -41.3148547 ], [ 174.813672, -41.314775399999981 ] ], [ [ 174.813672, -41.314775399999981 ], [ 174.813770799999986, -41.314635699999982 ] ], [ [ 174.813770799999986, -41.314635699999982 ], [ 174.8141467, -41.3141806 ] ], [ [ 174.8141467, -41.3141806 ], [ 174.814201, -41.3141144 ] ], [ [ 174.814201, -41.3141144 ], [ 174.81427260000001, -41.314027 ] ], [ [ 174.81427260000001, -41.314027 ], [ 174.8149593, -41.3132107 ] ], [ [ 174.8149593, -41.3132107 ], [ 174.8157989, -41.3122696 ] ], [ [ 174.8157989, -41.3122696 ], [ 174.816337800000014, -41.3117227 ], [ 174.8167775, -41.3114383 ] ], [ [ 174.8167775, -41.3114383 ], [ 174.816837200000037, -41.3114018 ] ], [ [ 174.816837200000037, -41.3114018 ], [ 174.8171806, -41.3111561 ], [ 174.817471399999988, -41.310445099999988 ] ], [ [ 174.817471399999988, -41.310445099999988 ], [ 174.817622199999988, -41.3101298 ], [ 174.817849200000012, -41.3099698 ] ], [ [ 174.817849200000012, -41.3099698 ], [ 174.817935299999988, -41.3100061 ], [ 174.81951380000001, -41.3098341 ], [ 174.819685099999987, -41.3096966 ], [ 174.81969620000001, -41.309558100000011 ], [ 174.819265800000011, -41.3091412 ] ], [ [ 174.8191742, -41.3175379 ], [ 174.81981540000001, -41.3164516 ] ], [ [ 174.81981540000001, -41.3164516 ], [ 174.820092200000033, -41.315942 ] ], [ [ 174.820092200000033, -41.315942 ], [ 174.820813900000019, -41.3146663 ] ], [ [ 174.820813900000019, -41.3146663 ], [ 174.8209334, -41.314440699999984 ] ], [ [ 174.8209334, -41.314440699999984 ], [ 174.8213486, -41.3138139 ], [ 174.8218245, -41.3135259 ] ], [ [ 174.8218245, -41.3135259 ], [ 174.822542, -41.313131 ] ], [ [ 174.7936297, -41.311607799999983 ], [ 174.793609800000013, -41.3111079 ], [ 174.793497800000011, -41.3109271 ], [ 174.7930302, -41.3104578 ] ], [ [ 174.7930302, -41.3104578 ], [ 174.7931324, -41.310004299999989 ], [ 174.7930632, -41.3097868 ] ], [ [ 174.7930632, -41.3097868 ], [ 174.7930249, -41.309539 ], [ 174.7933678, -41.3090587 ] ], [ [ 174.7933678, -41.3090587 ], [ 174.7942348, -41.3083071 ], [ 174.794418799999988, -41.3078551 ] ], [ [ 174.794418799999988, -41.3078551 ], [ 174.7945636, -41.3074843 ], [ 174.794957, -41.3071393 ], [ 174.7949839, -41.3069987 ], [ 174.7948653, -41.3067388 ], [ 174.7951046, -41.3063842 ] ], [ [ 174.7951046, -41.3063842 ], [ 174.7958817, -41.3057784 ] ], [ [ 174.7958817, -41.3057784 ], [ 174.7960885, -41.3056665 ], [ 174.796526300000011, -41.305589 ] ], [ [ 174.79350740000001, -41.3120116 ], [ 174.7936297, -41.311607799999983 ] ], [ [ 174.8227532, -41.3130176 ], [ 174.8230603, -41.3131264 ] ], [ [ 174.8230603, -41.3131264 ], [ 174.8236646, -41.3132436 ], [ 174.8243061, -41.3131607 ], [ 174.82476010000002, -41.3131743 ] ], [ [ 174.82476010000002, -41.3131743 ], [ 174.8249103, -41.3131154 ], [ 174.8249271, -41.3130222 ], [ 174.8247017, -41.3127558 ], [ 174.824711900000011, -41.3126374 ], [ 174.825048399999986, -41.3122632 ], [ 174.8251081, -41.3119297 ], [ 174.8252094, -41.3118723 ], [ 174.825358900000026, -41.3119272 ] ], [ [ 174.825358900000026, -41.3119272 ], [ 174.8255332, -41.3122309 ], [ 174.825817, -41.312349699999984 ], [ 174.8265451, -41.3122815 ], [ 174.8269405, -41.3121337 ], [ 174.82713590000003, -41.3121469 ] ], [ [ 174.82713590000003, -41.3121469 ], [ 174.827446400000014, -41.3121876 ] ], [ [ 174.827446400000014, -41.3121876 ], [ 174.827794399999988, -41.312222 ], [ 174.828406199999989, -41.3112416 ], [ 174.8285562, -41.311130900000016 ], [ 174.8287527, -41.3111125 ], [ 174.8291563, -41.3114384 ], [ 174.8291458, -41.3115265 ], [ 174.8290795, -41.3115665 ], [ 174.8289746, -41.311558 ], [ 174.8287895, -41.3114254 ], [ 174.8287255, -41.3114366 ], [ 174.8286886, -41.3115054 ], [ 174.828899299999989, -41.3116996 ], [ 174.8292974, -41.3118994 ], [ 174.829337, -41.3123122 ], [ 174.8294722, -41.3126523 ] ], [ [ 174.79350740000001, -41.3120116 ], [ 174.7946177, -41.3122745 ], [ 174.7952516, -41.3123544 ] ], [ [ 174.7950892, -41.312439 ], [ 174.794209200000012, -41.312281 ] ], [ [ 174.7909516, -41.3119169 ], [ 174.791303, -41.3119229 ] ], [ [ 174.791303, -41.3119229 ], [ 174.7923573, -41.3119673 ] ], [ [ 174.7923573, -41.3119673 ], [ 174.7926359, -41.311977 ] ], [ [ 174.7898238, -41.3130531 ], [ 174.7899861, -41.312875099999985 ] ], [ [ 174.7899861, -41.312875099999985 ], [ 174.7900012, -41.312117400000012 ], [ 174.7902116, -41.311932599999977 ] ], [ [ 174.793252700000011, -41.312062799999985 ], [ 174.79288, -41.3119836 ] ], [ [ 174.79288, -41.3119836 ], [ 174.79350740000001, -41.3120116 ] ], [ [ 174.7904958, -41.3118136 ], [ 174.7909516, -41.3119169 ] ], [ [ 174.7907344, -41.3119234 ], [ 174.7902116, -41.311932599999977 ] ], [ [ 174.7902116, -41.311932599999977 ], [ 174.790452, -41.3118322 ] ], [ [ 174.790452, -41.3118322 ], [ 174.7904958, -41.3118136 ] ], [ [ 174.7956331, -41.3124911 ], [ 174.7950892, -41.312439 ] ], [ [ 174.7952516, -41.3123544 ], [ 174.795661200000012, -41.3123863 ] ], [ [ 174.793801300000013, -41.312187299999984 ], [ 174.7934735, -41.3121136 ] ], [ [ 174.7926359, -41.311977 ], [ 174.79288, -41.3119836 ] ], [ [ 174.7934735, -41.3121136 ], [ 174.793252700000011, -41.312062799999985 ] ], [ [ 174.789538, -41.3130861 ], [ 174.7898238, -41.3130531 ] ], [ [ 174.7898238, -41.3130531 ], [ 174.7897341, -41.3131058 ], [ 174.7894191, -41.3131573 ] ], [ [ 174.794209200000012, -41.312281 ], [ 174.793801300000013, -41.312187299999984 ] ], [ [ 174.82713590000003, -41.3121469 ], [ 174.8270956, -41.3122692 ], [ 174.826510500000012, -41.312805 ], [ 174.826596099999989, -41.3136482 ], [ 174.8263906, -41.3140605 ] ], [ [ 174.8263906, -41.3140605 ], [ 174.8262278, -41.3141936 ], [ 174.8257537, -41.3143191 ], [ 174.825377300000014, -41.3148301 ], [ 174.824833899999987, -41.3150448 ] ], [ [ 174.824833899999987, -41.3150448 ], [ 174.8247945, -41.3151613 ], [ 174.8249174, -41.315344 ], [ 174.8251703, -41.3155182 ], [ 174.8255665, -41.3156501 ] ], [ [ 174.8255665, -41.3156501 ], [ 174.825749500000029, -41.3157477 ], [ 174.8258052, -41.3158741 ] ], [ [ 174.8258052, -41.3158741 ], [ 174.8257433, -41.3167718 ], [ 174.8255154, -41.3172703 ] ], [ [ 174.8255154, -41.3172703 ], [ 174.8256835, -41.3179537 ] ], [ [ 174.8256835, -41.3179537 ], [ 174.8257365, -41.3182641 ], [ 174.8261564, -41.3193875 ], [ 174.826145, -41.3195442 ] ], [ [ 174.826145, -41.3195442 ], [ 174.8258477, -41.3207988 ] ], [ [ 174.8254211, -41.3215093 ], [ 174.8255625, -41.3215845 ], [ 174.825675600000039, -41.3217245 ] ], [ [ 174.825675600000039, -41.3217245 ], [ 174.825911600000012, -41.3230905 ], [ 174.8261086, -41.3231775 ], [ 174.8272873, -41.323242 ] ], [ [ 174.8272873, -41.323242 ], [ 174.827482800000013, -41.323259099999987 ] ], [ [ 174.8254211, -41.3215093 ], [ 174.8258102, -41.3209952 ], [ 174.8258477, -41.3207988 ] ], [ [ 174.816837200000037, -41.3114018 ], [ 174.819254300000011, -41.312439 ] ], [ [ 174.819254300000011, -41.312439 ], [ 174.8218245, -41.3135259 ] ], [ [ 174.7933634, -41.3123706 ], [ 174.793338799999987, -41.3121822 ], [ 174.793252700000011, -41.312062799999985 ] ], [ [ 174.793801300000013, -41.312187299999984 ], [ 174.7935091, -41.312255299999983 ], [ 174.7933634, -41.3123706 ] ], [ [ 174.7955454, -41.3128377 ], [ 174.795433, -41.31262430000001 ], [ 174.7950892, -41.312439 ] ], [ [ 174.7934735, -41.3121136 ], [ 174.79350740000001, -41.3120116 ] ], [ [ 174.792291, -41.3099246 ], [ 174.7921786, -41.3099186 ], [ 174.7920422, -41.3099779 ] ], [ [ 174.7952516, -41.3123544 ], [ 174.7955667, -41.3122684 ] ] ] } },
{ "type": "Feature", "properties": { "package": "Berhampore routes", "suburb": "Berhampore", "projects": "Rintoul Street; Riddiford Street; Adelaide Road; Wakefield Street; Te Wharepōuri Street; Russell Terrace; Cambridge Terrace", "n_projects": 7, "cost": 5.2358575802127278, "cost_low": 2.4371207407247164, "cost_high": 11.094947357952046, "extra_riders": 476.85746233445855, "riders_per_M": 91.075331028214151, "build_step": null }, "geometry": { "type": "MultiLineString", "coordinates": [ [ [ 174.779247199999986, -41.311866 ], [ 174.779075400000011, -41.3120051 ], [ 174.778948, -41.3124388 ] ], [ [ 174.7783111, -41.3145485 ], [ 174.7781334, -41.3151667 ], [ 174.778099, -41.31577630000001 ] ], [ [ 174.7804769, -41.315882 ], [ 174.780608, -41.3163014 ] ], [ [ 174.780608, -41.3163014 ], [ 174.7806426, -41.3164704 ] ], [ [ 174.779411900000014, -41.3123678 ], [ 174.7795993, -41.3129844 ] ], [ [ 174.779730699999988, -41.3134382 ], [ 174.7799547, -41.313628 ], [ 174.78030050000001, -41.3136602 ] ], [ [ 174.779730699999988, -41.3134382 ], [ 174.7798194, -41.3137151 ] ], [ [ 174.7795993, -41.3129844 ], [ 174.779730699999988, -41.3134382 ] ], [ [ 174.7798194, -41.3137151 ], [ 174.7799247, -41.3140622 ] ], [ [ 174.7799247, -41.3140622 ], [ 174.7799827, -41.3142577 ] ], [ [ 174.7799827, -41.3142577 ], [ 174.779997900000012, -41.3142994 ] ], [ [ 174.779997900000012, -41.3142994 ], [ 174.7801752, -41.3148883 ] ], [ [ 174.7801752, -41.3148883 ], [ 174.7802194, -41.3150306 ] ], [ [ 174.7802194, -41.3150306 ], [ 174.7803915, -41.3155913 ] ], [ [ 174.7803915, -41.3155913 ], [ 174.7804344, -41.315737499999983 ] ], [ [ 174.7804344, -41.315737499999983 ], [ 174.7804769, -41.315882 ] ], [ [ 174.7806426, -41.3164704 ], [ 174.7806917, -41.3167108 ] ], [ [ 174.7791892, -41.311665 ], [ 174.779247199999986, -41.311866 ] ], [ [ 174.779304, -41.3120376 ], [ 174.779411900000014, -41.3123678 ] ], [ [ 174.779247199999986, -41.311866 ], [ 174.779304, -41.3120376 ] ], [ [ 174.7764359, -41.3121015 ], [ 174.775901299999987, -41.3138474 ] ], [ [ 174.775901299999987, -41.3138474 ], [ 174.775865, -41.313964599999984 ] ], [ [ 174.775865, -41.313964599999984 ], [ 174.775718399999988, -41.3144631 ] ], [ [ 174.775718399999988, -41.3144631 ], [ 174.775553800000012, -41.3150732 ] ], [ [ 174.775553800000012, -41.3150732 ], [ 174.7755444, -41.3152016 ] ], [ [ 174.7755444, -41.3152016 ], [ 174.775533700000011, -41.315358 ] ], [ [ 174.775533700000011, -41.315358 ], [ 174.7755314, -41.3153982 ] ], [ [ 174.7755314, -41.3153982 ], [ 174.7755205, -41.3155849 ] ], [ [ 174.7755205, -41.3155849 ], [ 174.7754448, -41.317296399999989 ] ], [ [ 174.7754448, -41.317296399999989 ], [ 174.7753482, -41.318730199999983 ] ], [ [ 174.7753482, -41.318730199999983 ], [ 174.7753395, -41.3191766 ] ], [ [ 174.775297200000011, -41.3199233 ], [ 174.7752941, -41.3199905 ] ], [ [ 174.7752941, -41.3199905 ], [ 174.775252400000028, -41.3206902 ] ], [ [ 174.7753395, -41.3191766 ], [ 174.7753146, -41.3195364 ] ], [ [ 174.7751745, -41.3221225 ], [ 174.775171699999987, -41.322178499999985 ] ], [ [ 174.775171699999987, -41.322178499999985 ], [ 174.7751659, -41.3222933 ] ], [ [ 174.7847874, -41.2930922 ], [ 174.78451960000001, -41.2931345 ], [ 174.7841204, -41.2929739 ] ], [ [ 174.7764119, -41.2891225 ], [ 174.7765846, -41.2892553 ] ], [ [ 174.7764119, -41.2891225 ], [ 174.776221, -41.289091 ], [ 174.7760197, -41.2891721 ] ], [ [ 174.7785053, -41.2905397 ], [ 174.778622899999988, -41.290608400000018 ] ], [ [ 174.778622899999988, -41.290608400000018 ], [ 174.7789214, -41.2907725 ] ], [ [ 174.7841204, -41.2929739 ], [ 174.783865600000013, -41.292861099999989 ] ], [ [ 174.7819125, -41.2921767 ], [ 174.7810301, -41.2918946 ] ], [ [ 174.7810301, -41.2918946 ], [ 174.780674800000014, -41.2917642 ], [ 174.7803572, -41.2915775 ] ], [ [ 174.7803572, -41.2915775 ], [ 174.780326200000019, -41.2915592 ] ], [ [ 174.783865600000013, -41.292861099999989 ], [ 174.7835422, -41.2927029 ] ], [ [ 174.7835422, -41.2927029 ], [ 174.783336900000023, -41.2926293 ] ], [ [ 174.780045800000011, -41.291388499999989 ], [ 174.7796322, -41.2911466 ] ], [ [ 174.776134100000036, -41.2887874 ], [ 174.7764119, -41.2891225 ] ], [ [ 174.783336900000023, -41.2926293 ], [ 174.7827347, -41.2924415 ] ], [ [ 174.7827347, -41.2924415 ], [ 174.782310099999989, -41.2923042 ] ], [ [ 174.782310099999989, -41.2923042 ], [ 174.7819125, -41.2921767 ] ], [ [ 174.7791111, -41.2908769 ], [ 174.7796322, -41.2911466 ] ], [ [ 174.7789214, -41.2907725 ], [ 174.7791111, -41.2908769 ] ], [ [ 174.7765846, -41.2892553 ], [ 174.777330799999987, -41.2898209 ] ], [ [ 174.777330799999987, -41.2898209 ], [ 174.7775895, -41.2899729 ] ], [ [ 174.7775895, -41.2899729 ], [ 174.7777434, -41.2900784 ] ], [ [ 174.778069, -41.2902943 ], [ 174.7781712, -41.2903526 ] ], [ [ 174.7781712, -41.2903526 ], [ 174.778293, -41.2904221 ] ], [ [ 174.778293, -41.2904221 ], [ 174.778325, -41.2904398 ] ], [ [ 174.778325, -41.2904398 ], [ 174.7784227, -41.2904937 ] ], [ [ 174.7784227, -41.2904937 ], [ 174.7785053, -41.2905397 ] ], [ [ 174.780326200000019, -41.2915592 ], [ 174.780045800000011, -41.291388499999989 ] ], [ [ 174.7805155, -41.3188963 ], [ 174.780129300000027, -41.3188833 ] ], [ [ 174.780129300000027, -41.3188833 ], [ 174.7788726, -41.3188434 ] ], [ [ 174.7788726, -41.3188434 ], [ 174.77793650000001, -41.3188128 ] ], [ [ 174.7805155, -41.3188963 ], [ 174.780594400000012, -41.3173357 ] ], [ [ 174.780594400000012, -41.3173357 ], [ 174.780607, -41.317107 ] ], [ [ 174.780607, -41.317107 ], [ 174.7806707, -41.316803 ] ], [ [ 174.7840661, -41.2934191 ], [ 174.784201700000011, -41.2931562 ], [ 174.7842062, -41.2930666 ], [ 174.7841204, -41.2929739 ] ], [ [ 174.7838813, -41.2937745 ], [ 174.7840661, -41.2934191 ] ], [ [ 174.783749, -41.2940108 ], [ 174.7838813, -41.2937745 ] ] ] } },
{ "type": "Feature", "properties": { "package": "Mt Victoria routes", "suburb": "Mt Victoria", "projects": "Brougham Street; Wakefield Street; Customhouse Quay; Majoribanks Street; Pirie Street; Elizabeth Street; Jervois Quay; Cambridge Terrace", "n_projects": 8, "cost": 8.7591103893323918, "cost_low": 4.0886454949995583, "cost_high": 18.581859577331333, "extra_riders": 795.93834480293503, "riders_per_M": 90.869769808164321, "build_step": null }, "geometry": { "type": "MultiLineString", "coordinates": [ [ [ 174.7860526, -41.2954774 ], [ 174.7860092, -41.2955506 ] ], [ [ 174.7860092, -41.2955506 ], [ 174.7857904, -41.2959378 ] ], [ [ 174.7857904, -41.2959378 ], [ 174.7855454, -41.296387599999989 ], [ 174.7853692, -41.2965176 ] ], [ [ 174.7853692, -41.2965176 ], [ 174.7853739, -41.2966579 ], [ 174.7850933, -41.297183 ] ], [ [ 174.7850933, -41.297183 ], [ 174.7847794, -41.2977713 ], [ 174.78478770000001, -41.2978899 ] ], [ [ 174.7846848, -41.2979129 ], [ 174.783964, -41.2992028 ] ], [ [ 174.783964, -41.2992028 ], [ 174.783713800000015, -41.2996548 ] ], [ [ 174.783713800000015, -41.2996548 ], [ 174.783603700000015, -41.2998507 ] ], [ [ 174.783603700000015, -41.2998507 ], [ 174.7833091, -41.3003767 ] ], [ [ 174.7833091, -41.3003767 ], [ 174.7829298, -41.3010472 ] ], [ [ 174.7864411, -41.2947892 ], [ 174.7860526, -41.2954774 ] ], [ [ 174.7847874, -41.2930922 ], [ 174.78451960000001, -41.2931345 ], [ 174.7841204, -41.2929739 ] ], [ [ 174.7764119, -41.2891225 ], [ 174.7765846, -41.2892553 ] ], [ [ 174.7764119, -41.2891225 ], [ 174.776221, -41.289091 ], [ 174.7760197, -41.2891721 ] ], [ [ 174.7785053, -41.2905397 ], [ 174.778622899999988, -41.290608400000018 ] ], [ [ 174.778622899999988, -41.290608400000018 ], [ 174.7789214, -41.2907725 ] ], [ [ 174.7841204, -41.2929739 ], [ 174.783865600000013, -41.292861099999989 ] ], [ [ 174.7819125, -41.2921767 ], [ 174.7810301, -41.2918946 ] ], [ [ 174.7810301, -41.2918946 ], [ 174.780674800000014, -41.2917642 ], [ 174.7803572, -41.2915775 ] ], [ [ 174.7803572, -41.2915775 ], [ 174.780326200000019, -41.2915592 ] ], [ [ 174.783865600000013, -41.292861099999989 ], [ 174.7835422, -41.2927029 ] ], [ [ 174.7835422, -41.2927029 ], [ 174.783336900000023, -41.2926293 ] ], [ [ 174.780045800000011, -41.291388499999989 ], [ 174.7796322, -41.2911466 ] ], [ [ 174.776134100000036, -41.2887874 ], [ 174.7764119, -41.2891225 ] ], [ [ 174.783336900000023, -41.2926293 ], [ 174.7827347, -41.2924415 ] ], [ [ 174.7827347, -41.2924415 ], [ 174.782310099999989, -41.2923042 ] ], [ [ 174.782310099999989, -41.2923042 ], [ 174.7819125, -41.2921767 ] ], [ [ 174.7791111, -41.2908769 ], [ 174.7796322, -41.2911466 ] ], [ [ 174.7789214, -41.2907725 ], [ 174.7791111, -41.2908769 ] ], [ [ 174.7765846, -41.2892553 ], [ 174.777330799999987, -41.2898209 ] ], [ [ 174.777330799999987, -41.2898209 ], [ 174.7775895, -41.2899729 ] ], [ [ 174.7775895, -41.2899729 ], [ 174.7777434, -41.2900784 ] ], [ [ 174.778069, -41.2902943 ], [ 174.7781712, -41.2903526 ] ], [ [ 174.7781712, -41.2903526 ], [ 174.778293, -41.2904221 ] ], [ [ 174.778293, -41.2904221 ], [ 174.778325, -41.2904398 ] ], [ [ 174.778325, -41.2904398 ], [ 174.7784227, -41.2904937 ] ], [ [ 174.7784227, -41.2904937 ], [ 174.7785053, -41.2905397 ] ], [ [ 174.780326200000019, -41.2915592 ], [ 174.780045800000011, -41.291388499999989 ] ], [ [ 174.7767179, -41.2855926 ], [ 174.77708, -41.284961 ] ], [ [ 174.776248200000026, -41.286455399999987 ], [ 174.776571300000029, -41.2858815 ] ], [ [ 174.7789392, -41.2819616 ], [ 174.7787875, -41.2821829 ] ], [ [ 174.77807390000001, -41.2831999 ], [ 174.7783992, -41.2826108 ] ], [ [ 174.7783992, -41.2826108 ], [ 174.778558, -41.2822862 ] ], [ [ 174.77708, -41.284961 ], [ 174.7774049, -41.284366100000014 ] ], [ [ 174.7774049, -41.284366100000014 ], [ 174.7774947, -41.2842091 ], [ 174.7776054, -41.284158 ] ], [ [ 174.7776054, -41.284158 ], [ 174.7777422, -41.2837898 ] ], [ [ 174.7777422, -41.2837898 ], [ 174.77807390000001, -41.2831999 ] ], [ [ 174.7787078, -41.282015 ], [ 174.7789517, -41.2817322 ] ], [ [ 174.7790445, -41.2818381 ], [ 174.7789392, -41.2819616 ] ], [ [ 174.7785337, -41.2826562 ], [ 174.7782139, -41.283245799999989 ] ], [ [ 174.776571300000029, -41.2858815 ], [ 174.7767179, -41.2855926 ] ], [ [ 174.7782139, -41.283245799999989 ], [ 174.7778906, -41.283842899999989 ] ], [ [ 174.7787875, -41.2821829 ], [ 174.7785337, -41.2826562 ] ], [ [ 174.7778906, -41.283842899999989 ], [ 174.7777812, -41.2841892 ] ], [ [ 174.778558, -41.2822862 ], [ 174.7787078, -41.282015 ] ], [ [ 174.7843523, -41.2941203 ], [ 174.7845185, -41.2941664 ] ], [ [ 174.7845185, -41.2941664 ], [ 174.7848866, -41.294284 ] ], [ [ 174.7848866, -41.294284 ], [ 174.785192, -41.294389 ] ], [ [ 174.785192, -41.294389 ], [ 174.7864411, -41.2947892 ] ], [ [ 174.7864411, -41.2947892 ], [ 174.7873222, -41.2950641 ] ], [ [ 174.7873222, -41.2950641 ], [ 174.7878548, -41.2952375 ] ], [ [ 174.7878548, -41.2952375 ], [ 174.78880190000001, -41.295552699999988 ] ], [ [ 174.78880190000001, -41.295552699999988 ], [ 174.788881, -41.295574099999989 ] ], [ [ 174.788881, -41.295574099999989 ], [ 174.789882799999987, -41.295884 ], [ 174.7899486, -41.295945 ] ], [ [ 174.7870619, -41.29867 ], [ 174.7861589, -41.298382599999989 ] ], [ [ 174.7861589, -41.298382599999989 ], [ 174.784923, -41.2979836 ], [ 174.78478770000001, -41.2978899 ] ], [ [ 174.7846848, -41.2979129 ], [ 174.783105299999988, -41.2974119 ] ], [ [ 174.783105299999988, -41.2974119 ], [ 174.7827748, -41.2973071 ] ], [ [ 174.7827748, -41.2973071 ], [ 174.7825775, -41.2972445 ] ], [ [ 174.7825775, -41.2972445 ], [ 174.782274300000012, -41.2971484 ] ], [ [ 174.7883285, -41.299074199999978 ], [ 174.7870619, -41.29867 ] ], [ [ 174.78478770000001, -41.2978899 ], [ 174.7846848, -41.2979129 ] ], [ [ 174.7830763, -41.295716699999986 ], [ 174.784721, -41.2962369 ] ], [ [ 174.784721, -41.2962369 ], [ 174.785266, -41.2964186 ], [ 174.7853692, -41.2965176 ] ], [ [ 174.787845299999987, -41.29727290000001 ], [ 174.7866119, -41.2968727 ] ], [ [ 174.7866119, -41.2968727 ], [ 174.7855681, -41.2965315 ], [ 174.7853692, -41.2965176 ] ], [ [ 174.787845299999987, -41.29727290000001 ], [ 174.788999499999989, -41.297636 ] ], [ [ 174.7793419, -41.2908089 ], [ 174.778871, -41.2901859 ], [ 174.7786936, -41.2898185 ] ], [ [ 174.7786936, -41.2898185 ], [ 174.7786021, -41.2895591 ] ], [ [ 174.7786021, -41.2895591 ], [ 174.778447300000011, -41.2888711 ] ], [ [ 174.7777485, -41.2844802 ], [ 174.7778045, -41.2849334 ] ], [ [ 174.7778604, -41.2858572 ], [ 174.777676, -41.2849834 ] ], [ [ 174.778447300000011, -41.2888711 ], [ 174.778410900000011, -41.2886964 ] ], [ [ 174.7796322, -41.2911466 ], [ 174.7793419, -41.2908089 ] ], [ [ 174.778410900000011, -41.2886964 ], [ 174.778304900000023, -41.2881971 ] ], [ [ 174.778419500000012, -41.2879646 ], [ 174.7784241, -41.2879932 ] ], [ [ 174.778264799999988, -41.287051699999985 ], [ 174.778419500000012, -41.2879646 ] ], [ [ 174.7781723, -41.2865832 ], [ 174.7782633, -41.2870397 ] ], [ [ 174.778304900000023, -41.2881971 ], [ 174.7781922, -41.2876379 ] ], [ [ 174.7781922, -41.2876379 ], [ 174.778113600000012, -41.2872474 ] ], [ [ 174.778064699999987, -41.2870049 ], [ 174.777976, -41.2865066 ] ], [ [ 174.777976, -41.2865066 ], [ 174.7778604, -41.2858572 ] ], [ [ 174.7779405, -41.2854422 ], [ 174.7780278, -41.2858385 ] ], [ [ 174.7780278, -41.2858385 ], [ 174.7780661, -41.2860535 ] ], [ [ 174.7780661, -41.2860535 ], [ 174.7781723, -41.2865832 ] ], [ [ 174.777667799999989, -41.2849448 ], [ 174.7775958, -41.2845052 ], [ 174.7776054, -41.284158 ] ], [ [ 174.7777812, -41.2841892 ], [ 174.7777485, -41.2844802 ] ], [ [ 174.77783880000004, -41.2850591 ], [ 174.7779405, -41.2854422 ] ], [ [ 174.778113600000012, -41.2872474 ], [ 174.778064699999987, -41.2870049 ] ], [ [ 174.7840661, -41.2934191 ], [ 174.784201700000011, -41.2931562 ], [ 174.7842062, -41.2930666 ], [ 174.7841204, -41.2929739 ] ], [ [ 174.7838813, -41.2937745 ], [ 174.7840661, -41.2934191 ] ], [ [ 174.783749, -41.2940108 ], [ 174.7838813, -41.2937745 ] ] ] } },
{ "type": "Feature", "properties": { "package": "Ngaio routes", "suburb": "Ngaio", "projects": "Old Porirua Road; Featherston Street; Whitmore Street; Customhouse Quay; Cockayne Road; Kaiwharawhara Road; Jervois Quay; Ngaio Gorge Road; Kaiwharawhara Road", "n_projects": 9, "cost": 9.2831258144236735, "cost_low": 4.3252513460110373, "cost_high": 19.500919945651518, "extra_riders": 730.00561498980812, "riders_per_M": 78.637910288316959, "build_step": null }, "geometry": { "type": "MultiLineString", "coordinates": [ [ [ 174.7760405, -41.2547484 ], [ 174.776231599999988, -41.2548059 ], [ 174.776569599999988, -41.2550252 ], [ 174.7772053, -41.2550676 ], [ 174.7774469, -41.2549205 ], [ 174.7778303, -41.2548433 ], [ 174.7780301, -41.2545766 ], [ 174.778339100000011, -41.2544383 ] ], [ [ 174.778339100000011, -41.2544383 ], [ 174.7786271, -41.2543825 ], [ 174.7787978, -41.2544399 ], [ 174.7787764, -41.2551132 ], [ 174.778916900000013, -41.2555132 ], [ 174.7790852, -41.255624 ], [ 174.7792397, -41.2556589 ], [ 174.779632, -41.2555641 ], [ 174.779915, -41.2558424 ], [ 174.7802642, -41.2559875 ], [ 174.780346, -41.2561215 ], [ 174.7803596, -41.2565143 ], [ 174.7804521, -41.2567119 ], [ 174.7808379, -41.256802699999987 ], [ 174.7817106, -41.2573917 ], [ 174.7819452, -41.257396199999988 ], [ 174.782714, -41.2568908 ], [ 174.783044499999988, -41.25686420000001 ], [ 174.783381600000013, -41.2565104 ], [ 174.783532400000013, -41.2564958 ], [ 174.783659699999987, -41.2565523 ], [ 174.7838903, -41.2567926 ], [ 174.783798499999989, -41.2571827 ], [ 174.783882299999988, -41.2573283 ], [ 174.7842302, -41.2573201 ], [ 174.784809200000012, -41.2575988 ], [ 174.785038500000013, -41.2576477 ], [ 174.785381300000012, -41.2576637 ], [ 174.7860138, -41.257574300000016 ], [ 174.786194900000027, -41.2575887 ], [ 174.7864266, -41.2577082 ], [ 174.786402399999986, -41.2578469 ] ], [ [ 174.779165299999988, -41.279578399999984 ], [ 174.7788112, -41.280226 ] ], [ [ 174.7788112, -41.280226 ], [ 174.7787079, -41.2804006 ] ], [ [ 174.7762129, -41.2846935 ], [ 174.7759314, -41.2851986 ], [ 174.7759906, -41.2853618 ] ], [ [ 174.7779021, -41.2817328 ], [ 174.7775586, -41.2823371 ] ], [ [ 174.77861870000001, -41.2805513 ], [ 174.7783244, -41.2810373 ] ], [ [ 174.77689620000001, -41.2835017 ], [ 174.7765703, -41.2840763 ] ], [ [ 174.7765703, -41.2840763 ], [ 174.7762129, -41.2846935 ] ], [ [ 174.7772214, -41.2829164 ], [ 174.77689620000001, -41.2835017 ] ], [ [ 174.7775586, -41.2823371 ], [ 174.7772214, -41.2829164 ] ], [ [ 174.7787079, -41.2804006 ], [ 174.77861870000001, -41.2805513 ] ], [ [ 174.7783244, -41.2810373 ], [ 174.7779021, -41.2817328 ] ], [ [ 174.77802650000001, -41.2807191 ], [ 174.7783244, -41.2810373 ] ], [ [ 174.7783244, -41.2810373 ], [ 174.7785714, -41.2813011 ] ], [ [ 174.7785714, -41.2813011 ], [ 174.778607900000026, -41.2813401 ] ], [ [ 174.7767179, -41.2855926 ], [ 174.77708, -41.284961 ] ], [ [ 174.776248200000026, -41.286455399999987 ], [ 174.776571300000029, -41.2858815 ] ], [ [ 174.7789392, -41.2819616 ], [ 174.7787875, -41.2821829 ] ], [ [ 174.77807390000001, -41.2831999 ], [ 174.7783992, -41.2826108 ] ], [ [ 174.7783992, -41.2826108 ], [ 174.778558, -41.2822862 ] ], [ [ 174.77708, -41.284961 ], [ 174.7774049, -41.284366100000014 ] ], [ [ 174.7774049, -41.284366100000014 ], [ 174.7774947, -41.2842091 ], [ 174.7776054, -41.284158 ] ], [ [ 174.7776054, -41.284158 ], [ 174.7777422, -41.2837898 ] ], [ [ 174.7777422, -41.2837898 ], [ 174.77807390000001, -41.2831999 ] ], [ [ 174.7787078, -41.282015 ], [ 174.7789517, -41.2817322 ] ], [ [ 174.7790445, -41.2818381 ], [ 174.7789392, -41.2819616 ] ], [ [ 174.7785337, -41.2826562 ], [ 174.7782139, -41.283245799999989 ] ], [ [ 174.776571300000029, -41.2858815 ], [ 174.7767179, -41.2855926 ] ], [ [ 174.7782139, -41.283245799999989 ], [ 174.7778906, -41.283842899999989 ] ], [ [ 174.7787875, -41.2821829 ], [ 174.7785337, -41.2826562 ] ], [ [ 174.7778906, -41.283842899999989 ], [ 174.7777812, -41.2841892 ] ], [ [ 174.778558, -41.2822862 ], [ 174.7787078, -41.282015 ] ], [ [ 174.7868755, -41.247955 ], [ 174.7869565, -41.2480797 ], [ 174.7869441, -41.2483144 ] ], [ [ 174.7869441, -41.2483144 ], [ 174.7869431, -41.248333 ] ], [ [ 174.786746300000033, -41.2501397 ], [ 174.7865488, -41.2505813 ], [ 174.785893, -41.2514603 ] ], [ [ 174.785893, -41.2514603 ], [ 174.785665, -41.2517283 ], [ 174.7853873, -41.2518107 ] ], [ [ 174.7846358, -41.2517553 ], [ 174.7844053, -41.251749699999984 ], [ 174.7839922, -41.2515995 ], [ 174.783786099999986, -41.2515906 ], [ 174.7835796, -41.251663199999989 ], [ 174.7833579, -41.2518529 ] ], [ [ 174.7833579, -41.2518529 ], [ 174.783169, -41.2520389 ] ], [ [ 174.783169, -41.2520389 ], [ 174.7823665, -41.2523394 ], [ 174.7813487, -41.2528337 ], [ 174.7807991, -41.252811 ], [ 174.7801718, -41.2526009 ], [ 174.7797462, -41.2526984 ], [ 174.7795023, -41.2527085 ] ], [ [ 174.7795023, -41.2527085 ], [ 174.778809200000012, -41.2522833 ], [ 174.778032, -41.2522394 ] ], [ [ 174.778032, -41.2522394 ], [ 174.777600900000039, -41.2521472 ], [ 174.777306399999986, -41.2522184 ] ], [ [ 174.777306399999986, -41.2522184 ], [ 174.7769581, -41.2524772 ], [ 174.776833300000021, -41.252673 ], [ 174.7768519, -41.2529417 ], [ 174.777044100000012, -41.2533127 ] ], [ [ 174.7869431, -41.248333 ], [ 174.786802500000022, -41.2492771 ] ], [ [ 174.786802500000022, -41.2492771 ], [ 174.7867703, -41.2497205 ] ], [ [ 174.7867703, -41.2497205 ], [ 174.786746300000033, -41.2501397 ] ], [ [ 174.7853873, -41.2518107 ], [ 174.7849314, -41.2517392 ], [ 174.7846358, -41.2517553 ] ], [ [ 174.777044100000012, -41.2533127 ], [ 174.7770276, -41.2534917 ], [ 174.7769255, -41.253616199999989 ] ], [ [ 174.7769255, -41.253616199999989 ], [ 174.7765602, -41.2540493 ], [ 174.7762236, -41.2545861 ], [ 174.7760405, -41.2547484 ] ], [ [ 174.7895354, -41.2600031 ], [ 174.7897662, -41.2601475 ] ], [ [ 174.789399800000012, -41.2599165 ], [ 174.7895354, -41.2600031 ] ], [ [ 174.7890128, -41.2596498 ], [ 174.789399800000012, -41.2599165 ] ], [ [ 174.7793419, -41.2908089 ], [ 174.778871, -41.2901859 ], [ 174.7786936, -41.2898185 ] ], [ [ 174.7786936, -41.2898185 ], [ 174.7786021, -41.2895591 ] ], [ [ 174.7786021, -41.2895591 ], [ 174.778447300000011, -41.2888711 ] ], [ [ 174.7777485, -41.2844802 ], [ 174.7778045, -41.2849334 ] ], [ [ 174.7778604, -41.2858572 ], [ 174.777676, -41.2849834 ] ], [ [ 174.778447300000011, -41.2888711 ], [ 174.778410900000011, -41.2886964 ] ], [ [ 174.7796322, -41.2911466 ], [ 174.7793419, -41.2908089 ] ], [ [ 174.778410900000011, -41.2886964 ], [ 174.778304900000023, -41.2881971 ] ], [ [ 174.778419500000012, -41.2879646 ], [ 174.7784241, -41.2879932 ] ], [ [ 174.778264799999988, -41.287051699999985 ], [ 174.778419500000012, -41.2879646 ] ], [ [ 174.7781723, -41.2865832 ], [ 174.7782633, -41.2870397 ] ], [ [ 174.778304900000023, -41.2881971 ], [ 174.7781922, -41.2876379 ] ], [ [ 174.7781922, -41.2876379 ], [ 174.778113600000012, -41.2872474 ] ], [ [ 174.778064699999987, -41.2870049 ], [ 174.777976, -41.2865066 ] ], [ [ 174.777976, -41.2865066 ], [ 174.7778604, -41.2858572 ] ], [ [ 174.7779405, -41.2854422 ], [ 174.7780278, -41.2858385 ] ], [ [ 174.7780278, -41.2858385 ], [ 174.7780661, -41.2860535 ] ], [ [ 174.7780661, -41.2860535 ], [ 174.7781723, -41.2865832 ] ], [ [ 174.777667799999989, -41.2849448 ], [ 174.7775958, -41.2845052 ], [ 174.7776054, -41.284158 ] ], [ [ 174.7777812, -41.2841892 ], [ 174.7777485, -41.2844802 ] ], [ [ 174.77783880000004, -41.2850591 ], [ 174.7779405, -41.2854422 ] ], [ [ 174.778113600000012, -41.2872474 ], [ 174.778064699999987, -41.2870049 ] ], [ [ 174.7790831, -41.2565854 ], [ 174.778639200000015, -41.2564495 ] ], [ [ 174.778639200000015, -41.2564495 ], [ 174.7781391, -41.2562586 ] ], [ [ 174.7781391, -41.2562586 ], [ 174.7777069, -41.2561319 ], [ 174.7763629, -41.2562121 ], [ 174.7759178, -41.256371199999982 ], [ 174.775669, -41.2565141 ], [ 174.775119499999988, -41.2568687 ], [ 174.7747512, -41.2573075 ], [ 174.7743649, -41.2574298 ], [ 174.7738242, -41.2573934 ], [ 174.7735682, -41.257269 ], [ 174.7732907, -41.2569284 ], [ 174.7733844, -41.2565187 ], [ 174.7733255, -41.2563742 ], [ 174.773175900000012, -41.2562504 ], [ 174.772930699999989, -41.2561937 ], [ 174.7724136, -41.25630120000001 ], [ 174.7721948, -41.2563021 ] ], [ [ 174.7721948, -41.2563021 ], [ 174.771976, -41.2562723 ] ], [ [ 174.771976, -41.2562723 ], [ 174.7714446, -41.256107199999988 ] ], [ [ 174.7714446, -41.256107199999988 ], [ 174.7712449, -41.2559149 ] ], [ [ 174.7857443, -41.2577877 ], [ 174.7849381, -41.2578285 ], [ 174.7837797, -41.2576275 ] ] ] } },
{ "type": "Feature", "properties": { "package": "Wadestown routes", "suburb": "Wadestown", "projects": "Wadestown Road; Featherston Street; Whitmore Street; Tory Street; Customhouse Quay; Grant Road; Mulgrave Street; Jervois Quay; Park Street; Murphy Street; Cable Street; Cecil Road", "n_projects": 12, "cost": 12.815890445065792, "cost_low": 5.9624486461245896, "cost_high": 27.133767195764808, "extra_riders": 992.76910359074782, "riders_per_M": 77.463919330940513, "build_step": null }, "geometry": { "type": "MultiLineString", "coordinates": [ [ [ 174.7677525, -41.2616038 ], [ 174.768040500000012, -41.261479 ], [ 174.7682967, -41.2614469 ], [ 174.7687708, -41.2616595 ], [ 174.7695257, -41.2616071 ] ], [ [ 174.7695257, -41.2616071 ], [ 174.7698519, -41.2616676 ], [ 174.7701834, -41.261848799999989 ], [ 174.7703646, -41.2618549 ], [ 174.770653399999986, -41.2616453 ], [ 174.7710146, -41.261556 ], [ 174.771332, -41.2614029 ], [ 174.772009200000014, -41.2612424 ], [ 174.7723489, -41.2613131 ] ], [ [ 174.7723489, -41.2613131 ], [ 174.7727194, -41.2614897 ] ], [ [ 174.7763443, -41.2635853 ], [ 174.7766603, -41.2635728 ] ], [ [ 174.7766603, -41.2635728 ], [ 174.7768609, -41.26358 ], [ 174.776967899999988, -41.2636392 ], [ 174.777049299999987, -41.2640491 ], [ 174.777318799999989, -41.2643834 ], [ 174.777579300000014, -41.2645157 ], [ 174.777702299999987, -41.2648632 ], [ 174.7778406, -41.2650103 ] ], [ [ 174.7778406, -41.2650103 ], [ 174.777994299999989, -41.2651898 ], [ 174.7781454, -41.2655901 ] ], [ [ 174.7781454, -41.2655901 ], [ 174.7780419, -41.2657239 ], [ 174.777760199999989, -41.2658168 ], [ 174.7776199, -41.2659845 ] ], [ [ 174.7776199, -41.2659845 ], [ 174.777760699999988, -41.2668126 ], [ 174.777838700000018, -41.2670012 ], [ 174.7782212, -41.2674048 ], [ 174.7782324, -41.267664 ], [ 174.7781735, -41.2677769 ], [ 174.777707600000014, -41.26788 ], [ 174.7770203, -41.2683178 ], [ 174.7769695, -41.2684477 ], [ 174.7770047, -41.2687149 ], [ 174.7773564, -41.2692173 ], [ 174.777365400000036, -41.2693612 ], [ 174.776784300000031, -41.2700052 ], [ 174.7762509, -41.2703501 ], [ 174.7757691, -41.2710939 ], [ 174.775755299999986, -41.2712157 ], [ 174.7758455, -41.2712835 ] ], [ [ 174.773932700000017, -41.2618859 ], [ 174.7739856, -41.2618996 ] ], [ [ 174.7739856, -41.2618996 ], [ 174.7743686, -41.2619332 ] ], [ [ 174.7743686, -41.2619332 ], [ 174.7746735, -41.2618704 ] ], [ [ 174.7746735, -41.2618704 ], [ 174.7748573, -41.2618124 ] ], [ [ 174.7731575, -41.2616453 ], [ 174.773932700000017, -41.2618859 ] ], [ [ 174.772785199999987, -41.2615216 ], [ 174.7731575, -41.2616453 ] ], [ [ 174.7748573, -41.2618124 ], [ 174.7753324, -41.2616631 ], [ 174.7756785, -41.2616718 ] ], [ [ 174.7756785, -41.2616718 ], [ 174.7756829, -41.2618152 ] ], [ [ 174.7756829, -41.2618152 ], [ 174.775975499999987, -41.2621064 ] ], [ [ 174.775975499999987, -41.2621064 ], [ 174.77629730000001, -41.2624397 ], [ 174.776362, -41.2629977 ], [ 174.776125900000011, -41.263255 ], [ 174.776100300000024, -41.263374799999987 ], [ 174.7762051, -41.2635284 ], [ 174.7763443, -41.2635853 ] ], [ [ 174.7727194, -41.2614897 ], [ 174.772785199999987, -41.2615216 ] ], [ [ 174.779165299999988, -41.279578399999984 ], [ 174.7788112, -41.280226 ] ], [ [ 174.7788112, -41.280226 ], [ 174.7787079, -41.2804006 ] ], [ [ 174.7762129, -41.2846935 ], [ 174.7759314, -41.2851986 ], [ 174.7759906, -41.2853618 ] ], [ [ 174.7779021, -41.2817328 ], [ 174.7775586, -41.2823371 ] ], [ [ 174.77861870000001, -41.2805513 ], [ 174.7783244, -41.2810373 ] ], [ [ 174.77689620000001, -41.2835017 ], [ 174.7765703, -41.2840763 ] ], [ [ 174.7765703, -41.2840763 ], [ 174.7762129, -41.2846935 ] ], [ [ 174.7772214, -41.2829164 ], [ 174.77689620000001, -41.2835017 ] ], [ [ 174.7775586, -41.2823371 ], [ 174.7772214, -41.2829164 ] ], [ [ 174.7787079, -41.2804006 ], [ 174.77861870000001, -41.2805513 ] ], [ [ 174.7783244, -41.2810373 ], [ 174.7779021, -41.2817328 ] ], [ [ 174.77802650000001, -41.2807191 ], [ 174.7783244, -41.2810373 ] ], [ [ 174.7783244, -41.2810373 ], [ 174.7785714, -41.2813011 ] ], [ [ 174.7785714, -41.2813011 ], [ 174.778607900000026, -41.2813401 ] ], [ [ 174.7819125, -41.2921767 ], [ 174.78217, -41.2917498 ] ], [ [ 174.7795736, -41.2962729 ], [ 174.7797928, -41.2958817 ] ], [ [ 174.7797928, -41.2958817 ], [ 174.7798515, -41.295775 ] ], [ [ 174.7798515, -41.295775 ], [ 174.780170199999986, -41.2952108 ] ], [ [ 174.780170199999986, -41.2952108 ], [ 174.7804882, -41.2946712 ] ], [ [ 174.7804882, -41.2946712 ], [ 174.7806611, -41.2943683 ] ], [ [ 174.7806611, -41.2943683 ], [ 174.7808948, -41.2939526 ] ], [ [ 174.7808948, -41.2939526 ], [ 174.780950100000013, -41.293862299999986 ] ], [ [ 174.780950100000013, -41.293862299999986 ], [ 174.7809844, -41.2938021 ] ], [ [ 174.77842720000001, -41.2983277 ], [ 174.7785662, -41.298085 ] ], [ [ 174.7785662, -41.298085 ], [ 174.7788885, -41.2975075 ] ], [ [ 174.7788885, -41.2975075 ], [ 174.7790702, -41.297177499999989 ] ], [ [ 174.7790702, -41.297177499999989 ], [ 174.77917290000002, -41.2969977 ] ], [ [ 174.77917290000002, -41.2969977 ], [ 174.7792656, -41.2968401 ] ], [ [ 174.7792656, -41.2968401 ], [ 174.7795736, -41.2962729 ] ], [ [ 174.7809844, -41.2938021 ], [ 174.78116940000001, -41.2934761 ] ], [ [ 174.781356499999987, -41.293149 ], [ 174.781777, -41.2924137 ] ], [ [ 174.78217, -41.2917498 ], [ 174.782356400000026, -41.2914388 ] ], [ [ 174.781777, -41.2924137 ], [ 174.7819125, -41.2921767 ] ], [ [ 174.78116940000001, -41.2934761 ], [ 174.781205, -41.2934138 ] ], [ [ 174.781205, -41.2934138 ], [ 174.781356499999987, -41.293149 ] ], [ [ 174.7767179, -41.2855926 ], [ 174.77708, -41.284961 ] ], [ [ 174.776248200000026, -41.286455399999987 ], [ 174.776571300000029, -41.2858815 ] ], [ [ 174.7789392, -41.2819616 ], [ 174.7787875, -41.2821829 ] ], [ [ 174.77807390000001, -41.2831999 ], [ 174.7783992, -41.2826108 ] ], [ [ 174.7783992, -41.2826108 ], [ 174.778558, -41.2822862 ] ], [ [ 174.77708, -41.284961 ], [ 174.7774049, -41.284366100000014 ] ], [ [ 174.7774049, -41.284366100000014 ], [ 174.7774947, -41.2842091 ], [ 174.7776054, -41.284158 ] ], [ [ 174.7776054, -41.284158 ], [ 174.7777422, -41.2837898 ] ], [ [ 174.7777422, -41.2837898 ], [ 174.77807390000001, -41.2831999 ] ], [ [ 174.7787078, -41.282015 ], [ 174.7789517, -41.2817322 ] ], [ [ 174.7790445, -41.2818381 ], [ 174.7789392, -41.2819616 ] ], [ [ 174.7785337, -41.2826562 ], [ 174.7782139, -41.283245799999989 ] ], [ [ 174.776571300000029, -41.2858815 ], [ 174.7767179, -41.2855926 ] ], [ [ 174.7782139, -41.283245799999989 ], [ 174.7778906, -41.283842899999989 ] ], [ [ 174.7787875, -41.2821829 ], [ 174.7785337, -41.2826562 ] ], [ [ 174.7778906, -41.283842899999989 ], [ 174.7777812, -41.2841892 ] ], [ [ 174.778558, -41.2822862 ], [ 174.7787078, -41.282015 ] ], [ [ 174.7796123, -41.2672617 ], [ 174.7791985, -41.2672995 ], [ 174.7790745, -41.2673878 ], [ 174.7790564, -41.2675073 ], [ 174.7792045, -41.2678802 ] ], [ [ 174.7792045, -41.2678802 ], [ 174.7791686, -41.26819660000001 ] ], [ [ 174.7791686, -41.26819660000001 ], [ 174.778746900000016, -41.2688355 ] ], [ [ 174.778746900000016, -41.2688355 ], [ 174.778575600000011, -41.2690331 ] ], [ [ 174.778575600000011, -41.2690331 ], [ 174.77666, -41.270655599999984 ], [ 174.776519400000012, -41.2707935 ], [ 174.7764894, -41.2709122 ] ], [ [ 174.7758455, -41.2712835 ], [ 174.775746700000013, -41.2714238 ], [ 174.77466960000001, -41.272345799999989 ] ], [ [ 174.77466960000001, -41.272345799999989 ], [ 174.7736333, -41.2732474 ] ], [ [ 174.7736333, -41.2732474 ], [ 174.772800600000011, -41.2739684 ] ], [ [ 174.772800600000011, -41.2739684 ], [ 174.77216, -41.2745157 ] ], [ [ 174.77216, -41.2745157 ], [ 174.7714511, -41.2751373 ] ], [ [ 174.780028499999986, -41.2677702 ], [ 174.77989310000001, -41.2679301 ] ], [ [ 174.77989310000001, -41.2679301 ], [ 174.779407, -41.2683538 ] ], [ [ 174.779407, -41.2683538 ], [ 174.7788033, -41.268883 ] ], [ [ 174.7788033, -41.268883 ], [ 174.778575600000011, -41.2690331 ] ], [ [ 174.776238799999987, -41.2710106 ], [ 174.7760484, -41.2711697 ] ], [ [ 174.7764894, -41.2709122 ], [ 174.776238799999987, -41.2710106 ] ], [ [ 174.7760484, -41.2711697 ], [ 174.7759116, -41.2712786 ], [ 174.775886899999989, -41.2712848 ], [ 174.7758455, -41.2712835 ] ], [ [ 174.779860100000036, -41.2777364 ], [ 174.7800221, -41.2778335 ], [ 174.780195600000013, -41.2778507 ] ], [ [ 174.7799953, -41.2779501 ], [ 174.780122299999988, -41.2781231 ] ], [ [ 174.7799377, -41.2778743 ], [ 174.7799953, -41.2779501 ] ], [ [ 174.779860100000036, -41.2777364 ], [ 174.7799377, -41.2778743 ] ], [ [ 174.7798703, -41.2770269 ], [ 174.779860100000036, -41.2777364 ] ], [ [ 174.7793419, -41.2908089 ], [ 174.778871, -41.2901859 ], [ 174.7786936, -41.2898185 ] ], [ [ 174.7786936, -41.2898185 ], [ 174.7786021, -41.2895591 ] ], [ [ 174.7786021, -41.2895591 ], [ 174.778447300000011, -41.2888711 ] ], [ [ 174.7777485, -41.2844802 ], [ 174.7778045, -41.2849334 ] ], [ [ 174.7778604, -41.2858572 ], [ 174.777676, -41.2849834 ] ], [ [ 174.778447300000011, -41.2888711 ], [ 174.778410900000011, -41.2886964 ] ], [ [ 174.7796322, -41.2911466 ], [ 174.7793419, -41.2908089 ] ], [ [ 174.778410900000011, -41.2886964 ], [ 174.778304900000023, -41.2881971 ] ], [ [ 174.778419500000012, -41.2879646 ], [ 174.7784241, -41.2879932 ] ], [ [ 174.778264799999988, -41.287051699999985 ], [ 174.778419500000012, -41.2879646 ] ], [ [ 174.7781723, -41.2865832 ], [ 174.7782633, -41.2870397 ] ], [ [ 174.778304900000023, -41.2881971 ], [ 174.7781922, -41.2876379 ] ], [ [ 174.7781922, -41.2876379 ], [ 174.778113600000012, -41.2872474 ] ], [ [ 174.778064699999987, -41.2870049 ], [ 174.777976, -41.2865066 ] ], [ [ 174.777976, -41.2865066 ], [ 174.7778604, -41.2858572 ] ], [ [ 174.7779405, -41.2854422 ], [ 174.7780278, -41.2858385 ] ], [ [ 174.7780278, -41.2858385 ], [ 174.7780661, -41.2860535 ] ], [ [ 174.7780661, -41.2860535 ], [ 174.7781723, -41.2865832 ] ], [ [ 174.777667799999989, -41.2849448 ], [ 174.7775958, -41.2845052 ], [ 174.7776054, -41.284158 ] ], [ [ 174.7777812, -41.2841892 ], [ 174.7777485, -41.2844802 ] ], [ [ 174.77783880000004, -41.2850591 ], [ 174.7779405, -41.2854422 ] ], [ [ 174.778113600000012, -41.2872474 ], [ 174.778064699999987, -41.2870049 ] ], [ [ 174.7764894, -41.2709122 ], [ 174.7765326, -41.270985 ], [ 174.776999600000011, -41.2713093 ] ], [ [ 174.776999600000011, -41.2713093 ], [ 174.777217, -41.2714617 ] ], [ [ 174.777217, -41.2714617 ], [ 174.7775727, -41.271711 ] ], [ [ 174.7775727, -41.271711 ], [ 174.777680299999986, -41.2717258 ] ], [ [ 174.7781065, -41.272734 ], [ 174.7783402, -41.2730514 ] ], [ [ 174.777877600000011, -41.2720455 ], [ 174.777936, -41.2722869 ] ], [ [ 174.777680299999986, -41.2717258 ], [ 174.7778089, -41.2718302 ] ], [ [ 174.7783402, -41.2730514 ], [ 174.7783741, -41.2731087 ] ], [ [ 174.7791703, -41.2899162 ], [ 174.780075400000015, -41.2904307 ] ], [ [ 174.780075400000015, -41.2904307 ], [ 174.7803106, -41.2905668 ] ], [ [ 174.7803106, -41.2905668 ], [ 174.7804127, -41.2906264 ] ], [ [ 174.782356400000026, -41.2914388 ], [ 174.7826672, -41.291537 ] ], [ [ 174.7804127, -41.2906264 ], [ 174.78065, -41.290760899999988 ] ], [ [ 174.78065, -41.290760899999988 ], [ 174.7812682, -41.2910882 ] ], [ [ 174.781795499999987, -41.2912578 ], [ 174.782356400000026, -41.2914388 ] ], [ [ 174.7812682, -41.2910882 ], [ 174.781573400000013, -41.2911861 ] ], [ [ 174.781573400000013, -41.2911861 ], [ 174.781795499999987, -41.2912578 ] ], [ [ 174.7746735, -41.2618704 ], [ 174.7746425, -41.2619385 ], [ 174.7744193, -41.261995 ], [ 174.774329200000011, -41.2620641 ], [ 174.7743443, -41.2622105 ], [ 174.774511100000012, -41.26234620000001 ], [ 174.7745205, -41.2624167 ], [ 174.7741294, -41.2625947 ] ], [ [ 174.7741294, -41.2625947 ], [ 174.773885400000012, -41.2626725 ], [ 174.7736914, -41.2626812 ] ], [ [ 174.7736914, -41.2626812 ], [ 174.773347699999988, -41.2627259 ] ] ] } },
{ "type": "Feature", "properties": { "package": "Johnsonville routes", "suburb": "Johnsonville", "projects": "Johnsonville Road; Broderick Road", "n_projects": 2, "cost": 3.4045191662229164, "cost_low": 1.595868359166992, "cost_high": 7.2346032282236967, "extra_riders": 219.02269311487339, "riders_per_M": 64.332929973739652, "build_step": null }, "geometry": { "type": "MultiLineString", "coordinates": [ [ [ 174.8075821, -41.221681599999989 ], [ 174.8075598, -41.2217235 ] ], [ [ 174.8073623, -41.2242204 ], [ 174.8072639, -41.2232901 ] ], [ [ 174.8072639, -41.2232901 ], [ 174.807251300000019, -41.2228422 ] ], [ [ 174.807251300000019, -41.2228422 ], [ 174.8072539, -41.222785 ] ], [ [ 174.8072539, -41.222785 ], [ 174.8072699, -41.2225814 ] ], [ [ 174.8072556, -41.2252345 ], [ 174.807341799999989, -41.2247569 ] ], [ [ 174.807341799999989, -41.2247569 ], [ 174.8073623, -41.2242204 ] ], [ [ 174.8074316, -41.2220494 ], [ 174.8072699, -41.2225814 ] ], [ [ 174.8072699, -41.2225814 ], [ 174.807266199999987, -41.2224144 ] ], [ [ 174.807266199999987, -41.2224144 ], [ 174.80733140000001, -41.2221398 ] ], [ [ 174.804819400000014, -41.2244406 ], [ 174.804197, -41.2243512 ], [ 174.8039512, -41.2243356 ] ], [ [ 174.804819400000014, -41.2244406 ], [ 174.8048752, -41.2244477 ] ], [ [ 174.8048752, -41.2244477 ], [ 174.8051654, -41.224485 ] ], [ [ 174.8051654, -41.224485 ], [ 174.8054766, -41.224535900000014 ] ], [ [ 174.8039512, -41.2243356 ], [ 174.803761900000012, -41.2243266 ] ], [ [ 174.7936599, -41.2234491 ], [ 174.7943615, -41.222821 ], [ 174.7945384, -41.2227183 ] ], [ [ 174.7945384, -41.2227183 ], [ 174.7947108, -41.222640399999989 ] ], [ [ 174.7947108, -41.222640399999989 ], [ 174.7953173, -41.2224867 ], [ 174.7955007, -41.2223776 ] ], [ [ 174.7955007, -41.2223776 ], [ 174.795647400000036, -41.2224135 ] ], [ [ 174.795647400000036, -41.2224135 ], [ 174.796307, -41.2223194 ], [ 174.796455400000013, -41.222341 ], [ 174.796706, -41.222464699999989 ], [ 174.796753, -41.2226467 ], [ 174.7966784, -41.222962699999989 ], [ 174.796727800000014, -41.223245399999989 ], [ 174.7964783, -41.2234866 ] ], [ [ 174.7964783, -41.2234866 ], [ 174.7964668, -41.2235557 ], [ 174.796654, -41.2238817 ], [ 174.796627699999988, -41.2242926 ] ], [ [ 174.8040612, -41.2244575 ], [ 174.8048564, -41.2245335 ] ], [ [ 174.8060998, -41.2246136 ], [ 174.8058576, -41.2245831 ] ], [ [ 174.795647400000036, -41.2224135 ], [ 174.7956266, -41.222483199999985 ], [ 174.795199, -41.2226268 ], [ 174.7948676, -41.2228628 ] ], [ [ 174.7948676, -41.2228628 ], [ 174.7945757, -41.2230372 ] ], [ [ 174.7945757, -41.2230372 ], [ 174.7945384, -41.2227183 ] ], [ [ 174.8005589, -41.224399499999983 ], [ 174.8013599, -41.2241959 ] ], [ [ 174.8013599, -41.2241959 ], [ 174.801573600000012, -41.2241538 ] ], [ [ 174.801573600000012, -41.2241538 ], [ 174.8017844, -41.2241294 ] ], [ [ 174.8017844, -41.2241294 ], [ 174.803173300000026, -41.2242762 ] ], [ [ 174.7970264, -41.2244676 ], [ 174.7973936, -41.224189699999982 ], [ 174.7975894, -41.2241062 ], [ 174.797965, -41.2240148 ], [ 174.7981692, -41.2240071 ], [ 174.7985036, -41.2240712 ] ], [ [ 174.7985036, -41.2240712 ], [ 174.800023, -41.2244723 ], [ 174.800275, -41.2244689 ], [ 174.8005589, -41.224399499999983 ] ], [ [ 174.8065908, -41.2246615 ], [ 174.8069901, -41.2247142 ] ], [ [ 174.8069901, -41.2247142 ], [ 174.807341799999989, -41.2247569 ] ], [ [ 174.8060998, -41.2246136 ], [ 174.8065908, -41.2246615 ] ], [ [ 174.803173300000026, -41.2242762 ], [ 174.8035636, -41.2243308 ] ], [ [ 174.8058576, -41.2245831 ], [ 174.8054766, -41.224535900000014 ] ], [ [ 174.804819400000014, -41.2244406 ], [ 174.8044026, -41.2243825 ] ], [ [ 174.7967617, -41.2245673 ], [ 174.796863400000035, -41.2245557 ] ], [ [ 174.796863400000035, -41.2245557 ], [ 174.7970264, -41.2244676 ] ], [ [ 174.796627699999988, -41.2242926 ], [ 174.7966811, -41.2245264 ] ] ] } },
{ "type": "Feature", "properties": { "package": "Paparangi routes", "suburb": "Paparangi", "projects": "Helston Road; Johnsonville Road; Beazley Avenue; (unnamed link)", "n_projects": 4, "cost": 4.1578889440178841, "cost_low": 1.935462283168139, "cost_high": 8.7314771928428918, "extra_riders": 242.66713053559616, "riders_per_M": 58.363062073779233, "build_step": null }, "geometry": { "type": "MultiLineString", "coordinates": [ [ [ 174.807985100000025, -41.2206987 ], [ 174.8079186, -41.2207086 ], [ 174.8077685, -41.2206286 ] ], [ [ 174.8078336, -41.2205465 ], [ 174.807985100000025, -41.2206987 ] ], [ [ 174.8081731, -41.2208367 ], [ 174.8081566, -41.2208248 ] ], [ [ 174.8081566, -41.2208248 ], [ 174.807985100000025, -41.2206987 ] ], [ [ 174.8109689, -41.2216733 ], [ 174.8113396, -41.2217088 ] ], [ [ 174.8137563, -41.2170231 ], [ 174.8138159, -41.2168174 ] ], [ [ 174.8138159, -41.2168174 ], [ 174.813974300000012, -41.2167512 ], [ 174.8141698, -41.216808 ] ], [ [ 174.8141698, -41.216808 ], [ 174.8142244, -41.2169097 ] ], [ [ 174.8081731, -41.2208367 ], [ 174.8082334, -41.2208258 ] ], [ [ 174.8094925, -41.2214341 ], [ 174.8094082, -41.2214424 ] ], [ [ 174.813062300000013, -41.2191094 ], [ 174.8133755, -41.218492399999988 ] ], [ [ 174.8133755, -41.218492399999988 ], [ 174.8134064, -41.218322499999985 ], [ 174.813312900000028, -41.217838 ], [ 174.8136906, -41.2171182 ] ], [ [ 174.8136906, -41.2171182 ], [ 174.8137563, -41.2170231 ] ], [ [ 174.8137563, -41.2170231 ], [ 174.8139351, -41.2169165 ], [ 174.8142244, -41.2169097 ] ], [ [ 174.8142244, -41.2169097 ], [ 174.8147298, -41.2170982 ], [ 174.815034200000014, -41.2170789 ], [ 174.8152299, -41.21690790000001 ], [ 174.815429200000011, -41.2164661 ], [ 174.8156697, -41.2162486 ] ], [ [ 174.8156697, -41.2162486 ], [ 174.8159308, -41.2160874 ], [ 174.8162355, -41.2160616 ], [ 174.8164037, -41.2161779 ], [ 174.816428300000013, -41.216375899999989 ] ], [ [ 174.816428300000013, -41.216375899999989 ], [ 174.816198899999989, -41.2171614 ], [ 174.8162996, -41.2174893 ], [ 174.8165137, -41.2176948 ] ], [ [ 174.8165137, -41.2176948 ], [ 174.8169505, -41.2178491 ], [ 174.817442199999988, -41.2178107 ] ], [ [ 174.817442199999988, -41.2178107 ], [ 174.81848930000001, -41.2173685 ], [ 174.8188447, -41.2172961 ], [ 174.819139400000012, -41.2173602 ], [ 174.8199812, -41.217749199999986 ] ], [ [ 174.8094925, -41.2214341 ], [ 174.809598599999987, -41.221464399999988 ] ], [ [ 174.809598599999987, -41.221464399999988 ], [ 174.8096855, -41.221488900000011 ] ], [ [ 174.8096855, -41.221488900000011 ], [ 174.810296599999987, -41.2215718 ] ], [ [ 174.810296599999987, -41.2215718 ], [ 174.8109689, -41.2216733 ] ], [ [ 174.8113396, -41.2217088 ], [ 174.8116013, -41.2216145 ] ], [ [ 174.8081727, -41.220875 ], [ 174.8081731, -41.2208367 ] ], [ [ 174.8085514, -41.2211229 ], [ 174.8081727, -41.220875 ] ], [ [ 174.808593300000013, -41.2210641 ], [ 174.8087678, -41.2211545 ] ], [ [ 174.8087678, -41.2211545 ], [ 174.808960500000012, -41.2212285 ] ], [ [ 174.8082334, -41.2208258 ], [ 174.808593300000013, -41.2210641 ] ], [ [ 174.8094562, -41.22138240000001 ], [ 174.8094925, -41.2214341 ] ], [ [ 174.808960500000012, -41.2212285 ], [ 174.8094562, -41.22138240000001 ] ], [ [ 174.808922200000012, -41.2212887 ], [ 174.8085514, -41.2211229 ] ], [ [ 174.8094082, -41.2214424 ], [ 174.808922200000012, -41.2212887 ] ], [ [ 174.8116013, -41.2216145 ], [ 174.8119327, -41.221001 ] ], [ [ 174.8119327, -41.221001 ], [ 174.8119695, -41.2209247 ] ], [ [ 174.8119695, -41.2209247 ], [ 174.8120348, -41.2206787 ], [ 174.8120007, -41.220488 ] ], [ [ 174.8120007, -41.220488 ], [ 174.811953800000026, -41.2202703 ], [ 174.8119888, -41.2200322 ], [ 174.812295, -41.2195707 ] ], [ [ 174.812295, -41.2195707 ], [ 174.812628900000021, -41.2194102 ] ], [ [ 174.812628900000021, -41.2194102 ], [ 174.812937, -41.2192619 ], [ 174.813062300000013, -41.2191094 ] ], [ [ 174.8075821, -41.221681599999989 ], [ 174.8075598, -41.2217235 ] ], [ [ 174.8073623, -41.2242204 ], [ 174.8072639, -41.2232901 ] ], [ [ 174.8072639, -41.2232901 ], [ 174.807251300000019, -41.2228422 ] ], [ [ 174.807251300000019, -41.2228422 ], [ 174.8072539, -41.222785 ] ], [ [ 174.8072539, -41.222785 ], [ 174.8072699, -41.2225814 ] ], [ [ 174.8072556, -41.2252345 ], [ 174.807341799999989, -41.2247569 ] ], [ [ 174.807341799999989, -41.2247569 ], [ 174.8073623, -41.2242204 ] ], [ [ 174.8074316, -41.2220494 ], [ 174.8072699, -41.2225814 ] ], [ [ 174.8072699, -41.2225814 ], [ 174.807266199999987, -41.2224144 ] ], [ [ 174.807266199999987, -41.2224144 ], [ 174.80733140000001, -41.2221398 ] ], [ [ 174.8175487, -41.2143275 ], [ 174.817813, -41.2143292 ], [ 174.8180433, -41.2142754 ] ], [ [ 174.8180433, -41.2142754 ], [ 174.8183536, -41.2145222 ], [ 174.81918060000001, -41.2147703 ] ], [ [ 174.81918060000001, -41.2147703 ], [ 174.8196672, -41.2149085 ] ], [ [ 174.8196672, -41.2149085 ], [ 174.8204136, -41.2149961 ] ], [ [ 174.8204136, -41.2149961 ], [ 174.820668500000039, -41.21516 ] ], [ [ 174.820668500000039, -41.21516 ], [ 174.820751, -41.2153718 ], [ 174.8207121, -41.2158955 ], [ 174.8207638, -41.2163046 ] ], [ [ 174.8207638, -41.2163046 ], [ 174.8210154, -41.2169586 ] ], [ [ 174.8210154, -41.2169586 ], [ 174.821427, -41.2176744 ] ], [ [ 174.8078336, -41.2205465 ], [ 174.8077685, -41.2206286 ] ], [ [ 174.8077685, -41.2206286 ], [ 174.8077097, -41.2206348 ] ], [ [ 174.8114296, -41.2218747 ], [ 174.8111996, -41.2218257 ], [ 174.8109689, -41.2216733 ] ], [ [ 174.8075388, -41.2214514 ], [ 174.807567, -41.2214629 ] ], [ [ 174.8075821, -41.221681599999989 ], [ 174.80747070000001, -41.2217126 ], [ 174.807357700000011, -41.2216849 ] ], [ [ 174.807567, -41.2214629 ], [ 174.807648, -41.2215709 ], [ 174.8075821, -41.221681599999989 ] ] ] } },
{ "type": "Feature", "properties": { "package": "Tawa routes", "suburb": "Tawa", "projects": "Oxford Street; Main Road; McLellan Street; The Drive; Duncan Street; Cambridge Street", "n_projects": 6, "cost": 3.2683616131315554, "cost_low": 1.5563840917659932, "cost_high": 6.5834767156930161, "extra_riders": 188.54407104203116, "riders_per_M": 57.687640891541108, "build_step": null }, "geometry": { "type": "MultiLineString", "coordinates": [ [ [ 174.824549, -41.1735355 ], [ 174.824709399999989, -41.1735188 ], [ 174.8254112, -41.1730477 ] ], [ [ 174.8254112, -41.1730477 ], [ 174.82560860000001, -41.1729155 ] ], [ [ 174.82560860000001, -41.1729155 ], [ 174.8261583, -41.1725458 ] ], [ [ 174.8261583, -41.1725458 ], [ 174.8264823, -41.172314399999983 ], [ 174.82658, -41.172173599999986 ], [ 174.8268208, -41.1705746 ] ], [ [ 174.8268208, -41.1705746 ], [ 174.8266744, -41.1704322 ] ], [ [ 174.8266744, -41.1704322 ], [ 174.8268277, -41.1702933 ] ], [ [ 174.8268277, -41.1702933 ], [ 174.8268878, -41.17017 ] ], [ [ 174.8268878, -41.17017 ], [ 174.8268656, -41.1698197 ] ], [ [ 174.8268656, -41.1698197 ], [ 174.8268586, -41.1697425 ] ], [ [ 174.8268586, -41.1697425 ], [ 174.8267684, -41.1692671 ] ], [ [ 174.8267684, -41.1692671 ], [ 174.8264632, -41.1684857 ], [ 174.8263978, -41.1678291 ] ], [ [ 174.8264541, -41.1676755 ], [ 174.8265998, -41.1672037 ], [ 174.827581400000014, -41.166028 ] ], [ [ 174.827581400000014, -41.166028 ], [ 174.8284294, -41.165031 ] ], [ [ 174.8284294, -41.165031 ], [ 174.8284784, -41.1649737 ] ], [ [ 174.8253745, -41.1675313 ], [ 174.8257189, -41.1668009 ] ], [ [ 174.8257189, -41.1668009 ], [ 174.8262616, -41.1661387 ], [ 174.8266419, -41.16541380000001 ] ], [ [ 174.8266419, -41.16541380000001 ], [ 174.826732, -41.1652689 ] ], [ [ 174.8251114, -41.1791433 ], [ 174.8253713, -41.1776566 ] ], [ [ 174.8253713, -41.1776566 ], [ 174.8253857, -41.1775936 ] ], [ [ 174.8253857, -41.1775936 ], [ 174.8254139, -41.1774698 ] ], [ [ 174.8254139, -41.1774698 ], [ 174.8254799, -41.17719180000001 ] ], [ [ 174.8254799, -41.17719180000001 ], [ 174.82553820000004, -41.176909699999982 ] ], [ [ 174.82553820000004, -41.176909699999982 ], [ 174.8255998, -41.1764526 ] ], [ [ 174.8255998, -41.1764526 ], [ 174.8255139, -41.176152 ] ], [ [ 174.8255139, -41.176152 ], [ 174.8254043, -41.1760072 ] ], [ [ 174.8249681, -41.1754865 ], [ 174.824885599999988, -41.1753279 ] ], [ [ 174.824885599999988, -41.1753279 ], [ 174.8248259, -41.1750443 ] ], [ [ 174.8251574, -41.1755651 ], [ 174.825244, -41.1757441 ] ], [ [ 174.825244, -41.1757441 ], [ 174.8254043, -41.1760072 ] ], [ [ 174.8254043, -41.1760072 ], [ 174.825030199999986, -41.1756066 ] ], [ [ 174.8248259, -41.1750443 ], [ 174.8250869, -41.1754495 ] ], [ [ 174.8248259, -41.1750443 ], [ 174.824646800000011, -41.174508 ] ], [ [ 174.824646800000011, -41.174508 ], [ 174.8245018, -41.174074 ], [ 174.824549, -41.1735355 ] ], [ [ 174.824549, -41.1735355 ], [ 174.8245828, -41.1732984 ] ], [ [ 174.8245828, -41.1732984 ], [ 174.8247086, -41.1725663 ] ], [ [ 174.8247086, -41.1725663 ], [ 174.824734, -41.1722874 ] ], [ [ 174.82484, -41.1711467 ], [ 174.82486320000001, -41.170913 ] ], [ [ 174.82486320000001, -41.170913 ], [ 174.8249923, -41.1696847 ] ], [ [ 174.8249923, -41.1696847 ], [ 174.8250041, -41.1695509 ] ], [ [ 174.8250041, -41.1695509 ], [ 174.825015900000011, -41.1693694 ] ], [ [ 174.825015900000011, -41.1693694 ], [ 174.825038799999987, -41.1690095 ] ], [ [ 174.825038799999987, -41.1690095 ], [ 174.8250483, -41.1688626 ] ], [ [ 174.8250483, -41.1688626 ], [ 174.8250737, -41.1684683 ] ], [ [ 174.8250737, -41.1684683 ], [ 174.8251138, -41.1681231 ], [ 174.825320300000016, -41.1676438 ] ], [ [ 174.825320300000016, -41.1676438 ], [ 174.825326499999989, -41.1676314 ] ], [ [ 174.824820400000021, -41.1714466 ], [ 174.82484, -41.1711467 ] ], [ [ 174.824734, -41.1722874 ], [ 174.824806599999988, -41.1716081 ] ], [ [ 174.8275744, -41.1618254 ], [ 174.8277682, -41.1618313 ] ], [ [ 174.8282, -41.1619353 ], [ 174.8283687, -41.1619736 ] ], [ [ 174.8283687, -41.1619736 ], [ 174.8289254, -41.1621066 ] ], [ [ 174.8277682, -41.1618313 ], [ 174.8282, -41.1619353 ] ], [ [ 174.831463500000012, -41.1626748 ], [ 174.832758, -41.1629677 ], [ 174.833240900000021, -41.1630146 ] ], [ [ 174.8289254, -41.1621066 ], [ 174.8294995, -41.162236 ] ], [ [ 174.8294995, -41.162236 ], [ 174.829732400000012, -41.1622883 ] ], [ [ 174.829732400000012, -41.1622883 ], [ 174.8313105, -41.1626407 ] ], [ [ 174.8246732, -41.17541 ], [ 174.8247954, -41.1754004 ], [ 174.824885599999988, -41.1753279 ] ], [ [ 174.8212349, -41.1749326 ], [ 174.821184100000011, -41.1748474 ], [ 174.8207574, -41.1745771 ], [ 174.8200941, -41.1739497 ] ], [ [ 174.8200941, -41.1739497 ], [ 174.819727300000011, -41.1738639 ], [ 174.819316, -41.1738648 ] ], [ [ 174.819316, -41.1738648 ], [ 174.819043599999986, -41.1739049 ], [ 174.818772, -41.1740058 ], [ 174.8185201, -41.1742712 ], [ 174.818342800000011, -41.1746582 ] ], [ [ 174.8246732, -41.17541 ], [ 174.8249655, -41.1754899 ] ], [ [ 174.8246732, -41.17541 ], [ 174.8242875, -41.174614 ], [ 174.8240394, -41.1743038 ] ], [ [ 174.8240394, -41.1743038 ], [ 174.8232051, -41.1736162 ], [ 174.822965500000038, -41.173505199999987 ] ], [ [ 174.822965500000038, -41.173505199999987 ], [ 174.8228259, -41.1735471 ], [ 174.8227157, -41.1736808 ], [ 174.822617799999989, -41.1743854 ], [ 174.8225172, -41.1746125 ] ], [ [ 174.8225172, -41.1746125 ], [ 174.8222348, -41.1747708 ], [ 174.8216181, -41.1749484 ], [ 174.8212997, -41.1749808 ], [ 174.8212349, -41.1749326 ] ], [ [ 174.825013300000023, -41.1756017 ], [ 174.8246732, -41.17541 ] ], [ [ 174.831362899999988, -41.1627159 ], [ 174.8308691, -41.1639428 ], [ 174.8300506, -41.1651309 ] ], [ [ 174.8300506, -41.1651309 ], [ 174.829863499999988, -41.165392 ] ], [ [ 174.829863499999988, -41.165392 ], [ 174.8297811, -41.1654968 ] ], [ [ 174.82538310000001, -41.1712436 ], [ 174.825558300000012, -41.1711336 ] ], [ [ 174.825558300000012, -41.1711336 ], [ 174.8264165, -41.1705914 ] ], [ [ 174.8264165, -41.1705914 ], [ 174.8266744, -41.1704322 ] ], [ [ 174.8249237, -41.1715257 ], [ 174.82538310000001, -41.1712436 ] ] ] } },
{ "type": "Feature", "properties": { "package": "Maupuia routes", "suburb": "Maupuia", "projects": "Shelly Bay Road; Massey Road; Karaka Bay Road; Wellington Road", "n_projects": 4, "cost": 3.4994670119679991, "cost_low": 1.7497335059839996, "cost_high": 5.6280848927431997, "extra_riders": 200.05918663241769, "riders_per_M": 57.168473355578278, "build_step": null }, "geometry": { "type": "MultiLineString", "coordinates": [ [ [ 174.8118102, -41.3141799 ], [ 174.8121769, -41.3132837 ] ], [ [ 174.8121769, -41.3132837 ], [ 174.812416500000012, -41.312431099999984 ], [ 174.8124681, -41.3109891 ], [ 174.8125868, -41.310579 ], [ 174.813776499999989, -41.3083663 ], [ 174.814109, -41.3072926 ], [ 174.814514, -41.3067857 ], [ 174.8147319, -41.306085099999983 ], [ 174.8152548, -41.30556330000001 ], [ 174.8153944, -41.3053234 ], [ 174.8155242, -41.3048196 ], [ 174.815567300000026, -41.3042324 ], [ 174.8157189, -41.3039906 ], [ 174.8159937, -41.3037203 ], [ 174.8171848, -41.3034112 ], [ 174.8173564, -41.3033458 ], [ 174.8175377, -41.3031917 ], [ 174.8180606, -41.302251899999987 ], [ 174.8183583, -41.3019245 ], [ 174.818448100000012, -41.3017492 ], [ 174.8184575, -41.3015305 ], [ 174.818350900000013, -41.3012335 ] ], [ [ 174.818350900000013, -41.3012335 ], [ 174.817433099999988, -41.3003442 ], [ 174.8172518, -41.2996721 ], [ 174.8172721, -41.2995103 ], [ 174.817353200000042, -41.2993889 ], [ 174.8175898, -41.2991871 ], [ 174.817799, -41.299106 ], [ 174.819605599999988, -41.2989602 ], [ 174.8201848, -41.2987186 ], [ 174.8207739, -41.2981702 ], [ 174.820794299999989, -41.298001 ], [ 174.820707700000014, -41.2976464 ], [ 174.8207855, -41.2974723 ], [ 174.8209123, -41.2973776 ], [ 174.8216086, -41.2970895 ], [ 174.822092700000042, -41.2967629 ], [ 174.8222671, -41.2965354 ], [ 174.8223448, -41.2961539 ] ], [ [ 174.8223448, -41.2961539 ], [ 174.8221232, -41.2950889 ], [ 174.8220939, -41.2945644 ], [ 174.8218985, -41.2942795 ], [ 174.821754, -41.2937869 ], [ 174.8221567, -41.2932474 ], [ 174.8222543, -41.2929473 ], [ 174.8222498, -41.292659 ], [ 174.8221182, -41.292303 ], [ 174.821751900000038, -41.2918257 ] ], [ [ 174.8115583, -41.3145116 ], [ 174.8118102, -41.3141799 ] ], [ [ 174.821751900000038, -41.2918257 ], [ 174.8217524, -41.2916537 ], [ 174.8218186, -41.2915161 ], [ 174.8223671, -41.2910441 ], [ 174.822629, -41.2901241 ], [ 174.82298, -41.2897884 ], [ 174.8231647, -41.2893403 ], [ 174.8237464, -41.2887371 ], [ 174.823883099999989, -41.2878093 ], [ 174.8243243, -41.287256 ] ], [ [ 174.8243243, -41.287256 ], [ 174.8249597, -41.2866317 ], [ 174.825118300000014, -41.2864116 ], [ 174.825185, -41.2859246 ], [ 174.8252889, -41.2856097 ], [ 174.825302700000037, -41.2849405 ], [ 174.825353299999989, -41.2847654 ], [ 174.8258438, -41.2843338 ], [ 174.8260114, -41.2842832 ], [ 174.8261942, -41.2843041 ], [ 174.8263524, -41.2844517 ], [ 174.826942800000012, -41.2853159 ], [ 174.8271383, -41.2857631 ], [ 174.8272375, -41.286309299999985 ], [ 174.8273043, -41.2864282 ], [ 174.828066299999989, -41.28699 ], [ 174.8289498, -41.2880733 ], [ 174.829594500000042, -41.2885977 ], [ 174.830017199999986, -41.2888001 ], [ 174.8304398, -41.2888984 ], [ 174.832916399999988, -41.2890864 ], [ 174.8330837, -41.2891266 ], [ 174.8332212, -41.2892279 ], [ 174.833200799999986, -41.2894244 ], [ 174.8327715, -41.2899952 ], [ 174.832626800000014, -41.2904348 ], [ 174.832649400000037, -41.2907153 ], [ 174.8328933, -41.2913764 ], [ 174.8328984, -41.291755 ], [ 174.8328295, -41.291997 ], [ 174.8325343, -41.2922906 ], [ 174.832479400000011, -41.292544599999985 ], [ 174.8325812, -41.2928109 ], [ 174.832795299999987, -41.293015 ] ], [ [ 174.832795299999987, -41.293015 ], [ 174.8331088, -41.293166099999986 ], [ 174.83413250000001, -41.2934326 ], [ 174.8350558, -41.293758299999986 ], [ 174.8355487, -41.2939926 ], [ 174.8356533, -41.2941268 ], [ 174.8361411, -41.2954652 ], [ 174.836084199999988, -41.295716 ], [ 174.8357083, -41.2961282 ], [ 174.835472900000013, -41.2966153 ], [ 174.835363, -41.2966997 ], [ 174.835010899999986, -41.2967189 ], [ 174.833976299999989, -41.2965254 ], [ 174.833527, -41.2965153 ] ], [ [ 174.8330774, -41.2966466 ], [ 174.8330253, -41.296507 ], [ 174.8330657, -41.2964401 ], [ 174.8332057, -41.296431799999986 ], [ 174.8332939, -41.2965209 ] ], [ [ 174.8332939, -41.2965209 ], [ 174.8333121, -41.29655790000001 ] ], [ [ 174.8323532, -41.2978341 ], [ 174.8323111, -41.2984479 ], [ 174.8324333, -41.299305 ], [ 174.8323609, -41.299438 ], [ 174.8319983, -41.299804 ], [ 174.831742, -41.3001884 ], [ 174.8317896, -41.3007155 ], [ 174.8315331, -41.301112 ], [ 174.831379199999986, -41.3025225 ], [ 174.831072799999987, -41.3032831 ], [ 174.830940700000042, -41.3037718 ], [ 174.8309907, -41.3039813 ], [ 174.8312977, -41.3043024 ], [ 174.8312769, -41.30564540000001 ], [ 174.8315954, -41.3062222 ], [ 174.8316313, -41.3064095 ], [ 174.832701, -41.3074208 ] ], [ [ 174.832701, -41.3074208 ], [ 174.8326564, -41.3078752 ], [ 174.8315254, -41.3083812 ], [ 174.8301722, -41.3101102 ], [ 174.8298787, -41.3121726 ] ], [ [ 174.8298787, -41.3121726 ], [ 174.8298485, -41.3122931 ] ], [ [ 174.8298485, -41.3122931 ], [ 174.8296947, -41.3125318 ], [ 174.8294722, -41.3126523 ] ], [ [ 174.83248660000001, -41.2971519 ], [ 174.8324021, -41.2974099 ] ], [ [ 174.8324021, -41.2974099 ], [ 174.8323532, -41.2978341 ] ], [ [ 174.79350740000001, -41.3120116 ], [ 174.7946177, -41.3122745 ], [ 174.7952516, -41.3123544 ] ], [ [ 174.7950892, -41.312439 ], [ 174.794209200000012, -41.312281 ] ], [ [ 174.7909516, -41.3119169 ], [ 174.791303, -41.3119229 ] ], [ [ 174.791303, -41.3119229 ], [ 174.7923573, -41.3119673 ] ], [ [ 174.7923573, -41.3119673 ], [ 174.7926359, -41.311977 ] ], [ [ 174.7898238, -41.3130531 ], [ 174.7899861, -41.312875099999985 ] ], [ [ 174.7899861, -41.312875099999985 ], [ 174.7900012, -41.312117400000012 ], [ 174.7902116, -41.311932599999977 ] ], [ [ 174.793252700000011, -41.312062799999985 ], [ 174.79288, -41.3119836 ] ], [ [ 174.79288, -41.3119836 ], [ 174.79350740000001, -41.3120116 ] ], [ [ 174.7904958, -41.3118136 ], [ 174.7909516, -41.3119169 ] ], [ [ 174.7907344, -41.3119234 ], [ 174.7902116, -41.311932599999977 ] ], [ [ 174.7902116, -41.311932599999977 ], [ 174.790452, -41.3118322 ] ], [ [ 174.790452, -41.3118322 ], [ 174.7904958, -41.3118136 ] ], [ [ 174.7956331, -41.3124911 ], [ 174.7950892, -41.312439 ] ], [ [ 174.7952516, -41.3123544 ], [ 174.795661200000012, -41.3123863 ] ], [ [ 174.793801300000013, -41.312187299999984 ], [ 174.7934735, -41.3121136 ] ], [ [ 174.7926359, -41.311977 ], [ 174.79288, -41.3119836 ] ], [ [ 174.7934735, -41.3121136 ], [ 174.793252700000011, -41.312062799999985 ] ], [ [ 174.789538, -41.3130861 ], [ 174.7898238, -41.3130531 ] ], [ [ 174.7898238, -41.3130531 ], [ 174.7897341, -41.3131058 ], [ 174.7894191, -41.3131573 ] ], [ [ 174.794209200000012, -41.312281 ], [ 174.793801300000013, -41.312187299999984 ] ] ] } },
{ "type": "Feature", "properties": { "package": "Churton Park routes", "suburb": "Churton Park", "projects": "Johnsonville Road; Bassett Road; Chorley Grove; Churton Drive; Halswater Drive; Amesbury Drive; Hawtrey Terrace; Westchester Drive; Clifford Road; Moorefield Road; (unnamed link)", "n_projects": 11, "cost": 8.4912026921270396, "cost_low": 3.9729053897251756, "cost_high": 17.695665718172236, "extra_riders": 482.5342321298283, "riders_per_M": 56.827548419875704, "build_step": null }, "geometry": { "type": "MultiLineString", "coordinates": [ [ [ 174.8075821, -41.221681599999989 ], [ 174.8075598, -41.2217235 ] ], [ [ 174.8073623, -41.2242204 ], [ 174.8072639, -41.2232901 ] ], [ [ 174.8072639, -41.2232901 ], [ 174.807251300000019, -41.2228422 ] ], [ [ 174.807251300000019, -41.2228422 ], [ 174.8072539, -41.222785 ] ], [ [ 174.8072539, -41.222785 ], [ 174.8072699, -41.2225814 ] ], [ [ 174.8072556, -41.2252345 ], [ 174.807341799999989, -41.2247569 ] ], [ [ 174.807341799999989, -41.2247569 ], [ 174.8073623, -41.2242204 ] ], [ [ 174.8074316, -41.2220494 ], [ 174.8072699, -41.2225814 ] ], [ [ 174.8072699, -41.2225814 ], [ 174.807266199999987, -41.2224144 ] ], [ [ 174.807266199999987, -41.2224144 ], [ 174.80733140000001, -41.2221398 ] ], [ [ 174.8080333, -41.2172466 ], [ 174.807708100000013, -41.2176303 ], [ 174.8074449, -41.2184267 ] ], [ [ 174.8074449, -41.2184267 ], [ 174.807504, -41.2187282 ] ], [ [ 174.807504, -41.2187282 ], [ 174.8073097, -41.2196867 ], [ 174.8073506, -41.2202587 ] ], [ [ 174.8089612, -41.2148564 ], [ 174.8089167, -41.2147537 ], [ 174.8084017, -41.2145479 ], [ 174.808176300000014, -41.214397 ] ], [ [ 174.808176300000014, -41.214397 ], [ 174.808134200000012, -41.214026299999986 ] ], [ [ 174.808134200000012, -41.214026299999986 ], [ 174.808119799999986, -41.2138245 ], [ 174.807785800000033, -41.2129378 ] ], [ [ 174.807785800000033, -41.2129378 ], [ 174.8076319, -41.2128404 ] ], [ [ 174.8076319, -41.2128404 ], [ 174.8065445, -41.2126492 ] ], [ [ 174.8076319, -41.2128404 ], [ 174.807816, -41.2128116 ], [ 174.807785800000033, -41.2129378 ] ], [ [ 174.8079612, -41.2072134 ], [ 174.808254799999986, -41.2075768 ], [ 174.8082985, -41.2077131 ], [ 174.8082566, -41.208182 ], [ 174.808120100000025, -41.2085626 ] ], [ [ 174.808120100000025, -41.2085626 ], [ 174.807744, -41.2092862 ], [ 174.807341900000011, -41.210855100000011 ], [ 174.8074422, -41.2115591 ] ], [ [ 174.8074422, -41.2115591 ], [ 174.807545299999987, -41.21178840000001 ] ], [ [ 174.807545299999987, -41.21178840000001 ], [ 174.8077084, -41.2119808 ], [ 174.807936, -41.2121374 ], [ 174.8083746, -41.2122661 ], [ 174.808657899999986, -41.2122476 ], [ 174.808945599999987, -41.2121465 ], [ 174.8093069, -41.2118631 ] ], [ [ 174.8112308, -41.2075924 ], [ 174.8110926, -41.2073113 ] ], [ [ 174.8110926, -41.2073113 ], [ 174.8109039, -41.207143 ], [ 174.8105852, -41.2070411 ] ], [ [ 174.8105852, -41.2070411 ], [ 174.8099455, -41.2069668 ], [ 174.809591399999988, -41.2068562 ] ], [ [ 174.809591399999988, -41.2068562 ], [ 174.80910750000001, -41.2067319 ], [ 174.8086941, -41.2068392 ] ], [ [ 174.8086941, -41.2068392 ], [ 174.8079612, -41.2072134 ] ], [ [ 174.806218699999988, -41.2071904 ], [ 174.8059606, -41.207186399999983 ] ], [ [ 174.8059606, -41.207186399999983 ], [ 174.80476680000001, -41.2072337 ], [ 174.8043908, -41.207200299999982 ] ], [ [ 174.8043908, -41.207200299999982 ], [ 174.8042443, -41.207164099999986 ] ], [ [ 174.8042443, -41.207164099999986 ], [ 174.803682900000041, -41.2069238 ], [ 174.8031597, -41.2066064 ] ], [ [ 174.8041369, -41.207949099999979 ], [ 174.8041977, -41.2078553 ], [ 174.8042443, -41.207164099999986 ] ], [ [ 174.8079612, -41.2072134 ], [ 174.8076965, -41.2072808 ], [ 174.8072014, -41.2073019 ], [ 174.806218699999988, -41.2071904 ] ], [ [ 174.8113442, -41.2078972 ], [ 174.8112513, -41.2077491 ], [ 174.8112308, -41.2075924 ] ], [ [ 174.812071, -41.2077849 ], [ 174.8120173, -41.2078508 ], [ 174.8118842, -41.2078879 ] ], [ [ 174.811415300000021, -41.2078186 ], [ 174.811841300000026, -41.2077804 ] ], [ [ 174.8118842, -41.2078879 ], [ 174.8113717, -41.2079146 ] ], [ [ 174.8113717, -41.2079146 ], [ 174.8113442, -41.2078972 ] ], [ [ 174.8112308, -41.2075924 ], [ 174.811415300000021, -41.2078186 ] ], [ [ 174.811841300000026, -41.2077804 ], [ 174.812071, -41.2077849 ] ], [ [ 174.805464199999989, -41.2028773 ], [ 174.804987899999986, -41.202133 ] ], [ [ 174.804987899999986, -41.202133 ], [ 174.804286100000013, -41.2012597 ], [ 174.803453499999989, -41.2004654 ] ], [ [ 174.803453499999989, -41.2004654 ], [ 174.802538700000014, -41.1996156 ] ], [ [ 174.802538700000014, -41.1996156 ], [ 174.8022803, -41.1994765 ] ], [ [ 174.8022803, -41.1994765 ], [ 174.8022114, -41.1994455 ] ], [ [ 174.8022114, -41.1994455 ], [ 174.801694, -41.1992448 ], [ 174.801326499999988, -41.1989682 ] ], [ [ 174.8029324, -41.1965821 ], [ 174.8031657, -41.1962542 ], [ 174.8033226, -41.195614199999987 ] ], [ [ 174.8033226, -41.195614199999987 ], [ 174.803440599999988, -41.1954396 ], [ 174.8036586, -41.1952554 ] ], [ [ 174.8036586, -41.1952554 ], [ 174.8039717, -41.1949204 ], [ 174.8040593, -41.1945672 ] ], [ [ 174.8040593, -41.1945672 ], [ 174.804093099999989, -41.1942231 ], [ 174.804196400000023, -41.1940414 ], [ 174.804285099999987, -41.194002 ] ], [ [ 174.804285099999987, -41.194002 ], [ 174.804531700000013, -41.1938538 ], [ 174.8050183, -41.193743799999979 ] ], [ [ 174.8050183, -41.193743799999979 ], [ 174.805842500000011, -41.1935539 ], [ 174.8061372, -41.1934133 ], [ 174.8063974, -41.1931061 ], [ 174.8064424, -41.1929112 ], [ 174.8064138, -41.1927444 ] ], [ [ 174.8064138, -41.1927444 ], [ 174.8061827, -41.1917418 ], [ 174.8062495, -41.191481 ], [ 174.806413, -41.1912309 ] ], [ [ 174.806413, -41.1912309 ], [ 174.80666260000001, -41.1910406 ] ], [ [ 174.80666260000001, -41.1910406 ], [ 174.8069358, -41.1909284 ] ], [ [ 174.8069358, -41.1909284 ], [ 174.807647300000014, -41.190836 ] ], [ [ 174.801326499999988, -41.1989682 ], [ 174.8011205, -41.1985205 ], [ 174.8012009, -41.198077 ], [ 174.8013613, -41.1978694 ], [ 174.8021755, -41.1971111 ] ], [ [ 174.8021755, -41.1971111 ], [ 174.8028583, -41.196639299999987 ] ], [ [ 174.8077405, -41.2162136 ], [ 174.808147100000014, -41.215916900000011 ], [ 174.808231, -41.2157839 ], [ 174.8083584, -41.215303699999986 ], [ 174.8089325, -41.2149282 ], [ 174.8089612, -41.2148564 ] ], [ [ 174.8089612, -41.2148564 ], [ 174.8094374, -41.2146895 ] ], [ [ 174.8094374, -41.2146895 ], [ 174.809539199999989, -41.2146149 ], [ 174.8096224, -41.2144454 ], [ 174.8096841, -41.2140924 ] ], [ [ 174.8101249, -41.2146859 ], [ 174.8102697, -41.2144847 ] ], [ [ 174.8102697, -41.2144847 ], [ 174.8103958, -41.2142169 ], [ 174.810505799999987, -41.2141282 ], [ 174.810768599999989, -41.2140999 ] ], [ [ 174.8094374, -41.2146895 ], [ 174.8096452, -41.2148833 ], [ 174.809855700000014, -41.2149932 ], [ 174.8099724, -41.2149519 ], [ 174.8101249, -41.2146859 ] ], [ [ 174.8101249, -41.2146859 ], [ 174.8102255, -41.2142724 ], [ 174.809849899999989, -41.2137215 ] ], [ [ 174.80888250000001, -41.201808 ], [ 174.8083422, -41.201973700000011 ] ], [ [ 174.8080611, -41.2020483 ], [ 174.807599900000014, -41.2021978 ] ], [ [ 174.807599900000014, -41.2021978 ], [ 174.8071966, -41.2023304 ] ], [ [ 174.8071966, -41.2023304 ], [ 174.805464199999989, -41.2028773 ] ], [ [ 174.805464199999989, -41.2028773 ], [ 174.804945, -41.2031353 ], [ 174.8044353, -41.2036193 ] ], [ [ 174.8044353, -41.2036193 ], [ 174.8042494, -41.2039471 ], [ 174.8041561, -41.2042886 ], [ 174.8041475, -41.2053252 ], [ 174.8040877, -41.205595299999985 ] ], [ [ 174.8040877, -41.205595299999985 ], [ 174.803831800000012, -41.2060368 ], [ 174.8031597, -41.2066064 ] ], [ [ 174.8031597, -41.2066064 ], [ 174.802351, -41.2072177 ] ], [ [ 174.8118906, -41.2021665 ], [ 174.8113965, -41.2018503 ] ], [ [ 174.8113965, -41.2018503 ], [ 174.8107863, -41.201646 ] ], [ [ 174.8107863, -41.201646 ], [ 174.8100267, -41.2015719 ] ], [ [ 174.8100267, -41.2015719 ], [ 174.8095223, -41.2016262 ], [ 174.80888250000001, -41.201808 ] ], [ [ 174.8083422, -41.201973700000011 ], [ 174.8080611, -41.2020483 ] ], [ [ 174.804344500000013, -41.2162481 ], [ 174.8045842, -41.2157451 ] ], [ [ 174.8045842, -41.2157451 ], [ 174.804722, -41.2152472 ], [ 174.8048896, -41.214939 ] ], [ [ 174.8048896, -41.214939 ], [ 174.8053282, -41.214595799999984 ], [ 174.805485800000014, -41.2145567 ], [ 174.8055918, -41.214583 ], [ 174.80577550000001, -41.214706699999986 ], [ 174.8058929, -41.2148621 ], [ 174.8060572, -41.2154066 ] ], [ [ 174.8060572, -41.2154066 ], [ 174.8062696, -41.2158629 ], [ 174.8064611, -41.2159997 ] ], [ [ 174.8064611, -41.2159997 ], [ 174.8077405, -41.2162136 ] ], [ [ 174.8077405, -41.2162136 ], [ 174.807999, -41.2168035 ], [ 174.808070300000026, -41.21707940000001 ], [ 174.8080333, -41.2172466 ] ], [ [ 174.8050531, -41.2228911 ], [ 174.8053079, -41.2227102 ] ], [ [ 174.8053079, -41.2227102 ], [ 174.8059797, -41.2222358 ] ], [ [ 174.804973499999988, -41.222944 ], [ 174.8050531, -41.2228911 ] ], [ [ 174.8046725, -41.2231533 ], [ 174.804973499999988, -41.222944 ] ], [ [ 174.8078336, -41.2205465 ], [ 174.8077685, -41.2206286 ] ], [ [ 174.8077685, -41.2206286 ], [ 174.8077097, -41.2206348 ] ], [ [ 174.8114296, -41.2218747 ], [ 174.8111996, -41.2218257 ], [ 174.8109689, -41.2216733 ] ], [ [ 174.8075388, -41.2214514 ], [ 174.807567, -41.2214629 ] ], [ [ 174.8075821, -41.221681599999989 ], [ 174.80747070000001, -41.2217126 ], [ 174.807357700000011, -41.2216849 ] ], [ [ 174.807567, -41.2214629 ], [ 174.807648, -41.2215709 ], [ 174.8075821, -41.221681599999989 ] ] ] } },
{ "type": "Feature", "properties": { "package": "Pipitea routes", "suburb": "Pipitea", "projects": "Featherston Street; Customhouse Quay; Panama Street", "n_projects": 3, "cost": 2.5430552592771751, "cost_low": 1.1986196527861759, "cost_high": 5.3977424259639966, "extra_riders": 135.89500341313237, "riders_per_M": 53.437691893395375, "build_step": null }, "geometry": { "type": "MultiLineString", "coordinates": [ [ [ 174.779165299999988, -41.279578399999984 ], [ 174.7788112, -41.280226 ] ], [ [ 174.7788112, -41.280226 ], [ 174.7787079, -41.2804006 ] ], [ [ 174.7762129, -41.2846935 ], [ 174.7759314, -41.2851986 ], [ 174.7759906, -41.2853618 ] ], [ [ 174.7779021, -41.2817328 ], [ 174.7775586, -41.2823371 ] ], [ [ 174.77861870000001, -41.2805513 ], [ 174.7783244, -41.2810373 ] ], [ [ 174.77689620000001, -41.2835017 ], [ 174.7765703, -41.2840763 ] ], [ [ 174.7765703, -41.2840763 ], [ 174.7762129, -41.2846935 ] ], [ [ 174.7772214, -41.2829164 ], [ 174.77689620000001, -41.2835017 ] ], [ [ 174.7775586, -41.2823371 ], [ 174.7772214, -41.2829164 ] ], [ [ 174.7787079, -41.2804006 ], [ 174.77861870000001, -41.2805513 ] ], [ [ 174.7783244, -41.2810373 ], [ 174.7779021, -41.2817328 ] ], [ [ 174.7767179, -41.2855926 ], [ 174.77708, -41.284961 ] ], [ [ 174.776248200000026, -41.286455399999987 ], [ 174.776571300000029, -41.2858815 ] ], [ [ 174.7789392, -41.2819616 ], [ 174.7787875, -41.2821829 ] ], [ [ 174.77807390000001, -41.2831999 ], [ 174.7783992, -41.2826108 ] ], [ [ 174.7783992, -41.2826108 ], [ 174.778558, -41.2822862 ] ], [ [ 174.77708, -41.284961 ], [ 174.7774049, -41.284366100000014 ] ], [ [ 174.7774049, -41.284366100000014 ], [ 174.7774947, -41.2842091 ], [ 174.7776054, -41.284158 ] ], [ [ 174.7776054, -41.284158 ], [ 174.7777422, -41.2837898 ] ], [ [ 174.7777422, -41.2837898 ], [ 174.77807390000001, -41.2831999 ] ], [ [ 174.7787078, -41.282015 ], [ 174.7789517, -41.2817322 ] ], [ [ 174.7790445, -41.2818381 ], [ 174.7789392, -41.2819616 ] ], [ [ 174.7785337, -41.2826562 ], [ 174.7782139, -41.283245799999989 ] ], [ [ 174.776571300000029, -41.2858815 ], [ 174.7767179, -41.2855926 ] ], [ [ 174.7782139, -41.283245799999989 ], [ 174.7778906, -41.283842899999989 ] ], [ [ 174.7787875, -41.2821829 ], [ 174.7785337, -41.2826562 ] ], [ [ 174.7778906, -41.283842899999989 ], [ 174.7777812, -41.2841892 ] ], [ [ 174.778558, -41.2822862 ], [ 174.7787078, -41.282015 ] ], [ [ 174.775656199999986, -41.283789899999988 ], [ 174.7765703, -41.2840763 ] ], [ [ 174.7765703, -41.2840763 ], [ 174.7774049, -41.284366100000014 ] ] ] } },
{ "type": "Feature", "properties": { "package": "Kaiwharawhara routes", "suburb": "Kaiwharawhara", "projects": "Featherston Street; Cameron Street; Customhouse Quay; Kaiwharawhara Road", "n_projects": 4, "cost": 2.8501532055218854, "cost_low": 1.3221686259085312, "cost_high": 5.9583893453310619, "extra_riders": 148.74357112621965, "riders_per_M": 52.187921280176774, "build_step": null }, "geometry": { "type": "MultiLineString", "coordinates": [ [ [ 174.779165299999988, -41.279578399999984 ], [ 174.7788112, -41.280226 ] ], [ [ 174.7788112, -41.280226 ], [ 174.7787079, -41.2804006 ] ], [ [ 174.7762129, -41.2846935 ], [ 174.7759314, -41.2851986 ], [ 174.7759906, -41.2853618 ] ], [ [ 174.7779021, -41.2817328 ], [ 174.7775586, -41.2823371 ] ], [ [ 174.77861870000001, -41.2805513 ], [ 174.7783244, -41.2810373 ] ], [ [ 174.77689620000001, -41.2835017 ], [ 174.7765703, -41.2840763 ] ], [ [ 174.7765703, -41.2840763 ], [ 174.7762129, -41.2846935 ] ], [ [ 174.7772214, -41.2829164 ], [ 174.77689620000001, -41.2835017 ] ], [ [ 174.7775586, -41.2823371 ], [ 174.7772214, -41.2829164 ] ], [ [ 174.7787079, -41.2804006 ], [ 174.77861870000001, -41.2805513 ] ], [ [ 174.7783244, -41.2810373 ], [ 174.7779021, -41.2817328 ] ], [ [ 174.7882186, -41.2590711 ], [ 174.78839210000001, -41.2589515 ], [ 174.7885503, -41.2589126 ], [ 174.7892243, -41.2590328 ], [ 174.7895976, -41.2589466 ] ], [ [ 174.7895976, -41.2589466 ], [ 174.790050400000013, -41.2587578 ], [ 174.790390300000013, -41.258517500000011 ], [ 174.7906963, -41.258033 ] ], [ [ 174.7906963, -41.258033 ], [ 174.7912485, -41.2578761 ], [ 174.7915443, -41.2577316 ], [ 174.79177390000001, -41.25746 ], [ 174.791767, -41.2570603 ], [ 174.7918206, -41.2568859 ], [ 174.7927099, -41.2564902 ] ], [ [ 174.7767179, -41.2855926 ], [ 174.77708, -41.284961 ] ], [ [ 174.776248200000026, -41.286455399999987 ], [ 174.776571300000029, -41.2858815 ] ], [ [ 174.7789392, -41.2819616 ], [ 174.7787875, -41.2821829 ] ], [ [ 174.77807390000001, -41.2831999 ], [ 174.7783992, -41.2826108 ] ], [ [ 174.7783992, -41.2826108 ], [ 174.778558, -41.2822862 ] ], [ [ 174.77708, -41.284961 ], [ 174.7774049, -41.284366100000014 ] ], [ [ 174.7774049, -41.284366100000014 ], [ 174.7774947, -41.2842091 ], [ 174.7776054, -41.284158 ] ], [ [ 174.7776054, -41.284158 ], [ 174.7777422, -41.2837898 ] ], [ [ 174.7777422, -41.2837898 ], [ 174.77807390000001, -41.2831999 ] ], [ [ 174.7787078, -41.282015 ], [ 174.7789517, -41.2817322 ] ], [ [ 174.7790445, -41.2818381 ], [ 174.7789392, -41.2819616 ] ], [ [ 174.7785337, -41.2826562 ], [ 174.7782139, -41.283245799999989 ] ], [ [ 174.776571300000029, -41.2858815 ], [ 174.7767179, -41.2855926 ] ], [ [ 174.7782139, -41.283245799999989 ], [ 174.7778906, -41.283842899999989 ] ], [ [ 174.7787875, -41.2821829 ], [ 174.7785337, -41.2826562 ] ], [ [ 174.7778906, -41.283842899999989 ], [ 174.7777812, -41.2841892 ] ], [ [ 174.778558, -41.2822862 ], [ 174.7787078, -41.282015 ] ], [ [ 174.7895354, -41.2600031 ], [ 174.7897662, -41.2601475 ] ], [ [ 174.789399800000012, -41.2599165 ], [ 174.7895354, -41.2600031 ] ], [ [ 174.7890128, -41.2596498 ], [ 174.789399800000012, -41.2599165 ] ] ] } },
{ "type": "Feature", "properties": { "package": "Newlands routes", "suburb": "Newlands", "projects": "Helston Road; Newlands Road; Stewart Drive; Johnsonville Road; (unnamed link)", "n_projects": 5, "cost": 8.3242880408231272, "cost_low": 3.8848225191358416, "cost_high": 17.657862086749144, "extra_riders": 412.32461523564837, "riders_per_M": 49.532718379465955, "build_step": null }, "geometry": { "type": "MultiLineString", "coordinates": [ [ [ 174.807985100000025, -41.2206987 ], [ 174.8079186, -41.2207086 ], [ 174.8077685, -41.2206286 ] ], [ [ 174.8078336, -41.2205465 ], [ 174.807985100000025, -41.2206987 ] ], [ [ 174.8081731, -41.2208367 ], [ 174.8081566, -41.2208248 ] ], [ [ 174.8081566, -41.2208248 ], [ 174.807985100000025, -41.2206987 ] ], [ [ 174.8109689, -41.2216733 ], [ 174.8113396, -41.2217088 ] ], [ [ 174.8137563, -41.2170231 ], [ 174.8138159, -41.2168174 ] ], [ [ 174.8138159, -41.2168174 ], [ 174.813974300000012, -41.2167512 ], [ 174.8141698, -41.216808 ] ], [ [ 174.8141698, -41.216808 ], [ 174.8142244, -41.2169097 ] ], [ [ 174.8081731, -41.2208367 ], [ 174.8082334, -41.2208258 ] ], [ [ 174.8094925, -41.2214341 ], [ 174.8094082, -41.2214424 ] ], [ [ 174.813062300000013, -41.2191094 ], [ 174.8133755, -41.218492399999988 ] ], [ [ 174.8133755, -41.218492399999988 ], [ 174.8134064, -41.218322499999985 ], [ 174.813312900000028, -41.217838 ], [ 174.8136906, -41.2171182 ] ], [ [ 174.8136906, -41.2171182 ], [ 174.8137563, -41.2170231 ] ], [ [ 174.8137563, -41.2170231 ], [ 174.8139351, -41.2169165 ], [ 174.8142244, -41.2169097 ] ], [ [ 174.8142244, -41.2169097 ], [ 174.8147298, -41.2170982 ], [ 174.815034200000014, -41.2170789 ], [ 174.8152299, -41.21690790000001 ], [ 174.815429200000011, -41.2164661 ], [ 174.8156697, -41.2162486 ] ], [ [ 174.8156697, -41.2162486 ], [ 174.8159308, -41.2160874 ], [ 174.8162355, -41.2160616 ], [ 174.8164037, -41.2161779 ], [ 174.816428300000013, -41.216375899999989 ] ], [ [ 174.816428300000013, -41.216375899999989 ], [ 174.816198899999989, -41.2171614 ], [ 174.8162996, -41.2174893 ], [ 174.8165137, -41.2176948 ] ], [ [ 174.8165137, -41.2176948 ], [ 174.8169505, -41.2178491 ], [ 174.817442199999988, -41.2178107 ] ], [ [ 174.817442199999988, -41.2178107 ], [ 174.81848930000001, -41.2173685 ], [ 174.8188447, -41.2172961 ], [ 174.819139400000012, -41.2173602 ], [ 174.8199812, -41.217749199999986 ] ], [ [ 174.8094925, -41.2214341 ], [ 174.809598599999987, -41.221464399999988 ] ], [ [ 174.809598599999987, -41.221464399999988 ], [ 174.8096855, -41.221488900000011 ] ], [ [ 174.8096855, -41.221488900000011 ], [ 174.810296599999987, -41.2215718 ] ], [ [ 174.810296599999987, -41.2215718 ], [ 174.8109689, -41.2216733 ] ], [ [ 174.8113396, -41.2217088 ], [ 174.8116013, -41.2216145 ] ], [ [ 174.8081727, -41.220875 ], [ 174.8081731, -41.2208367 ] ], [ [ 174.8085514, -41.2211229 ], [ 174.8081727, -41.220875 ] ], [ [ 174.808593300000013, -41.2210641 ], [ 174.8087678, -41.2211545 ] ], [ [ 174.8087678, -41.2211545 ], [ 174.808960500000012, -41.2212285 ] ], [ [ 174.8082334, -41.2208258 ], [ 174.808593300000013, -41.2210641 ] ], [ [ 174.8094562, -41.22138240000001 ], [ 174.8094925, -41.2214341 ] ], [ [ 174.808960500000012, -41.2212285 ], [ 174.8094562, -41.22138240000001 ] ], [ [ 174.808922200000012, -41.2212887 ], [ 174.8085514, -41.2211229 ] ], [ [ 174.8094082, -41.2214424 ], [ 174.808922200000012, -41.2212887 ] ], [ [ 174.8116013, -41.2216145 ], [ 174.8119327, -41.221001 ] ], [ [ 174.8119327, -41.221001 ], [ 174.8119695, -41.2209247 ] ], [ [ 174.8119695, -41.2209247 ], [ 174.8120348, -41.2206787 ], [ 174.8120007, -41.220488 ] ], [ [ 174.8120007, -41.220488 ], [ 174.811953800000026, -41.2202703 ], [ 174.8119888, -41.2200322 ], [ 174.812295, -41.2195707 ] ], [ [ 174.812295, -41.2195707 ], [ 174.812628900000021, -41.2194102 ] ], [ [ 174.812628900000021, -41.2194102 ], [ 174.812937, -41.2192619 ], [ 174.813062300000013, -41.2191094 ] ], [ [ 174.8238074, -41.2235199 ], [ 174.8236779, -41.2236006 ], [ 174.823406799999987, -41.2236409 ] ], [ [ 174.823406799999987, -41.2236409 ], [ 174.8236815, -41.2234404 ] ], [ [ 174.8118102, -41.231419 ], [ 174.8125662, -41.2314392 ], [ 174.813047700000027, -41.2313924 ] ], [ [ 174.813047700000027, -41.2313924 ], [ 174.8133999, -41.2313153 ], [ 174.8142139, -41.2309578 ] ], [ [ 174.8142139, -41.2309578 ], [ 174.815431, -41.2304337 ], [ 174.816796399999987, -41.2300164 ], [ 174.8175599, -41.2298908 ] ], [ [ 174.8175599, -41.2298908 ], [ 174.8179083, -41.2298378 ] ], [ [ 174.8179083, -41.2298378 ], [ 174.8179692, -41.2298083 ] ], [ [ 174.8179692, -41.2298083 ], [ 174.8180778, -41.229700099999988 ] ], [ [ 174.8180778, -41.229700099999988 ], [ 174.8180931, -41.22966310000001 ] ], [ [ 174.8180931, -41.22966310000001 ], [ 174.818251299999986, -41.2292508 ] ], [ [ 174.818251299999986, -41.2292508 ], [ 174.818293399999988, -41.2291334 ] ], [ [ 174.818293399999988, -41.2291334 ], [ 174.8186183, -41.2283914 ] ], [ [ 174.8186183, -41.2283914 ], [ 174.8189999, -41.2276499 ], [ 174.8190468, -41.2270802 ], [ 174.8194006, -41.2261638 ] ], [ [ 174.8194006, -41.2261638 ], [ 174.819731499999989, -41.225452 ] ], [ [ 174.819731499999989, -41.225452 ], [ 174.820067200000011, -41.2250251 ], [ 174.820478900000012, -41.2246466 ], [ 174.8209348, -41.2243988 ], [ 174.8220344, -41.223976 ] ], [ [ 174.8220344, -41.223976 ], [ 174.8221173, -41.223955 ] ], [ [ 174.8221173, -41.223955 ], [ 174.8221781, -41.2239396 ] ], [ [ 174.8221781, -41.2239396 ], [ 174.8224051, -41.2238801 ] ], [ [ 174.8224051, -41.2238801 ], [ 174.8224964, -41.2238576 ] ], [ [ 174.8224964, -41.2238576 ], [ 174.8225214, -41.2238515 ] ], [ [ 174.8225214, -41.2238515 ], [ 174.823406799999987, -41.2236409 ] ], [ [ 174.823416300000019, -41.2223784 ], [ 174.8231796, -41.2223932 ], [ 174.821943800000014, -41.2222176 ] ], [ [ 174.821943800000014, -41.2222176 ], [ 174.8213002, -41.2221879 ], [ 174.8201048, -41.2224858 ], [ 174.819770299999988, -41.2224951 ] ], [ [ 174.819770299999988, -41.2224951 ], [ 174.819555799999989, -41.2224405 ], [ 174.8192287, -41.222214 ] ], [ [ 174.8192287, -41.222214 ], [ 174.8189973, -41.2220248 ], [ 174.8187011, -41.2218774 ], [ 174.8178461, -41.2216069 ] ], [ [ 174.8178461, -41.2216069 ], [ 174.817688800000013, -41.221555 ] ], [ [ 174.817688800000013, -41.221555 ], [ 174.8168473, -41.221199399999989 ] ], [ [ 174.8168473, -41.221199399999989 ], [ 174.8162948, -41.2209266 ], [ 174.815954799999986, -41.2208925 ], [ 174.815789, -41.2209291 ], [ 174.8155802, -41.2210523 ], [ 174.815390799999989, -41.2213485 ] ], [ [ 174.815390799999989, -41.2213485 ], [ 174.8152203, -41.2216331 ], [ 174.8149042, -41.2219237 ], [ 174.814551200000011, -41.2220996 ], [ 174.814197900000011, -41.2221889 ], [ 174.813803799999988, -41.2222083 ], [ 174.811541799999986, -41.2218972 ] ], [ [ 174.811473200000023, -41.221886 ], [ 174.8114296, -41.2218747 ] ], [ [ 174.8114296, -41.2218747 ], [ 174.8113396, -41.2217088 ] ], [ [ 174.811541799999986, -41.2218972 ], [ 174.8115161, -41.2218945 ] ], [ [ 174.8115161, -41.2218945 ], [ 174.811473200000023, -41.221886 ] ], [ [ 174.8075821, -41.221681599999989 ], [ 174.8075598, -41.2217235 ] ], [ [ 174.8073623, -41.2242204 ], [ 174.8072639, -41.2232901 ] ], [ [ 174.8072639, -41.2232901 ], [ 174.807251300000019, -41.2228422 ] ], [ [ 174.807251300000019, -41.2228422 ], [ 174.8072539, -41.222785 ] ], [ [ 174.8072539, -41.222785 ], [ 174.8072699, -41.2225814 ] ], [ [ 174.8072556, -41.2252345 ], [ 174.807341799999989, -41.2247569 ] ], [ [ 174.807341799999989, -41.2247569 ], [ 174.8073623, -41.2242204 ] ], [ [ 174.8074316, -41.2220494 ], [ 174.8072699, -41.2225814 ] ], [ [ 174.8072699, -41.2225814 ], [ 174.807266199999987, -41.2224144 ] ], [ [ 174.807266199999987, -41.2224144 ], [ 174.80733140000001, -41.2221398 ] ], [ [ 174.8078336, -41.2205465 ], [ 174.8077685, -41.2206286 ] ], [ [ 174.8077685, -41.2206286 ], [ 174.8077097, -41.2206348 ] ], [ [ 174.8114296, -41.2218747 ], [ 174.8111996, -41.2218257 ], [ 174.8109689, -41.2216733 ] ], [ [ 174.8075388, -41.2214514 ], [ 174.807567, -41.2214629 ] ], [ [ 174.8075821, -41.221681599999989 ], [ 174.80747070000001, -41.2217126 ], [ 174.807357700000011, -41.2216849 ] ], [ [ 174.807567, -41.2214629 ], [ 174.807648, -41.2215709 ], [ 174.8075821, -41.221681599999989 ] ] ] } },
{ "type": "Feature", "properties": { "package": "Lyall Bay routes", "suburb": "Lyall Bay", "projects": "Miro Street; Kedah Street; Coutts Street; Freyberg Street; Queens Drive; Lyall Parade", "n_projects": 6, "cost": 6.119900319688087, "cost_low": 2.8862228597918502, "cost_high": 12.80944671369098, "extra_riders": 299.95500526850213, "riders_per_M": 49.013054069447648, "build_step": null }, "geometry": { "type": "MultiLineString", "coordinates": [ [ [ 174.8102337, -41.3229278 ], [ 174.810951, -41.321068 ] ], [ [ 174.8093546, -41.3253203 ], [ 174.809447900000038, -41.3253911 ], [ 174.810088, -41.325392899999983 ] ], [ [ 174.8093546, -41.3253203 ], [ 174.8094988, -41.324855599999985 ] ], [ [ 174.809578100000039, -41.3246728 ], [ 174.8102337, -41.3229278 ] ], [ [ 174.8125995, -41.3234512 ], [ 174.811412900000022, -41.3231894 ] ], [ [ 174.811412900000022, -41.3231894 ], [ 174.8102337, -41.3229278 ] ], [ [ 174.8102337, -41.3229278 ], [ 174.8092608, -41.3227125 ] ], [ [ 174.8057521, -41.3243235 ], [ 174.8054498, -41.3241772 ] ], [ [ 174.8054498, -41.3241772 ], [ 174.8049361, -41.3239286 ] ], [ [ 174.8049361, -41.3239286 ], [ 174.8043553, -41.3236475 ] ], [ [ 174.8043553, -41.3236475 ], [ 174.804183099999989, -41.3235642 ] ], [ [ 174.7935932, -41.3300365 ], [ 174.7934397, -41.3299825 ] ], [ [ 174.7934397, -41.3299825 ], [ 174.7934905, -41.3280738 ] ], [ [ 174.7934905, -41.3280738 ], [ 174.793521, -41.3257506 ] ], [ [ 174.793521, -41.3257506 ], [ 174.7935436, -41.3240353 ] ], [ [ 174.7935239, -41.3237395 ], [ 174.79348, -41.3236482 ] ], [ [ 174.79348, -41.3236482 ], [ 174.7931774, -41.3227772 ] ], [ [ 174.79075370000001, -41.333401299999984 ], [ 174.790694, -41.3334693 ], [ 174.7910228, -41.335002299999985 ], [ 174.791130900000013, -41.335067599999988 ] ], [ [ 174.7914855, -41.3316561 ], [ 174.790736, -41.3330591 ] ], [ [ 174.790736, -41.3330591 ], [ 174.79075370000001, -41.333401299999984 ] ], [ [ 174.79075370000001, -41.333401299999984 ], [ 174.791124599999989, -41.3342321 ], [ 174.7911643, -41.3346408 ], [ 174.791130900000013, -41.335067599999988 ] ], [ [ 174.791130900000013, -41.335067599999988 ], [ 174.7911576, -41.3354566 ], [ 174.7912675, -41.3357361 ], [ 174.791577600000011, -41.336270099999986 ], [ 174.7922126, -41.337104399999987 ], [ 174.792311399999988, -41.3373606 ] ], [ [ 174.7933429, -41.3213982 ], [ 174.7931739, -41.32171240000001 ], [ 174.79318, -41.3220645 ] ], [ [ 174.79318, -41.3220645 ], [ 174.7932055, -41.3226898 ] ], [ [ 174.7932055, -41.3226898 ], [ 174.7931774, -41.3227772 ] ], [ [ 174.7931774, -41.3227772 ], [ 174.7926406, -41.3233633 ], [ 174.792407200000014, -41.3237151 ] ], [ [ 174.792407200000014, -41.3237151 ], [ 174.7921714, -41.324770699999988 ], [ 174.792290400000013, -41.3252835 ] ], [ [ 174.792290400000013, -41.3252835 ], [ 174.7923572, -41.3255841 ] ], [ [ 174.7917814, -41.331441599999984 ], [ 174.791692399999988, -41.331426 ] ], [ [ 174.791692399999988, -41.331426 ], [ 174.7916429, -41.3313035 ], [ 174.7917491, -41.3312435 ] ], [ [ 174.7917491, -41.3312435 ], [ 174.7918714, -41.3312825 ] ], [ [ 174.7918714, -41.3312825 ], [ 174.791887600000024, -41.3313815 ], [ 174.7917814, -41.331441599999984 ] ], [ [ 174.792311399999988, -41.3373606 ], [ 174.79227370000001, -41.3379315 ] ], [ [ 174.79227370000001, -41.3379315 ], [ 174.792296599999986, -41.33803 ] ], [ [ 174.7917773, -41.3299957 ], [ 174.7917787, -41.3302089 ] ], [ [ 174.7917787, -41.3302089 ], [ 174.791770899999989, -41.3309469 ] ], [ [ 174.7923572, -41.3255841 ], [ 174.7923602, -41.3257341 ] ], [ [ 174.7923602, -41.3257341 ], [ 174.7921696, -41.3262633 ] ], [ [ 174.7921696, -41.3262633 ], [ 174.791995500000013, -41.326907899999988 ], [ 174.7918278, -41.3278683 ] ], [ [ 174.7918278, -41.3278683 ], [ 174.7917998, -41.3280655 ] ], [ [ 174.7917998, -41.3280655 ], [ 174.7917773, -41.3299957 ] ], [ [ 174.7924253, -41.3382392 ], [ 174.7921186, -41.3381442 ] ], [ [ 174.7921186, -41.3381442 ], [ 174.7920115, -41.338036799999983 ] ], [ [ 174.7918278, -41.3278683 ], [ 174.7919513, -41.3277748 ], [ 174.7922069, -41.3263283 ], [ 174.7921696, -41.3262633 ] ], [ [ 174.792296599999986, -41.33803 ], [ 174.7924253, -41.3382392 ] ], [ [ 174.7924253, -41.3382392 ], [ 174.7930548, -41.3387163 ], [ 174.793131499999987, -41.3389253 ] ], [ [ 174.793131499999987, -41.3389253 ], [ 174.792995499999989, -41.3395141 ] ], [ [ 174.7917787, -41.3302089 ], [ 174.791578500000014, -41.3301304 ] ], [ [ 174.79390250000003, -41.319863 ], [ 174.7939131, -41.3199821 ], [ 174.793710299999987, -41.3207182 ] ], [ [ 174.793710299999987, -41.3207182 ], [ 174.7933429, -41.3213982 ] ], [ [ 174.791692399999988, -41.331426 ], [ 174.7914855, -41.3316561 ] ], [ [ 174.791770899999989, -41.3309469 ], [ 174.7917491, -41.3312435 ] ], [ [ 174.7935932, -41.3300365 ], [ 174.792821500000031, -41.3306556 ], [ 174.7921629, -41.3310947 ] ], [ [ 174.80023730000002, -41.328014399999986 ], [ 174.79887020000001, -41.3281092 ] ], [ [ 174.79887020000001, -41.3281092 ], [ 174.7977439, -41.328278 ], [ 174.7972479, -41.328428099999982 ], [ 174.795779399999986, -41.3290088 ] ], [ [ 174.7953363, -41.3290608 ], [ 174.795357599999988, -41.3290552 ] ], [ [ 174.795357599999988, -41.3290552 ], [ 174.7954441, -41.3291118 ] ], [ [ 174.7954441, -41.3291118 ], [ 174.7953852, -41.3291634 ], [ 174.7953182, -41.3291477 ] ], [ [ 174.7953182, -41.3291477 ], [ 174.7953363, -41.3290608 ] ], [ [ 174.7948911, -41.3293666 ], [ 174.7935932, -41.3300365 ] ], [ [ 174.7953182, -41.3291477 ], [ 174.7948911, -41.3293666 ] ], [ [ 174.795779399999986, -41.3290088 ], [ 174.7954441, -41.3291118 ] ] ] } },
{ "type": "Feature", "properties": { "package": "Grenada Village routes", "suburb": "Grenada Village", "projects": "Helston Road; Johnsonville Road; Mark Avenue; Bracken Road; Grenada Drive; Beazley Avenue; (unnamed link); (unnamed link)", "n_projects": 8, "cost": 12.049819146391679, "cost_low": 5.6176170655308555, "cost_high": 25.470578872887202, "extra_riders": 406.31525523010754, "riders_per_M": 33.719614401995301, "build_step": null }, "geometry": { "type": "MultiLineString", "coordinates": [ [ [ 174.807985100000025, -41.2206987 ], [ 174.8079186, -41.2207086 ], [ 174.8077685, -41.2206286 ] ], [ [ 174.8078336, -41.2205465 ], [ 174.807985100000025, -41.2206987 ] ], [ [ 174.8081731, -41.2208367 ], [ 174.8081566, -41.2208248 ] ], [ [ 174.8081566, -41.2208248 ], [ 174.807985100000025, -41.2206987 ] ], [ [ 174.8109689, -41.2216733 ], [ 174.8113396, -41.2217088 ] ], [ [ 174.8137563, -41.2170231 ], [ 174.8138159, -41.2168174 ] ], [ [ 174.8138159, -41.2168174 ], [ 174.813974300000012, -41.2167512 ], [ 174.8141698, -41.216808 ] ], [ [ 174.8141698, -41.216808 ], [ 174.8142244, -41.2169097 ] ], [ [ 174.8081731, -41.2208367 ], [ 174.8082334, -41.2208258 ] ], [ [ 174.8094925, -41.2214341 ], [ 174.8094082, -41.2214424 ] ], [ [ 174.813062300000013, -41.2191094 ], [ 174.8133755, -41.218492399999988 ] ], [ [ 174.8133755, -41.218492399999988 ], [ 174.8134064, -41.218322499999985 ], [ 174.813312900000028, -41.217838 ], [ 174.8136906, -41.2171182 ] ], [ [ 174.8136906, -41.2171182 ], [ 174.8137563, -41.2170231 ] ], [ [ 174.8137563, -41.2170231 ], [ 174.8139351, -41.2169165 ], [ 174.8142244, -41.2169097 ] ], [ [ 174.8142244, -41.2169097 ], [ 174.8147298, -41.2170982 ], [ 174.815034200000014, -41.2170789 ], [ 174.8152299, -41.21690790000001 ], [ 174.815429200000011, -41.2164661 ], [ 174.8156697, -41.2162486 ] ], [ [ 174.8156697, -41.2162486 ], [ 174.8159308, -41.2160874 ], [ 174.8162355, -41.2160616 ], [ 174.8164037, -41.2161779 ], [ 174.816428300000013, -41.216375899999989 ] ], [ [ 174.816428300000013, -41.216375899999989 ], [ 174.816198899999989, -41.2171614 ], [ 174.8162996, -41.2174893 ], [ 174.8165137, -41.2176948 ] ], [ [ 174.8165137, -41.2176948 ], [ 174.8169505, -41.2178491 ], [ 174.817442199999988, -41.2178107 ] ], [ [ 174.817442199999988, -41.2178107 ], [ 174.81848930000001, -41.2173685 ], [ 174.8188447, -41.2172961 ], [ 174.819139400000012, -41.2173602 ], [ 174.8199812, -41.217749199999986 ] ], [ [ 174.8094925, -41.2214341 ], [ 174.809598599999987, -41.221464399999988 ] ], [ [ 174.809598599999987, -41.221464399999988 ], [ 174.8096855, -41.221488900000011 ] ], [ [ 174.8096855, -41.221488900000011 ], [ 174.810296599999987, -41.2215718 ] ], [ [ 174.810296599999987, -41.2215718 ], [ 174.8109689, -41.2216733 ] ], [ [ 174.8113396, -41.2217088 ], [ 174.8116013, -41.2216145 ] ], [ [ 174.8081727, -41.220875 ], [ 174.8081731, -41.2208367 ] ], [ [ 174.8085514, -41.2211229 ], [ 174.8081727, -41.220875 ] ], [ [ 174.808593300000013, -41.2210641 ], [ 174.8087678, -41.2211545 ] ], [ [ 174.8087678, -41.2211545 ], [ 174.808960500000012, -41.2212285 ] ], [ [ 174.8082334, -41.2208258 ], [ 174.808593300000013, -41.2210641 ] ], [ [ 174.8094562, -41.22138240000001 ], [ 174.8094925, -41.2214341 ] ], [ [ 174.808960500000012, -41.2212285 ], [ 174.8094562, -41.22138240000001 ] ], [ [ 174.808922200000012, -41.2212887 ], [ 174.8085514, -41.2211229 ] ], [ [ 174.8094082, -41.2214424 ], [ 174.808922200000012, -41.2212887 ] ], [ [ 174.8116013, -41.2216145 ], [ 174.8119327, -41.221001 ] ], [ [ 174.8119327, -41.221001 ], [ 174.8119695, -41.2209247 ] ], [ [ 174.8119695, -41.2209247 ], [ 174.8120348, -41.2206787 ], [ 174.8120007, -41.220488 ] ], [ [ 174.8120007, -41.220488 ], [ 174.811953800000026, -41.2202703 ], [ 174.8119888, -41.2200322 ], [ 174.812295, -41.2195707 ] ], [ [ 174.812295, -41.2195707 ], [ 174.812628900000021, -41.2194102 ] ], [ [ 174.812628900000021, -41.2194102 ], [ 174.812937, -41.2192619 ], [ 174.813062300000013, -41.2191094 ] ], [ [ 174.8075821, -41.221681599999989 ], [ 174.8075598, -41.2217235 ] ], [ [ 174.8073623, -41.2242204 ], [ 174.8072639, -41.2232901 ] ], [ [ 174.8072639, -41.2232901 ], [ 174.807251300000019, -41.2228422 ] ], [ [ 174.807251300000019, -41.2228422 ], [ 174.8072539, -41.222785 ] ], [ [ 174.8072539, -41.222785 ], [ 174.8072699, -41.2225814 ] ], [ [ 174.8072556, -41.2252345 ], [ 174.807341799999989, -41.2247569 ] ], [ [ 174.807341799999989, -41.2247569 ], [ 174.8073623, -41.2242204 ] ], [ [ 174.8074316, -41.2220494 ], [ 174.8072699, -41.2225814 ] ], [ [ 174.8072699, -41.2225814 ], [ 174.807266199999987, -41.2224144 ] ], [ [ 174.807266199999987, -41.2224144 ], [ 174.80733140000001, -41.2221398 ] ], [ [ 174.829543699999988, -41.200411699999982 ], [ 174.8291557, -41.2008351 ] ], [ [ 174.8291557, -41.2008351 ], [ 174.8289035, -41.2009946 ], [ 174.8282604, -41.2012734 ], [ 174.828016800000029, -41.2014394 ], [ 174.8277558, -41.201817399999989 ], [ 174.8277152, -41.2022557 ] ], [ [ 174.8277152, -41.2022557 ], [ 174.8276675, -41.2025412 ], [ 174.82744, -41.2028785 ], [ 174.8272567, -41.2030213 ], [ 174.8265274, -41.2033298 ], [ 174.8261925, -41.2035743 ], [ 174.8250758, -41.2050433 ] ], [ [ 174.8250758, -41.2050433 ], [ 174.8249255, -41.2052038 ], [ 174.8240252, -41.2058438 ] ], [ [ 174.8240252, -41.2058438 ], [ 174.8232413, -41.2063841 ] ], [ [ 174.8232413, -41.2063841 ], [ 174.822786200000024, -41.2066211 ], [ 174.822429, -41.2067442 ] ], [ [ 174.822429, -41.2067442 ], [ 174.8209464, -41.207259 ] ], [ [ 174.8209464, -41.207259 ], [ 174.8198815, -41.2076314 ] ], [ [ 174.8198815, -41.2076314 ], [ 174.8187537, -41.208020500000011 ] ], [ [ 174.8187537, -41.208020500000011 ], [ 174.817846600000024, -41.2083706 ], [ 174.8171576, -41.20884 ] ], [ [ 174.8171576, -41.20884 ], [ 174.816697, -41.2093546 ] ], [ [ 174.816697, -41.2093546 ], [ 174.8164945, -41.209703 ], [ 174.8163673, -41.2100549 ], [ 174.8160723, -41.2116597 ] ], [ [ 174.8160723, -41.2116597 ], [ 174.8160449, -41.2120786 ], [ 174.8161274, -41.2122235 ], [ 174.816294, -41.212362 ] ], [ [ 174.816294, -41.212362 ], [ 174.816564699999986, -41.2124542 ], [ 174.817363300000011, -41.2123951 ], [ 174.8177203, -41.2124921 ], [ 174.817889900000011, -41.212640799999988 ], [ 174.817947299999986, -41.2127708 ], [ 174.817946400000011, -41.2134163 ] ], [ [ 174.817946400000011, -41.2134163 ], [ 174.8179381, -41.2139214 ] ], [ [ 174.8179381, -41.2139214 ], [ 174.8180433, -41.2142754 ] ], [ [ 174.8306241, -41.199335599999984 ], [ 174.8304764, -41.1994223 ] ], [ [ 174.8304764, -41.1994223 ], [ 174.8303244, -41.1995238 ], [ 174.829665299999988, -41.2002523 ] ], [ [ 174.8236618, -41.223170399999979 ], [ 174.8238074, -41.2233609 ] ], [ [ 174.8236959, -41.2234 ], [ 174.8236618, -41.223170399999979 ] ], [ [ 174.821427, -41.2176744 ], [ 174.821321399999988, -41.2177521 ], [ 174.820828799999987, -41.2179267 ], [ 174.8205221, -41.21795 ], [ 174.82032, -41.2179049 ] ], [ [ 174.82032, -41.2179049 ], [ 174.8199812, -41.217749199999986 ] ], [ [ 174.823416300000019, -41.2223784 ], [ 174.8232743, -41.2218669 ] ], [ [ 174.8232743, -41.2218669 ], [ 174.823119600000012, -41.2215145 ], [ 174.822744199999988, -41.2211248 ] ], [ [ 174.822744199999988, -41.2211248 ], [ 174.822611200000011, -41.2208937 ], [ 174.8226334, -41.2207052 ] ], [ [ 174.8226334, -41.2207052 ], [ 174.8230879, -41.2198705 ], [ 174.823095600000016, -41.2195677 ], [ 174.8229639, -41.219336 ] ], [ [ 174.8229639, -41.219336 ], [ 174.8228456, -41.2191998 ] ], [ [ 174.8228456, -41.2191998 ], [ 174.8225069, -41.2187025 ] ], [ [ 174.8225069, -41.2187025 ], [ 174.8221831, -41.218012 ], [ 174.8220569, -41.2178522 ], [ 174.8218683, -41.217745 ], [ 174.821427, -41.2176744 ] ], [ [ 174.8236618, -41.223170399999979 ], [ 174.823595600000033, -41.2229364 ] ], [ [ 174.823595600000033, -41.2229364 ], [ 174.82355, -41.2227876 ] ], [ [ 174.82355, -41.2227876 ], [ 174.823416300000019, -41.2223784 ] ], [ [ 174.829498300000012, -41.2002908 ], [ 174.828957100000025, -41.2001637 ], [ 174.82826110000002, -41.2001727 ], [ 174.827962, -41.200246399999983 ], [ 174.8274175, -41.200538 ] ], [ [ 174.8274175, -41.200538 ], [ 174.8261288, -41.201463199999985 ], [ 174.8249679, -41.2020669 ], [ 174.824087100000014, -41.2026324 ] ], [ [ 174.824087100000014, -41.2026324 ], [ 174.823232, -41.2033724 ], [ 174.8222705, -41.2044573 ] ], [ [ 174.829866900000013, -41.2040529 ], [ 174.8298842, -41.203765899999986 ], [ 174.829970600000024, -41.2035418 ], [ 174.8303649, -41.2029344 ], [ 174.830584499999986, -41.2026889 ], [ 174.8307049, -41.2024172 ], [ 174.8306299, -41.2019221 ], [ 174.830186200000014, -41.2010071 ] ], [ [ 174.830186200000014, -41.2010071 ], [ 174.8300547, -41.2007511 ] ], [ [ 174.8300547, -41.2007511 ], [ 174.8297206, -41.2003663 ] ], [ [ 174.8214889, -41.2046733 ], [ 174.8213278, -41.2046432 ] ], [ [ 174.8305073, -41.2058871 ], [ 174.8301549, -41.2055206 ] ], [ [ 174.8301549, -41.2055206 ], [ 174.8299798, -41.2052012 ], [ 174.829888399999987, -41.2048265 ] ], [ [ 174.829888399999987, -41.2048265 ], [ 174.829866900000013, -41.2040529 ] ], [ [ 174.8222705, -41.2044573 ], [ 174.8219504, -41.2046261 ], [ 174.821699600000017, -41.204671 ], [ 174.8214889, -41.2046733 ] ], [ [ 174.8175487, -41.2143275 ], [ 174.817813, -41.2143292 ], [ 174.8180433, -41.2142754 ] ], [ [ 174.8180433, -41.2142754 ], [ 174.8183536, -41.2145222 ], [ 174.81918060000001, -41.2147703 ] ], [ [ 174.81918060000001, -41.2147703 ], [ 174.8196672, -41.2149085 ] ], [ [ 174.8196672, -41.2149085 ], [ 174.8204136, -41.2149961 ] ], [ [ 174.8204136, -41.2149961 ], [ 174.820668500000039, -41.21516 ] ], [ [ 174.820668500000039, -41.21516 ], [ 174.820751, -41.2153718 ], [ 174.8207121, -41.2158955 ], [ 174.8207638, -41.2163046 ] ], [ [ 174.8207638, -41.2163046 ], [ 174.8210154, -41.2169586 ] ], [ [ 174.8210154, -41.2169586 ], [ 174.821427, -41.2176744 ] ], [ [ 174.8078336, -41.2205465 ], [ 174.8077685, -41.2206286 ] ], [ [ 174.8077685, -41.2206286 ], [ 174.8077097, -41.2206348 ] ], [ [ 174.8114296, -41.2218747 ], [ 174.8111996, -41.2218257 ], [ 174.8109689, -41.2216733 ] ], [ [ 174.8075388, -41.2214514 ], [ 174.807567, -41.2214629 ] ], [ [ 174.8075821, -41.221681599999989 ], [ 174.80747070000001, -41.2217126 ], [ 174.807357700000011, -41.2216849 ] ], [ [ 174.807567, -41.2214629 ], [ 174.807648, -41.2215709 ], [ 174.8075821, -41.221681599999989 ] ], [ [ 174.8296255, -41.2004238 ], [ 174.829543699999988, -41.200411699999982 ] ], [ [ 174.829543699999988, -41.200411699999982 ], [ 174.829498300000012, -41.2002908 ] ], [ [ 174.829498300000012, -41.2002908 ], [ 174.829571, -41.200245099999989 ], [ 174.829665299999988, -41.2002523 ] ], [ [ 174.829665299999988, -41.2002523 ], [ 174.8297206, -41.2003663 ] ], [ [ 174.8297206, -41.2003663 ], [ 174.8296255, -41.2004238 ] ] ] } },
{ "type": "Feature", "properties": { "package": "Glenside routes", "suburb": "Glenside", "projects": "Middleton Road; Johnsonville Road; (unnamed link); (unnamed link)", "n_projects": 4, "cost": 7.8727877112876445, "cost_low": 3.6559942396660827, "cost_high": 16.667173886486239, "extra_riders": 263.23053797304738, "riders_per_M": 33.435492944340339, "build_step": null }, "geometry": { "type": "MultiLineString", "coordinates": [ [ [ 174.818409800000012, -41.2030171 ], [ 174.818772200000012, -41.2025275 ], [ 174.8190577, -41.2017883 ], [ 174.8196864, -41.2013143 ], [ 174.819846399999989, -41.2011135 ], [ 174.8199257, -41.1999031 ], [ 174.820737600000029, -41.198566199999988 ], [ 174.82127460000001, -41.1980715 ], [ 174.8219214, -41.1976296 ], [ 174.8231195, -41.1964621 ], [ 174.8236774, -41.1960691 ], [ 174.823945900000012, -41.1958202 ], [ 174.824408100000028, -41.1955269 ], [ 174.8249726, -41.1946849 ], [ 174.8261853, -41.1937977 ], [ 174.826769400000018, -41.193185 ] ], [ [ 174.826769400000018, -41.193185 ], [ 174.8277213, -41.1916595 ] ], [ [ 174.8119156, -41.2074681 ], [ 174.8117574, -41.2069628 ] ], [ [ 174.807982900000013, -41.2202284 ], [ 174.808022900000026, -41.2201847 ] ], [ [ 174.812121, -41.2079525 ], [ 174.812071, -41.2077849 ] ], [ [ 174.812619, -41.205154099999987 ], [ 174.8136833, -41.2043946 ], [ 174.8145773, -41.2039699 ], [ 174.815203200000013, -41.2038141 ] ], [ [ 174.8121497, -41.2054491 ], [ 174.8122423, -41.2053887 ] ], [ [ 174.8117574, -41.2069628 ], [ 174.811669, -41.2061199 ], [ 174.811784100000011, -41.2057535 ] ], [ [ 174.811784100000011, -41.2057535 ], [ 174.8121497, -41.2054491 ] ], [ [ 174.812071, -41.2077849 ], [ 174.8119156, -41.2074681 ] ], [ [ 174.8122423, -41.2053887 ], [ 174.812619, -41.205154099999987 ] ], [ [ 174.8164689, -41.203970199999986 ], [ 174.816989100000029, -41.204051099999987 ], [ 174.817411600000014, -41.20397220000001 ], [ 174.8177541, -41.2037705 ], [ 174.8183098, -41.2031364 ] ], [ [ 174.8160143, -41.2038731 ], [ 174.8164689, -41.203970199999986 ] ], [ [ 174.808022900000026, -41.2201847 ], [ 174.8082417, -41.2199457 ] ], [ [ 174.8099229, -41.2164334 ], [ 174.8100699, -41.2161553 ], [ 174.811041499999988, -41.2149388 ] ], [ [ 174.811041499999988, -41.2149388 ], [ 174.811304299999989, -41.2145963 ], [ 174.811350800000014, -41.2136266 ] ], [ [ 174.811350800000014, -41.2136266 ], [ 174.8115754, -41.2125899 ], [ 174.8114407, -41.211661 ], [ 174.811525499999988, -41.2113442 ], [ 174.811703200000011, -41.2110148 ] ], [ [ 174.811703200000011, -41.2110148 ], [ 174.811767800000013, -41.2108381 ] ], [ [ 174.811767800000013, -41.2108381 ], [ 174.8118522, -41.2105857 ] ], [ [ 174.8118522, -41.2105857 ], [ 174.8121124, -41.21020510000001 ], [ 174.8122483, -41.2097439 ], [ 174.8122253, -41.2092655 ], [ 174.8120672, -41.2087683 ], [ 174.8121432, -41.208148 ] ], [ [ 174.8121432, -41.208148 ], [ 174.812121, -41.2079525 ] ], [ [ 174.815203200000013, -41.2038141 ], [ 174.8157583, -41.2038316 ] ], [ [ 174.8098735, -41.2166708 ], [ 174.8099229, -41.2164334 ] ], [ [ 174.8082417, -41.2199457 ], [ 174.8083422, -41.219784599999983 ], [ 174.808461099999988, -41.2193039 ], [ 174.8090216, -41.2187913 ], [ 174.8095559, -41.218196199999987 ], [ 174.8095779, -41.217938299999986 ], [ 174.8094295, -41.2175331 ], [ 174.809426800000011, -41.217302 ], [ 174.809789, -41.2168979 ], [ 174.8098735, -41.2166708 ] ], [ [ 174.8277213, -41.1916595 ], [ 174.828106100000014, -41.1911353 ] ], [ [ 174.828106100000014, -41.1911353 ], [ 174.8284471, -41.1908193 ], [ 174.829100200000028, -41.1904914 ], [ 174.8292813, -41.1902659 ], [ 174.8294519, -41.1898028 ] ], [ [ 174.8294519, -41.1898028 ], [ 174.829464699999988, -41.1895618 ] ], [ [ 174.8183098, -41.2031364 ], [ 174.818409800000012, -41.2030171 ] ], [ [ 174.8075821, -41.221681599999989 ], [ 174.8075598, -41.2217235 ] ], [ [ 174.8073623, -41.2242204 ], [ 174.8072639, -41.2232901 ] ], [ [ 174.8072639, -41.2232901 ], [ 174.807251300000019, -41.2228422 ] ], [ [ 174.807251300000019, -41.2228422 ], [ 174.8072539, -41.222785 ] ], [ [ 174.8072539, -41.222785 ], [ 174.8072699, -41.2225814 ] ], [ [ 174.8072556, -41.2252345 ], [ 174.807341799999989, -41.2247569 ] ], [ [ 174.807341799999989, -41.2247569 ], [ 174.8073623, -41.2242204 ] ], [ [ 174.8074316, -41.2220494 ], [ 174.8072699, -41.2225814 ] ], [ [ 174.8072699, -41.2225814 ], [ 174.807266199999987, -41.2224144 ] ], [ [ 174.807266199999987, -41.2224144 ], [ 174.80733140000001, -41.2221398 ] ], [ [ 174.8078336, -41.2205465 ], [ 174.8077685, -41.2206286 ] ], [ [ 174.8077685, -41.2206286 ], [ 174.8077097, -41.2206348 ] ], [ [ 174.8114296, -41.2218747 ], [ 174.8111996, -41.2218257 ], [ 174.8109689, -41.2216733 ] ], [ [ 174.8075388, -41.2214514 ], [ 174.807567, -41.2214629 ] ], [ [ 174.8075821, -41.221681599999989 ], [ 174.80747070000001, -41.2217126 ], [ 174.807357700000011, -41.2216849 ] ], [ [ 174.807567, -41.2214629 ], [ 174.807648, -41.2215709 ], [ 174.8075821, -41.221681599999989 ] ], [ [ 174.812168400000019, -41.2069435 ], [ 174.8117574, -41.2069628 ] ], [ [ 174.812121, -41.2079525 ], [ 174.8118842, -41.2078879 ] ], [ [ 174.811841300000026, -41.2077804 ], [ 174.8119173, -41.207691499999989 ], [ 174.8119156, -41.2074681 ] ] ] } },
{ "type": "Feature", "properties": { "package": "Khandallah routes", "suburb": "Khandallah", "projects": "Nicholson Road; Featherston Street; Cameron Street; Cashmere Avenue; Kaiwharawhara Road", "n_projects": 5, "cost": 5.2960376506859408, "cost_low": 2.4686769595791822, "cost_high": 11.155893791304681, "extra_riders": 175.54614652214752, "riders_per_M": 33.146695341074633, "build_step": null }, "geometry": { "type": "MultiLineString", "coordinates": [ [ [ 174.7897428, -41.2478106 ], [ 174.790189199999986, -41.2480816 ] ], [ [ 174.790189199999986, -41.2480816 ], [ 174.791, -41.2483348 ], [ 174.791091100000017, -41.2485194 ], [ 174.791091100000017, -41.2490235 ], [ 174.7915279, -41.2493911 ] ], [ [ 174.789898400000027, -41.2464127 ], [ 174.789611400000013, -41.2473678 ], [ 174.7897428, -41.2478106 ] ], [ [ 174.7897951, -41.2459629 ], [ 174.7899031, -41.2462251 ] ], [ [ 174.7915279, -41.2493911 ], [ 174.7924787, -41.2498966 ] ], [ [ 174.7924787, -41.2498966 ], [ 174.7927159, -41.2499985 ] ], [ [ 174.7927159, -41.2499985 ], [ 174.7940394, -41.2507604 ], [ 174.794544300000013, -41.2509827 ], [ 174.7952502, -41.2511711 ], [ 174.7953215, -41.25124 ], [ 174.7953565, -41.2516405 ], [ 174.7952989, -41.2517495 ], [ 174.7950638, -41.251927899999984 ], [ 174.794936299999989, -41.2522317 ], [ 174.79478, -41.25241 ], [ 174.794620900000012, -41.2529422 ], [ 174.7944453, -41.2530337 ], [ 174.794306400000011, -41.2530137 ], [ 174.7939249, -41.2527784 ], [ 174.7936666, -41.252835 ], [ 174.793578, -41.2529323 ] ], [ [ 174.793578, -41.2529323 ], [ 174.79343320000001, -41.25309810000001 ] ], [ [ 174.79343320000001, -41.25309810000001 ], [ 174.7933234, -41.253114 ] ], [ [ 174.7899031, -41.2462251 ], [ 174.789898400000027, -41.2464127 ] ], [ [ 174.779165299999988, -41.279578399999984 ], [ 174.7788112, -41.280226 ] ], [ [ 174.7788112, -41.280226 ], [ 174.7787079, -41.2804006 ] ], [ [ 174.7762129, -41.2846935 ], [ 174.7759314, -41.2851986 ], [ 174.7759906, -41.2853618 ] ], [ [ 174.7779021, -41.2817328 ], [ 174.7775586, -41.2823371 ] ], [ [ 174.77861870000001, -41.2805513 ], [ 174.7783244, -41.2810373 ] ], [ [ 174.77689620000001, -41.2835017 ], [ 174.7765703, -41.2840763 ] ], [ [ 174.7765703, -41.2840763 ], [ 174.7762129, -41.2846935 ] ], [ [ 174.7772214, -41.2829164 ], [ 174.77689620000001, -41.2835017 ] ], [ [ 174.7775586, -41.2823371 ], [ 174.7772214, -41.2829164 ] ], [ [ 174.7787079, -41.2804006 ], [ 174.77861870000001, -41.2805513 ] ], [ [ 174.7783244, -41.2810373 ], [ 174.7779021, -41.2817328 ] ], [ [ 174.7882186, -41.2590711 ], [ 174.78839210000001, -41.2589515 ], [ 174.7885503, -41.2589126 ], [ 174.7892243, -41.2590328 ], [ 174.7895976, -41.2589466 ] ], [ [ 174.7895976, -41.2589466 ], [ 174.790050400000013, -41.2587578 ], [ 174.790390300000013, -41.258517500000011 ], [ 174.7906963, -41.258033 ] ], [ [ 174.7906963, -41.258033 ], [ 174.7912485, -41.2578761 ], [ 174.7915443, -41.2577316 ], [ 174.79177390000001, -41.25746 ], [ 174.791767, -41.2570603 ], [ 174.7918206, -41.2568859 ], [ 174.7927099, -41.2564902 ] ], [ [ 174.7936219, -41.2423953 ], [ 174.7939039, -41.2425107 ] ], [ [ 174.7939039, -41.2425107 ], [ 174.7945432, -41.2426762 ], [ 174.7945949, -41.2427332 ], [ 174.794564900000012, -41.2428806 ], [ 174.7940151, -41.2433717 ], [ 174.7938694, -41.2435857 ], [ 174.7938153, -41.2438879 ], [ 174.793932399999989, -41.2441899 ] ], [ [ 174.793932399999989, -41.2441899 ], [ 174.793916200000041, -41.244425 ], [ 174.7937532, -41.2445995 ] ], [ [ 174.7937532, -41.2445995 ], [ 174.7940365, -41.2447832 ], [ 174.7947883, -41.245017899999986 ], [ 174.7950112, -41.2451367 ], [ 174.7957926, -41.2456485 ], [ 174.796017800000016, -41.2458972 ] ], [ [ 174.796017800000016, -41.2458972 ], [ 174.796935700000034, -41.2465671 ] ], [ [ 174.796935700000034, -41.2465671 ], [ 174.7971423, -41.2467835 ] ], [ [ 174.7971423, -41.2467835 ], [ 174.79773, -41.2473258 ] ], [ [ 174.79773, -41.2473258 ], [ 174.7981733, -41.2476193 ] ], [ [ 174.7981733, -41.2476193 ], [ 174.7990926, -41.2482714 ], [ 174.799513200000035, -41.2484116 ] ], [ [ 174.799513200000035, -41.2484116 ], [ 174.800268100000011, -41.2485812 ], [ 174.800906199999986, -41.2485403 ] ], [ [ 174.7939039, -41.2425107 ], [ 174.7934388, -41.2432852 ] ], [ [ 174.7895354, -41.2600031 ], [ 174.7897662, -41.2601475 ] ], [ [ 174.789399800000012, -41.2599165 ], [ 174.7895354, -41.2600031 ] ], [ [ 174.7890128, -41.2596498 ], [ 174.789399800000012, -41.2599165 ] ] ] } },
{ "type": "Feature", "properties": { "package": "Broadmeadows routes", "suburb": "Broadmeadows", "projects": "Burma Road; Cashmere Avenue; Agra Crescent; Station Road", "n_projects": 4, "cost": 4.6769961119357717, "cost_low": 2.1776174279744165, "cost_high": 9.8581067277730359, "extra_riders": 141.81850275642472, "riders_per_M": 30.322561610539196, "build_step": null }, "geometry": { "type": "MultiLineString", "coordinates": [ [ [ 174.792376100000013, -41.24209470000001 ], [ 174.7924248, -41.242015 ] ], [ [ 174.7924248, -41.242015 ], [ 174.7924612, -41.2419556 ] ], [ [ 174.793005599999987, -41.2413692 ], [ 174.794331699999987, -41.240834599999985 ], [ 174.7944944, -41.240709199999984 ] ], [ [ 174.7944944, -41.240709199999984 ], [ 174.795128299999988, -41.2399931 ], [ 174.796279199999987, -41.2392255 ] ], [ [ 174.796279199999987, -41.2392255 ], [ 174.7967744, -41.2389223 ], [ 174.7970713, -41.238795499999988 ] ], [ [ 174.7981476, -41.2359106 ], [ 174.798173400000024, -41.2348724 ] ], [ [ 174.798173400000024, -41.2348724 ], [ 174.7981859, -41.2343721 ] ], [ [ 174.7981859, -41.2343721 ], [ 174.798227, -41.2328562 ] ], [ [ 174.798227, -41.2328562 ], [ 174.7982547, -41.2319577 ] ], [ [ 174.7982547, -41.2319577 ], [ 174.7982648, -41.2316999 ] ], [ [ 174.7982648, -41.2316999 ], [ 174.7983543, -41.23131 ] ], [ [ 174.7983543, -41.23131 ], [ 174.7984822, -41.2310403 ], [ 174.798988400000042, -41.2303931 ] ], [ [ 174.7970713, -41.238795499999988 ], [ 174.797509, -41.2385467 ] ], [ [ 174.7980556, -41.237519399999982 ], [ 174.7981129, -41.2371669 ] ], [ [ 174.7981129, -41.2371669 ], [ 174.7981457, -41.2359933 ] ], [ [ 174.7981457, -41.2359933 ], [ 174.7981476, -41.2359106 ] ], [ [ 174.797509, -41.2385467 ], [ 174.7980556, -41.237519399999982 ] ], [ [ 174.7924612, -41.2419556 ], [ 174.7927622, -41.2415116 ], [ 174.793005599999987, -41.2413692 ] ], [ [ 174.7936219, -41.2423953 ], [ 174.7939039, -41.2425107 ] ], [ [ 174.7939039, -41.2425107 ], [ 174.7945432, -41.2426762 ], [ 174.7945949, -41.2427332 ], [ 174.794564900000012, -41.2428806 ], [ 174.7940151, -41.2433717 ], [ 174.7938694, -41.2435857 ], [ 174.7938153, -41.2438879 ], [ 174.793932399999989, -41.2441899 ] ], [ [ 174.793932399999989, -41.2441899 ], [ 174.793916200000041, -41.244425 ], [ 174.7937532, -41.2445995 ] ], [ [ 174.7937532, -41.2445995 ], [ 174.7940365, -41.2447832 ], [ 174.7947883, -41.245017899999986 ], [ 174.7950112, -41.2451367 ], [ 174.7957926, -41.2456485 ], [ 174.796017800000016, -41.2458972 ] ], [ [ 174.796017800000016, -41.2458972 ], [ 174.796935700000034, -41.2465671 ] ], [ [ 174.796935700000034, -41.2465671 ], [ 174.7971423, -41.2467835 ] ], [ [ 174.7971423, -41.2467835 ], [ 174.79773, -41.2473258 ] ], [ [ 174.79773, -41.2473258 ], [ 174.7981733, -41.2476193 ] ], [ [ 174.7981733, -41.2476193 ], [ 174.7990926, -41.2482714 ], [ 174.799513200000035, -41.2484116 ] ], [ [ 174.799513200000035, -41.2484116 ], [ 174.800268100000011, -41.2485812 ], [ 174.800906199999986, -41.2485403 ] ], [ [ 174.7939039, -41.2425107 ], [ 174.7934388, -41.2432852 ] ], [ [ 174.7914481, -41.2461797 ], [ 174.792084499999987, -41.24578790000001 ] ], [ [ 174.792084499999987, -41.24578790000001 ], [ 174.792612600000041, -41.245466399999984 ], [ 174.7937532, -41.2445995 ] ], [ [ 174.789898400000027, -41.2464127 ], [ 174.790691, -41.2463047 ] ], [ [ 174.790691, -41.2463047 ], [ 174.7914481, -41.2461797 ] ], [ [ 174.7924612, -41.2419556 ], [ 174.7936219, -41.2423953 ] ] ] } },
{ "type": "Feature", "properties": { "package": "Wilton routes", "suburb": "Wilton", "projects": "Upland Road; Northland Road; Mairangi Road; Pembroke Road; Kelburn Viaduct", "n_projects": 5, "cost": 4.8732692835107017, "cost_low": 2.286593339521112, "cost_high": 9.935729969950847, "extra_riders": 129.05744216890577, "riders_per_M": 26.482723334330672, "build_step": null }, "geometry": { "type": "MultiLineString", "coordinates": [ [ [ 174.766969100000011, -41.2855339 ], [ 174.7671906, -41.28536 ], [ 174.7673512, -41.2854096 ], [ 174.7673287, -41.2854986 ], [ 174.7669473, -41.2856136 ] ], [ [ 174.7669473, -41.2856136 ], [ 174.7667908, -41.2858778 ] ], [ [ 174.7667908, -41.2858778 ], [ 174.7661019, -41.2870885 ] ], [ [ 174.7660607, -41.2871724 ], [ 174.765628600000014, -41.2879593 ] ], [ [ 174.765628600000014, -41.2879593 ], [ 174.765391700000038, -41.2884695 ] ], [ [ 174.765391700000038, -41.2884695 ], [ 174.7650751, -41.2887474 ], [ 174.7641348, -41.2891123 ], [ 174.7637442, -41.2892045 ], [ 174.76320640000003, -41.2892317 ] ], [ [ 174.7618084, -41.2887124 ], [ 174.761517199999986, -41.2883352 ], [ 174.7611485, -41.2876414 ] ], [ [ 174.7611485, -41.2876414 ], [ 174.7608908, -41.2872096 ], [ 174.7606165, -41.2869185 ] ], [ [ 174.757652900000011, -41.287158399999988 ], [ 174.7577774, -41.2871416 ] ], [ [ 174.7606165, -41.2869185 ], [ 174.760087, -41.286432099999985 ], [ 174.7596807, -41.2862938 ], [ 174.759406899999988, -41.286325 ], [ 174.7592516, -41.2863991 ], [ 174.7586685, -41.2869401 ] ], [ [ 174.7586685, -41.2869401 ], [ 174.7586015, -41.2869605 ] ], [ [ 174.76320640000003, -41.2892317 ], [ 174.7627376, -41.289274 ], [ 174.7624098, -41.28924 ], [ 174.7622237, -41.2891247 ], [ 174.7618084, -41.2887124 ] ], [ [ 174.7669473, -41.2856136 ], [ 174.766969100000011, -41.2855339 ] ], [ [ 174.756156200000021, -41.284074899999986 ], [ 174.756922, -41.2834903 ] ], [ [ 174.7570818, -41.286931799999984 ], [ 174.757100799999989, -41.2866323 ], [ 174.7569212, -41.2862776 ] ], [ [ 174.7569212, -41.2862776 ], [ 174.756714499999987, -41.2858621 ], [ 174.756768099999988, -41.2857673 ], [ 174.75695730000001, -41.2856563 ], [ 174.7570096, -41.2854295 ], [ 174.7572336, -41.2849781 ], [ 174.7571316, -41.2848793 ], [ 174.7566347, -41.2847628 ], [ 174.7564477, -41.2844258 ], [ 174.756156200000021, -41.284074899999986 ] ], [ [ 174.756922, -41.2834903 ], [ 174.7570344, -41.2834068 ] ], [ [ 174.7570344, -41.2834068 ], [ 174.7572391, -41.283303 ], [ 174.757554, -41.283285 ] ], [ [ 174.757554, -41.283285 ], [ 174.7579941, -41.2832771 ], [ 174.7582707, -41.2831313 ] ], [ [ 174.7582707, -41.2831313 ], [ 174.758360399999987, -41.2829468 ] ], [ [ 174.758360399999987, -41.2829468 ], [ 174.7582681, -41.2821305 ], [ 174.7583779, -41.281901 ] ], [ [ 174.7583779, -41.281901 ], [ 174.7585654, -41.2816973 ], [ 174.759117300000014, -41.2815726 ], [ 174.7592444, -41.2814565 ], [ 174.759261, -41.2813033 ], [ 174.7591138, -41.280703 ], [ 174.759553, -41.280152199999989 ], [ 174.7595538, -41.279849 ] ], [ [ 174.7595538, -41.279849 ], [ 174.7595115, -41.2795527 ], [ 174.759570200000013, -41.2794431 ] ], [ [ 174.759570200000013, -41.2794431 ], [ 174.759676399999989, -41.2793962 ], [ 174.759953, -41.279384 ] ], [ [ 174.759953, -41.279384 ], [ 174.760184, -41.279382 ] ], [ [ 174.760184, -41.279382 ], [ 174.7604354, -41.2793988 ], [ 174.760868, -41.2795041 ], [ 174.761653700000011, -41.2794118 ] ], [ [ 174.772179599999987, -41.2622132 ], [ 174.7720596, -41.2622507 ], [ 174.7719105, -41.2624042 ], [ 174.7716567, -41.26279310000001 ], [ 174.7713865, -41.2630685 ], [ 174.770723500000031, -41.2634892 ], [ 174.770456200000012, -41.263786 ], [ 174.770238400000011, -41.2637941 ], [ 174.7699218, -41.2635658 ], [ 174.7699175, -41.2630125 ] ], [ [ 174.7699175, -41.2630125 ], [ 174.7698344, -41.2628869 ], [ 174.7695301, -41.2627207 ], [ 174.768587200000013, -41.2626505 ] ], [ [ 174.7667095, -41.2645325 ], [ 174.7662788, -41.2648903 ], [ 174.7661852, -41.2652974 ], [ 174.766257599999989, -41.2654647 ], [ 174.766364399999986, -41.2655462 ], [ 174.7669521, -41.2657854 ] ], [ [ 174.7669521, -41.2657854 ], [ 174.7671662, -41.2659953 ], [ 174.7671633, -41.2662308 ], [ 174.7670709, -41.266561699999983 ], [ 174.7667375, -41.2668 ] ], [ [ 174.7667375, -41.2668 ], [ 174.7663114, -41.26708 ], [ 174.766044099999988, -41.2673364 ] ], [ [ 174.766044099999988, -41.2673364 ], [ 174.7659195, -41.2674162 ], [ 174.765275300000013, -41.2675011 ], [ 174.765132599999987, -41.2675824 ] ], [ [ 174.765132599999987, -41.2675824 ], [ 174.764979399999987, -41.2677167 ] ], [ [ 174.764979399999987, -41.2677167 ], [ 174.764458, -41.2682408 ], [ 174.7637819, -41.2686102 ], [ 174.763666100000023, -41.2688653 ] ], [ [ 174.768587200000013, -41.2626505 ], [ 174.768361, -41.2627189 ], [ 174.767859499999986, -41.263059799999986 ], [ 174.767372099999989, -41.2631455 ], [ 174.7669913, -41.2633592 ], [ 174.7668485, -41.26351480000001 ], [ 174.7666724, -41.263897 ], [ 174.7666654, -41.2641003 ], [ 174.7667583, -41.264439 ], [ 174.7667095, -41.2645325 ] ], [ [ 174.763666100000023, -41.2688653 ], [ 174.7636301, -41.2690022 ] ], [ [ 174.7636301, -41.2690022 ], [ 174.7634549, -41.2703589 ], [ 174.7633611, -41.2704506 ], [ 174.7630408, -41.2706009 ], [ 174.762441700000011, -41.2707984 ] ], [ [ 174.762441700000011, -41.2707984 ], [ 174.7623142, -41.2708137 ] ], [ [ 174.7623142, -41.2708137 ], [ 174.7618398, -41.27077950000001 ], [ 174.7616592, -41.2708055 ], [ 174.7610866, -41.2710363 ], [ 174.760586600000011, -41.2709135 ], [ 174.7603852, -41.2709214 ], [ 174.759896199999986, -41.2713173 ] ], [ [ 174.759896199999986, -41.2713173 ], [ 174.7595442, -41.2715185 ] ], [ [ 174.7595442, -41.2715185 ], [ 174.7581133, -41.2721692 ], [ 174.7578809, -41.272417299999987 ], [ 174.7576692, -41.2731598 ], [ 174.757686299999989, -41.2733215 ], [ 174.757843400000013, -41.273573 ], [ 174.75863240000001, -41.2740762 ] ], [ [ 174.75863240000001, -41.2740762 ], [ 174.7589328, -41.2743943 ], [ 174.759116400000011, -41.2747716 ], [ 174.759192500000012, -41.2751896 ], [ 174.759113100000036, -41.2756788 ] ], [ [ 174.759113100000036, -41.2756788 ], [ 174.759194400000013, -41.2759954 ], [ 174.7594901, -41.2764158 ], [ 174.7594901, -41.277013 ], [ 174.759509, -41.277192 ], [ 174.759584100000041, -41.2773115 ], [ 174.7597351, -41.277431 ], [ 174.7599592, -41.2775141 ], [ 174.7608165, -41.2776318 ] ], [ [ 174.7608165, -41.2776318 ], [ 174.7610592, -41.277725599999989 ], [ 174.7611937, -41.2778803 ] ], [ [ 174.7611937, -41.2778803 ], [ 174.7616084, -41.2786779 ] ], [ [ 174.7616084, -41.2786779 ], [ 174.761653700000011, -41.2794118 ] ], [ [ 174.7577774, -41.2871416 ], [ 174.7586015, -41.2869605 ] ] ] } },
{ "type": "Feature", "properties": { "package": "Northland routes", "suburb": "Northland", "projects": "Kelburn Parade; Upland Road; Garden Road; Glenmore Street; Northland Road; Glasgow Street; Kelburn Viaduct", "n_projects": 7, "cost": 7.127972580333874, "cost_low": 3.3125104223893316, "cost_high": 14.97147622605292, "extra_riders": 180.88631566524342, "riders_per_M": 25.376965697695024, "build_step": null }, "geometry": { "type": "MultiLineString", "coordinates": [ [ [ 174.76911, -41.2867842 ], [ 174.768993900000027, -41.2868435 ], [ 174.7689117, -41.286981 ] ], [ [ 174.7689117, -41.286981 ], [ 174.7687558, -41.2872601 ] ], [ [ 174.7665921, -41.2913943 ], [ 174.766569299999986, -41.2911581 ], [ 174.7666302, -41.2909766 ], [ 174.76674460000001, -41.2908983 ], [ 174.7669568, -41.2908447 ] ], [ [ 174.766512800000015, -41.2916456 ], [ 174.7661285, -41.2917064 ], [ 174.765732500000041, -41.291880399999982 ] ], [ [ 174.765447599999987, -41.2913028 ], [ 174.7652599, -41.2913467 ], [ 174.7648599, -41.2918861 ], [ 174.764232, -41.292133 ], [ 174.7640968, -41.292130899999989 ], [ 174.7640068, -41.2920557 ], [ 174.7639748, -41.2913882 ], [ 174.7637114, -41.2905236 ], [ 174.76362, -41.2904272 ] ], [ [ 174.76362, -41.2904272 ], [ 174.7634761, -41.2903709 ], [ 174.7632784, -41.2903857 ], [ 174.762797, -41.290723 ] ], [ [ 174.7687558, -41.2872601 ], [ 174.7684969, -41.2877131 ] ], [ [ 174.7684969, -41.2877131 ], [ 174.768075, -41.2884586 ] ], [ [ 174.767494199999987, -41.2894803 ], [ 174.7676405, -41.2892305 ] ], [ [ 174.7669568, -41.2908447 ], [ 174.767333400000012, -41.2899511 ] ], [ [ 174.767333400000012, -41.2899511 ], [ 174.76739950000001, -41.2895621 ] ], [ [ 174.765732500000041, -41.291880399999982 ], [ 174.765621399999986, -41.2917621 ], [ 174.7655843, -41.291425099999984 ], [ 174.765447599999987, -41.2913028 ] ], [ [ 174.7675021, -41.2895192 ], [ 174.76739950000001, -41.2895621 ] ], [ [ 174.76739950000001, -41.2895621 ], [ 174.7673684, -41.2894699 ] ], [ [ 174.7673684, -41.2894699 ], [ 174.767494199999987, -41.2894803 ] ], [ [ 174.767494199999987, -41.2894803 ], [ 174.7675021, -41.2895192 ] ], [ [ 174.767956, -41.2886583 ], [ 174.7679171, -41.28873140000001 ] ], [ [ 174.7679171, -41.28873140000001 ], [ 174.7676405, -41.2892305 ] ], [ [ 174.7680334, -41.2885283 ], [ 174.767956, -41.2886583 ] ], [ [ 174.768075, -41.2884586 ], [ 174.7680334, -41.2885283 ] ], [ [ 174.766512800000015, -41.2916456 ], [ 174.766591299999988, -41.291591 ] ], [ [ 174.766591299999988, -41.291591 ], [ 174.7665921, -41.2913943 ] ], [ [ 174.766969100000011, -41.2855339 ], [ 174.7671906, -41.28536 ], [ 174.7673512, -41.2854096 ], [ 174.7673287, -41.2854986 ], [ 174.7669473, -41.2856136 ] ], [ [ 174.7669473, -41.2856136 ], [ 174.7667908, -41.2858778 ] ], [ [ 174.7667908, -41.2858778 ], [ 174.7661019, -41.2870885 ] ], [ [ 174.7660607, -41.2871724 ], [ 174.765628600000014, -41.2879593 ] ], [ [ 174.765628600000014, -41.2879593 ], [ 174.765391700000038, -41.2884695 ] ], [ [ 174.765391700000038, -41.2884695 ], [ 174.7650751, -41.2887474 ], [ 174.7641348, -41.2891123 ], [ 174.7637442, -41.2892045 ], [ 174.76320640000003, -41.2892317 ] ], [ [ 174.7618084, -41.2887124 ], [ 174.761517199999986, -41.2883352 ], [ 174.7611485, -41.2876414 ] ], [ [ 174.7611485, -41.2876414 ], [ 174.7608908, -41.2872096 ], [ 174.7606165, -41.2869185 ] ], [ [ 174.757652900000011, -41.287158399999988 ], [ 174.7577774, -41.2871416 ] ], [ [ 174.7606165, -41.2869185 ], [ 174.760087, -41.286432099999985 ], [ 174.7596807, -41.2862938 ], [ 174.759406899999988, -41.286325 ], [ 174.7592516, -41.2863991 ], [ 174.7586685, -41.2869401 ] ], [ [ 174.7586685, -41.2869401 ], [ 174.7586015, -41.2869605 ] ], [ [ 174.76320640000003, -41.2892317 ], [ 174.7627376, -41.289274 ], [ 174.7624098, -41.28924 ], [ 174.7622237, -41.2891247 ], [ 174.7618084, -41.2887124 ] ], [ [ 174.7669473, -41.2856136 ], [ 174.766969100000011, -41.2855339 ] ], [ [ 174.757554, -41.283285 ], [ 174.757561900000013, -41.2833432 ], [ 174.7584257, -41.2833827 ], [ 174.7591463, -41.2836888 ], [ 174.7594729, -41.2835817 ], [ 174.7595895, -41.283598 ], [ 174.7599262, -41.2837654 ], [ 174.7601565, -41.283788699999988 ], [ 174.7605427, -41.283250700000011 ], [ 174.760686600000014, -41.2832099 ], [ 174.7611109, -41.2832385 ], [ 174.76124440000001, -41.283188 ], [ 174.7613901, -41.2828721 ], [ 174.761387899999988, -41.2824186 ], [ 174.7614817, -41.2822614 ] ], [ [ 174.7614817, -41.2822614 ], [ 174.7617558, -41.282186 ], [ 174.762369, -41.2822697 ], [ 174.7629043, -41.28214 ], [ 174.7635704, -41.281604599999987 ], [ 174.7638746, -41.2811848 ], [ 174.7640197, -41.2811636 ] ], [ [ 174.7640197, -41.2811636 ], [ 174.7640548, -41.2812431 ], [ 174.76336520000001, -41.2821305 ], [ 174.7633577, -41.2822457 ], [ 174.763458899999989, -41.2823282 ] ], [ [ 174.767521, -41.2802793 ], [ 174.76722, -41.2805098 ], [ 174.766795, -41.2807249 ] ], [ [ 174.766795, -41.2807249 ], [ 174.7662876, -41.280959 ] ], [ [ 174.756156200000021, -41.284074899999986 ], [ 174.756922, -41.2834903 ] ], [ [ 174.7570818, -41.286931799999984 ], [ 174.757100799999989, -41.2866323 ], [ 174.7569212, -41.2862776 ] ], [ [ 174.7569212, -41.2862776 ], [ 174.756714499999987, -41.2858621 ], [ 174.756768099999988, -41.2857673 ], [ 174.75695730000001, -41.2856563 ], [ 174.7570096, -41.2854295 ], [ 174.7572336, -41.2849781 ], [ 174.7571316, -41.2848793 ], [ 174.7566347, -41.2847628 ], [ 174.7564477, -41.2844258 ], [ 174.756156200000021, -41.284074899999986 ] ], [ [ 174.756922, -41.2834903 ], [ 174.7570344, -41.2834068 ] ], [ [ 174.7570344, -41.2834068 ], [ 174.7572391, -41.283303 ], [ 174.757554, -41.283285 ] ], [ [ 174.757554, -41.283285 ], [ 174.7578988, -41.2832856 ], [ 174.7579941, -41.2832771 ], [ 174.7582707, -41.2831313 ] ], [ [ 174.7582707, -41.2831313 ], [ 174.758360399999987, -41.2829468 ] ], [ [ 174.758360399999987, -41.2829468 ], [ 174.7582681, -41.2821305 ], [ 174.7583779, -41.281901 ] ], [ [ 174.7583779, -41.281901 ], [ 174.7585654, -41.2816973 ], [ 174.759117300000014, -41.2815726 ], [ 174.7592444, -41.2814565 ], [ 174.759261, -41.2813033 ], [ 174.7591138, -41.280703 ], [ 174.759553, -41.280152199999989 ], [ 174.7595538, -41.279849 ] ], [ [ 174.7595538, -41.279849 ], [ 174.7595115, -41.2795527 ], [ 174.759570200000013, -41.2794431 ] ], [ [ 174.759570200000013, -41.2794431 ], [ 174.759676399999989, -41.2793962 ], [ 174.759953, -41.279384 ] ], [ [ 174.759953, -41.279384 ], [ 174.760184, -41.279382 ] ], [ [ 174.760184, -41.279382 ], [ 174.7604354, -41.2793988 ], [ 174.760868, -41.2795041 ], [ 174.761653700000011, -41.2794118 ] ], [ [ 174.766159499999986, -41.2871541 ], [ 174.766472599999986, -41.2871853 ], [ 174.766647299999988, -41.2872741 ] ], [ [ 174.7673191, -41.2891165 ], [ 174.7673684, -41.2894699 ] ], [ [ 174.766647299999988, -41.2872741 ], [ 174.76689780000001, -41.2874499 ], [ 174.76699, -41.2875875 ] ], [ [ 174.76699, -41.2875875 ], [ 174.767238099999986, -41.2881584 ] ], [ [ 174.767238099999986, -41.2881584 ], [ 174.7670587, -41.2887 ], [ 174.7670932, -41.2888418 ], [ 174.7673191, -41.2891165 ] ], [ [ 174.7577774, -41.2871416 ], [ 174.7586015, -41.2869605 ] ] ] } },
{ "type": "Feature", "properties": { "package": "Island Bay routes", "suburb": "Island Bay", "projects": "Rintoul Street; Riddiford Street; Adelaide Road; Severn Street; Derwent Street; Te Wharepōuri Street", "n_projects": 6, "cost": 7.0385279595766317, "cost_low": 3.2993099810515458, "cost_high": 14.95687191410034, "extra_riders": 162.74844165367796, "riders_per_M": 23.122511210919065, "build_step": null }, "geometry": { "type": "MultiLineString", "coordinates": [ [ [ 174.779247199999986, -41.311866 ], [ 174.779075400000011, -41.3120051 ], [ 174.778948, -41.3124388 ] ], [ [ 174.7783111, -41.3145485 ], [ 174.7781334, -41.3151667 ], [ 174.778099, -41.31577630000001 ] ], [ [ 174.7804769, -41.315882 ], [ 174.780608, -41.3163014 ] ], [ [ 174.780608, -41.3163014 ], [ 174.7806426, -41.3164704 ] ], [ [ 174.779411900000014, -41.3123678 ], [ 174.7795993, -41.3129844 ] ], [ [ 174.779730699999988, -41.3134382 ], [ 174.7799547, -41.313628 ], [ 174.78030050000001, -41.3136602 ] ], [ [ 174.779730699999988, -41.3134382 ], [ 174.7798194, -41.3137151 ] ], [ [ 174.7795993, -41.3129844 ], [ 174.779730699999988, -41.3134382 ] ], [ [ 174.7798194, -41.3137151 ], [ 174.7799247, -41.3140622 ] ], [ [ 174.7799247, -41.3140622 ], [ 174.7799827, -41.3142577 ] ], [ [ 174.7799827, -41.3142577 ], [ 174.779997900000012, -41.3142994 ] ], [ [ 174.779997900000012, -41.3142994 ], [ 174.7801752, -41.3148883 ] ], [ [ 174.7801752, -41.3148883 ], [ 174.7802194, -41.3150306 ] ], [ [ 174.7802194, -41.3150306 ], [ 174.7803915, -41.3155913 ] ], [ [ 174.7803915, -41.3155913 ], [ 174.7804344, -41.315737499999983 ] ], [ [ 174.7804344, -41.315737499999983 ], [ 174.7804769, -41.315882 ] ], [ [ 174.7806426, -41.3164704 ], [ 174.7806917, -41.3167108 ] ], [ [ 174.7791892, -41.311665 ], [ 174.779247199999986, -41.311866 ] ], [ [ 174.779304, -41.3120376 ], [ 174.779411900000014, -41.3123678 ] ], [ [ 174.779247199999986, -41.311866 ], [ 174.779304, -41.3120376 ] ], [ [ 174.7764359, -41.3121015 ], [ 174.775901299999987, -41.3138474 ] ], [ [ 174.775901299999987, -41.3138474 ], [ 174.775865, -41.313964599999984 ] ], [ [ 174.775865, -41.313964599999984 ], [ 174.775718399999988, -41.3144631 ] ], [ [ 174.775718399999988, -41.3144631 ], [ 174.775553800000012, -41.3150732 ] ], [ [ 174.775553800000012, -41.3150732 ], [ 174.7755444, -41.3152016 ] ], [ [ 174.7755444, -41.3152016 ], [ 174.775533700000011, -41.315358 ] ], [ [ 174.775533700000011, -41.315358 ], [ 174.7755314, -41.3153982 ] ], [ [ 174.7755314, -41.3153982 ], [ 174.7755205, -41.3155849 ] ], [ [ 174.7755205, -41.3155849 ], [ 174.7754448, -41.317296399999989 ] ], [ [ 174.7754448, -41.317296399999989 ], [ 174.7753482, -41.318730199999983 ] ], [ [ 174.7753482, -41.318730199999983 ], [ 174.7753395, -41.3191766 ] ], [ [ 174.775297200000011, -41.3199233 ], [ 174.7752941, -41.3199905 ] ], [ [ 174.7752941, -41.3199905 ], [ 174.775252400000028, -41.3206902 ] ], [ [ 174.7753395, -41.3191766 ], [ 174.7753146, -41.3195364 ] ], [ [ 174.7751745, -41.3221225 ], [ 174.775171699999987, -41.322178499999985 ] ], [ [ 174.775171699999987, -41.322178499999985 ], [ 174.7751659, -41.3222933 ] ], [ [ 174.7620786, -41.3464005 ], [ 174.7622996, -41.3459077 ], [ 174.7628388, -41.3457305 ], [ 174.76291040000001, -41.3455732 ] ], [ [ 174.76291040000001, -41.3455732 ], [ 174.7630274, -41.345068099999985 ], [ 174.7631256, -41.3449394 ] ], [ [ 174.7631256, -41.3449394 ], [ 174.7632805, -41.3447716 ], [ 174.7632532, -41.3443248 ], [ 174.763309600000014, -41.343947 ] ], [ [ 174.769112800000016, -41.3386458 ], [ 174.768802099999988, -41.3393921 ] ], [ [ 174.768802099999988, -41.3393921 ], [ 174.7683362, -41.340604300000017 ] ], [ [ 174.763309600000014, -41.343947 ], [ 174.764053600000011, -41.3428124 ], [ 174.764528899999988, -41.3425447 ] ], [ [ 174.764528899999988, -41.3425447 ], [ 174.7647701, -41.3423978 ] ], [ [ 174.7647701, -41.3423978 ], [ 174.7683362, -41.340604300000017 ] ], [ [ 174.7699275, -41.3451202 ], [ 174.7699442, -41.345353699999983 ] ], [ [ 174.7699442, -41.345353699999983 ], [ 174.7699756, -41.3454027 ] ], [ [ 174.7699232, -41.3437247 ], [ 174.7698045, -41.3436182 ], [ 174.7693461, -41.3417499 ], [ 174.7693922, -41.3414778 ] ], [ [ 174.7693922, -41.3414778 ], [ 174.7696301, -41.3408796 ] ], [ [ 174.7699498, -41.3441858 ], [ 174.769894, -41.3438009 ] ], [ [ 174.769894, -41.3438009 ], [ 174.7699232, -41.3437247 ] ], [ [ 174.7696301, -41.3408796 ], [ 174.769909899999988, -41.340198 ] ], [ [ 174.769909899999988, -41.340198 ], [ 174.7708605, -41.3379448 ] ], [ [ 174.7708605, -41.3379448 ], [ 174.771254199999987, -41.3369395 ] ], [ [ 174.7698273, -41.3456314 ], [ 174.7698148, -41.3454495 ] ], [ [ 174.7698148, -41.3454495 ], [ 174.7699275, -41.3451202 ] ], [ [ 174.7699275, -41.3451202 ], [ 174.770048800000012, -41.3445619 ], [ 174.7699498, -41.3441858 ] ], [ [ 174.771254199999987, -41.3369395 ], [ 174.7721204, -41.3347739 ] ], [ [ 174.7805155, -41.3188963 ], [ 174.780129300000027, -41.3188833 ] ], [ [ 174.780129300000027, -41.3188833 ], [ 174.7788726, -41.3188434 ] ], [ [ 174.7788726, -41.3188434 ], [ 174.77793650000001, -41.3188128 ] ] ] } },
{ "type": "Feature", "properties": { "package": "Mornington routes", "suburb": "Mornington", "projects": "Adelaide Road; Hanson Street; King Street; Stoke Street; Farnham Street; Liardet Street", "n_projects": 6, "cost": 5.2547397289252853, "cost_low": 2.4498301110629304, "cost_high": 11.07270323118045, "extra_riders": 120.83220924065364, "riders_per_M": 22.994898981488966, "build_step": null }, "geometry": { "type": "MultiLineString", "coordinates": [ [ [ 174.7764359, -41.3121015 ], [ 174.775901299999987, -41.3138474 ] ], [ [ 174.775901299999987, -41.3138474 ], [ 174.775865, -41.313964599999984 ] ], [ [ 174.775865, -41.313964599999984 ], [ 174.775718399999988, -41.3144631 ] ], [ [ 174.775718399999988, -41.3144631 ], [ 174.775553800000012, -41.3150732 ] ], [ [ 174.775553800000012, -41.3150732 ], [ 174.7755444, -41.3152016 ] ], [ [ 174.7755444, -41.3152016 ], [ 174.775533700000011, -41.315358 ] ], [ [ 174.775533700000011, -41.315358 ], [ 174.7755314, -41.3153982 ] ], [ [ 174.7755314, -41.3153982 ], [ 174.7755205, -41.3155849 ] ], [ [ 174.7755205, -41.3155849 ], [ 174.7754448, -41.317296399999989 ] ], [ [ 174.7754448, -41.317296399999989 ], [ 174.7753482, -41.318730199999983 ] ], [ [ 174.7753482, -41.318730199999983 ], [ 174.7753395, -41.3191766 ] ], [ [ 174.775297200000011, -41.3199233 ], [ 174.7752941, -41.3199905 ] ], [ [ 174.7752941, -41.3199905 ], [ 174.775252400000028, -41.3206902 ] ], [ [ 174.7753395, -41.3191766 ], [ 174.7753146, -41.3195364 ] ], [ [ 174.7751745, -41.3221225 ], [ 174.775171699999987, -41.322178499999985 ] ], [ [ 174.775171699999987, -41.322178499999985 ], [ 174.7751659, -41.3222933 ] ], [ [ 174.7767938, -41.3070989 ], [ 174.7766934, -41.3073971 ] ], [ [ 174.7771969, -41.3057172 ], [ 174.7771835, -41.305785899999989 ] ], [ [ 174.7771835, -41.305785899999989 ], [ 174.7771568, -41.3058871 ] ], [ [ 174.7771568, -41.3058871 ], [ 174.7767938, -41.3070989 ] ], [ [ 174.7774162, -41.3050457 ], [ 174.7772364, -41.3055776 ] ], [ [ 174.777479199999988, -41.3049414 ], [ 174.777440399999989, -41.3050035 ] ], [ [ 174.7772364, -41.3055776 ], [ 174.7771969, -41.3057172 ] ], [ [ 174.777440399999989, -41.3050035 ], [ 174.7774162, -41.3050457 ] ], [ [ 174.7766934, -41.3073971 ], [ 174.7757894, -41.3103542 ] ], [ [ 174.7757894, -41.3103542 ], [ 174.7748163, -41.3136168 ] ], [ [ 174.7776116, -41.3048078 ], [ 174.7775321, -41.3048803 ] ], [ [ 174.7785513, -41.3028403 ], [ 174.778370599999988, -41.3033589 ], [ 174.7783929, -41.3034217 ] ], [ [ 174.77899020000001, -41.3035122 ], [ 174.7783929, -41.3034217 ] ], [ [ 174.7783929, -41.3034217 ], [ 174.7782573, -41.3035375 ], [ 174.7781048, -41.3040109 ] ], [ [ 174.7781048, -41.3040109 ], [ 174.7779382, -41.3044774 ], [ 174.7776116, -41.3048078 ] ], [ [ 174.7775321, -41.3048803 ], [ 174.777479199999988, -41.3049414 ] ], [ [ 174.775865, -41.313964599999984 ], [ 174.7766733, -41.3141059 ] ], [ [ 174.7766733, -41.3141059 ], [ 174.7775342, -41.3142527 ] ], [ [ 174.7775342, -41.3142527 ], [ 174.778356300000013, -41.3143988 ] ], [ [ 174.775901299999987, -41.3138474 ], [ 174.7748412, -41.3136453 ] ], [ [ 174.7748412, -41.3136453 ], [ 174.7748163, -41.3136168 ] ], [ [ 174.764079200000026, -41.3179508 ], [ 174.7644242, -41.3180759 ] ], [ [ 174.7644242, -41.3180759 ], [ 174.76470710000001, -41.3181433 ], [ 174.7651675, -41.318032 ], [ 174.7653837, -41.3180703 ] ], [ [ 174.7653837, -41.3180703 ], [ 174.765952199999987, -41.31851790000001 ], [ 174.765998200000013, -41.3186177 ], [ 174.76585080000001, -41.3187921 ], [ 174.76522940000001, -41.3188889 ], [ 174.765156200000035, -41.3190566 ], [ 174.765308299999987, -41.3193783 ], [ 174.765697100000011, -41.3197608 ], [ 174.76593410000001, -41.3200954 ], [ 174.7659678, -41.3203691 ], [ 174.7658159, -41.3209534 ], [ 174.7658487, -41.321096 ], [ 174.7659428, -41.3211856 ], [ 174.766130800000013, -41.3212381 ], [ 174.7665489, -41.3212112 ], [ 174.7671375, -41.3210296 ], [ 174.7676854, -41.320944 ], [ 174.767863100000028, -41.3208578 ], [ 174.7683299, -41.3204856 ], [ 174.768657200000035, -41.3201676 ] ], [ [ 174.769205699999986, -41.3196116 ], [ 174.7695947, -41.3192777 ] ], [ [ 174.768657200000035, -41.3201676 ], [ 174.769205699999986, -41.3196116 ] ], [ [ 174.7642645, -41.3177343 ], [ 174.764290499999987, -41.3179608 ], [ 174.7644242, -41.3180759 ] ], [ [ 174.769614100000013, -41.3192406 ], [ 174.7697243, -41.3190215 ], [ 174.769722, -41.3188012 ] ], [ [ 174.7698833, -41.3190772 ], [ 174.7696886, -41.3192304 ] ], [ [ 174.7696886, -41.3192304 ], [ 174.7695947, -41.3192777 ] ], [ [ 174.7695947, -41.3192777 ], [ 174.769614100000013, -41.3192406 ] ], [ [ 174.769614100000013, -41.3192406 ], [ 174.7697954, -41.319092 ], [ 174.7698833, -41.3190772 ] ], [ [ 174.7698833, -41.3190772 ], [ 174.769957799999986, -41.3190433 ] ], [ [ 174.770250800000014, -41.319397399999986 ], [ 174.7701371, -41.3193428 ] ], [ [ 174.7701371, -41.3193428 ], [ 174.7700456, -41.3192743 ] ], [ [ 174.7700456, -41.3192743 ], [ 174.7698833, -41.3190772 ] ], [ [ 174.769943500000011, -41.3190203 ], [ 174.769957799999986, -41.3190433 ] ], [ [ 174.7698833, -41.3190772 ], [ 174.769722, -41.3188012 ] ], [ [ 174.769957799999986, -41.3190433 ], [ 174.77019150000001, -41.3193195 ] ], [ [ 174.77019150000001, -41.3193195 ], [ 174.770250800000014, -41.319397399999986 ] ] ] } },
{ "type": "Feature", "properties": { "package": "Houghton Bay routes", "suburb": "Houghton Bay", "projects": "Rintoul Street; Riddiford Street; Adelaide Road; Queens Drive; The Esplanade; Lyall Parade", "n_projects": 6, "cost": 11.175881051309279, "cost_low": 5.2386942428012233, "cost_high": 23.748747234032216, "extra_riders": 233.36628908183877, "riders_per_M": 20.881243099352726, "build_step": null }, "geometry": { "type": "MultiLineString", "coordinates": [ [ [ 174.779247199999986, -41.311866 ], [ 174.779075400000011, -41.3120051 ], [ 174.778948, -41.3124388 ] ], [ [ 174.7783111, -41.3145485 ], [ 174.7781334, -41.3151667 ], [ 174.778099, -41.31577630000001 ] ], [ [ 174.7804769, -41.315882 ], [ 174.780608, -41.3163014 ] ], [ [ 174.780608, -41.3163014 ], [ 174.7806426, -41.3164704 ] ], [ [ 174.779411900000014, -41.3123678 ], [ 174.7795993, -41.3129844 ] ], [ [ 174.779730699999988, -41.3134382 ], [ 174.7799547, -41.313628 ], [ 174.78030050000001, -41.3136602 ] ], [ [ 174.779730699999988, -41.3134382 ], [ 174.7798194, -41.3137151 ] ], [ [ 174.7795993, -41.3129844 ], [ 174.779730699999988, -41.3134382 ] ], [ [ 174.7798194, -41.3137151 ], [ 174.7799247, -41.3140622 ] ], [ [ 174.7799247, -41.3140622 ], [ 174.7799827, -41.3142577 ] ], [ [ 174.7799827, -41.3142577 ], [ 174.779997900000012, -41.3142994 ] ], [ [ 174.779997900000012, -41.3142994 ], [ 174.7801752, -41.3148883 ] ], [ [ 174.7801752, -41.3148883 ], [ 174.7802194, -41.3150306 ] ], [ [ 174.7802194, -41.3150306 ], [ 174.7803915, -41.3155913 ] ], [ [ 174.7803915, -41.3155913 ], [ 174.7804344, -41.315737499999983 ] ], [ [ 174.7804344, -41.315737499999983 ], [ 174.7804769, -41.315882 ] ], [ [ 174.7806426, -41.3164704 ], [ 174.7806917, -41.3167108 ] ], [ [ 174.7791892, -41.311665 ], [ 174.779247199999986, -41.311866 ] ], [ [ 174.779304, -41.3120376 ], [ 174.779411900000014, -41.3123678 ] ], [ [ 174.779247199999986, -41.311866 ], [ 174.779304, -41.3120376 ] ], [ [ 174.7764359, -41.3121015 ], [ 174.775901299999987, -41.3138474 ] ], [ [ 174.775901299999987, -41.3138474 ], [ 174.775865, -41.313964599999984 ] ], [ [ 174.775865, -41.313964599999984 ], [ 174.775718399999988, -41.3144631 ] ], [ [ 174.775718399999988, -41.3144631 ], [ 174.775553800000012, -41.3150732 ] ], [ [ 174.775553800000012, -41.3150732 ], [ 174.7755444, -41.3152016 ] ], [ [ 174.7755444, -41.3152016 ], [ 174.775533700000011, -41.315358 ] ], [ [ 174.775533700000011, -41.315358 ], [ 174.7755314, -41.3153982 ] ], [ [ 174.7755314, -41.3153982 ], [ 174.7755205, -41.3155849 ] ], [ [ 174.7755205, -41.3155849 ], [ 174.7754448, -41.317296399999989 ] ], [ [ 174.7754448, -41.317296399999989 ], [ 174.7753482, -41.318730199999983 ] ], [ [ 174.7753482, -41.318730199999983 ], [ 174.7753395, -41.3191766 ] ], [ [ 174.775297200000011, -41.3199233 ], [ 174.7752941, -41.3199905 ] ], [ [ 174.7752941, -41.3199905 ], [ 174.775252400000028, -41.3206902 ] ], [ [ 174.7753395, -41.3191766 ], [ 174.7753146, -41.3195364 ] ], [ [ 174.7751745, -41.3221225 ], [ 174.775171699999987, -41.322178499999985 ] ], [ [ 174.775171699999987, -41.322178499999985 ], [ 174.7751659, -41.3222933 ] ], [ [ 174.79075370000001, -41.333401299999984 ], [ 174.790694, -41.3334693 ], [ 174.7910228, -41.335002299999985 ], [ 174.791130900000013, -41.335067599999988 ] ], [ [ 174.7914855, -41.3316561 ], [ 174.790736, -41.3330591 ] ], [ [ 174.790736, -41.3330591 ], [ 174.79075370000001, -41.333401299999984 ] ], [ [ 174.79075370000001, -41.333401299999984 ], [ 174.791124599999989, -41.3342321 ], [ 174.7911643, -41.3346408 ], [ 174.791130900000013, -41.335067599999988 ] ], [ [ 174.791130900000013, -41.335067599999988 ], [ 174.7911576, -41.3354566 ], [ 174.7912675, -41.3357361 ], [ 174.791577600000011, -41.336270099999986 ], [ 174.7922126, -41.337104399999987 ], [ 174.792311399999988, -41.3373606 ] ], [ [ 174.7933429, -41.3213982 ], [ 174.7931739, -41.32171240000001 ], [ 174.79318, -41.3220645 ] ], [ [ 174.79318, -41.3220645 ], [ 174.7932055, -41.3226898 ] ], [ [ 174.7932055, -41.3226898 ], [ 174.7931774, -41.3227772 ] ], [ [ 174.7931774, -41.3227772 ], [ 174.7926406, -41.3233633 ], [ 174.792407200000014, -41.3237151 ] ], [ [ 174.792407200000014, -41.3237151 ], [ 174.7921714, -41.324770699999988 ], [ 174.792290400000013, -41.3252835 ] ], [ [ 174.792290400000013, -41.3252835 ], [ 174.7923572, -41.3255841 ] ], [ [ 174.7917814, -41.331441599999984 ], [ 174.791692399999988, -41.331426 ] ], [ [ 174.791692399999988, -41.331426 ], [ 174.7916429, -41.3313035 ], [ 174.7917491, -41.3312435 ] ], [ [ 174.7917491, -41.3312435 ], [ 174.7918714, -41.3312825 ] ], [ [ 174.7918714, -41.3312825 ], [ 174.791887600000024, -41.3313815 ], [ 174.7917814, -41.331441599999984 ] ], [ [ 174.792311399999988, -41.3373606 ], [ 174.79227370000001, -41.3379315 ] ], [ [ 174.79227370000001, -41.3379315 ], [ 174.792296599999986, -41.33803 ] ], [ [ 174.7917773, -41.3299957 ], [ 174.7917787, -41.3302089 ] ], [ [ 174.7917787, -41.3302089 ], [ 174.791770899999989, -41.3309469 ] ], [ [ 174.7923572, -41.3255841 ], [ 174.7923602, -41.3257341 ] ], [ [ 174.7923602, -41.3257341 ], [ 174.7921696, -41.3262633 ] ], [ [ 174.7921696, -41.3262633 ], [ 174.791995500000013, -41.326907899999988 ], [ 174.7918278, -41.3278683 ] ], [ [ 174.7918278, -41.3278683 ], [ 174.7917998, -41.3280655 ] ], [ [ 174.7917998, -41.3280655 ], [ 174.7917773, -41.3299957 ] ], [ [ 174.7924253, -41.3382392 ], [ 174.7921186, -41.3381442 ] ], [ [ 174.7921186, -41.3381442 ], [ 174.7920115, -41.338036799999983 ] ], [ [ 174.7918278, -41.3278683 ], [ 174.7919513, -41.3277748 ], [ 174.7922069, -41.3263283 ], [ 174.7921696, -41.3262633 ] ], [ [ 174.792296599999986, -41.33803 ], [ 174.7924253, -41.3382392 ] ], [ [ 174.7924253, -41.3382392 ], [ 174.7930548, -41.3387163 ], [ 174.793131499999987, -41.3389253 ] ], [ [ 174.793131499999987, -41.3389253 ], [ 174.792995499999989, -41.3395141 ] ], [ [ 174.7917787, -41.3302089 ], [ 174.791578500000014, -41.3301304 ] ], [ [ 174.79390250000003, -41.319863 ], [ 174.7939131, -41.3199821 ], [ 174.793710299999987, -41.3207182 ] ], [ [ 174.793710299999987, -41.3207182 ], [ 174.7933429, -41.3213982 ] ], [ [ 174.791692399999988, -41.331426 ], [ 174.7914855, -41.3316561 ] ], [ [ 174.791770899999989, -41.3309469 ], [ 174.7917491, -41.3312435 ] ], [ [ 174.7847863, -41.3416655 ], [ 174.7849971, -41.341544 ], [ 174.7851736, -41.341505 ] ], [ [ 174.787403700000027, -41.342855900000011 ], [ 174.7869404, -41.3427151 ], [ 174.7865736, -41.3424085 ], [ 174.7855384, -41.3418491 ], [ 174.7852657, -41.3415813 ] ], [ [ 174.7851837, -41.3415887 ], [ 174.7847863, -41.3416655 ] ], [ [ 174.7847863, -41.3416655 ], [ 174.784654499999988, -41.3417454 ] ], [ [ 174.784654499999988, -41.3417454 ], [ 174.7836681, -41.3423848 ], [ 174.7835729, -41.3428117 ], [ 174.7834571, -41.3429515 ], [ 174.78327010000001, -41.3430432 ], [ 174.78247, -41.343251499999987 ], [ 174.7816066, -41.34390530000001 ], [ 174.780553, -41.3444394 ], [ 174.7796035, -41.3450599 ], [ 174.7786403, -41.3452761 ], [ 174.77833480000001, -41.345289099999988 ], [ 174.7776847, -41.3451133 ], [ 174.7765999, -41.3446598 ] ], [ [ 174.7765999, -41.3446598 ], [ 174.7750548, -41.344081599999988 ] ], [ [ 174.7750548, -41.344081599999988 ], [ 174.774818900000014, -41.3439572 ], [ 174.7740044, -41.343075099999986 ] ], [ [ 174.7740044, -41.343075099999986 ], [ 174.7737434, -41.342966 ] ], [ [ 174.7737434, -41.342966 ], [ 174.7733733, -41.3430063 ] ], [ [ 174.7733733, -41.3430063 ], [ 174.772357699999986, -41.3434319 ] ], [ [ 174.7935932, -41.3300365 ], [ 174.792821500000031, -41.3306556 ], [ 174.7921629, -41.3310947 ] ], [ [ 174.80023730000002, -41.328014399999986 ], [ 174.79887020000001, -41.3281092 ] ], [ [ 174.79887020000001, -41.3281092 ], [ 174.7977439, -41.328278 ], [ 174.7972479, -41.328428099999982 ], [ 174.795779399999986, -41.3290088 ] ], [ [ 174.7953363, -41.3290608 ], [ 174.795357599999988, -41.3290552 ] ], [ [ 174.795357599999988, -41.3290552 ], [ 174.7954441, -41.3291118 ] ], [ [ 174.7954441, -41.3291118 ], [ 174.7953852, -41.3291634 ], [ 174.7953182, -41.3291477 ] ], [ [ 174.7953182, -41.3291477 ], [ 174.7953363, -41.3290608 ] ], [ [ 174.7948911, -41.3293666 ], [ 174.7935932, -41.3300365 ] ], [ [ 174.7953182, -41.3291477 ], [ 174.7948911, -41.3293666 ] ], [ [ 174.795779399999986, -41.3290088 ], [ 174.7954441, -41.3291118 ] ] ] } },
{ "type": "Feature", "properties": { "package": "Owhiro Bay routes", "suburb": "Owhiro Bay", "projects": "Rintoul Street; Riddiford Street; Adelaide Road; Derwent Street; The Esplanade; Happy Valley Road; Owhiro Bay Parade", "n_projects": 7, "cost": 11.960755191496901, "cost_low": 5.6066039960141714, "cost_high": 25.416604781930907, "extra_riders": 179.17172483212624, "riders_per_M": 14.979967565886007, "build_step": null }, "geometry": { "type": "MultiLineString", "coordinates": [ [ [ 174.779247199999986, -41.311866 ], [ 174.779075400000011, -41.3120051 ], [ 174.778948, -41.3124388 ] ], [ [ 174.7783111, -41.3145485 ], [ 174.7781334, -41.3151667 ], [ 174.778099, -41.31577630000001 ] ], [ [ 174.7804769, -41.315882 ], [ 174.780608, -41.3163014 ] ], [ [ 174.780608, -41.3163014 ], [ 174.7806426, -41.3164704 ] ], [ [ 174.779411900000014, -41.3123678 ], [ 174.7795993, -41.3129844 ] ], [ [ 174.779730699999988, -41.3134382 ], [ 174.7799547, -41.313628 ], [ 174.78030050000001, -41.3136602 ] ], [ [ 174.779730699999988, -41.3134382 ], [ 174.7798194, -41.3137151 ] ], [ [ 174.7795993, -41.3129844 ], [ 174.779730699999988, -41.3134382 ] ], [ [ 174.7798194, -41.3137151 ], [ 174.7799247, -41.3140622 ] ], [ [ 174.7799247, -41.3140622 ], [ 174.7799827, -41.3142577 ] ], [ [ 174.7799827, -41.3142577 ], [ 174.779997900000012, -41.3142994 ] ], [ [ 174.779997900000012, -41.3142994 ], [ 174.7801752, -41.3148883 ] ], [ [ 174.7801752, -41.3148883 ], [ 174.7802194, -41.3150306 ] ], [ [ 174.7802194, -41.3150306 ], [ 174.7803915, -41.3155913 ] ], [ [ 174.7803915, -41.3155913 ], [ 174.7804344, -41.315737499999983 ] ], [ [ 174.7804344, -41.315737499999983 ], [ 174.7804769, -41.315882 ] ], [ [ 174.7806426, -41.3164704 ], [ 174.7806917, -41.3167108 ] ], [ [ 174.7791892, -41.311665 ], [ 174.779247199999986, -41.311866 ] ], [ [ 174.779304, -41.3120376 ], [ 174.779411900000014, -41.3123678 ] ], [ [ 174.779247199999986, -41.311866 ], [ 174.779304, -41.3120376 ] ], [ [ 174.7764359, -41.3121015 ], [ 174.775901299999987, -41.3138474 ] ], [ [ 174.775901299999987, -41.3138474 ], [ 174.775865, -41.313964599999984 ] ], [ [ 174.775865, -41.313964599999984 ], [ 174.775718399999988, -41.3144631 ] ], [ [ 174.775718399999988, -41.3144631 ], [ 174.775553800000012, -41.3150732 ] ], [ [ 174.775553800000012, -41.3150732 ], [ 174.7755444, -41.3152016 ] ], [ [ 174.7755444, -41.3152016 ], [ 174.775533700000011, -41.315358 ] ], [ [ 174.775533700000011, -41.315358 ], [ 174.7755314, -41.3153982 ] ], [ [ 174.7755314, -41.3153982 ], [ 174.7755205, -41.3155849 ] ], [ [ 174.7755205, -41.3155849 ], [ 174.7754448, -41.317296399999989 ] ], [ [ 174.7754448, -41.317296399999989 ], [ 174.7753482, -41.318730199999983 ] ], [ [ 174.7753482, -41.318730199999983 ], [ 174.7753395, -41.3191766 ] ], [ [ 174.775297200000011, -41.3199233 ], [ 174.7752941, -41.3199905 ] ], [ [ 174.7752941, -41.3199905 ], [ 174.775252400000028, -41.3206902 ] ], [ [ 174.7753395, -41.3191766 ], [ 174.7753146, -41.3195364 ] ], [ [ 174.7751745, -41.3221225 ], [ 174.775171699999987, -41.322178499999985 ] ], [ [ 174.775171699999987, -41.322178499999985 ], [ 174.7751659, -41.3222933 ] ], [ [ 174.7699275, -41.3451202 ], [ 174.7699442, -41.345353699999983 ] ], [ [ 174.7699442, -41.345353699999983 ], [ 174.7699756, -41.3454027 ] ], [ [ 174.7699232, -41.3437247 ], [ 174.7698045, -41.3436182 ], [ 174.7693461, -41.3417499 ], [ 174.7693922, -41.3414778 ] ], [ [ 174.7693922, -41.3414778 ], [ 174.7696301, -41.3408796 ] ], [ [ 174.7699498, -41.3441858 ], [ 174.769894, -41.3438009 ] ], [ [ 174.769894, -41.3438009 ], [ 174.7699232, -41.3437247 ] ], [ [ 174.7696301, -41.3408796 ], [ 174.769909899999988, -41.340198 ] ], [ [ 174.769909899999988, -41.340198 ], [ 174.7708605, -41.3379448 ] ], [ [ 174.7708605, -41.3379448 ], [ 174.771254199999987, -41.3369395 ] ], [ [ 174.7698273, -41.3456314 ], [ 174.7698148, -41.3454495 ] ], [ [ 174.7698148, -41.3454495 ], [ 174.7699275, -41.3451202 ] ], [ [ 174.7699275, -41.3451202 ], [ 174.770048800000012, -41.3445619 ], [ 174.7699498, -41.3441858 ] ], [ [ 174.771254199999987, -41.3369395 ], [ 174.7721204, -41.3347739 ] ], [ [ 174.772209, -41.3435107 ], [ 174.771093200000024, -41.3440306 ] ], [ [ 174.771093200000024, -41.3440306 ], [ 174.7708122, -41.344232 ], [ 174.7699756, -41.3454027 ] ], [ [ 174.788717600000012, -41.3448614 ], [ 174.788546700000012, -41.3446546 ], [ 174.788449899999989, -41.3441316 ], [ 174.788207, -41.3436839 ] ], [ [ 174.788207, -41.3436839 ], [ 174.7875486, -41.34345960000001 ], [ 174.787472800000018, -41.3433388 ], [ 174.7875024, -41.3430046 ], [ 174.787403700000027, -41.342855900000011 ] ], [ [ 174.761063799999988, -41.3477768 ], [ 174.760556799999989, -41.3476626 ], [ 174.760374399999989, -41.3475423 ] ], [ [ 174.760374399999989, -41.3475423 ], [ 174.7602765, -41.3473233 ], [ 174.760322800000012, -41.3470871 ] ], [ [ 174.7699756, -41.3454027 ], [ 174.7698273, -41.3456314 ] ], [ [ 174.7698273, -41.3456314 ], [ 174.7686253, -41.3474492 ], [ 174.7683712, -41.3476624 ], [ 174.765691299999986, -41.3482511 ], [ 174.7638749, -41.3481577 ] ], [ [ 174.7638749, -41.3481577 ], [ 174.7635924, -41.3481371 ] ], [ [ 174.7635924, -41.3481371 ], [ 174.763414399999988, -41.3481241 ] ], [ [ 174.763414399999988, -41.3481241 ], [ 174.76333790000001, -41.3481185 ] ], [ [ 174.76333790000001, -41.3481185 ], [ 174.763037, -41.3480828 ] ], [ [ 174.763037, -41.3480828 ], [ 174.7626611, -41.348022399999984 ] ], [ [ 174.7626611, -41.348022399999984 ], [ 174.762496199999987, -41.347998199999985 ] ], [ [ 174.762496199999987, -41.347998199999985 ], [ 174.762162100000012, -41.3479449 ] ], [ [ 174.762162100000012, -41.3479449 ], [ 174.761189900000034, -41.3477919 ] ], [ [ 174.761189900000034, -41.3477919 ], [ 174.761063799999988, -41.3477768 ] ], [ [ 174.760322800000012, -41.3470871 ], [ 174.7604012, -41.3474874 ], [ 174.760538, -41.3475921 ], [ 174.761063799999988, -41.3477768 ] ], [ [ 174.7570638, -41.3309142 ], [ 174.7569873, -41.3312688 ], [ 174.7570337, -41.3315008 ] ], [ [ 174.7570337, -41.3315008 ], [ 174.757203800000013, -41.331758 ] ], [ [ 174.757203800000013, -41.331758 ], [ 174.7574387, -41.3321582 ], [ 174.7575654, -41.3325326 ], [ 174.757579, -41.3329375 ], [ 174.7574596, -41.3333504 ] ], [ [ 174.7574596, -41.3333504 ], [ 174.7573812, -41.33378840000001 ] ], [ [ 174.7573812, -41.33378840000001 ], [ 174.7574067, -41.3340477 ], [ 174.7579216, -41.3352776 ], [ 174.7592597, -41.3374538 ] ], [ [ 174.7592597, -41.3374538 ], [ 174.7597446, -41.3383868 ], [ 174.759940199999988, -41.338959399999986 ] ], [ [ 174.759940199999988, -41.338959399999986 ], [ 174.759965200000011, -41.3390464 ] ], [ [ 174.759965200000011, -41.3390464 ], [ 174.760149, -41.3397201 ], [ 174.760185400000012, -41.3416529 ] ], [ [ 174.760185400000012, -41.3416529 ], [ 174.760199199999988, -41.3425172 ], [ 174.7598758, -41.3433807 ] ], [ [ 174.7597848, -41.3435597 ], [ 174.7593221, -41.3443921 ] ], [ [ 174.758990900000015, -41.3237504 ], [ 174.7585518, -41.3260688 ], [ 174.7581989, -41.3275894 ] ], [ [ 174.7581989, -41.3275894 ], [ 174.7581878, -41.3276844 ] ], [ [ 174.7581878, -41.3276844 ], [ 174.758156500000013, -41.3281656 ] ], [ [ 174.758156500000013, -41.3281656 ], [ 174.758071199999989, -41.3287187 ], [ 174.7570638, -41.3309142 ] ], [ [ 174.7598519, -41.3434343 ], [ 174.7597848, -41.3435597 ] ], [ [ 174.7598758, -41.3433807 ], [ 174.7598519, -41.3434343 ] ], [ [ 174.760275299999989, -41.345464699999987 ], [ 174.7596328, -41.3447318 ] ], [ [ 174.7596328, -41.3447318 ], [ 174.7593221, -41.3443921 ] ], [ [ 174.760322800000012, -41.3470871 ], [ 174.760324300000036, -41.3470685 ] ], [ [ 174.760324300000036, -41.3470685 ], [ 174.7604638, -41.3462119 ], [ 174.760275299999989, -41.345464699999987 ] ] ] } },
{ "type": "Feature", "properties": { "package": "Brooklyn routes", "suburb": "Brooklyn", "projects": "Ohiro Road; Mornington Road; Farnham Street; McKinley Crescent; The Ridgeway; Liardet Street", "n_projects": 6, "cost": 5.3196798641453267, "cost_low": 2.4842634164390387, "cost_high": 11.11605010889048, "extra_riders": 67.838759774495813, "riders_per_M": 12.752413962300523, "build_step": null }, "geometry": { "type": "MultiLineString", "coordinates": [ [ [ 174.7636872, -41.3037041 ], [ 174.7636532, -41.3037757 ] ], [ [ 174.7636532, -41.3037757 ], [ 174.7635249, -41.3042644 ] ], [ [ 174.7635249, -41.3042644 ], [ 174.7634817, -41.3044181 ] ], [ [ 174.763205199999987, -41.3063249 ], [ 174.7631613, -41.3065055 ] ], [ [ 174.7631613, -41.3065055 ], [ 174.7628675, -41.3071139 ], [ 174.7627832, -41.3075167 ] ], [ [ 174.7627832, -41.3075167 ], [ 174.7626185, -41.3086584 ] ], [ [ 174.7626185, -41.3086584 ], [ 174.7625411, -41.30929 ], [ 174.7623173, -41.310134 ] ], [ [ 174.7623173, -41.310134 ], [ 174.76227750000001, -41.3103052 ] ], [ [ 174.76227750000001, -41.3103052 ], [ 174.7622211, -41.3109615 ], [ 174.761971, -41.3116578 ] ], [ [ 174.761971, -41.3116578 ], [ 174.761582, -41.3131434 ], [ 174.7611493, -41.3142781 ] ], [ [ 174.765472499999987, -41.3007299 ], [ 174.765145, -41.3008645 ], [ 174.7649495, -41.301123 ] ], [ [ 174.7649495, -41.301123 ], [ 174.7647888, -41.3013254 ] ], [ [ 174.7647888, -41.3013254 ], [ 174.7646901, -41.30148 ], [ 174.7646471, -41.3017603 ], [ 174.7644723, -41.3020228 ], [ 174.76435, -41.3025037 ] ], [ [ 174.7634514, -41.3040282 ], [ 174.763418699999988, -41.3042519 ] ], [ [ 174.763418699999988, -41.3042519 ], [ 174.7632518, -41.3047967 ] ], [ [ 174.763418699999988, -41.3042519 ], [ 174.7635249, -41.3042644 ] ], [ [ 174.7634817, -41.3044181 ], [ 174.7633114, -41.3051218 ] ], [ [ 174.763349299999987, -41.3056093 ], [ 174.763324899999986, -41.3057236 ] ], [ [ 174.763324899999986, -41.3057236 ], [ 174.763205199999987, -41.3063249 ] ], [ [ 174.7642813, -41.3027846 ], [ 174.764201500000013, -41.3028223 ] ], [ [ 174.764201500000013, -41.3028223 ], [ 174.7640972, -41.302901 ] ], [ [ 174.7640972, -41.302901 ], [ 174.763936300000012, -41.303231 ] ], [ [ 174.763936300000012, -41.303231 ], [ 174.7636872, -41.3037041 ] ], [ [ 174.7633242, -41.3053826 ], [ 174.763349299999987, -41.3056093 ] ], [ [ 174.7633114, -41.3051218 ], [ 174.7633242, -41.3053826 ] ], [ [ 174.7644249, -41.308767 ], [ 174.7642688, -41.3099711 ] ], [ [ 174.7642688, -41.3099711 ], [ 174.7642054, -41.310112299999986 ], [ 174.7639575, -41.3103582 ], [ 174.7639475, -41.3107304 ] ], [ [ 174.7639475, -41.3107304 ], [ 174.7641367, -41.3110539 ], [ 174.764152700000011, -41.3112901 ], [ 174.7637458, -41.3117942 ], [ 174.763659, -41.3120036 ], [ 174.763735200000013, -41.3122075 ], [ 174.7640491, -41.3124729 ], [ 174.764232099999987, -41.3127639 ], [ 174.764257, -41.3129358 ], [ 174.7641634, -41.313582199999985 ] ], [ [ 174.7641634, -41.313582199999985 ], [ 174.7640624, -41.3141747 ] ], [ [ 174.7640624, -41.3141747 ], [ 174.7636321, -41.3148503 ], [ 174.7636714, -41.3150885 ], [ 174.7639079, -41.3153624 ] ], [ [ 174.7639079, -41.3153624 ], [ 174.7643017, -41.3155854 ], [ 174.7653406, -41.3157424 ] ], [ [ 174.764079200000026, -41.3179508 ], [ 174.7644242, -41.3180759 ] ], [ [ 174.7644242, -41.3180759 ], [ 174.76470710000001, -41.3181433 ], [ 174.7651675, -41.318032 ], [ 174.7653837, -41.3180703 ] ], [ [ 174.7653837, -41.3180703 ], [ 174.765952199999987, -41.31851790000001 ], [ 174.765998200000013, -41.3186177 ], [ 174.76585080000001, -41.3187921 ], [ 174.76522940000001, -41.3188889 ], [ 174.765156200000035, -41.3190566 ], [ 174.765308299999987, -41.3193783 ], [ 174.765697100000011, -41.3197608 ], [ 174.76593410000001, -41.3200954 ], [ 174.7659678, -41.3203691 ], [ 174.7658159, -41.3209534 ], [ 174.7658487, -41.321096 ], [ 174.7659428, -41.3211856 ], [ 174.766130800000013, -41.3212381 ], [ 174.7665489, -41.3212112 ], [ 174.7671375, -41.3210296 ], [ 174.7676854, -41.320944 ], [ 174.767863100000028, -41.3208578 ], [ 174.7683299, -41.3204856 ], [ 174.768657200000035, -41.3201676 ] ], [ [ 174.769205699999986, -41.3196116 ], [ 174.7695947, -41.3192777 ] ], [ [ 174.768657200000035, -41.3201676 ], [ 174.769205699999986, -41.3196116 ] ], [ [ 174.7642645, -41.3177343 ], [ 174.764290499999987, -41.3179608 ], [ 174.7644242, -41.3180759 ] ], [ [ 174.769614100000013, -41.3192406 ], [ 174.7697243, -41.3190215 ], [ 174.769722, -41.3188012 ] ], [ [ 174.7698833, -41.3190772 ], [ 174.7696886, -41.3192304 ] ], [ [ 174.7696886, -41.3192304 ], [ 174.7695947, -41.3192777 ] ], [ [ 174.7695947, -41.3192777 ], [ 174.769614100000013, -41.3192406 ] ], [ [ 174.769614100000013, -41.3192406 ], [ 174.7697954, -41.319092 ], [ 174.7698833, -41.3190772 ] ], [ [ 174.7698833, -41.3190772 ], [ 174.769957799999986, -41.3190433 ] ], [ [ 174.7631613, -41.3065055 ], [ 174.7642445, -41.3065859 ], [ 174.764337200000028, -41.306638699999986 ], [ 174.764357600000011, -41.3068564 ] ], [ [ 174.764357600000011, -41.3068564 ], [ 174.7644249, -41.308767 ] ], [ [ 174.7653406, -41.3157424 ], [ 174.765250200000025, -41.3162197 ], [ 174.7648778, -41.317086499999988 ] ], [ [ 174.7648778, -41.317086499999988 ], [ 174.764763, -41.3172992 ], [ 174.7643172, -41.317679699999985 ] ], [ [ 174.7643172, -41.317679699999985 ], [ 174.7642645, -41.3177343 ] ], [ [ 174.7642645, -41.3177343 ], [ 174.764079200000026, -41.3179508 ] ], [ [ 174.770250800000014, -41.319397399999986 ], [ 174.7701371, -41.3193428 ] ], [ [ 174.7701371, -41.3193428 ], [ 174.7700456, -41.3192743 ] ], [ [ 174.7700456, -41.3192743 ], [ 174.7698833, -41.3190772 ] ], [ [ 174.769943500000011, -41.3190203 ], [ 174.769957799999986, -41.3190433 ] ], [ [ 174.7698833, -41.3190772 ], [ 174.769722, -41.3188012 ] ], [ [ 174.769957799999986, -41.3190433 ], [ 174.77019150000001, -41.3193195 ] ], [ [ 174.77019150000001, -41.3193195 ], [ 174.770250800000014, -41.319397399999986 ] ] ] } }
]
}
