{
"type": "FeatureCollection",
"name": "cycle_points",
"crs": { "type": "name", "properties": { "name": "urn:ogc:def:crs:OGC:1.3:CRS84" } },
"xy_coordinate_resolution": 1e-05,
"features": [
{ "type": "Feature", "properties": { "kind": "crossing", "rank": 1.0, "trips": 5403.5194206247124, "census": 709.64377178434415, "approach": "Eva Street", "crossing": "Dixon Street", "lts": 3.0, "adt": 5000.0, "speed": 30.0, "suburb": "Te Aro", "counted": null, "modelled": null }, "geometry": { "type": "Point", "coordinates": [ 174.77746, -41.29202 ] } },
{ "type": "Feature", "properties": { "kind": "crossing", "rank": 2.0, "trips": 2963.4378157742185, "census": 593.68405050883166, "approach": "Wilson Street", "crossing": "Daniell Street", "lts": 3.0, "adt": 1880.0, "speed": 40.0, "suburb": "Newtown", "counted": null, "modelled": null }, "geometry": { "type": "Point", "coordinates": [ 174.78217, -41.31255 ] } },
{ "type": "Feature", "properties": { "kind": "crossing", "rank": 3.0, "trips": 2707.4291812530123, "census": 369.1330095512925, "approach": "Opera House Lane", "crossing": "Manners Street", "lts": 4.0, "adt": 2300.0, "speed": 30.0, "suburb": "Te Aro", "counted": null, "modelled": null }, "geometry": { "type": "Point", "coordinates": [ 174.77759, -41.29166 ] } },
{ "type": "Feature", "properties": { "kind": "crossing", "rank": 4.0, "trips": 2670.3732371729284, "census": 360.51953923622818, "approach": "", "crossing": "Wakefield Street", "lts": 3.0, "adt": 4711.0, "speed": 30.0, "suburb": "Te Aro", "counted": null, "modelled": null }, "geometry": { "type": "Point", "coordinates": [ 174.77829, -41.29042 ] } },
{ "type": "Feature", "properties": { "kind": "crossing", "rank": 5.0, "trips": 2669.9509518948284, "census": 344.7324410546064, "approach": "", "crossing": "Manners Street", "lts": 4.0, "adt": 2300.0, "speed": 30.0, "suburb": "Te Aro", "counted": null, "modelled": null }, "geometry": { "type": "Point", "coordinates": [ 174.77763, -41.29168 ] } },
{ "type": "Feature", "properties": { "kind": "crossing", "rank": 6.0, "trips": 2623.1430673419509, "census": 545.77513850967637, "approach": "Wilson Street", "crossing": "Daniell Street", "lts": 3.0, "adt": 1830.0, "speed": 40.0, "suburb": "Newtown", "counted": null, "modelled": null }, "geometry": { "type": "Point", "coordinates": [ 174.7822, -41.31265 ] } },
{ "type": "Feature", "properties": { "kind": "crossing", "rank": 7.0, "trips": 2591.7663496541199, "census": 471.95408584433528, "approach": "Wilson Street", "crossing": "Coromandel Street", "lts": 3.0, "adt": 3880.0, "speed": 40.0, "suburb": "Newtown", "counted": null, "modelled": null }, "geometry": { "type": "Point", "coordinates": [ 174.78628, -41.31194 ] } },
{ "type": "Feature", "properties": { "kind": "crossing", "rank": 8.0, "trips": 2339.4322087880141, "census": 336.45714625701493, "approach": "Leeds Street", "crossing": "Ghuznee Street", "lts": 3.0, "adt": 10488.0, "speed": 30.0, "suburb": "Te Aro", "counted": null, "modelled": null }, "geometry": { "type": "Point", "coordinates": [ 174.7766, -41.29356 ] } },
{ "type": "Feature", "properties": { "kind": "crossing", "rank": 9.0, "trips": 2136.3299900703696, "census": 382.16755789974491, "approach": "Kedah Street", "crossing": "Hobart Street", "lts": 3.0, "adt": 1961.0, "speed": 50.0, "suburb": "Miramar", "counted": null, "modelled": null }, "geometry": { "type": "Point", "coordinates": [ 174.8126, -41.32345 ] } },
{ "type": "Feature", "properties": { "kind": "crossing", "rank": 10.0, "trips": 1904.7109001287104, "census": 989.39687285057425, "approach": "Glenmore Street", "crossing": "Garden Road", "lts": 3.0, "adt": 2960.0, "speed": 50.0, "suburb": "Northland", "counted": null, "modelled": null }, "geometry": { "type": "Point", "coordinates": [ 174.76346, -41.28233 ] } },
{ "type": "Feature", "properties": { "kind": "crossing", "rank": 11.0, "trips": 1792.2489022030727, "census": 369.00661555852525, "approach": "Brougham Street", "crossing": "Ellice Street", "lts": 3.0, "adt": 2670.0, "speed": 50.0, "suburb": "Mt Victoria", "counted": null, "modelled": null }, "geometry": { "type": "Point", "coordinates": [ 174.78331, -41.30038 ] } },
{ "type": "Feature", "properties": { "kind": "crossing", "rank": 12.0, "trips": 1773.538825890229, "census": 137.72758128714943, "approach": "Kauri Street", "crossing": "Caledonia Street", "lts": 3.0, "adt": 4550.0, "speed": 50.0, "suburb": "Miramar", "counted": null, "modelled": null }, "geometry": { "type": "Point", "coordinates": [ 174.81214, -41.32133 ] } },
{ "type": "Feature", "properties": { "kind": "crossing", "rank": 13.0, "trips": 1625.7856764771072, "census": 241.32137978401423, "approach": "Cuba Street", "crossing": "Abel Smith Street", "lts": 3.0, "adt": 4040.0, "speed": 30.0, "suburb": "Te Aro", "counted": null, "modelled": null }, "geometry": { "type": "Point", "coordinates": [ 174.77407, -41.29624 ] } },
{ "type": "Feature", "properties": { "kind": "crossing", "rank": 14.0, "trips": 1590.5495478889425, "census": 222.92469519372244, "approach": "Marion Street", "crossing": "Ghuznee Street", "lts": 3.0, "adt": 10488.0, "speed": 30.0, "suburb": "Te Aro", "counted": null, "modelled": null }, "geometry": { "type": "Point", "coordinates": [ 174.77678, -41.29362 ] } },
{ "type": "Feature", "properties": { "kind": "crossing", "rank": 15.0, "trips": 1583.1182182149546, "census": 318.54846955591489, "approach": "The Quadrant", "crossing": "Ira Street", "lts": 3.0, "adt": 5942.0, "speed": 50.0, "suburb": "Miramar", "counted": null, "modelled": null }, "geometry": { "type": "Point", "coordinates": [ 174.81986, -41.32342 ] } },
{ "type": "Feature", "properties": { "kind": "crossing", "rank": 16.0, "trips": 1444.9808174651598, "census": 435.76840286460316, "approach": "Grey Street", "crossing": "Customhouse Quay", "lts": 3.0, "adt": 4870.0, "speed": 30.0, "suburb": "Wellington Central", "counted": null, "modelled": null }, "geometry": { "type": "Point", "coordinates": [ 174.77708, -41.28496 ] } },
{ "type": "Feature", "properties": { "kind": "crossing", "rank": 17.0, "trips": 1441.9217035097645, "census": 228.9713846476746, "approach": "Ellice Street, Hania Street", "crossing": "Hania Street", "lts": 3.0, "adt": 2900.0, "speed": 50.0, "suburb": "Mt Victoria", "counted": null, "modelled": null }, "geometry": { "type": "Point", "coordinates": [ 174.78177, -41.29985 ] } },
{ "type": "Feature", "properties": { "kind": "crossing", "rank": 18.0, "trips": 1411.0088045944758, "census": 207.56994693528773, "approach": "Marion Street", "crossing": "Vivian Street", "lts": 4.0, "adt": 21250.0, "speed": 50.0, "suburb": "Te Aro", "counted": null, "modelled": null }, "geometry": { "type": "Point", "coordinates": [ 174.77594, -41.29511 ] } },
{ "type": "Feature", "properties": { "kind": "crossing", "rank": 19.0, "trips": 1317.8826464341196, "census": 261.26470746719554, "approach": "Tennyson Street", "crossing": "Tory Street", "lts": 3.0, "adt": 8650.0, "speed": 30.0, "suburb": "Te Aro", "counted": null, "modelled": null }, "geometry": { "type": "Point", "coordinates": [ 174.78049, -41.29467 ] } },
{ "type": "Feature", "properties": { "kind": "crossing", "rank": 20.0, "trips": 1287.572722570244, "census": 10.82333138038244, "approach": "Luckie Street", "crossing": "McLellan Street", "lts": 3.0, "adt": 2710.0, "speed": 50.0, "suburb": "Tawa", "counted": null, "modelled": null }, "geometry": { "type": "Point", "coordinates": [ 174.82893, -41.16211 ] } },
{ "type": "Feature", "properties": { "kind": "crossing", "rank": 21.0, "trips": 1216.5872225186322, "census": 495.62511327802429, "approach": "Park Street, Grant Road", "crossing": "Grant Road", "lts": 3.0, "adt": 5912.0, "speed": 50.0, "suburb": "Thorndon", "counted": null, "modelled": null }, "geometry": { "type": "Point", "coordinates": [ 174.77649, -41.27091 ] } },
{ "type": "Feature", "properties": { "kind": "crossing", "rank": 22.0, "trips": 1185.3470211599938, "census": 178.07349519242942, "approach": "Devon Street", "crossing": "Aro Street", "lts": 3.0, "adt": 10155.0, "speed": 30.0, "suburb": "Aro Valley", "counted": null, "modelled": null }, "geometry": { "type": "Point", "coordinates": [ 174.76656, -41.29533 ] } },
{ "type": "Feature", "properties": { "kind": "crossing", "rank": 23.0, "trips": 1176.0139520018402, "census": 183.85351463444741, "approach": "Wigan Street", "crossing": "Abel Smith Street", "lts": 3.0, "adt": 4040.0, "speed": 30.0, "suburb": "Te Aro", "counted": null, "modelled": null }, "geometry": { "type": "Point", "coordinates": [ 174.77469, -41.29643 ] } },
{ "type": "Feature", "properties": { "kind": "crossing", "rank": 24.0, "trips": 1077.6906169716285, "census": 6.2931914435871761, "approach": "Beauchamp Street", "crossing": "Linden Avenue", "lts": 4.0, "adt": 8510.0, "speed": 50.0, "suburb": "Tawa", "counted": null, "modelled": null }, "geometry": { "type": "Point", "coordinates": [ 174.83173, -41.15722 ] } },
{ "type": "Feature", "properties": { "kind": "crossing", "rank": 25.0, "trips": 1050.0339430341994, "census": 107.12413179164223, "approach": "Jessie Street", "crossing": "Tory Street", "lts": 3.0, "adt": 8060.0, "speed": 30.0, "suburb": "Te Aro", "counted": null, "modelled": null }, "geometry": { "type": "Point", "coordinates": [ 174.77985, -41.29577 ] } },
{ "type": "Feature", "properties": { "kind": "crossing", "rank": 26.0, "trips": 1047.7257496440109, "census": 448.13127559801165, "approach": "", "crossing": "Karori Road", "lts": 4.0, "adt": 17109.0, "speed": 50.0, "suburb": "Karori", "counted": null, "modelled": null }, "geometry": { "type": "Point", "coordinates": [ 174.74401, -41.28289 ] } },
{ "type": "Feature", "properties": { "kind": "crossing", "rank": 27.0, "trips": 1047.111495077419, "census": 6.6842244317217983, "approach": "Beauchamp Street", "crossing": "McLellan Street", "lts": 3.0, "adt": 2710.0, "speed": 50.0, "suburb": "Tawa", "counted": null, "modelled": null }, "geometry": { "type": "Point", "coordinates": [ 174.8295, -41.16224 ] } },
{ "type": "Feature", "properties": { "kind": "crossing", "rank": 28.0, "trips": 1012.8780657856723, "census": 494.24511974736549, "approach": "Birdwood Street, Braithwaite Street", "crossing": "Braithwaite Street", "lts": 3.0, "adt": 4698.0, "speed": 50.0, "suburb": "Karori", "counted": null, "modelled": null }, "geometry": { "type": "Point", "coordinates": [ 174.7504, -41.28366 ] } },
{ "type": "Feature", "properties": { "kind": "crossing", "rank": 29.0, "trips": 996.68223320486277, "census": 122.96959906373402, "approach": "Palmer Street", "crossing": "Willis Street", "lts": 4.0, "adt": 10570.0, "speed": 50.0, "suburb": "Te Aro", "counted": null, "modelled": null }, "geometry": { "type": "Point", "coordinates": [ 174.77101, -41.29576 ] } },
{ "type": "Feature", "properties": { "kind": "crossing", "rank": 30.0, "trips": 977.01059571236237, "census": 251.16172758107842, "approach": "", "crossing": "Featherston Street", "lts": 3.0, "adt": 7923.0, "speed": 30.0, "suburb": "Pipitea", "counted": null, "modelled": null }, "geometry": { "type": "Point", "coordinates": [ 174.77871, -41.2804 ] } },
{ "type": "Feature", "properties": { "kind": "crossing", "rank": 31.0, "trips": 934.34693289994675, "census": 2.2343626342910108, "approach": "Findlay Street", "crossing": "Linden Avenue", "lts": 4.0, "adt": 8510.0, "speed": 50.0, "suburb": "Tawa", "counted": null, "modelled": null }, "geometry": { "type": "Point", "coordinates": [ 174.83171, -41.15722 ] } },
{ "type": "Feature", "properties": { "kind": "crossing", "rank": 32.0, "trips": 933.54929996150577, "census": 239.65641427617805, "approach": "Little Palmer Street", "crossing": "Abel Smith Street", "lts": 3.0, "adt": 2780.0, "speed": 50.0, "suburb": "Aro Valley", "counted": null, "modelled": null }, "geometry": { "type": "Point", "coordinates": [ 174.76985, -41.29488 ] } },
{ "type": "Feature", "properties": { "kind": "crossing", "rank": 33.0, "trips": 909.29352070633047, "census": 388.76958079804712, "approach": "Lancaster Street", "crossing": "Karori Road", "lts": 3.0, "adt": 16536.0, "speed": 30.0, "suburb": "Karori", "counted": null, "modelled": null }, "geometry": { "type": "Point", "coordinates": [ 174.7466, -41.28216 ] } },
{ "type": "Feature", "properties": { "kind": "crossing", "rank": 34.0, "trips": 879.18538554716838, "census": 220.84670836083254, "approach": "Rua Street", "crossing": "Queens Drive", "lts": 3.0, "adt": 3163.0, "speed": 50.0, "suburb": "Lyall Bay", "counted": null, "modelled": null }, "geometry": { "type": "Point", "coordinates": [ 174.79178, -41.33 ] } },
{ "type": "Feature", "properties": { "kind": "crossing", "rank": 35.0, "trips": 867.43102198120391, "census": 65.521753340410228, "approach": "Wexford Road", "crossing": "Southampton Road", "lts": 3.0, "adt": 2110.0, "speed": 50.0, "suburb": "Miramar", "counted": null, "modelled": null }, "geometry": { "type": "Point", "coordinates": [ 174.81372, -41.31958 ] } },
{ "type": "Feature", "properties": { "kind": "crossing", "rank": 36.0, "trips": 830.69744750684731, "census": 331.46004006891377, "approach": "Karori Road", "crossing": "Campbell Street", "lts": 3.0, "adt": 1691.0, "speed": 50.0, "suburb": "Karori", "counted": null, "modelled": null }, "geometry": { "type": "Point", "coordinates": [ 174.73896, -41.2843 ] } },
{ "type": "Feature", "properties": { "kind": "crossing", "rank": 37.0, "trips": 807.30535040197947, "census": 64.295677040379175, "approach": "Bassett Road", "crossing": "Bassett Road", "lts": 3.0, "adt": 5100.0, "speed": 50.0, "suburb": "Johnsonville", "counted": null, "modelled": null }, "geometry": { "type": "Point", "coordinates": [ 174.80744, -41.21843 ] } },
{ "type": "Feature", "properties": { "kind": "crossing", "rank": 38.0, "trips": 800.09109464851406, "census": 75.129309193055079, "approach": "Kemp Street", "crossing": "Kemp Street", "lts": 4.0, "adt": 10145.0, "speed": 50.0, "suburb": "Kilbirnie", "counted": null, "modelled": null }, "geometry": { "type": "Point", "coordinates": [ 174.80221, -41.3182 ] } },
{ "type": "Feature", "properties": { "kind": "crossing", "rank": 39.0, "trips": 789.07869522975579, "census": 207.11632068864418, "approach": "Rua Street", "crossing": "Queens Drive", "lts": 3.0, "adt": 3160.0, "speed": 50.0, "suburb": "Lyall Bay", "counted": null, "modelled": null }, "geometry": { "type": "Point", "coordinates": [ 174.79158, -41.33013 ] } },
{ "type": "Feature", "properties": { "kind": "crossing", "rank": 40.0, "trips": 766.66653864416821, "census": 79.958247559440693, "approach": "Hamilton Road", "crossing": "Hamilton Road", "lts": 4.0, "adt": 6708.0, "speed": 50.0, "suburb": "Hataitai", "counted": null, "modelled": null }, "geometry": { "type": "Point", "coordinates": [ 174.79303, -41.31046 ] } },
{ "type": "Feature", "properties": { "kind": "counter", "rank": null, "trips": null, "census": null, "approach": "Luxford St road upper", "crossing": null, "lts": null, "adt": null, "speed": null, "suburb": null, "counted": 111.8, "modelled": 0.0 }, "geometry": { "type": "Point", "coordinates": [ 174.77542, -41.31992 ] } },
{ "type": "Feature", "properties": { "kind": "counter", "rank": null, "trips": null, "census": null, "approach": "Luxford St road lower", "crossing": null, "lts": null, "adt": null, "speed": null, "suburb": null, "counted": 142.5, "modelled": 1533.2 }, "geometry": { "type": "Point", "coordinates": [ 174.77537, -41.31977 ] } },
{ "type": "Feature", "properties": { "kind": "counter", "rank": null, "trips": null, "census": null, "approach": "Adelaide Rd road", "crossing": null, "lts": null, "adt": null, "speed": null, "suburb": null, "counted": 201.9, "modelled": 1532.0 }, "geometry": { "type": "Point", "coordinates": [ 174.77534, -41.31989 ] } },
{ "type": "Feature", "properties": { "kind": "counter", "rank": null, "trips": null, "census": null, "approach": "Adelaide Rd road northbound", "crossing": null, "lts": null, "adt": null, "speed": null, "suburb": null, "counted": 122.5, "modelled": 765.8 }, "geometry": { "type": "Point", "coordinates": [ 174.77527, -41.31989 ] } },
{ "type": "Feature", "properties": { "kind": "counter", "rank": null, "trips": null, "census": null, "approach": "Kent Terrace road", "crossing": null, "lts": null, "adt": null, "speed": null, "suburb": null, "counted": 94.1, "modelled": 247.4 }, "geometry": { "type": "Point", "coordinates": [ 174.78398, -41.2942 ] } },
{ "type": "Feature", "properties": { "kind": "counter", "rank": null, "trips": null, "census": null, "approach": "Kent Terrace cyclelanes", "crossing": null, "lts": null, "adt": null, "speed": null, "suburb": null, "counted": 421.0, "modelled": 2357.3 }, "geometry": { "type": "Point", "coordinates": [ 174.78386, -41.29422 ] } },
{ "type": "Feature", "properties": { "kind": "counter", "rank": null, "trips": null, "census": null, "approach": "Kent Terrace path", "crossing": null, "lts": null, "adt": null, "speed": null, "suburb": null, "counted": 99.7, "modelled": 247.4 }, "geometry": { "type": "Point", "coordinates": [ 174.78398, -41.29427 ] } },
{ "type": "Feature", "properties": { "kind": "counter", "rank": null, "trips": null, "census": null, "approach": "Dixon St path LHS", "crossing": null, "lts": null, "adt": null, "speed": null, "suburb": null, "counted": 15.4, "modelled": 239.9 }, "geometry": { "type": "Point", "coordinates": [ 174.77852, -41.29241 ] } },
{ "type": "Feature", "properties": { "kind": "counter", "rank": null, "trips": null, "census": null, "approach": "Dixon St road", "crossing": null, "lts": null, "adt": null, "speed": null, "suburb": null, "counted": 155.6, "modelled": 237.5 }, "geometry": { "type": "Point", "coordinates": [ 174.77861, -41.29243 ] } },
{ "type": "Feature", "properties": { "kind": "counter", "rank": null, "trips": null, "census": null, "approach": "Manners St path LHS", "crossing": null, "lts": null, "adt": null, "speed": null, "suburb": null, "counted": 19.2, "modelled": 35.8 }, "geometry": { "type": "Point", "coordinates": [ 174.7786, -41.29231 ] } },
{ "type": "Feature", "properties": { "kind": "counter", "rank": null, "trips": null, "census": null, "approach": "Manners St path RHS", "crossing": null, "lts": null, "adt": null, "speed": null, "suburb": null, "counted": 3.2, "modelled": 35.8 }, "geometry": { "type": "Point", "coordinates": [ 174.7787, -41.29223 ] } },
{ "type": "Feature", "properties": { "kind": "counter", "rank": null, "trips": null, "census": null, "approach": "Manners St road", "crossing": null, "lts": null, "adt": null, "speed": null, "suburb": null, "counted": 157.4, "modelled": 35.8 }, "geometry": { "type": "Point", "coordinates": [ 174.77869, -41.29234 ] } },
{ "type": "Feature", "properties": { "kind": "counter", "rank": null, "trips": null, "census": null, "approach": "Taranaki St road Southeastbound", "crossing": null, "lts": null, "adt": null, "speed": null, "suburb": null, "counted": 64.0, "modelled": 25.5 }, "geometry": { "type": "Point", "coordinates": [ 174.77898, -41.29231 ] } },
{ "type": "Feature", "properties": { "kind": "counter", "rank": null, "trips": null, "census": null, "approach": "Taranaki St road Westbound", "crossing": null, "lts": null, "adt": null, "speed": null, "suburb": null, "counted": 23.0, "modelled": 25.5 }, "geometry": { "type": "Point", "coordinates": [ 174.77895, -41.29229 ] } },
{ "type": "Feature", "properties": { "kind": "counter", "rank": null, "trips": null, "census": null, "approach": "Taranaki St road Northbound", "crossing": null, "lts": null, "adt": null, "speed": null, "suburb": null, "counted": 149.1, "modelled": 25.9 }, "geometry": { "type": "Point", "coordinates": [ 174.77887, -41.29227 ] } },
{ "type": "Feature", "properties": { "kind": "counter", "rank": null, "trips": null, "census": null, "approach": "Courtenay Pl road Eastbound", "crossing": null, "lts": null, "adt": null, "speed": null, "suburb": null, "counted": 125.4, "modelled": 6.8 }, "geometry": { "type": "Point", "coordinates": [ 174.77907, -41.29244 ] } },
{ "type": "Feature", "properties": { "kind": "counter", "rank": null, "trips": null, "census": null, "approach": "Centennial Hwy Southbound", "crossing": null, "lts": null, "adt": null, "speed": null, "suburb": null, "counted": 115.3, "modelled": 187.6 }, "geometry": { "type": "Point", "coordinates": [ 174.81348, -41.24723 ] } },
{ "type": "Feature", "properties": { "kind": "counter", "rank": null, "trips": null, "census": null, "approach": "Centennial Hwy road Northbound", "crossing": null, "lts": null, "adt": null, "speed": null, "suburb": null, "counted": 65.1, "modelled": 212.0 }, "geometry": { "type": "Point", "coordinates": [ 174.81329, -41.24721 ] } },
{ "type": "Feature", "properties": { "kind": "counter", "rank": null, "trips": null, "census": null, "approach": "Jarden Mile road", "crossing": null, "lts": null, "adt": null, "speed": null, "suburb": null, "counted": 5.6, "modelled": 8.4 }, "geometry": { "type": "Point", "coordinates": [ 174.81308, -41.24728 ] } },
{ "type": "Feature", "properties": { "kind": "counter", "rank": null, "trips": null, "census": null, "approach": "Jarden Mile path RHS", "crossing": null, "lts": null, "adt": null, "speed": null, "suburb": null, "counted": 77.4, "modelled": 7.0 }, "geometry": { "type": "Point", "coordinates": [ 174.81313, -41.2472 ] } },
{ "type": "Feature", "properties": { "kind": "counter", "rank": null, "trips": null, "census": null, "approach": "Taranaki St road Westbound", "crossing": null, "lts": null, "adt": null, "speed": null, "suburb": null, "counted": 41.7, "modelled": 0.0 }, "geometry": { "type": "Point", "coordinates": [ 174.7787, -41.29253 ] } },
{ "type": "Feature", "properties": { "kind": "counter", "rank": null, "trips": null, "census": null, "approach": "Taranaki St road Northwestbound", "crossing": null, "lts": null, "adt": null, "speed": null, "suburb": null, "counted": 57.4, "modelled": 13.3 }, "geometry": { "type": "Point", "coordinates": [ 174.77873, -41.29254 ] } },
{ "type": "Feature", "properties": { "kind": "counter", "rank": null, "trips": null, "census": null, "approach": "Taranaki St road Northbound", "crossing": null, "lts": null, "adt": null, "speed": null, "suburb": null, "counted": 31.3, "modelled": 13.3 }, "geometry": { "type": "Point", "coordinates": [ 174.77876, -41.29255 ] } },
{ "type": "Feature", "properties": { "kind": "counter", "rank": null, "trips": null, "census": null, "approach": "Taranaki St road Eastbound", "crossing": null, "lts": null, "adt": null, "speed": null, "suburb": null, "counted": 18.7, "modelled": 13.3 }, "geometry": { "type": "Point", "coordinates": [ 174.77879, -41.29255 ] } },
{ "type": "Feature", "properties": { "kind": "counter", "rank": null, "trips": null, "census": null, "approach": "Taranaki St road Southbound", "crossing": null, "lts": null, "adt": null, "speed": null, "suburb": null, "counted": 126.2, "modelled": 24.2 }, "geometry": { "type": "Point", "coordinates": [ 174.77889, -41.29258 ] } },
{ "type": "Feature", "properties": { "kind": "counter", "rank": null, "trips": null, "census": null, "approach": "Birdwood St road", "crossing": null, "lts": null, "adt": null, "speed": null, "suburb": null, "counted": 156.5, "modelled": 758.1 }, "geometry": { "type": "Point", "coordinates": [ 174.7545, -41.28673 ] } },
{ "type": "Feature", "properties": { "kind": "counter", "rank": null, "trips": null, "census": null, "approach": "Chaytor St road", "crossing": null, "lts": null, "adt": null, "speed": null, "suburb": null, "counted": 226.3, "modelled": 1578.3 }, "geometry": { "type": "Point", "coordinates": [ 174.75459, -41.28661 ] } },
{ "type": "Feature", "properties": { "kind": "counter", "rank": null, "trips": null, "census": null, "approach": "Birdwood St path RHS", "crossing": null, "lts": null, "adt": null, "speed": null, "suburb": null, "counted": 4.2, "modelled": 1.0 }, "geometry": { "type": "Point", "coordinates": [ 174.75447, -41.28664 ] } },
{ "type": "Feature", "properties": { "kind": "counter", "rank": null, "trips": null, "census": null, "approach": "Chaytor St path LHS", "crossing": null, "lts": null, "adt": null, "speed": null, "suburb": null, "counted": 104.8, "modelled": 1075.6 }, "geometry": { "type": "Point", "coordinates": [ 174.75458, -41.28658 ] } },
{ "type": "Feature", "properties": { "kind": "counter", "rank": null, "trips": null, "census": null, "approach": "Birdwood St path LHS", "crossing": null, "lts": null, "adt": null, "speed": null, "suburb": null, "counted": 0.4, "modelled": 0.0 }, "geometry": { "type": "Point", "coordinates": [ 174.7545, -41.28676 ] } },
{ "type": "Feature", "properties": { "kind": "counter", "rank": null, "trips": null, "census": null, "approach": "Majoribanks St Southwestbound", "crossing": null, "lts": null, "adt": null, "speed": null, "suburb": null, "counted": 81.1, "modelled": 222.9 }, "geometry": { "type": "Point", "coordinates": [ 174.78418, -41.29406 ] } },
{ "type": "Feature", "properties": { "kind": "counter", "rank": null, "trips": null, "census": null, "approach": "Majoribanks St Eastbound", "crossing": null, "lts": null, "adt": null, "speed": null, "suburb": null, "counted": 92.7, "modelled": 201.4 }, "geometry": { "type": "Point", "coordinates": [ 174.78421, -41.29402 ] } },
{ "type": "Feature", "properties": { "kind": "counter", "rank": null, "trips": null, "census": null, "approach": "Majoribanks St path LHS", "crossing": null, "lts": null, "adt": null, "speed": null, "suburb": null, "counted": 8.2, "modelled": 1501.2 }, "geometry": { "type": "Point", "coordinates": [ 174.7842, -41.29398 ] } },
{ "type": "Feature", "properties": { "kind": "counter", "rank": null, "trips": null, "census": null, "approach": "Majoribanks St path RHS", "crossing": null, "lts": null, "adt": null, "speed": null, "suburb": null, "counted": 3.3, "modelled": 424.3 }, "geometry": { "type": "Point", "coordinates": [ 174.78415, -41.29409 ] } },
{ "type": "Feature", "properties": { "kind": "counter", "rank": null, "trips": null, "census": null, "approach": "Chaytor St road", "crossing": null, "lts": null, "adt": null, "speed": null, "suburb": null, "counted": 509.6, "modelled": 1289.9 }, "geometry": { "type": "Point", "coordinates": [ 174.75484, -41.28689 ] } },
{ "type": "Feature", "properties": { "kind": "counter", "rank": null, "trips": null, "census": null, "approach": "Featherston St road", "crossing": null, "lts": null, "adt": null, "speed": null, "suburb": null, "counted": 531.1, "modelled": 173.2 }, "geometry": { "type": "Point", "coordinates": [ 174.7783, -41.28118 ] } },
{ "type": "Feature", "properties": { "kind": "counter", "rank": null, "trips": null, "census": null, "approach": "Whitmore St road", "crossing": null, "lts": null, "adt": null, "speed": null, "suburb": null, "counted": 445.9, "modelled": 2282.3 }, "geometry": { "type": "Point", "coordinates": [ 174.77846, -41.28103 ] } },
{ "type": "Feature", "properties": { "kind": "counter", "rank": null, "trips": null, "census": null, "approach": "Courtenay Pl road Southeastbound", "crossing": null, "lts": null, "adt": null, "speed": null, "suburb": null, "counted": 33.5, "modelled": 3.4 }, "geometry": { "type": "Point", "coordinates": [ 174.7836, -41.29397 ] } },
{ "type": "Feature", "properties": { "kind": "counter", "rank": null, "trips": null, "census": null, "approach": "Courtenay Pl road Southbound", "crossing": null, "lts": null, "adt": null, "speed": null, "suburb": null, "counted": 28.5, "modelled": 3.4 }, "geometry": { "type": "Point", "coordinates": [ 174.78358, -41.294 ] } },
{ "type": "Feature", "properties": { "kind": "counter", "rank": null, "trips": null, "census": null, "approach": "Courtenay Pl road Westbound", "crossing": null, "lts": null, "adt": null, "speed": null, "suburb": null, "counted": 44.2, "modelled": 4.0 }, "geometry": { "type": "Point", "coordinates": [ 174.78355, -41.29405 ] } },
{ "type": "Feature", "properties": { "kind": "counter", "rank": null, "trips": null, "census": null, "approach": "Cambridge Ter path LHS", "crossing": null, "lts": null, "adt": null, "speed": null, "suburb": null, "counted": 13.3, "modelled": 115.4 }, "geometry": { "type": "Point", "coordinates": [ 174.78085, -41.29882 ] } },
{ "type": "Feature", "properties": { "kind": "counter", "rank": null, "trips": null, "census": null, "approach": "Cambridge Ter cyclepath", "crossing": null, "lts": null, "adt": null, "speed": null, "suburb": null, "counted": 839.7, "modelled": 2413.1 }, "geometry": { "type": "Point", "coordinates": [ 174.78098, -41.299 ] } },
{ "type": "Feature", "properties": { "kind": "counter", "rank": null, "trips": null, "census": null, "approach": "Cambridge Ter road", "crossing": null, "lts": null, "adt": null, "speed": null, "suburb": null, "counted": 34.3, "modelled": 1423.3 }, "geometry": { "type": "Point", "coordinates": [ 174.78091, -41.29884 ] } },
{ "type": "Feature", "properties": { "kind": "counter", "rank": null, "trips": null, "census": null, "approach": "Dixon St path RHS", "crossing": null, "lts": null, "adt": null, "speed": null, "suburb": null, "counted": 30.9, "modelled": 1.4 }, "geometry": { "type": "Point", "coordinates": [ 174.77849, -41.29231 ] } },
{ "type": "Feature", "properties": { "kind": "counter", "rank": null, "trips": null, "census": null, "approach": "Lambton Quay path LHS", "crossing": null, "lts": null, "adt": null, "speed": null, "suburb": null, "counted": 15.5, "modelled": 76.4 }, "geometry": { "type": "Point", "coordinates": [ 174.77612, -41.28638 ] } },
{ "type": "Feature", "properties": { "kind": "counter", "rank": null, "trips": null, "census": null, "approach": "S29 Lambton Quay road", "crossing": null, "lts": null, "adt": null, "speed": null, "suburb": null, "counted": 0.0, "modelled": 76.4 }, "geometry": { "type": "Point", "coordinates": [ 174.77617, -41.28633 ] } },
{ "type": "Feature", "properties": { "kind": "counter", "rank": null, "trips": null, "census": null, "approach": "Customhouse Quay road", "crossing": null, "lts": null, "adt": null, "speed": null, "suburb": null, "counted": 144.7, "modelled": 399.4 }, "geometry": { "type": "Point", "coordinates": [ 174.77624, -41.28632 ] } },
{ "type": "Feature", "properties": { "kind": "counter", "rank": null, "trips": null, "census": null, "approach": "Customhouse Quay path RHS", "crossing": null, "lts": null, "adt": null, "speed": null, "suburb": null, "counted": 22.3, "modelled": 259.3 }, "geometry": { "type": "Point", "coordinates": [ 174.77632, -41.28644 ] } },
{ "type": "Feature", "properties": { "kind": "counter", "rank": null, "trips": null, "census": null, "approach": "Riddiford St road", "crossing": null, "lts": null, "adt": null, "speed": null, "suburb": null, "counted": 487.5, "modelled": 1001.8 }, "geometry": { "type": "Point", "coordinates": [ 174.77936, -41.31198 ] } },
{ "type": "Feature", "properties": { "kind": "counter", "rank": null, "trips": null, "census": null, "approach": "Rintoul St road", "crossing": null, "lts": null, "adt": null, "speed": null, "suburb": null, "counted": 194.7, "modelled": 2519.5 }, "geometry": { "type": "Point", "coordinates": [ 174.77914, -41.312 ] } },
{ "type": "Feature", "properties": { "kind": "counter", "rank": null, "trips": null, "census": null, "approach": "Courtenay Pl road Northbound", "crossing": null, "lts": null, "adt": null, "speed": null, "suburb": null, "counted": 19.2, "modelled": 312.2 }, "geometry": { "type": "Point", "coordinates": [ 174.77904, -41.2925 ] } },
{ "type": "Feature", "properties": { "kind": "counter", "rank": null, "trips": null, "census": null, "approach": "Courtenay Pl road Westbound", "crossing": null, "lts": null, "adt": null, "speed": null, "suburb": null, "counted": 107.8, "modelled": 312.2 }, "geometry": { "type": "Point", "coordinates": [ 174.77902, -41.29252 ] } },
{ "type": "Feature", "properties": { "kind": "counter", "rank": null, "trips": null, "census": null, "approach": "Courtenay Pl road Southhbound", "crossing": null, "lts": null, "adt": null, "speed": null, "suburb": null, "counted": 45.5, "modelled": 312.2 }, "geometry": { "type": "Point", "coordinates": [ 174.77901, -41.29255 ] } },
{ "type": "Feature", "properties": { "kind": "counter", "rank": null, "trips": null, "census": null, "approach": "Rongotai Rd path", "crossing": null, "lts": null, "adt": null, "speed": null, "suburb": null, "counted": 112.6, "modelled": 21.8 }, "geometry": { "type": "Point", "coordinates": [ 174.79642, -41.31824 ] } },
{ "type": "Feature", "properties": { "kind": "counter", "rank": null, "trips": null, "census": null, "approach": "Cambridge Ter road", "crossing": null, "lts": null, "adt": null, "speed": null, "suburb": null, "counted": 61.7, "modelled": 4.3 }, "geometry": { "type": "Point", "coordinates": [ 174.78374, -41.29416 ] } },
{ "type": "Feature", "properties": { "kind": "counter", "rank": null, "trips": null, "census": null, "approach": "Hutt Rd road Northbound", "crossing": null, "lts": null, "adt": null, "speed": null, "suburb": null, "counted": 6.9, "modelled": 0.0 }, "geometry": { "type": "Point", "coordinates": [ 174.7896, -41.26027 ] } },
{ "type": "Feature", "properties": { "kind": "counter", "rank": null, "trips": null, "census": null, "approach": "Hutt Rd road Westbound", "crossing": null, "lts": null, "adt": null, "speed": null, "suburb": null, "counted": 36.4, "modelled": 0.0 }, "geometry": { "type": "Point", "coordinates": [ 174.7895, -41.26023 ] } },
{ "type": "Feature", "properties": { "kind": "counter", "rank": null, "trips": null, "census": null, "approach": "Hutt Rd cyclelane", "crossing": null, "lts": null, "adt": null, "speed": null, "suburb": null, "counted": 1.3, "modelled": 0.0 }, "geometry": { "type": "Point", "coordinates": [ 174.78954, -41.26023 ] } },
{ "type": "Feature", "properties": { "kind": "counter", "rank": null, "trips": null, "census": null, "approach": "Hutt Rd path", "crossing": null, "lts": null, "adt": null, "speed": null, "suburb": null, "counted": 0.9, "modelled": 0.0 }, "geometry": { "type": "Point", "coordinates": [ 174.78946, -41.2602 ] } },
{ "type": "Feature", "properties": { "kind": "counter", "rank": null, "trips": null, "census": null, "approach": "Kaiwharawhara Rd road", "crossing": null, "lts": null, "adt": null, "speed": null, "suburb": null, "counted": 449.1, "modelled": 1104.3 }, "geometry": { "type": "Point", "coordinates": [ 174.78961, -41.26011 ] } },
{ "type": "Feature", "properties": { "kind": "counter", "rank": null, "trips": null, "census": null, "approach": "Hutt Rd road", "crossing": null, "lts": null, "adt": null, "speed": null, "suburb": null, "counted": 21.1, "modelled": 0.5 }, "geometry": { "type": "Point", "coordinates": [ 174.78973, -41.26028 ] } },
{ "type": "Feature", "properties": { "kind": "counter", "rank": null, "trips": null, "census": null, "approach": "Hutt Rd cyclepath", "crossing": null, "lts": null, "adt": null, "speed": null, "suburb": null, "counted": 675.6, "modelled": 659.8 }, "geometry": { "type": "Point", "coordinates": [ 174.78986, -41.2602 ] } },
{ "type": "Feature", "properties": { "kind": "counter", "rank": null, "trips": null, "census": null, "approach": "Riddiford St road LHS", "crossing": null, "lts": null, "adt": null, "speed": null, "suburb": null, "counted": 381.6, "modelled": 1299.1 }, "geometry": { "type": "Point", "coordinates": [ 174.77911, -41.3117 ] } },
{ "type": "Feature", "properties": { "kind": "counter", "rank": null, "trips": null, "census": null, "approach": "Riddiford St road RHS", "crossing": null, "lts": null, "adt": null, "speed": null, "suburb": null, "counted": 275.9, "modelled": 3054.8 }, "geometry": { "type": "Point", "coordinates": [ 174.77918, -41.31168 ] } },
{ "type": "Feature", "properties": { "kind": "counter", "rank": null, "trips": null, "census": null, "approach": "Riddiford St path RHS", "crossing": null, "lts": null, "adt": null, "speed": null, "suburb": null, "counted": 15.9, "modelled": 1117.8 }, "geometry": { "type": "Point", "coordinates": [ 174.77925, -41.31164 ] } },
{ "type": "Feature", "properties": { "kind": "counter", "rank": null, "trips": null, "census": null, "approach": "Lambton Quay road", "crossing": null, "lts": null, "adt": null, "speed": null, "suburb": null, "counted": 118.1, "modelled": 53.0 }, "geometry": { "type": "Point", "coordinates": [ 174.77608, -41.28228 ] } },
{ "type": "Feature", "properties": { "kind": "counter", "rank": null, "trips": null, "census": null, "approach": "Lambton Quay path LHS", "crossing": null, "lts": null, "adt": null, "speed": null, "suburb": null, "counted": 14.0, "modelled": 53.0 }, "geometry": { "type": "Point", "coordinates": [ 174.77609, -41.2823 ] } },
{ "type": "Feature", "properties": { "kind": "counter", "rank": null, "trips": null, "census": null, "approach": "Lambton Quay path LHS", "crossing": null, "lts": null, "adt": null, "speed": null, "suburb": null, "counted": 20.3, "modelled": 29.7 }, "geometry": { "type": "Point", "coordinates": [ 174.77586, -41.28204 ] } },
{ "type": "Feature", "properties": { "kind": "counter", "rank": null, "trips": null, "census": null, "approach": "Lambton Quay road", "crossing": null, "lts": null, "adt": null, "speed": null, "suburb": null, "counted": 251.5, "modelled": 29.7 }, "geometry": { "type": "Point", "coordinates": [ 174.77597, -41.282 ] } },
{ "type": "Feature", "properties": { "kind": "counter", "rank": null, "trips": null, "census": null, "approach": "Tinakori Rd road LHS", "crossing": null, "lts": null, "adt": null, "speed": null, "suburb": null, "counted": 44.1, "modelled": 4.6 }, "geometry": { "type": "Point", "coordinates": [ 174.77753, -41.27182 ] } },
{ "type": "Feature", "properties": { "kind": "counter", "rank": null, "trips": null, "census": null, "approach": "Tinakori Rd road RHS", "crossing": null, "lts": null, "adt": null, "speed": null, "suburb": null, "counted": 27.5, "modelled": 4.2 }, "geometry": { "type": "Point", "coordinates": [ 174.77747, -41.27179 ] } },
{ "type": "Feature", "properties": { "kind": "counter", "rank": null, "trips": null, "census": null, "approach": "Park St road LHS", "crossing": null, "lts": null, "adt": null, "speed": null, "suburb": null, "counted": 78.9, "modelled": 263.1 }, "geometry": { "type": "Point", "coordinates": [ 174.77743, -41.27173 ] } },
{ "type": "Feature", "properties": { "kind": "counter", "rank": null, "trips": null, "census": null, "approach": "Park St road RHS", "crossing": null, "lts": null, "adt": null, "speed": null, "suburb": null, "counted": 97.8, "modelled": 236.4 }, "geometry": { "type": "Point", "coordinates": [ 174.7775, -41.27166 ] } },
{ "type": "Feature", "properties": { "kind": "counter", "rank": null, "trips": null, "census": null, "approach": "Park St path RHS", "crossing": null, "lts": null, "adt": null, "speed": null, "suburb": null, "counted": 7.2, "modelled": 499.5 }, "geometry": { "type": "Point", "coordinates": [ 174.77753, -41.27159 ] } },
{ "type": "Feature", "properties": { "kind": "counter", "rank": null, "trips": null, "census": null, "approach": "Park St path LHS", "crossing": null, "lts": null, "adt": null, "speed": null, "suburb": null, "counted": 8.3, "modelled": 499.5 }, "geometry": { "type": "Point", "coordinates": [ 174.77736, -41.27167 ] } },
{ "type": "Feature", "properties": { "kind": "counter", "rank": null, "trips": null, "census": null, "approach": "Johnston St path LHS", "crossing": null, "lts": null, "adt": null, "speed": null, "suburb": null, "counted": 10.3, "modelled": 87.9 }, "geometry": { "type": "Point", "coordinates": [ 174.77708, -41.28296 ] } },
{ "type": "Feature", "properties": { "kind": "counter", "rank": null, "trips": null, "census": null, "approach": "Johnston St road", "crossing": null, "lts": null, "adt": null, "speed": null, "suburb": null, "counted": 81.2, "modelled": 87.9 }, "geometry": { "type": "Point", "coordinates": [ 174.77713, -41.28293 ] } },
{ "type": "Feature", "properties": { "kind": "counter", "rank": null, "trips": null, "census": null, "approach": "Featherston St road", "crossing": null, "lts": null, "adt": null, "speed": null, "suburb": null, "counted": 392.8, "modelled": 130.1 }, "geometry": { "type": "Point", "coordinates": [ 174.77719, -41.28287 ] } },
{ "type": "Feature", "properties": { "kind": "counter", "rank": null, "trips": null, "census": null, "approach": "Johnston St path RHS", "crossing": null, "lts": null, "adt": null, "speed": null, "suburb": null, "counted": 13.5, "modelled": 87.9 }, "geometry": { "type": "Point", "coordinates": [ 174.77714, -41.28286 ] } },
{ "type": "Feature", "properties": { "kind": "counter", "rank": null, "trips": null, "census": null, "approach": "Miramar Ave path LHS", "crossing": null, "lts": null, "adt": null, "speed": null, "suburb": null, "counted": 486.2, "modelled": 599.2 }, "geometry": { "type": "Point", "coordinates": [ 174.81128, -41.31441 ] } },
{ "type": "Feature", "properties": { "kind": "counter", "rank": null, "trips": null, "census": null, "approach": "Shelly Bay Rd road", "crossing": null, "lts": null, "adt": null, "speed": null, "suburb": null, "counted": 81.1, "modelled": 86.8 }, "geometry": { "type": "Point", "coordinates": [ 174.81155, -41.31445 ] } },
{ "type": "Feature", "properties": { "kind": "counter", "rank": null, "trips": null, "census": null, "approach": "Miramar Ave road", "crossing": null, "lts": null, "adt": null, "speed": null, "suburb": null, "counted": 141.1, "modelled": 1.2 }, "geometry": { "type": "Point", "coordinates": [ 174.81131, -41.31454 ] } },
{ "type": "Feature", "properties": { "kind": "counter", "rank": null, "trips": null, "census": null, "approach": "Miramar Ave path RHS", "crossing": null, "lts": null, "adt": null, "speed": null, "suburb": null, "counted": 0.9, "modelled": 1.2 }, "geometry": { "type": "Point", "coordinates": [ 174.81139, -41.31467 ] } },
{ "type": "Feature", "properties": { "kind": "counter", "rank": null, "trips": null, "census": null, "approach": "Hutt Rd cycles", "crossing": null, "lts": null, "adt": null, "speed": null, "suburb": null, "counted": 394.8, "modelled": 2142.3 }, "geometry": { "type": "Point", "coordinates": [ 174.78983, -41.26022 ] } },
{ "type": "Feature", "properties": { "kind": "counter", "rank": null, "trips": null, "census": null, "approach": "Karori Rd path LHS", "crossing": null, "lts": null, "adt": null, "speed": null, "suburb": null, "counted": 4.0, "modelled": 311.2 }, "geometry": { "type": "Point", "coordinates": [ 174.72363, -41.28869 ] } },
{ "type": "Feature", "properties": { "kind": "counter", "rank": null, "trips": null, "census": null, "approach": "Karori Rd road", "crossing": null, "lts": null, "adt": null, "speed": null, "suburb": null, "counted": 172.9, "modelled": 311.2 }, "geometry": { "type": "Point", "coordinates": [ 174.72359, -41.2887 ] } },
{ "type": "Feature", "properties": { "kind": "counter", "rank": null, "trips": null, "census": null, "approach": "Karori Rd path RHS", "crossing": null, "lts": null, "adt": null, "speed": null, "suburb": null, "counted": 11.9, "modelled": 6.2 }, "geometry": { "type": "Point", "coordinates": [ 174.72348, -41.28864 ] } },
{ "type": "Feature", "properties": { "kind": "counter", "rank": null, "trips": null, "census": null, "approach": "S Karori Rd road lower", "crossing": null, "lts": null, "adt": null, "speed": null, "suburb": null, "counted": 58.5, "modelled": 115.9 }, "geometry": { "type": "Point", "coordinates": [ 174.72357, -41.28871 ] } },
{ "type": "Feature", "properties": { "kind": "counter", "rank": null, "trips": null, "census": null, "approach": "S Karori Rd road upper", "crossing": null, "lts": null, "adt": null, "speed": null, "suburb": null, "counted": 14.1, "modelled": 5.3 }, "geometry": { "type": "Point", "coordinates": [ 174.72337, -41.28883 ] } },
{ "type": "Feature", "properties": { "kind": "counter", "rank": null, "trips": null, "census": null, "approach": "S Karori Rd road", "crossing": null, "lts": null, "adt": null, "speed": null, "suburb": null, "counted": 153.9, "modelled": 320.6 }, "geometry": { "type": "Point", "coordinates": [ 174.72348, -41.28877 ] } },
{ "type": "Feature", "properties": { "kind": "counter", "rank": null, "trips": null, "census": null, "approach": "Karori Rd road", "crossing": null, "lts": null, "adt": null, "speed": null, "suburb": null, "counted": 337.5, "modelled": 103.1 }, "geometry": { "type": "Point", "coordinates": [ 174.74777, -41.28187 ] } },
{ "type": "Feature", "properties": { "kind": "counter", "rank": null, "trips": null, "census": null, "approach": "Karori Rd path RHS", "crossing": null, "lts": null, "adt": null, "speed": null, "suburb": null, "counted": 3.4, "modelled": 102.3 }, "geometry": { "type": "Point", "coordinates": [ 174.74774, -41.28179 ] } },
{ "type": "Feature", "properties": { "kind": "counter", "rank": null, "trips": null, "census": null, "approach": "Karori Rd road RHS", "crossing": null, "lts": null, "adt": null, "speed": null, "suburb": null, "counted": 26.2, "modelled": 159.1 }, "geometry": { "type": "Point", "coordinates": [ 174.74797, -41.28174 ] } },
{ "type": "Feature", "properties": { "kind": "counter", "rank": null, "trips": null, "census": null, "approach": "Karori Rd road LHS", "crossing": null, "lts": null, "adt": null, "speed": null, "suburb": null, "counted": 75.1, "modelled": 72.0 }, "geometry": { "type": "Point", "coordinates": [ 174.74472, -41.28264 ] } },
{ "type": "Feature", "properties": { "kind": "counter", "rank": null, "trips": null, "census": null, "approach": "Karori Rd road", "crossing": null, "lts": null, "adt": null, "speed": null, "suburb": null, "counted": 313.6, "modelled": 1672.0 }, "geometry": { "type": "Point", "coordinates": [ 174.7448, -41.28262 ] } },
{ "type": "Feature", "properties": { "kind": "counter", "rank": null, "trips": null, "census": null, "approach": "Karori Rd path RHS", "crossing": null, "lts": null, "adt": null, "speed": null, "suburb": null, "counted": 3.3, "modelled": 766.0 }, "geometry": { "type": "Point", "coordinates": [ 174.74483, -41.28271 ] } },
{ "type": "Feature", "properties": { "kind": "counter", "rank": null, "trips": null, "census": null, "approach": "Ghuznee St path LHS", "crossing": null, "lts": null, "adt": null, "speed": null, "suburb": null, "counted": 6.0, "modelled": 28.8 }, "geometry": { "type": "Point", "coordinates": [ 174.77264, -41.29233 ] } },
{ "type": "Feature", "properties": { "kind": "counter", "rank": null, "trips": null, "census": null, "approach": "Ghuznee St road outbound", "crossing": null, "lts": null, "adt": null, "speed": null, "suburb": null, "counted": 63.1, "modelled": 28.8 }, "geometry": { "type": "Point", "coordinates": [ 174.77266, -41.29231 ] } },
{ "type": "Feature", "properties": { "kind": "counter", "rank": null, "trips": null, "census": null, "approach": "Ghuznee St road inbound LHS", "crossing": null, "lts": null, "adt": null, "speed": null, "suburb": null, "counted": 16.0, "modelled": 28.8 }, "geometry": { "type": "Point", "coordinates": [ 174.7726, -41.29225 ] } },
{ "type": "Feature", "properties": { "kind": "counter", "rank": null, "trips": null, "census": null, "approach": "Ghuznee St road inbound RHS", "crossing": null, "lts": null, "adt": null, "speed": null, "suburb": null, "counted": 90.2, "modelled": 28.8 }, "geometry": { "type": "Point", "coordinates": [ 174.77263, -41.29223 ] } },
{ "type": "Feature", "properties": { "kind": "counter", "rank": null, "trips": null, "census": null, "approach": "Ghuznee St path RHS", "crossing": null, "lts": null, "adt": null, "speed": null, "suburb": null, "counted": 10.7, "modelled": 28.8 }, "geometry": { "type": "Point", "coordinates": [ 174.77264, -41.29221 ] } },
{ "type": "Feature", "properties": { "kind": "counter", "rank": null, "trips": null, "census": null, "approach": "Taranaki St path LHS", "crossing": null, "lts": null, "adt": null, "speed": null, "suburb": null, "counted": 33.2, "modelled": 9.0 }, "geometry": { "type": "Point", "coordinates": [ 174.77548, -41.29823 ] } },
{ "type": "Feature", "properties": { "kind": "counter", "rank": null, "trips": null, "census": null, "approach": "Taranaki St road LHS", "crossing": null, "lts": null, "adt": null, "speed": null, "suburb": null, "counted": 31.5, "modelled": 9.0 }, "geometry": { "type": "Point", "coordinates": [ 174.77553, -41.29819 ] } },
{ "type": "Feature", "properties": { "kind": "counter", "rank": null, "trips": null, "census": null, "approach": "Taranaki St road RHS", "crossing": null, "lts": null, "adt": null, "speed": null, "suburb": null, "counted": 28.4, "modelled": 9.0 }, "geometry": { "type": "Point", "coordinates": [ 174.77557, -41.29819 ] } },
{ "type": "Feature", "properties": { "kind": "counter", "rank": null, "trips": null, "census": null, "approach": "Elizabeth St path LHS", "crossing": null, "lts": null, "adt": null, "speed": null, "suburb": null, "counted": 8.5, "modelled": 72.5 }, "geometry": { "type": "Point", "coordinates": [ 174.78332, -41.2957 ] } },
{ "type": "Feature", "properties": { "kind": "counter", "rank": null, "trips": null, "census": null, "approach": "Elizabeth St road", "crossing": null, "lts": null, "adt": null, "speed": null, "suburb": null, "counted": 154.8, "modelled": 72.5 }, "geometry": { "type": "Point", "coordinates": [ 174.78337, -41.29575 ] } },
{ "type": "Feature", "properties": { "kind": "counter", "rank": null, "trips": null, "census": null, "approach": "Elizabeth St path RHS", "crossing": null, "lts": null, "adt": null, "speed": null, "suburb": null, "counted": 15.0, "modelled": 72.5 }, "geometry": { "type": "Point", "coordinates": [ 174.78328, -41.29585 ] } },
{ "type": "Feature", "properties": { "kind": "counter", "rank": null, "trips": null, "census": null, "approach": "Boulcott St road Outbound", "crossing": null, "lts": null, "adt": null, "speed": null, "suburb": null, "counted": 26.9, "modelled": 67.6 }, "geometry": { "type": "Point", "coordinates": [ 174.77251, -41.28531 ] } },
{ "type": "Feature", "properties": { "kind": "counter", "rank": null, "trips": null, "census": null, "approach": "Boulcott St road Inbound LHS", "crossing": null, "lts": null, "adt": null, "speed": null, "suburb": null, "counted": 8.3, "modelled": 105.9 }, "geometry": { "type": "Point", "coordinates": [ 174.77245, -41.28531 ] } },
{ "type": "Feature", "properties": { "kind": "counter", "rank": null, "trips": null, "census": null, "approach": "Boulcott St road Inbound RHS", "crossing": null, "lts": null, "adt": null, "speed": null, "suburb": null, "counted": 23.6, "modelled": 105.9 }, "geometry": { "type": "Point", "coordinates": [ 174.7724, -41.2853 ] } },
{ "type": "Feature", "properties": { "kind": "counter", "rank": null, "trips": null, "census": null, "approach": "Boulcott St path RHS", "crossing": null, "lts": null, "adt": null, "speed": null, "suburb": null, "counted": 8.7, "modelled": 173.5 }, "geometry": { "type": "Point", "coordinates": [ 174.77239, -41.28525 ] } },
{ "type": "Feature", "properties": { "kind": "counter", "rank": null, "trips": null, "census": null, "approach": "Bowen St path LHSRamp", "crossing": null, "lts": null, "adt": null, "speed": null, "suburb": null, "counted": 26.2, "modelled": 1368.2 }, "geometry": { "type": "Point", "coordinates": [ 174.76933, -41.27886 ] } },
{ "type": "Feature", "properties": { "kind": "counter", "rank": null, "trips": null, "census": null, "approach": "Bowen St path LHS", "crossing": null, "lts": null, "adt": null, "speed": null, "suburb": null, "counted": 15.3, "modelled": 0.0 }, "geometry": { "type": "Point", "coordinates": [ 174.76949, -41.27882 ] } },
{ "type": "Feature", "properties": { "kind": "counter", "rank": null, "trips": null, "census": null, "approach": "Bowen St road Outbound", "crossing": null, "lts": null, "adt": null, "speed": null, "suburb": null, "counted": 177.4, "modelled": 720.0 }, "geometry": { "type": "Point", "coordinates": [ 174.76945, -41.27884 ] } },
{ "type": "Feature", "properties": { "kind": "counter", "rank": null, "trips": null, "census": null, "approach": "Bowen St road Inbound LHS", "crossing": null, "lts": null, "adt": null, "speed": null, "suburb": null, "counted": 12.2, "modelled": 648.2 }, "geometry": { "type": "Point", "coordinates": [ 174.76942, -41.2789 ] } },
{ "type": "Feature", "properties": { "kind": "counter", "rank": null, "trips": null, "census": null, "approach": "Bowen St road Inbound RHS", "crossing": null, "lts": null, "adt": null, "speed": null, "suburb": null, "counted": 2.3, "modelled": 92.3 }, "geometry": { "type": "Point", "coordinates": [ 174.76939, -41.27892 ] } },
{ "type": "Feature", "properties": { "kind": "counter", "rank": null, "trips": null, "census": null, "approach": "Bowen St cyclepath", "crossing": null, "lts": null, "adt": null, "speed": null, "suburb": null, "counted": 201.0, "modelled": 92.3 }, "geometry": { "type": "Point", "coordinates": [ 174.76947, -41.27899 ] } },
{ "type": "Feature", "properties": { "kind": "counter", "rank": null, "trips": null, "census": null, "approach": "Waterloo Quay path LHS", "crossing": null, "lts": null, "adt": null, "speed": null, "suburb": null, "counted": 34.3, "modelled": 117.3 }, "geometry": { "type": "Point", "coordinates": [ 174.7805, -41.27991 ] } },
{ "type": "Feature", "properties": { "kind": "counter", "rank": null, "trips": null, "census": null, "approach": "Waterloo Quay road", "crossing": null, "lts": null, "adt": null, "speed": null, "suburb": null, "counted": 38.4, "modelled": 117.3 }, "geometry": { "type": "Point", "coordinates": [ 174.78055, -41.27991 ] } },
{ "type": "Feature", "properties": { "kind": "counter", "rank": null, "trips": null, "census": null, "approach": "Lady Elizabeth Ln road Outbound", "crossing": null, "lts": null, "adt": null, "speed": null, "suburb": null, "counted": 33.1, "modelled": 129.6 }, "geometry": { "type": "Point", "coordinates": [ 174.78072, -41.28009 ] } },
{ "type": "Feature", "properties": { "kind": "counter", "rank": null, "trips": null, "census": null, "approach": "Lady Elizabeth Ln road Inbound LHS", "crossing": null, "lts": null, "adt": null, "speed": null, "suburb": null, "counted": 19.8, "modelled": 129.6 }, "geometry": { "type": "Point", "coordinates": [ 174.7807, -41.28015 ] } },
{ "type": "Feature", "properties": { "kind": "counter", "rank": null, "trips": null, "census": null, "approach": "Lady Elizabeth Ln road Inbound RHS", "crossing": null, "lts": null, "adt": null, "speed": null, "suburb": null, "counted": 118.0, "modelled": 0.0 }, "geometry": { "type": "Point", "coordinates": [ 174.78067, -41.28018 ] } },
{ "type": "Feature", "properties": { "kind": "counter", "rank": null, "trips": null, "census": null, "approach": "Waterloo Quay road Inbound1stlane", "crossing": null, "lts": null, "adt": null, "speed": null, "suburb": null, "counted": 1.4, "modelled": 28.7 }, "geometry": { "type": "Point", "coordinates": [ 174.78073, -41.27986 ] } },
{ "type": "Feature", "properties": { "kind": "counter", "rank": null, "trips": null, "census": null, "approach": "Waterloo Quay road Inbound2ndlane", "crossing": null, "lts": null, "adt": null, "speed": null, "suburb": null, "counted": 2.5, "modelled": 28.7 }, "geometry": { "type": "Point", "coordinates": [ 174.78076, -41.27988 ] } },
{ "type": "Feature", "properties": { "kind": "counter", "rank": null, "trips": null, "census": null, "approach": "Waterloo Quay road Inbound", "crossing": null, "lts": null, "adt": null, "speed": null, "suburb": null, "counted": 6.5, "modelled": 110.8 }, "geometry": { "type": "Point", "coordinates": [ 174.78079, -41.2799 ] } },
{ "type": "Feature", "properties": { "kind": "counter", "rank": null, "trips": null, "census": null, "approach": "Waterloo Quay road Turning Lane", "crossing": null, "lts": null, "adt": null, "speed": null, "suburb": null, "counted": 8.6, "modelled": 82.2 }, "geometry": { "type": "Point", "coordinates": [ 174.78079, -41.27995 ] } },
{ "type": "Feature", "properties": { "kind": "counter", "rank": null, "trips": null, "census": null, "approach": "Waterloo Quay path RHS", "crossing": null, "lts": null, "adt": null, "speed": null, "suburb": null, "counted": 78.7, "modelled": 0.0 }, "geometry": { "type": "Point", "coordinates": [ 174.78085, -41.27994 ] } },
{ "type": "Feature", "properties": { "kind": "counter", "rank": null, "trips": null, "census": null, "approach": "Salamanca Rd path LHS", "crossing": null, "lts": null, "adt": null, "speed": null, "suburb": null, "counted": 8.5, "modelled": 26.0 }, "geometry": { "type": "Point", "coordinates": [ 174.77184, -41.28881 ] } },
{ "type": "Feature", "properties": { "kind": "counter", "rank": null, "trips": null, "census": null, "approach": "Salamanca Rd road LHS", "crossing": null, "lts": null, "adt": null, "speed": null, "suburb": null, "counted": 78.5, "modelled": 12.0 }, "geometry": { "type": "Point", "coordinates": [ 174.77187, -41.28883 ] } },
{ "type": "Feature", "properties": { "kind": "counter", "rank": null, "trips": null, "census": null, "approach": "Salamanca Rd path RHS", "crossing": null, "lts": null, "adt": null, "speed": null, "suburb": null, "counted": 8.6, "modelled": 26.0 }, "geometry": { "type": "Point", "coordinates": [ 174.77188, -41.28867 ] } },
{ "type": "Feature", "properties": { "kind": "counter", "rank": null, "trips": null, "census": null, "approach": "Salamanca Rd road RHS", "crossing": null, "lts": null, "adt": null, "speed": null, "suburb": null, "counted": 43.0, "modelled": 14.0 }, "geometry": { "type": "Point", "coordinates": [ 174.77191, -41.28871 ] } },
{ "type": "Feature", "properties": { "kind": "counter", "rank": null, "trips": null, "census": null, "approach": "Taranaki St path", "crossing": null, "lts": null, "adt": null, "speed": null, "suburb": null, "counted": 28.6, "modelled": 0.4 }, "geometry": { "type": "Point", "coordinates": [ 174.77586, -41.29803 ] } },
{ "type": "Feature", "properties": { "kind": "counter", "rank": null, "trips": null, "census": null, "approach": "Taranaki St road LHS", "crossing": null, "lts": null, "adt": null, "speed": null, "suburb": null, "counted": 39.9, "modelled": 27.4 }, "geometry": { "type": "Point", "coordinates": [ 174.77583, -41.29804 ] } },
{ "type": "Feature", "properties": { "kind": "counter", "rank": null, "trips": null, "census": null, "approach": "Taranaki St road center", "crossing": null, "lts": null, "adt": null, "speed": null, "suburb": null, "counted": 20.6, "modelled": 27.4 }, "geometry": { "type": "Point", "coordinates": [ 174.7758, -41.29802 ] } },
{ "type": "Feature", "properties": { "kind": "counter", "rank": null, "trips": null, "census": null, "approach": "Taranaki St road RHS", "crossing": null, "lts": null, "adt": null, "speed": null, "suburb": null, "counted": 12.3, "modelled": 27.4 }, "geometry": { "type": "Point", "coordinates": [ 174.77576, -41.29802 ] } },
{ "type": "Feature", "properties": { "kind": "counter", "rank": null, "trips": null, "census": null, "approach": "Salamanca Rd road center", "crossing": null, "lts": null, "adt": null, "speed": null, "suburb": null, "counted": 96.8, "modelled": 14.0 }, "geometry": { "type": "Point", "coordinates": [ 174.7719, -41.28874 ] } },
{ "type": "Feature", "properties": { "kind": "counter", "rank": null, "trips": null, "census": null, "approach": "Abel Smith St road", "crossing": null, "lts": null, "adt": null, "speed": null, "suburb": null, "counted": 43.4, "modelled": 262.6 }, "geometry": { "type": "Point", "coordinates": [ 174.77097, -41.29528 ] } },
{ "type": "Feature", "properties": { "kind": "counter", "rank": null, "trips": null, "census": null, "approach": "Abel Smith St path LHS", "crossing": null, "lts": null, "adt": null, "speed": null, "suburb": null, "counted": 16.4, "modelled": 262.6 }, "geometry": { "type": "Point", "coordinates": [ 174.77097, -41.29532 ] } },
{ "type": "Feature", "properties": { "kind": "counter", "rank": null, "trips": null, "census": null, "approach": "Cuba St path RHS", "crossing": null, "lts": null, "adt": null, "speed": null, "suburb": null, "counted": 192.6, "modelled": 480.9 }, "geometry": { "type": "Point", "coordinates": [ 174.77348, -41.29719 ] } },
{ "type": "Feature", "properties": { "kind": "counter", "rank": null, "trips": null, "census": null, "approach": "Cuba St road north south", "crossing": null, "lts": null, "adt": null, "speed": null, "suburb": null, "counted": 187.7, "modelled": 427.2 }, "geometry": { "type": "Point", "coordinates": [ 174.77357, -41.29721 ] } },
{ "type": "Feature", "properties": { "kind": "counter", "rank": null, "trips": null, "census": null, "approach": "Cuba St road west east", "crossing": null, "lts": null, "adt": null, "speed": null, "suburb": null, "counted": 62.6, "modelled": 1714.6 }, "geometry": { "type": "Point", "coordinates": [ 174.77359, -41.29708 ] } },
{ "type": "Feature", "properties": { "kind": "counter", "rank": null, "trips": null, "census": null, "approach": "Cuba St path RHS", "crossing": null, "lts": null, "adt": null, "speed": null, "suburb": null, "counted": 17.4, "modelled": 188.4 }, "geometry": { "type": "Point", "coordinates": [ 174.77357, -41.29727 ] } },
{ "type": "Feature", "properties": { "kind": "counter", "rank": null, "trips": null, "census": null, "approach": "Abel Smith St path RHS", "crossing": null, "lts": null, "adt": null, "speed": null, "suburb": null, "counted": 8.2, "modelled": 37.6 }, "geometry": { "type": "Point", "coordinates": [ 174.77097, -41.29519 ] } },
{ "type": "Feature", "properties": { "kind": "counter", "rank": null, "trips": null, "census": null, "approach": "Jarden Mile road 1", "crossing": null, "lts": null, "adt": null, "speed": null, "suburb": null, "counted": 17.3, "modelled": 0.3 }, "geometry": { "type": "Point", "coordinates": [ 174.81383, -41.24706 ] } },
{ "type": "Feature", "properties": { "kind": "counter", "rank": null, "trips": null, "census": null, "approach": "Jarden Mile road 2", "crossing": null, "lts": null, "adt": null, "speed": null, "suburb": null, "counted": 99.1, "modelled": 0.5 }, "geometry": { "type": "Point", "coordinates": [ 174.81375, -41.24715 ] } },
{ "type": "Feature", "properties": { "kind": "counter", "rank": null, "trips": null, "census": null, "approach": "Jarden Mile road LHS", "crossing": null, "lts": null, "adt": null, "speed": null, "suburb": null, "counted": 12.1, "modelled": 15.9 }, "geometry": { "type": "Point", "coordinates": [ 174.81357, -41.24752 ] } },
{ "type": "Feature", "properties": { "kind": "counter", "rank": null, "trips": null, "census": null, "approach": "Jarden Mile road RHS", "crossing": null, "lts": null, "adt": null, "speed": null, "suburb": null, "counted": 11.8, "modelled": 0.0 }, "geometry": { "type": "Point", "coordinates": [ 174.81349, -41.24757 ] } },
{ "type": "Feature", "properties": { "kind": "counter", "rank": null, "trips": null, "census": null, "approach": "Jarden Mile path", "crossing": null, "lts": null, "adt": null, "speed": null, "suburb": null, "counted": 233.6, "modelled": 156.2 }, "geometry": { "type": "Point", "coordinates": [ 174.81349, -41.24761 ] } },
{ "type": "Feature", "properties": { "kind": "counter", "rank": null, "trips": null, "census": null, "approach": "Hutt Rd road RHS", "crossing": null, "lts": null, "adt": null, "speed": null, "suburb": null, "counted": 30.7, "modelled": 16.2 }, "geometry": { "type": "Point", "coordinates": [ 174.81319, -41.24741 ] } },
{ "type": "Feature", "properties": { "kind": "counter", "rank": null, "trips": null, "census": null, "approach": "Hutt Rd road LHS", "crossing": null, "lts": null, "adt": null, "speed": null, "suburb": null, "counted": 86.2, "modelled": 178.6 }, "geometry": { "type": "Point", "coordinates": [ 174.81329, -41.2475 ] } },
{ "type": "Feature", "properties": { "kind": "counter", "rank": null, "trips": null, "census": null, "approach": "Hutt Rd path", "crossing": null, "lts": null, "adt": null, "speed": null, "suburb": null, "counted": 18.2, "modelled": 12.4 }, "geometry": { "type": "Point", "coordinates": [ 174.81303, -41.24736 ] } },
{ "type": "Feature", "properties": { "kind": "counter", "rank": null, "trips": null, "census": null, "approach": "Hutt Rd road", "crossing": null, "lts": null, "adt": null, "speed": null, "suburb": null, "counted": 49.6, "modelled": 0.7 }, "geometry": { "type": "Point", "coordinates": [ 174.8132, -41.24741 ] } },
{ "type": "Feature", "properties": { "kind": "counter", "rank": null, "trips": null, "census": null, "approach": "Johnsonville Rd road LHS", "crossing": null, "lts": null, "adt": null, "speed": null, "suburb": null, "counted": 15.3, "modelled": 0.0 }, "geometry": { "type": "Point", "coordinates": [ 174.80748, -41.22469 ] } },
{ "type": "Feature", "properties": { "kind": "counter", "rank": null, "trips": null, "census": null, "approach": "Johnsonville Rd road RHS", "crossing": null, "lts": null, "adt": null, "speed": null, "suburb": null, "counted": 106.7, "modelled": 218.6 }, "geometry": { "type": "Point", "coordinates": [ 174.80742, -41.22486 ] } },
{ "type": "Feature", "properties": { "kind": "counter", "rank": null, "trips": null, "census": null, "approach": "Johnsonville Rd path LHS", "crossing": null, "lts": null, "adt": null, "speed": null, "suburb": null, "counted": 9.7, "modelled": 0.0 }, "geometry": { "type": "Point", "coordinates": [ 174.80748, -41.22483 ] } },
{ "type": "Feature", "properties": { "kind": "counter", "rank": null, "trips": null, "census": null, "approach": "Johnsonville Rd path centre", "crossing": null, "lts": null, "adt": null, "speed": null, "suburb": null, "counted": 10.9, "modelled": 0.0 }, "geometry": { "type": "Point", "coordinates": [ 174.80747, -41.22486 ] } },
{ "type": "Feature", "properties": { "kind": "counter", "rank": null, "trips": null, "census": null, "approach": "Johnsonville Rd path RHS", "crossing": null, "lts": null, "adt": null, "speed": null, "suburb": null, "counted": 8.6, "modelled": 218.6 }, "geometry": { "type": "Point", "coordinates": [ 174.80742, -41.22486 ] } },
{ "type": "Feature", "properties": { "kind": "counter", "rank": null, "trips": null, "census": null, "approach": "Johnsonville Rd road LHS", "crossing": null, "lts": null, "adt": null, "speed": null, "suburb": null, "counted": 39.1, "modelled": 40.7 }, "geometry": { "type": "Point", "coordinates": [ 174.80721, -41.22481 ] } },
{ "type": "Feature", "properties": { "kind": "counter", "rank": null, "trips": null, "census": null, "approach": "Johnsonville Rd road RHS", "crossing": null, "lts": null, "adt": null, "speed": null, "suburb": null, "counted": 102.7, "modelled": 184.0 }, "geometry": { "type": "Point", "coordinates": [ 174.80725, -41.22465 ] } },
{ "type": "Feature", "properties": { "kind": "counter", "rank": null, "trips": null, "census": null, "approach": "Johnsonville Rd path", "crossing": null, "lts": null, "adt": null, "speed": null, "suburb": null, "counted": 4.6, "modelled": 184.0 }, "geometry": { "type": "Point", "coordinates": [ 174.80747, -41.22464 ] } },
{ "type": "Feature", "properties": { "kind": "counter", "rank": null, "trips": null, "census": null, "approach": "Johnsonville Rd path LHS", "crossing": null, "lts": null, "adt": null, "speed": null, "suburb": null, "counted": 4.3, "modelled": 40.7 }, "geometry": { "type": "Point", "coordinates": [ 174.80711, -41.22465 ] } },
{ "type": "Feature", "properties": { "kind": "counter", "rank": null, "trips": null, "census": null, "approach": "Johnsonville Rd path RHS", "crossing": null, "lts": null, "adt": null, "speed": null, "suburb": null, "counted": 6.5, "modelled": 184.0 }, "geometry": { "type": "Point", "coordinates": [ 174.80722, -41.22459 ] } },
{ "type": "Feature", "properties": { "kind": "counter", "rank": null, "trips": null, "census": null, "approach": "Commonwealth Walkway path LHS", "crossing": null, "lts": null, "adt": null, "speed": null, "suburb": null, "counted": 800.3, "modelled": 231.1 }, "geometry": { "type": "Point", "coordinates": [ 174.77899, -41.28615 ] } },
{ "type": "Feature", "properties": { "kind": "counter", "rank": null, "trips": null, "census": null, "approach": "Commonwealth Walkway path RHS", "crossing": null, "lts": null, "adt": null, "speed": null, "suburb": null, "counted": 1603.2, "modelled": 3570.7 }, "geometry": { "type": "Point", "coordinates": [ 174.77907, -41.28635 ] } },
{ "type": "Feature", "properties": { "kind": "counter", "rank": null, "trips": null, "census": null, "approach": "Commonwealth Walkway path", "crossing": null, "lts": null, "adt": null, "speed": null, "suburb": null, "counted": 541.9, "modelled": 3625.6 }, "geometry": { "type": "Point", "coordinates": [ 174.77908, -41.28611 ] } },
{ "type": "Feature", "properties": { "kind": "counter", "rank": null, "trips": null, "census": null, "approach": "Todman St path LHS", "crossing": null, "lts": null, "adt": null, "speed": null, "suburb": null, "counted": 17.1, "modelled": 156.7 }, "geometry": { "type": "Point", "coordinates": [ 174.76338, -41.30524 ] } },
{ "type": "Feature", "properties": { "kind": "counter", "rank": null, "trips": null, "census": null, "approach": "Todman St path RHS", "crossing": null, "lts": null, "adt": null, "speed": null, "suburb": null, "counted": 29.2, "modelled": 171.8 }, "geometry": { "type": "Point", "coordinates": [ 174.76344, -41.30528 ] } },
{ "type": "Feature", "properties": { "kind": "counter", "rank": null, "trips": null, "census": null, "approach": "Todman St road LHS", "crossing": null, "lts": null, "adt": null, "speed": null, "suburb": null, "counted": 221.2, "modelled": 156.7 }, "geometry": { "type": "Point", "coordinates": [ 174.76321, -41.30531 ] } },
{ "type": "Feature", "properties": { "kind": "counter", "rank": null, "trips": null, "census": null, "approach": "Todman St road centrre", "crossing": null, "lts": null, "adt": null, "speed": null, "suburb": null, "counted": 37.1, "modelled": 171.8 }, "geometry": { "type": "Point", "coordinates": [ 174.76346, -41.30527 ] } },
{ "type": "Feature", "properties": { "kind": "counter", "rank": null, "trips": null, "census": null, "approach": "Todman St road RHS", "crossing": null, "lts": null, "adt": null, "speed": null, "suburb": null, "counted": 168.8, "modelled": 251.1 }, "geometry": { "type": "Point", "coordinates": [ 174.76326, -41.30547 ] } },
{ "type": "Feature", "properties": { "kind": "counter", "rank": null, "trips": null, "census": null, "approach": "Moorefield Rd road LHS", "crossing": null, "lts": null, "adt": null, "speed": null, "suburb": null, "counted": 41.4, "modelled": 91.0 }, "geometry": { "type": "Point", "coordinates": [ 174.80371, -41.2242 ] } },
{ "type": "Feature", "properties": { "kind": "counter", "rank": null, "trips": null, "census": null, "approach": "Moorefield Rd road RHS", "crossing": null, "lts": null, "adt": null, "speed": null, "suburb": null, "counted": 24.6, "modelled": 88.4 }, "geometry": { "type": "Point", "coordinates": [ 174.80399, -41.22424 ] } },
{ "type": "Feature", "properties": { "kind": "counter", "rank": null, "trips": null, "census": null, "approach": "Moorefield Rd path LHS", "crossing": null, "lts": null, "adt": null, "speed": null, "suburb": null, "counted": 3.3, "modelled": 90.8 }, "geometry": { "type": "Point", "coordinates": [ 174.80396, -41.22414 ] } },
{ "type": "Feature", "properties": { "kind": "counter", "rank": null, "trips": null, "census": null, "approach": "Moorefield Rd path RHS", "crossing": null, "lts": null, "adt": null, "speed": null, "suburb": null, "counted": 2.3, "modelled": 88.4 }, "geometry": { "type": "Point", "coordinates": [ 174.80405, -41.22423 ] } },
{ "type": "Feature", "properties": { "kind": "counter", "rank": null, "trips": null, "census": null, "approach": "Hawkestone St road LHS", "crossing": null, "lts": null, "adt": null, "speed": null, "suburb": null, "counted": 59.3, "modelled": 49.2 }, "geometry": { "type": "Point", "coordinates": [ 174.77776, -41.27503 ] } },
{ "type": "Feature", "properties": { "kind": "counter", "rank": null, "trips": null, "census": null, "approach": "Molesworth road RHS 1", "crossing": null, "lts": null, "adt": null, "speed": null, "suburb": null, "counted": 34.1, "modelled": 245.7 }, "geometry": { "type": "Point", "coordinates": [ 174.7778, -41.27492 ] } },
{ "type": "Feature", "properties": { "kind": "counter", "rank": null, "trips": null, "census": null, "approach": "Molesworth road 2", "crossing": null, "lts": null, "adt": null, "speed": null, "suburb": null, "counted": 121.0, "modelled": 280.0 }, "geometry": { "type": "Point", "coordinates": [ 174.77786, -41.27492 ] } },
{ "type": "Feature", "properties": { "kind": "counter", "rank": null, "trips": null, "census": null, "approach": "Hawkestone St path LHS", "crossing": null, "lts": null, "adt": null, "speed": null, "suburb": null, "counted": 2.4, "modelled": 49.2 }, "geometry": { "type": "Point", "coordinates": [ 174.77771, -41.27506 ] } },
{ "type": "Feature", "properties": { "kind": "counter", "rank": null, "trips": null, "census": null, "approach": "Hawkestone St path RHS", "crossing": null, "lts": null, "adt": null, "speed": null, "suburb": null, "counted": 2.8, "modelled": 49.2 }, "geometry": { "type": "Point", "coordinates": [ 174.77771, -41.27496 ] } },
{ "type": "Feature", "properties": { "kind": "counter", "rank": null, "trips": null, "census": null, "approach": "Evans Bay road", "crossing": null, "lts": null, "adt": null, "speed": null, "suburb": null, "counted": 69.2, "modelled": 44.1 }, "geometry": { "type": "Point", "coordinates": [ 174.79623, -41.31237 ] } },
{ "type": "Feature", "properties": { "kind": "counter", "rank": null, "trips": null, "census": null, "approach": "Evans Bay path", "crossing": null, "lts": null, "adt": null, "speed": null, "suburb": null, "counted": 424.7, "modelled": 1023.8 }, "geometry": { "type": "Point", "coordinates": [ 174.79596, -41.31218 ] } },
{ "type": "Feature", "properties": { "kind": "counter", "rank": null, "trips": null, "census": null, "approach": "Evans Bay road", "crossing": null, "lts": null, "adt": null, "speed": null, "suburb": null, "counted": 85.2, "modelled": 0.0 }, "geometry": { "type": "Point", "coordinates": [ 174.79588, -41.31222 ] } },
{ "type": "Feature", "properties": { "kind": "counter", "rank": null, "trips": null, "census": null, "approach": "Evans Bay path", "crossing": null, "lts": null, "adt": null, "speed": null, "suburb": null, "counted": 567.6, "modelled": 393.5 }, "geometry": { "type": "Point", "coordinates": [ 174.79633, -41.31233 ] } },
{ "type": "Feature", "properties": { "kind": "counter", "rank": null, "trips": null, "census": null, "approach": "Courtenay Pl road Northwestbound nzwel001", "crossing": null, "lts": null, "adt": null, "speed": null, "suburb": null, "counted": 68.2, "modelled": 12.6 }, "geometry": { "type": "Point", "coordinates": [ 174.78349, -41.29409 ] } },
{ "type": "Feature", "properties": { "kind": "counter", "rank": null, "trips": null, "census": null, "approach": "Ara Moana path", "crossing": null, "lts": null, "adt": null, "speed": null, "suburb": null, "counted": 1360.6, "modelled": 3805.9 }, "geometry": { "type": "Point", "coordinates": [ 174.78348, -41.2901 ] } },
{ "type": "Feature", "properties": { "kind": "counter", "rank": null, "trips": null, "census": null, "approach": "Commonwealth Walkway path", "crossing": null, "lts": null, "adt": null, "speed": null, "suburb": null, "counted": 1468.9, "modelled": 3206.5 }, "geometry": { "type": "Point", "coordinates": [ 174.78036, -41.2896 ] } },
{ "type": "Feature", "properties": { "kind": "counter", "rank": null, "trips": null, "census": null, "approach": "Moorefield Rd road", "crossing": null, "lts": null, "adt": null, "speed": null, "suburb": null, "counted": 67.8, "modelled": 102.4 }, "geometry": { "type": "Point", "coordinates": [ 174.80376, -41.22445 ] } },
{ "type": "Feature", "properties": { "kind": "counter", "rank": null, "trips": null, "census": null, "approach": "Broderick Rd road", "crossing": null, "lts": null, "adt": null, "speed": null, "suburb": null, "counted": 28.9, "modelled": 77.2 }, "geometry": { "type": "Point", "coordinates": [ 174.8036, -41.22428 ] } },
{ "type": "Feature", "properties": { "kind": "counter", "rank": null, "trips": null, "census": null, "approach": "Willis St path LHS", "crossing": null, "lts": null, "adt": null, "speed": null, "suburb": null, "counted": 33.1, "modelled": 143.2 }, "geometry": { "type": "Point", "coordinates": [ 174.77045, -41.29695 ] } },
{ "type": "Feature", "properties": { "kind": "counter", "rank": null, "trips": null, "census": null, "approach": "Willis St road", "crossing": null, "lts": null, "adt": null, "speed": null, "suburb": null, "counted": 296.1, "modelled": 143.2 }, "geometry": { "type": "Point", "coordinates": [ 174.77042, -41.29695 ] } },
{ "type": "Feature", "properties": { "kind": "counter", "rank": null, "trips": null, "census": null, "approach": "Willis St path RHS", "crossing": null, "lts": null, "adt": null, "speed": null, "suburb": null, "counted": 17.7, "modelled": 143.2 }, "geometry": { "type": "Point", "coordinates": [ 174.77028, -41.2969 ] } },
{ "type": "Feature", "properties": { "kind": "counter", "rank": null, "trips": null, "census": null, "approach": "Dixon St path LHS", "crossing": null, "lts": null, "adt": null, "speed": null, "suburb": null, "counted": 5.6, "modelled": 15.2 }, "geometry": { "type": "Point", "coordinates": [ 174.77356, -41.29084 ] } },
{ "type": "Feature", "properties": { "kind": "counter", "rank": null, "trips": null, "census": null, "approach": "Dixon St road", "crossing": null, "lts": null, "adt": null, "speed": null, "suburb": null, "counted": 48.3, "modelled": 28.8 }, "geometry": { "type": "Point", "coordinates": [ 174.77347, -41.29079 ] } },
{ "type": "Feature", "properties": { "kind": "counter", "rank": null, "trips": null, "census": null, "approach": "Dixon St path RHS", "crossing": null, "lts": null, "adt": null, "speed": null, "suburb": null, "counted": 4.8, "modelled": 15.2 }, "geometry": { "type": "Point", "coordinates": [ 174.77351, -41.29072 ] } },
{ "type": "Feature", "properties": { "kind": "counter", "rank": null, "trips": null, "census": null, "approach": "Everton Ter path RHS", "crossing": null, "lts": null, "adt": null, "speed": null, "suburb": null, "counted": 1.9, "modelled": 42.0 }, "geometry": { "type": "Point", "coordinates": [ 174.77342, -41.2854 ] } },
{ "type": "Feature", "properties": { "kind": "counter", "rank": null, "trips": null, "census": null, "approach": "Everton Ter road inbound RHS", "crossing": null, "lts": null, "adt": null, "speed": null, "suburb": null, "counted": 11.8, "modelled": 24.1 }, "geometry": { "type": "Point", "coordinates": [ 174.77344, -41.28545 ] } },
{ "type": "Feature", "properties": { "kind": "counter", "rank": null, "trips": null, "census": null, "approach": "Everton Ter road inbound LHS", "crossing": null, "lts": null, "adt": null, "speed": null, "suburb": null, "counted": 4.5, "modelled": 24.1 }, "geometry": { "type": "Point", "coordinates": [ 174.77341, -41.28548 ] } },
{ "type": "Feature", "properties": { "kind": "counter", "rank": null, "trips": null, "census": null, "approach": "Everton Ter road outbound", "crossing": null, "lts": null, "adt": null, "speed": null, "suburb": null, "counted": 11.1, "modelled": 17.9 }, "geometry": { "type": "Point", "coordinates": [ 174.77338, -41.2855 ] } },
{ "type": "Feature", "properties": { "kind": "counter", "rank": null, "trips": null, "census": null, "approach": "Everton Ter path LHS", "crossing": null, "lts": null, "adt": null, "speed": null, "suburb": null, "counted": 0.2, "modelled": 42.0 }, "geometry": { "type": "Point", "coordinates": [ 174.77333, -41.28551 ] } },
{ "type": "Feature", "properties": { "kind": "counter", "rank": null, "trips": null, "census": null, "approach": "Coutts St path LHS", "crossing": null, "lts": null, "adt": null, "speed": null, "suburb": null, "counted": 133.6, "modelled": 36.2 }, "geometry": { "type": "Point", "coordinates": [ 174.80908, -41.32474 ] } },
{ "type": "Feature", "properties": { "kind": "counter", "rank": null, "trips": null, "census": null, "approach": "Coutts St path", "crossing": null, "lts": null, "adt": null, "speed": null, "suburb": null, "counted": 155.0, "modelled": 863.5 }, "geometry": { "type": "Point", "coordinates": [ 174.80916, -41.32471 ] } },
{ "type": "Feature", "properties": { "kind": "counter", "rank": null, "trips": null, "census": null, "approach": "Commonwealth Walkway left", "crossing": null, "lts": null, "adt": null, "speed": null, "suburb": null, "counted": 406.3, "modelled": 50.5 }, "geometry": { "type": "Point", "coordinates": [ 174.78049, -41.28992 ] } },
{ "type": "Feature", "properties": { "kind": "counter", "rank": null, "trips": null, "census": null, "approach": "Ara Moana left", "crossing": null, "lts": null, "adt": null, "speed": null, "suburb": null, "counted": 663.1, "modelled": 2484.9 }, "geometry": { "type": "Point", "coordinates": [ 174.78354, -41.29058 ] } },
{ "type": "Feature", "properties": { "kind": "counter", "rank": null, "trips": null, "census": null, "approach": "Ara Moana path", "crossing": null, "lts": null, "adt": null, "speed": null, "suburb": null, "counted": 609.5, "modelled": 2564.0 }, "geometry": { "type": "Point", "coordinates": [ 174.78355, -41.29065 ] } },
{ "type": "Feature", "properties": { "kind": "counter", "rank": null, "trips": null, "census": null, "approach": "Herd St path", "crossing": null, "lts": null, "adt": null, "speed": null, "suburb": null, "counted": 8.2, "modelled": 48.4 }, "geometry": { "type": "Point", "coordinates": [ 174.78654, -41.29165 ] } },
{ "type": "Feature", "properties": { "kind": "counter", "rank": null, "trips": null, "census": null, "approach": "Oriental Parade path/cycle Ln RHS", "crossing": null, "lts": null, "adt": null, "speed": null, "suburb": null, "counted": 847.6, "modelled": 48.4 }, "geometry": { "type": "Point", "coordinates": [ 174.78665, -41.29162 ] } },
{ "type": "Feature", "properties": { "kind": "counter", "rank": null, "trips": null, "census": null, "approach": "Oriental Parade path/cycle Ln LHS", "crossing": null, "lts": null, "adt": null, "speed": null, "suburb": null, "counted": 26.0, "modelled": 48.4 }, "geometry": { "type": "Point", "coordinates": [ 174.78665, -41.29157 ] } },
{ "type": "Feature", "properties": { "kind": "counter", "rank": null, "trips": null, "census": null, "approach": "Herd St road out", "crossing": null, "lts": null, "adt": null, "speed": null, "suburb": null, "counted": 21.2, "modelled": 1235.2 }, "geometry": { "type": "Point", "coordinates": [ 174.78651, -41.29169 ] } },
{ "type": "Feature", "properties": { "kind": "counter", "rank": null, "trips": null, "census": null, "approach": "Herd St road in", "crossing": null, "lts": null, "adt": null, "speed": null, "suburb": null, "counted": 18.3, "modelled": 1235.2 }, "geometry": { "type": "Point", "coordinates": [ 174.78645, -41.29171 ] } },
{ "type": "Feature", "properties": { "kind": "counter", "rank": null, "trips": null, "census": null, "approach": "Oriental Parade road", "crossing": null, "lts": null, "adt": null, "speed": null, "suburb": null, "counted": 66.9, "modelled": 1341.2 }, "geometry": { "type": "Point", "coordinates": [ 174.78659, -41.29171 ] } },
{ "type": "Feature", "properties": { "kind": "counter", "rank": null, "trips": null, "census": null, "approach": "Oriental Parade path", "crossing": null, "lts": null, "adt": null, "speed": null, "suburb": null, "counted": 2.7, "modelled": 1341.2 }, "geometry": { "type": "Point", "coordinates": [ 174.78664, -41.29181 ] } },
{ "type": "Feature", "properties": { "kind": "counter", "rank": null, "trips": null, "census": null, "approach": "Tasman St path LHS", "crossing": null, "lts": null, "adt": null, "speed": null, "suburb": null, "counted": 21.4, "modelled": 578.2 }, "geometry": { "type": "Point", "coordinates": [ 174.77794, -41.29958 ] } },
{ "type": "Feature", "properties": { "kind": "counter", "rank": null, "trips": null, "census": null, "approach": "Tasman St road", "crossing": null, "lts": null, "adt": null, "speed": null, "suburb": null, "counted": 496.1, "modelled": 578.2 }, "geometry": { "type": "Point", "coordinates": [ 174.77799, -41.29959 ] } },
{ "type": "Feature", "properties": { "kind": "counter", "rank": null, "trips": null, "census": null, "approach": "Tasman St path RHS", "crossing": null, "lts": null, "adt": null, "speed": null, "suburb": null, "counted": 19.9, "modelled": 578.2 }, "geometry": { "type": "Point", "coordinates": [ 174.77809, -41.29959 ] } },
{ "type": "Feature", "properties": { "kind": "counter", "rank": null, "trips": null, "census": null, "approach": "Lady Elizabeth Ln path LHS", "crossing": null, "lts": null, "adt": null, "speed": null, "suburb": null, "counted": 588.6, "modelled": 785.0 }, "geometry": { "type": "Point", "coordinates": [ 174.77913, -41.28221 ] } },
{ "type": "Feature", "properties": { "kind": "counter", "rank": null, "trips": null, "census": null, "approach": "Lady Elizabeth Ln path RHS", "crossing": null, "lts": null, "adt": null, "speed": null, "suburb": null, "counted": 596.0, "modelled": 2709.7 }, "geometry": { "type": "Point", "coordinates": [ 174.77925, -41.28224 ] } },
{ "type": "Feature", "properties": { "kind": "counter", "rank": null, "trips": null, "census": null, "approach": "Middleton Rd path", "crossing": null, "lts": null, "adt": null, "speed": null, "suburb": null, "counted": 5.0, "modelled": 1.2 }, "geometry": { "type": "Point", "coordinates": [ 174.80808, -41.22025 ] } },
{ "type": "Feature", "properties": { "kind": "counter", "rank": null, "trips": null, "census": null, "approach": "Middleton Rd road", "crossing": null, "lts": null, "adt": null, "speed": null, "suburb": null, "counted": 98.6, "modelled": 39.2 }, "geometry": { "type": "Point", "coordinates": [ 174.80804, -41.22023 ] } },
{ "type": "Feature", "properties": { "kind": "counter", "rank": null, "trips": null, "census": null, "approach": "Thorndon Quay cycle Lane", "crossing": null, "lts": null, "adt": null, "speed": null, "suburb": null, "counted": 1067.7, "modelled": 1663.4 }, "geometry": { "type": "Point", "coordinates": [ 174.78148, -41.26763 ] } },
{ "type": "Feature", "properties": { "kind": "counter", "rank": null, "trips": null, "census": null, "approach": "Thorndon Quay path", "crossing": null, "lts": null, "adt": null, "speed": null, "suburb": null, "counted": 33.3, "modelled": 1663.4 }, "geometry": { "type": "Point", "coordinates": [ 174.78149, -41.26764 ] } },
{ "type": "Feature", "properties": { "kind": "counter", "rank": null, "trips": null, "census": null, "approach": "Thorndon Quay road", "crossing": null, "lts": null, "adt": null, "speed": null, "suburb": null, "counted": 88.3, "modelled": 1911.6 }, "geometry": { "type": "Point", "coordinates": [ 174.78143, -41.26765 ] } },
{ "type": "Feature", "properties": { "kind": "counter", "rank": null, "trips": null, "census": null, "approach": "Adelaide Rd RHSkerb", "crossing": null, "lts": null, "adt": null, "speed": null, "suburb": null, "counted": 25.8, "modelled": 1.5 }, "geometry": { "type": "Point", "coordinates": [ 174.77524, -41.31972 ] } },
{ "type": "Feature", "properties": { "kind": "counter", "rank": null, "trips": null, "census": null, "approach": "Molesworth St road", "crossing": null, "lts": null, "adt": null, "speed": null, "suburb": null, "counted": 89.7, "modelled": 0.0 }, "geometry": { "type": "Point", "coordinates": [ 174.77756, -41.27181 ] } },
{ "type": "Feature", "properties": { "kind": "counter", "rank": null, "trips": null, "census": null, "approach": "Hutt Rd South Cycles", "crossing": null, "lts": null, "adt": null, "speed": null, "suburb": null, "counted": 462.8, "modelled": 1736.2 }, "geometry": { "type": "Point", "coordinates": [ 174.78973, -41.26029 ] } },
{ "type": "Feature", "properties": { "kind": "counter", "rank": null, "trips": null, "census": null, "approach": "Hutt Rd Roadcycles Sth", "crossing": null, "lts": null, "adt": null, "speed": null, "suburb": null, "counted": 456.2, "modelled": 2142.8 }, "geometry": { "type": "Point", "coordinates": [ 174.78979, -41.26023 ] } },
{ "type": "Feature", "properties": { "kind": "counter", "rank": null, "trips": null, "census": null, "approach": "Hutt Rd Roadcycles Nrth", "crossing": null, "lts": null, "adt": null, "speed": null, "suburb": null, "counted": 26.1, "modelled": 33.2 }, "geometry": { "type": "Point", "coordinates": [ 174.78972, -41.26003 ] } },
{ "type": "Feature", "properties": { "kind": "counter", "rank": null, "trips": null, "census": null, "approach": "Murphy St Road", "crossing": null, "lts": null, "adt": null, "speed": null, "suburb": null, "counted": 51.2, "modelled": 306.9 }, "geometry": { "type": "Point", "coordinates": [ 174.77779, -41.27176 ] } },
{ "type": "Feature", "properties": { "kind": "counter", "rank": null, "trips": null, "census": null, "approach": "Molesworth St Road", "crossing": null, "lts": null, "adt": null, "speed": null, "suburb": null, "counted": 122.8, "modelled": 195.0 }, "geometry": { "type": "Point", "coordinates": [ 174.77776, -41.27182 ] } },
{ "type": "Feature", "properties": { "kind": "counter", "rank": null, "trips": null, "census": null, "approach": "Murphy St LHS Cycle", "crossing": null, "lts": null, "adt": null, "speed": null, "suburb": null, "counted": 57.9, "modelled": 5.1 }, "geometry": { "type": "Point", "coordinates": [ 174.77786, -41.27176 ] } },
{ "type": "Feature", "properties": { "kind": "counter", "rank": null, "trips": null, "census": null, "approach": "Molesworth St RHS Cycle", "crossing": null, "lts": null, "adt": null, "speed": null, "suburb": null, "counted": 105.5, "modelled": 195.0 }, "geometry": { "type": "Point", "coordinates": [ 174.77779, -41.27203 ] } },
{ "type": "Feature", "properties": { "kind": "counter", "rank": null, "trips": null, "census": null, "approach": "S84 Herd St path2", "crossing": null, "lts": null, "adt": null, "speed": null, "suburb": null, "counted": 208.6, "modelled": 97.0 }, "geometry": { "type": "Point", "coordinates": [ 174.78648, -41.29158 ] } },
{ "type": "Feature", "properties": { "kind": "counter", "rank": null, "trips": null, "census": null, "approach": "Oriental Parade path2", "crossing": null, "lts": null, "adt": null, "speed": null, "suburb": null, "counted": 219.9, "modelled": 106.9 }, "geometry": { "type": "Point", "coordinates": [ 174.78641, -41.29173 ] } },
{ "type": "Feature", "properties": { "kind": "counter", "rank": null, "trips": null, "census": null, "approach": "The Parade path LHS", "crossing": null, "lts": null, "adt": null, "speed": null, "suburb": null, "counted": 16.0, "modelled": 32.7 }, "geometry": { "type": "Point", "coordinates": [ 174.77319, -41.33534 ] } },
{ "type": "Feature", "properties": { "kind": "counter", "rank": null, "trips": null, "census": null, "approach": "The Parade road", "crossing": null, "lts": null, "adt": null, "speed": null, "suburb": null, "counted": 15.1, "modelled": 767.6 }, "geometry": { "type": "Point", "coordinates": [ 174.77322, -41.33536 ] } },
{ "type": "Feature", "properties": { "kind": "counter", "rank": null, "trips": null, "census": null, "approach": "The Parade cycle Ln", "crossing": null, "lts": null, "adt": null, "speed": null, "suburb": null, "counted": 126.8, "modelled": 4.8 }, "geometry": { "type": "Point", "coordinates": [ 174.77335, -41.33538 ] } },
{ "type": "Feature", "properties": { "kind": "counter", "rank": null, "trips": null, "census": null, "approach": "The Parade path RHS", "crossing": null, "lts": null, "adt": null, "speed": null, "suburb": null, "counted": 10.5, "modelled": 4.8 }, "geometry": { "type": "Point", "coordinates": [ 174.77341, -41.3354 ] } },
{ "type": "Feature", "properties": { "kind": "counter", "rank": null, "trips": null, "census": null, "approach": "Commonwealth Walkway path2", "crossing": null, "lts": null, "adt": null, "speed": null, "suburb": null, "counted": 1318.8, "modelled": 3784.6 }, "geometry": { "type": "Point", "coordinates": [ 174.7804, -41.28962 ] } },
{ "type": "Feature", "properties": { "kind": "counter", "rank": null, "trips": null, "census": null, "approach": "Commonwealth Walkway path3", "crossing": null, "lts": null, "adt": null, "speed": null, "suburb": null, "counted": 536.5, "modelled": 787.4 }, "geometry": { "type": "Point", "coordinates": [ 174.78038, -41.28969 ] } },
{ "type": "Feature", "properties": { "kind": "counter", "rank": null, "trips": null, "census": null, "approach": "The Parade path", "crossing": null, "lts": null, "adt": null, "speed": null, "suburb": null, "counted": 122.2, "modelled": 4.8 }, "geometry": { "type": "Point", "coordinates": [ 174.77347, -41.33477 ] } },
{ "type": "Feature", "properties": { "kind": "counter", "rank": null, "trips": null, "census": null, "approach": "Paterson St path LHS", "crossing": null, "lts": null, "adt": null, "speed": null, "suburb": null, "counted": 1.9, "modelled": 9.2 }, "geometry": { "type": "Point", "coordinates": [ 174.78317, -41.3012 ] } },
{ "type": "Feature", "properties": { "kind": "counter", "rank": null, "trips": null, "census": null, "approach": "Paterson St path middle", "crossing": null, "lts": null, "adt": null, "speed": null, "suburb": null, "counted": 346.0, "modelled": 1862.1 }, "geometry": { "type": "Point", "coordinates": [ 174.78304, -41.30124 ] } },
{ "type": "Feature", "properties": { "kind": "counter", "rank": null, "trips": null, "census": null, "approach": "Paterson St path RHS", "crossing": null, "lts": null, "adt": null, "speed": null, "suburb": null, "counted": 1.2, "modelled": 2.0 }, "geometry": { "type": "Point", "coordinates": [ 174.78301, -41.30137 ] } },
{ "type": "Feature", "properties": { "kind": "counter", "rank": null, "trips": null, "census": null, "approach": "Paterson St road LHS", "crossing": null, "lts": null, "adt": null, "speed": null, "suburb": null, "counted": 18.7, "modelled": 9.2 }, "geometry": { "type": "Point", "coordinates": [ 174.78313, -41.30121 ] } },
{ "type": "Feature", "properties": { "kind": "counter", "rank": null, "trips": null, "census": null, "approach": "Paterson St road RHS", "crossing": null, "lts": null, "adt": null, "speed": null, "suburb": null, "counted": 30.4, "modelled": 635.5 }, "geometry": { "type": "Point", "coordinates": [ 174.7831, -41.30127 ] } },
{ "type": "Feature", "properties": { "kind": "counter", "rank": null, "trips": null, "census": null, "approach": "Gee St footpath", "crossing": null, "lts": null, "adt": null, "speed": null, "suburb": null, "counted": 106.6, "modelled": 3.2 }, "geometry": { "type": "Point", "coordinates": [ 174.83279, -41.15344 ] } },
{ "type": "Feature", "properties": { "kind": "counter", "rank": null, "trips": null, "census": null, "approach": "Gee St path LHS", "crossing": null, "lts": null, "adt": null, "speed": null, "suburb": null, "counted": 6.4, "modelled": 3.2 }, "geometry": { "type": "Point", "coordinates": [ 174.83279, -41.15343 ] } },
{ "type": "Feature", "properties": { "kind": "counter", "rank": null, "trips": null, "census": null, "approach": "Gee St road", "crossing": null, "lts": null, "adt": null, "speed": null, "suburb": null, "counted": 16.9, "modelled": 1.0 }, "geometry": { "type": "Point", "coordinates": [ 174.83276, -41.15345 ] } },
{ "type": "Feature", "properties": { "kind": "counter", "rank": null, "trips": null, "census": null, "approach": "Gee St path RHS", "crossing": null, "lts": null, "adt": null, "speed": null, "suburb": null, "counted": 1.3, "modelled": 1.0 }, "geometry": { "type": "Point", "coordinates": [ 174.83267, -41.15346 ] } },
{ "type": "Feature", "properties": { "kind": "counter", "rank": null, "trips": null, "census": null, "approach": "Onepu Rd road east RHS", "crossing": null, "lts": null, "adt": null, "speed": null, "suburb": null, "counted": 14.4, "modelled": 267.1 }, "geometry": { "type": "Point", "coordinates": [ 174.79622, -41.31825 ] } },
{ "type": "Feature", "properties": { "kind": "counter", "rank": null, "trips": null, "census": null, "approach": "Onepu Rd road east LHS", "crossing": null, "lts": null, "adt": null, "speed": null, "suburb": null, "counted": 53.7, "modelled": 601.5 }, "geometry": { "type": "Point", "coordinates": [ 174.79627, -41.31825 ] } },
{ "type": "Feature", "properties": { "kind": "counter", "rank": null, "trips": null, "census": null, "approach": "Onepu Rd road north RHS", "crossing": null, "lts": null, "adt": null, "speed": null, "suburb": null, "counted": 26.5, "modelled": 21.8 }, "geometry": { "type": "Point", "coordinates": [ 174.7964, -41.31821 ] } },
{ "type": "Feature", "properties": { "kind": "counter", "rank": null, "trips": null, "census": null, "approach": "Onepu Rd road north LHS", "crossing": null, "lts": null, "adt": null, "speed": null, "suburb": null, "counted": 23.2, "modelled": 407.9 }, "geometry": { "type": "Point", "coordinates": [ 174.7964, -41.31817 ] } },
{ "type": "Feature", "properties": { "kind": "counter", "rank": null, "trips": null, "census": null, "approach": "Onepu Rd road west", "crossing": null, "lts": null, "adt": null, "speed": null, "suburb": null, "counted": 12.7, "modelled": 8.3 }, "geometry": { "type": "Point", "coordinates": [ 174.79649, -41.31798 ] } },
{ "type": "Feature", "properties": { "kind": "counter", "rank": null, "trips": null, "census": null, "approach": "Willowbank Rd road", "crossing": null, "lts": null, "adt": null, "speed": null, "suburb": null, "counted": 92.1, "modelled": 23.4 }, "geometry": { "type": "Point", "coordinates": [ 174.82817, -41.18571 ] } },
{ "type": "Feature", "properties": { "kind": "counter", "rank": null, "trips": null, "census": null, "approach": "Takapu Rd road", "crossing": null, "lts": null, "adt": null, "speed": null, "suburb": null, "counted": 16.2, "modelled": 11.4 }, "geometry": { "type": "Point", "coordinates": [ 174.82812, -41.18558 ] } },
{ "type": "Feature", "properties": { "kind": "counter", "rank": null, "trips": null, "census": null, "approach": "Takapu Rd path", "crossing": null, "lts": null, "adt": null, "speed": null, "suburb": null, "counted": 1.6, "modelled": 0.0 }, "geometry": { "type": "Point", "coordinates": [ 174.82823, -41.18555 ] } },
{ "type": "Feature", "properties": { "kind": "counter", "rank": null, "trips": null, "census": null, "approach": "The Parade road", "crossing": null, "lts": null, "adt": null, "speed": null, "suburb": null, "counted": 22.3, "modelled": 805.2 }, "geometry": { "type": "Point", "coordinates": [ 174.77335, -41.33456 ] } },
{ "type": "Feature", "properties": { "kind": "counter", "rank": null, "trips": null, "census": null, "approach": "The Parade path", "crossing": null, "lts": null, "adt": null, "speed": null, "suburb": null, "counted": 92.4, "modelled": 4.8 }, "geometry": { "type": "Point", "coordinates": [ 174.77347, -41.33453 ] } },
{ "type": "Feature", "properties": { "kind": "counter", "rank": null, "trips": null, "census": null, "approach": "Queens Wharf road", "crossing": null, "lts": null, "adt": null, "speed": null, "suburb": null, "counted": 543.8, "modelled": 77.4 }, "geometry": { "type": "Point", "coordinates": [ 174.77818, -41.28503 ] } },
{ "type": "Feature", "properties": { "kind": "counter", "rank": null, "trips": null, "census": null, "approach": "Queens Wharf path1", "crossing": null, "lts": null, "adt": null, "speed": null, "suburb": null, "counted": 146.0, "modelled": 265.9 }, "geometry": { "type": "Point", "coordinates": [ 174.77834, -41.28505 ] } },
{ "type": "Feature", "properties": { "kind": "counter", "rank": null, "trips": null, "census": null, "approach": "Queens Wharf path2", "crossing": null, "lts": null, "adt": null, "speed": null, "suburb": null, "counted": 791.9, "modelled": 1778.2 }, "geometry": { "type": "Point", "coordinates": [ 174.77818, -41.28491 ] } },
{ "type": "Feature", "properties": { "kind": "counter", "rank": null, "trips": null, "census": null, "approach": "Aro St road", "crossing": null, "lts": null, "adt": null, "speed": null, "suburb": null, "counted": 240.9, "modelled": 22.4 }, "geometry": { "type": "Point", "coordinates": [ 174.76994, -41.296 ] } },
{ "type": "Feature", "properties": { "kind": "counter", "rank": null, "trips": null, "census": null, "approach": "Aro St path LHS", "crossing": null, "lts": null, "adt": null, "speed": null, "suburb": null, "counted": 10.2, "modelled": 22.4 }, "geometry": { "type": "Point", "coordinates": [ 174.77, -41.29599 ] } },
{ "type": "Feature", "properties": { "kind": "counter", "rank": null, "trips": null, "census": null, "approach": "Aro St path RHS", "crossing": null, "lts": null, "adt": null, "speed": null, "suburb": null, "counted": 8.8, "modelled": 22.4 }, "geometry": { "type": "Point", "coordinates": [ 174.7699, -41.29607 ] } },
{ "type": "Feature", "properties": { "kind": "counter", "rank": null, "trips": null, "census": null, "approach": "Cuba St road", "crossing": null, "lts": null, "adt": null, "speed": null, "suburb": null, "counted": 91.8, "modelled": 48.2 }, "geometry": { "type": "Point", "coordinates": [ 174.77574, -41.29332 ] } },
{ "type": "Feature", "properties": { "kind": "counter", "rank": null, "trips": null, "census": null, "approach": "Ghuznee St path LHS", "crossing": null, "lts": null, "adt": null, "speed": null, "suburb": null, "counted": 1.0, "modelled": 261.2 }, "geometry": { "type": "Point", "coordinates": [ 174.7758, -41.29332 ] } },
{ "type": "Feature", "properties": { "kind": "counter", "rank": null, "trips": null, "census": null, "approach": "Ghuznee St path RHS", "crossing": null, "lts": null, "adt": null, "speed": null, "suburb": null, "counted": 5.3, "modelled": 271.4 }, "geometry": { "type": "Point", "coordinates": [ 174.7756, -41.29327 ] } },
{ "type": "Feature", "properties": { "kind": "counter", "rank": null, "trips": null, "census": null, "approach": "Cuba St walkway", "crossing": null, "lts": null, "adt": null, "speed": null, "suburb": null, "counted": 143.7, "modelled": 21.0 }, "geometry": { "type": "Point", "coordinates": [ 174.77692, -41.29135 ] } },
{ "type": "Feature", "properties": { "kind": "counter", "rank": null, "trips": null, "census": null, "approach": "Cuba St path RHS", "crossing": null, "lts": null, "adt": null, "speed": null, "suburb": null, "counted": 37.1, "modelled": 41.2 }, "geometry": { "type": "Point", "coordinates": [ 174.77679, -41.29124 ] } },
{ "type": "Feature", "properties": { "kind": "counter", "rank": null, "trips": null, "census": null, "approach": "Cuba St path LHS", "crossing": null, "lts": null, "adt": null, "speed": null, "suburb": null, "counted": 19.0, "modelled": 21.0 }, "geometry": { "type": "Point", "coordinates": [ 174.77693, -41.29136 ] } },
{ "type": "Feature", "properties": { "kind": "counter", "rank": null, "trips": null, "census": null, "approach": "Cuba St path RHS", "crossing": null, "lts": null, "adt": null, "speed": null, "suburb": null, "counted": 39.4, "modelled": 20.3 }, "geometry": { "type": "Point", "coordinates": [ 174.77695, -41.29117 ] } },
{ "type": "Feature", "properties": { "kind": "counter", "rank": null, "trips": null, "census": null, "approach": "Cuba St path LHS", "crossing": null, "lts": null, "adt": null, "speed": null, "suburb": null, "counted": 37.2, "modelled": 20.3 }, "geometry": { "type": "Point", "coordinates": [ 174.77684, -41.29106 ] } },
{ "type": "Feature", "properties": { "kind": "counter", "rank": null, "trips": null, "census": null, "approach": "Manners St path", "crossing": null, "lts": null, "adt": null, "speed": null, "suburb": null, "counted": 32.8, "modelled": 20.3 }, "geometry": { "type": "Point", "coordinates": [ 174.77681, -41.29106 ] } },
{ "type": "Feature", "properties": { "kind": "counter", "rank": null, "trips": null, "census": null, "approach": "Cuba St road", "crossing": null, "lts": null, "adt": null, "speed": null, "suburb": null, "counted": 87.7, "modelled": 20.3 }, "geometry": { "type": "Point", "coordinates": [ 174.77692, -41.29111 ] } },
{ "type": "Feature", "properties": { "kind": "counter", "rank": null, "trips": null, "census": null, "approach": "Cuba St path LHS", "crossing": null, "lts": null, "adt": null, "speed": null, "suburb": null, "counted": 28.5, "modelled": 158.4 }, "geometry": { "type": "Point", "coordinates": [ 174.77484, -41.29468 ] } },
{ "type": "Feature", "properties": { "kind": "counter", "rank": null, "trips": null, "census": null, "approach": "Vivian St path RHS", "crossing": null, "lts": null, "adt": null, "speed": null, "suburb": null, "counted": 15.8, "modelled": 3.9 }, "geometry": { "type": "Point", "coordinates": [ 174.7748, -41.29469 ] } },
{ "type": "Feature", "properties": { "kind": "counter", "rank": null, "trips": null, "census": null, "approach": "Cuba St road", "crossing": null, "lts": null, "adt": null, "speed": null, "suburb": null, "counted": 122.7, "modelled": 158.4 }, "geometry": { "type": "Point", "coordinates": [ 174.77487, -41.29468 ] } },
{ "type": "Feature", "properties": { "kind": "counter", "rank": null, "trips": null, "census": null, "approach": "Vivian St road", "crossing": null, "lts": null, "adt": null, "speed": null, "suburb": null, "counted": 76.8, "modelled": 3.9 }, "geometry": { "type": "Point", "coordinates": [ 174.77477, -41.29478 ] } },
{ "type": "Feature", "properties": { "kind": "counter", "rank": null, "trips": null, "census": null, "approach": "Cuba St path", "crossing": null, "lts": null, "adt": null, "speed": null, "suburb": null, "counted": 16.6, "modelled": 180.2 }, "geometry": { "type": "Point", "coordinates": [ 174.77477, -41.29485 ] } },
{ "type": "Feature", "properties": { "kind": "counter", "rank": null, "trips": null, "census": null, "approach": "Cuba St road", "crossing": null, "lts": null, "adt": null, "speed": null, "suburb": null, "counted": 140.9, "modelled": 180.2 }, "geometry": { "type": "Point", "coordinates": [ 174.77492, -41.29486 ] } },
{ "type": "Feature", "properties": { "kind": "counter", "rank": null, "trips": null, "census": null, "approach": "Vivian St path", "crossing": null, "lts": null, "adt": null, "speed": null, "suburb": null, "counted": 9.3, "modelled": 3.9 }, "geometry": { "type": "Point", "coordinates": [ 174.77467, -41.29476 ] } },
{ "type": "Feature", "properties": { "kind": "counter", "rank": null, "trips": null, "census": null, "approach": "S91 Bowen St cycle Ln", "crossing": null, "lts": null, "adt": null, "speed": null, "suburb": null, "counted": 25.7, "modelled": 0.0 }, "geometry": { "type": "Point", "coordinates": [ 174.76952, -41.27915 ] } },
{ "type": "Feature", "properties": { "kind": "counter", "rank": null, "trips": null, "census": null, "approach": "Bowen St road RHS", "crossing": null, "lts": null, "adt": null, "speed": null, "suburb": null, "counted": 197.6, "modelled": 3068.9 }, "geometry": { "type": "Point", "coordinates": [ 174.76914, -41.27891 ] } },
{ "type": "Feature", "properties": { "kind": "counter", "rank": null, "trips": null, "census": null, "approach": "Bowen St road LHS", "crossing": null, "lts": null, "adt": null, "speed": null, "suburb": null, "counted": 91.4, "modelled": 3161.2 }, "geometry": { "type": "Point", "coordinates": [ 174.7692, -41.27895 ] } },
{ "type": "Feature", "properties": { "kind": "counter", "rank": null, "trips": null, "census": null, "approach": "Herd St path2", "crossing": null, "lts": null, "adt": null, "speed": null, "suburb": null, "counted": 423.0, "modelled": 97.0 }, "geometry": { "type": "Point", "coordinates": [ 174.78642, -41.29157 ] } },
{ "type": "Feature", "properties": { "kind": "counter", "rank": null, "trips": null, "census": null, "approach": "Tawa St path", "crossing": null, "lts": null, "adt": null, "speed": null, "suburb": null, "counted": 45.9, "modelled": 31.4 }, "geometry": { "type": "Point", "coordinates": [ 174.82721, -41.17571 ] } },
{ "type": "Feature", "properties": { "kind": "counter", "rank": null, "trips": null, "census": null, "approach": "Tawa St road", "crossing": null, "lts": null, "adt": null, "speed": null, "suburb": null, "counted": 31.5, "modelled": 31.4 }, "geometry": { "type": "Point", "coordinates": [ 174.82733, -41.17567 ] } },
{ "type": "Feature", "properties": { "kind": "counter", "rank": null, "trips": null, "census": null, "approach": "Lambton Quay road", "crossing": null, "lts": null, "adt": null, "speed": null, "suburb": null, "counted": 232.9, "modelled": 76.4 }, "geometry": { "type": "Point", "coordinates": [ 174.77614, -41.28631 ] } },
{ "type": "Feature", "properties": { "kind": "counter", "rank": null, "trips": null, "census": null, "approach": "Tawa St path2", "crossing": null, "lts": null, "adt": null, "speed": null, "suburb": null, "counted": 42.5, "modelled": 31.4 }, "geometry": { "type": "Point", "coordinates": [ 174.82721, -41.17574 ] } },
{ "type": "Feature", "properties": { "kind": "counter", "rank": null, "trips": null, "census": null, "approach": "The Parade path", "crossing": null, "lts": null, "adt": null, "speed": null, "suburb": null, "counted": 135.9, "modelled": 51.7 }, "geometry": { "type": "Point", "coordinates": [ 174.77333, -41.33448 ] } },
{ "type": "Feature", "properties": { "kind": "counter", "rank": null, "trips": null, "census": null, "approach": "Queens Wharf path3", "crossing": null, "lts": null, "adt": null, "speed": null, "suburb": null, "counted": 564.7, "modelled": 75.2 }, "geometry": { "type": "Point", "coordinates": [ 174.77823, -41.28506 ] } },
{ "type": "Feature", "properties": { "kind": "counter", "rank": null, "trips": null, "census": null, "approach": "Vivian St path LHS", "crossing": null, "lts": null, "adt": null, "speed": null, "suburb": null, "counted": 8.3, "modelled": 3.9 }, "geometry": { "type": "Point", "coordinates": [ 174.77473, -41.2948 ] } },
{ "type": "Feature", "properties": { "kind": "counter", "rank": null, "trips": null, "census": null, "approach": "Vivian St path LHS", "crossing": null, "lts": null, "adt": null, "speed": null, "suburb": null, "counted": 18.9, "modelled": 4.2 }, "geometry": { "type": "Point", "coordinates": [ 174.77496, -41.29484 ] } },
{ "type": "Feature", "properties": { "kind": "counter", "rank": null, "trips": null, "census": null, "approach": "Cuba St path LHS", "crossing": null, "lts": null, "adt": null, "speed": null, "suburb": null, "counted": 16.0, "modelled": 180.2 }, "geometry": { "type": "Point", "coordinates": [ 174.77493, -41.29487 ] } },
{ "type": "Feature", "properties": { "kind": "counter", "rank": null, "trips": null, "census": null, "approach": "Cuba St path road top", "crossing": null, "lts": null, "adt": null, "speed": null, "suburb": null, "counted": 122.2, "modelled": 180.2 }, "geometry": { "type": "Point", "coordinates": [ 174.77489, -41.29488 ] } },
{ "type": "Feature", "properties": { "kind": "counter", "rank": null, "trips": null, "census": null, "approach": "Ghuznee St road top", "crossing": null, "lts": null, "adt": null, "speed": null, "suburb": null, "counted": 185.3, "modelled": 261.2 }, "geometry": { "type": "Point", "coordinates": [ 174.77582, -41.29326 ] } },
{ "type": "Feature", "properties": { "kind": "counter", "rank": null, "trips": null, "census": null, "approach": "Ghuznee St road bottom", "crossing": null, "lts": null, "adt": null, "speed": null, "suburb": null, "counted": 187.7, "modelled": 271.4 }, "geometry": { "type": "Point", "coordinates": [ 174.7757, -41.29322 ] } },
{ "type": "Feature", "properties": { "kind": "counter", "rank": null, "trips": null, "census": null, "approach": "The Parade road", "crossing": null, "lts": null, "adt": null, "speed": null, "suburb": null, "counted": 21.2, "modelled": 805.2 }, "geometry": { "type": "Point", "coordinates": [ 174.77353, -41.33392 ] } },
{ "type": "Feature", "properties": { "kind": "counter", "rank": null, "trips": null, "census": null, "approach": "The Parade cycle Lane LHS", "crossing": null, "lts": null, "adt": null, "speed": null, "suburb": null, "counted": 89.8, "modelled": 4.8 }, "geometry": { "type": "Point", "coordinates": [ 174.77356, -41.33389 ] } },
{ "type": "Feature", "properties": { "kind": "counter", "rank": null, "trips": null, "census": null, "approach": "The Parade path RHS", "crossing": null, "lts": null, "adt": null, "speed": null, "suburb": null, "counted": 10.6, "modelled": 51.7 }, "geometry": { "type": "Point", "coordinates": [ 174.77341, -41.33392 ] } },
{ "type": "Feature", "properties": { "kind": "counter", "rank": null, "trips": null, "census": null, "approach": "The Parade cycle Lane RHS", "crossing": null, "lts": null, "adt": null, "speed": null, "suburb": null, "counted": 128.6, "modelled": 51.7 }, "geometry": { "type": "Point", "coordinates": [ 174.77344, -41.33392 ] } },
{ "type": "Feature", "properties": { "kind": "counter", "rank": null, "trips": null, "census": null, "approach": "Aro St path LHS", "crossing": null, "lts": null, "adt": null, "speed": null, "suburb": null, "counted": 44.6, "modelled": 603.6 }, "geometry": { "type": "Point", "coordinates": [ 174.76787, -41.29532 ] } },
{ "type": "Feature", "properties": { "kind": "counter", "rank": null, "trips": null, "census": null, "approach": "Aro St road LHS", "crossing": null, "lts": null, "adt": null, "speed": null, "suburb": null, "counted": 176.4, "modelled": 603.6 }, "geometry": { "type": "Point", "coordinates": [ 174.76791, -41.29536 ] } },
{ "type": "Feature", "properties": { "kind": "counter", "rank": null, "trips": null, "census": null, "approach": "Aro St road RHS", "crossing": null, "lts": null, "adt": null, "speed": null, "suburb": null, "counted": 144.9, "modelled": 603.6 }, "geometry": { "type": "Point", "coordinates": [ 174.76788, -41.2954 ] } },
{ "type": "Feature", "properties": { "kind": "counter", "rank": null, "trips": null, "census": null, "approach": "Aro St path RHS", "crossing": null, "lts": null, "adt": null, "speed": null, "suburb": null, "counted": 7.0, "modelled": 0.0 }, "geometry": { "type": "Point", "coordinates": [ 174.76794, -41.29545 ] } },
{ "type": "Feature", "properties": { "kind": "counter", "rank": null, "trips": null, "census": null, "approach": "Bunny St road", "crossing": null, "lts": null, "adt": null, "speed": null, "suburb": null, "counted": 532.9, "modelled": 98.9 }, "geometry": { "type": "Point", "coordinates": [ 174.77936, -41.27956 ] } },
{ "type": "Feature", "properties": { "kind": "counter", "rank": null, "trips": null, "census": null, "approach": "Featherston St road", "crossing": null, "lts": null, "adt": null, "speed": null, "suburb": null, "counted": 504.5, "modelled": 1076.1 }, "geometry": { "type": "Point", "coordinates": [ 174.77918, -41.27974 ] } },
{ "type": "Feature", "properties": { "kind": "counter", "rank": null, "trips": null, "census": null, "approach": "Thorndon Quay road", "crossing": null, "lts": null, "adt": null, "speed": null, "suburb": null, "counted": 1053.5, "modelled": 2058.0 }, "geometry": { "type": "Point", "coordinates": [ 174.7793, -41.27924 ] } },
{ "type": "Feature", "properties": { "kind": "counter", "rank": null, "trips": null, "census": null, "approach": "Bunny St road north", "crossing": null, "lts": null, "adt": null, "speed": null, "suburb": null, "counted": 162.0, "modelled": 577.7 }, "geometry": { "type": "Point", "coordinates": [ 174.77908, -41.27946 ] } },
{ "type": "Feature", "properties": { "kind": "counter", "rank": null, "trips": null, "census": null, "approach": "Featherston St road", "crossing": null, "lts": null, "adt": null, "speed": null, "suburb": null, "counted": 126.2, "modelled": 1055.6 }, "geometry": { "type": "Point", "coordinates": [ 174.77898, -41.27963 ] } },
{ "type": "Feature", "properties": { "kind": "counter", "rank": null, "trips": null, "census": null, "approach": "Dixon St road", "crossing": null, "lts": null, "adt": null, "speed": null, "suburb": null, "counted": 129.3, "modelled": 175.8 }, "geometry": { "type": "Point", "coordinates": [ 174.77508, -41.29131 ] } },
{ "type": "Feature", "properties": { "kind": "counter", "rank": null, "trips": null, "census": null, "approach": "Victoria St road", "crossing": null, "lts": null, "adt": null, "speed": null, "suburb": null, "counted": 33.2, "modelled": 18.7 }, "geometry": { "type": "Point", "coordinates": [ 174.77512, -41.29136 ] } },
{ "type": "Feature", "properties": { "kind": "counter", "rank": null, "trips": null, "census": null, "approach": "Victoria St road", "crossing": null, "lts": null, "adt": null, "speed": null, "suburb": null, "counted": 319.3, "modelled": 116.1 }, "geometry": { "type": "Point", "coordinates": [ 174.77518, -41.29123 ] } },
{ "type": "Feature", "properties": { "kind": "counter", "rank": null, "trips": null, "census": null, "approach": "Dixon St road south Bound", "crossing": null, "lts": null, "adt": null, "speed": null, "suburb": null, "counted": 40.0, "modelled": 0.0 }, "geometry": { "type": "Point", "coordinates": [ 174.77528, -41.29136 ] } },
{ "type": "Feature", "properties": { "kind": "counter", "rank": null, "trips": null, "census": null, "approach": "Dixon St road south East Bound", "crossing": null, "lts": null, "adt": null, "speed": null, "suburb": null, "counted": 25.3, "modelled": 246.6 }, "geometry": { "type": "Point", "coordinates": [ 174.77539, -41.29136 ] } },
{ "type": "Feature", "properties": { "kind": "counter", "rank": null, "trips": null, "census": null, "approach": "Dixon St road east Bound1", "crossing": null, "lts": null, "adt": null, "speed": null, "suburb": null, "counted": 57.1, "modelled": 246.6 }, "geometry": { "type": "Point", "coordinates": [ 174.77541, -41.29133 ] } },
{ "type": "Feature", "properties": { "kind": "counter", "rank": null, "trips": null, "census": null, "approach": "Molesworth cycle RHS 1", "crossing": null, "lts": null, "adt": null, "speed": null, "suburb": null, "counted": 33.0, "modelled": 39.6 }, "geometry": { "type": "Point", "coordinates": [ 174.77789, -41.27501 ] } },
{ "type": "Feature", "properties": { "kind": "counter", "rank": null, "trips": null, "census": null, "approach": "Thorndon Quay road bus Lane", "crossing": null, "lts": null, "adt": null, "speed": null, "suburb": null, "counted": 9.5, "modelled": 1638.8 }, "geometry": { "type": "Point", "coordinates": [ 174.78056, -41.27765 ] } },
{ "type": "Feature", "properties": { "kind": "counter", "rank": null, "trips": null, "census": null, "approach": "Thorndon Quay cycle Lane", "crossing": null, "lts": null, "adt": null, "speed": null, "suburb": null, "counted": 1188.7, "modelled": 808.7 }, "geometry": { "type": "Point", "coordinates": [ 174.78064, -41.27757 ] } },
{ "type": "Feature", "properties": { "kind": "counter", "rank": null, "trips": null, "census": null, "approach": "Thorndon Quay road southbound", "crossing": null, "lts": null, "adt": null, "speed": null, "suburb": null, "counted": 19.5, "modelled": 36.4 }, "geometry": { "type": "Point", "coordinates": [ 174.7805, -41.2776 ] } },
{ "type": "Feature", "properties": { "kind": "counter", "rank": null, "trips": null, "census": null, "approach": "Thorndon Quay path", "crossing": null, "lts": null, "adt": null, "speed": null, "suburb": null, "counted": 5.1, "modelled": 808.7 }, "geometry": { "type": "Point", "coordinates": [ 174.78067, -41.27758 ] } },
{ "type": "Feature", "properties": { "kind": "counter", "rank": null, "trips": null, "census": null, "approach": "Thorndon Quay road northbound", "crossing": null, "lts": null, "adt": null, "speed": null, "suburb": null, "counted": 20.8, "modelled": 125.4 }, "geometry": { "type": "Point", "coordinates": [ 174.78047, -41.27758 ] } }
]
}
