{
"type": "FeatureCollection",
"name": "cycle_harbour_quays",
"crs": { "type": "name", "properties": { "name": "urn:ogc:def:crs:OGC:1.3:CRS84" } },
"features": [
{ "type": "Feature", "properties": { "name": "Taranaki Street", "highway": "residential", "length_m": 16.250967680990332, "facility": "protected_lane", "reserve_m": 20.074930547903655, "can_fw": true, "can_bw": true, "lts_now_fw": 1, "lts_now_bw": 1.0, "cross_u": 1, "cross_v": 1, "role": "connector: Taranaki Street", "lts_A_fw": 1, "lts_A_bw": 1.0, "lts_B_fw": 1, "lts_B_bw": 1.0, "lts_C_fw": 1, "lts_C_bw": 1.0, "in_A": false, "in_B": false, "in_C": true, "A_effect": "no change", "scenario_labels": "C" }, "geometry": { "type": "LineString", "coordinates": [ [ 174.7802864, -41.2900625 ], [ 174.780208100000038, -41.290196399999985 ] ] } },
{ "type": "Feature", "properties": { "name": "Cambridge Terrace", "highway": "primary", "length_m": 56.149088733317512, "facility": "sidepath", "reserve_m": 37.670630733283517, "can_fw": true, "can_bw": false, "lts_now_fw": 1, "lts_now_bw": null, "cross_u": 1, "cross_v": 1, "role": "corridor", "lts_A_fw": 1, "lts_A_bw": null, "lts_B_fw": 1, "lts_B_bw": null, "lts_C_fw": 1, "lts_C_bw": null, "in_A": false, "in_B": true, "in_C": true, "A_effect": "no change", "scenario_labels": "B,C" }, "geometry": { "type": "LineString", "coordinates": [ [ 174.7802519, -41.299374 ], [ 174.780408599999987, -41.2993849 ], [ 174.7805415, -41.2993594 ], [ 174.7806699, -41.2993083 ], [ 174.780776, -41.2992366 ], [ 174.780819, -41.2991784 ] ] } },
{ "type": "Feature", "properties": { "name": "Cambridge Terrace", "highway": "primary", "length_m": 15.073544593774105, "facility": "sidepath", "reserve_m": 46.607057194334146, "can_fw": true, "can_bw": false, "lts_now_fw": 1, "lts_now_bw": null, "cross_u": 1, "cross_v": 1, "role": "corridor", "lts_A_fw": 1, "lts_A_bw": null, "lts_B_fw": 1, "lts_B_bw": null, "lts_C_fw": 1, "lts_C_bw": null, "in_A": false, "in_B": true, "in_C": true, "A_effect": "no change", "scenario_labels": "B,C" }, "geometry": { "type": "LineString", "coordinates": [ [ 174.780819, -41.2991784 ], [ 174.780892599999987, -41.2990546 ] ] } },
{ "type": "Feature", "properties": { "name": "Featherston Street", "highway": "secondary", "length_m": 65.025987963742907, "facility": "sidepath", "reserve_m": null, "can_fw": true, "can_bw": true, "lts_now_fw": 1, "lts_now_bw": 1.0, "cross_u": 2, "cross_v": 1, "role": "connector: Featherston Street", "lts_A_fw": 1, "lts_A_bw": 1.0, "lts_B_fw": 1, "lts_B_bw": 1.0, "lts_C_fw": 1, "lts_C_bw": 1.0, "in_A": false, "in_B": false, "in_C": true, "A_effect": "no change", "scenario_labels": "C" }, "geometry": { "type": "LineString", "coordinates": [ [ 174.779165299999988, -41.279578399999984 ], [ 174.7795328, -41.2790626 ] ] } },
{ "type": "Feature", "properties": { "name": "Bunny Street", "highway": "tertiary", "length_m": 16.773564273960911, "facility": "painted_lane", "reserve_m": null, "can_fw": true, "can_bw": false, "lts_now_fw": 2, "lts_now_bw": null, "cross_u": 1, "cross_v": 1, "role": "connector: Bunny Street", "lts_A_fw": 2, "lts_A_bw": null, "lts_B_fw": 2, "lts_B_bw": null, "lts_C_fw": 1, "lts_C_bw": null, "in_A": false, "in_B": false, "in_C": true, "A_effect": "no change", "scenario_labels": "C" }, "geometry": { "type": "LineString", "coordinates": [ [ 174.77958240000001, -41.2798778 ], [ 174.7794264, -41.27978310000001 ] ] } },
{ "type": "Feature", "properties": { "name": "Bunny Street", "highway": "tertiary", "length_m": 31.935031431903866, "facility": "painted_lane", "reserve_m": null, "can_fw": true, "can_bw": false, "lts_now_fw": 2, "lts_now_bw": null, "cross_u": 1, "cross_v": 2, "role": "connector: Bunny Street", "lts_A_fw": 2, "lts_A_bw": null, "lts_B_fw": 2, "lts_B_bw": null, "lts_C_fw": 1, "lts_C_bw": null, "in_A": false, "in_B": false, "in_C": true, "A_effect": "no change", "scenario_labels": "C" }, "geometry": { "type": "LineString", "coordinates": [ [ 174.7794264, -41.27978310000001 ], [ 174.779278299999987, -41.2796993 ], [ 174.779165299999988, -41.279578399999984 ] ] } },
{ "type": "Feature", "properties": { "name": "Wakefield Street", "highway": "primary_link", "length_m": 61.042428201547352, "facility": "mixed", "reserve_m": null, "can_fw": true, "can_bw": false, "lts_now_fw": 4, "lts_now_bw": null, "cross_u": 1, "cross_v": 4, "role": "corridor", "lts_A_fw": 4, "lts_A_bw": null, "lts_B_fw": 1, "lts_B_bw": null, "lts_C_fw": 1, "lts_C_bw": null, "in_A": true, "in_B": true, "in_C": true, "A_effect": "no change", "scenario_labels": "A,B,C" }, "geometry": { "type": "LineString", "coordinates": [ [ 174.7847874, -41.2930922 ], [ 174.7846222, -41.2931281 ], [ 174.78451960000001, -41.2931345 ], [ 174.7843292, -41.2930718 ], [ 174.7841204, -41.2929739 ] ] } },
{ "type": "Feature", "properties": { "name": "Cable Street", "highway": "primary", "length_m": 94.924952147631686, "facility": "mixed", "reserve_m": 20.086820421190271, "can_fw": true, "can_bw": false, "lts_now_fw": 4, "lts_now_bw": null, "cross_u": 1, "cross_v": 2, "role": "corridor", "lts_A_fw": 4, "lts_A_bw": null, "lts_B_fw": 1, "lts_B_bw": null, "lts_C_fw": 1, "lts_C_bw": null, "in_A": true, "in_B": true, "in_C": true, "A_effect": "no change", "scenario_labels": "A,B,C" }, "geometry": { "type": "LineString", "coordinates": [ [ 174.7791703, -41.2899162 ], [ 174.780075400000015, -41.2904307 ] ] } },
{ "type": "Feature", "properties": { "name": "Customhouse Quay", "highway": "secondary", "length_m": 76.413431419047555, "facility": "mixed", "reserve_m": 18.599584523756178, "can_fw": true, "can_bw": true, "lts_now_fw": 3, "lts_now_bw": 3.0, "cross_u": 2, "cross_v": 2, "role": "corridor", "lts_A_fw": 3, "lts_A_bw": 3.0, "lts_B_fw": 1, "lts_B_bw": 1.0, "lts_C_fw": 1, "lts_C_bw": 1.0, "in_A": true, "in_B": true, "in_C": true, "A_effect": "no change", "scenario_labels": "A,B,C" }, "geometry": { "type": "LineString", "coordinates": [ [ 174.7767179, -41.2855926 ], [ 174.77708, -41.284961 ] ] } },
{ "type": "Feature", "properties": { "name": "Wakefield Street", "highway": "tertiary", "length_m": 20.661047245623031, "facility": "mixed", "reserve_m": 20.156261594604274, "can_fw": true, "can_bw": true, "lts_now_fw": 3, "lts_now_bw": 3.0, "cross_u": 1, "cross_v": 1, "role": "corridor", "lts_A_fw": 3, "lts_A_bw": 3.0, "lts_B_fw": 1, "lts_B_bw": 1.0, "lts_C_fw": 1, "lts_C_bw": 1.0, "in_A": true, "in_B": true, "in_C": true, "A_effect": "no change", "scenario_labels": "A,B,C" }, "geometry": { "type": "LineString", "coordinates": [ [ 174.7764119, -41.2891225 ], [ 174.7765846, -41.2892553 ] ] } },
{ "type": "Feature", "properties": { "name": "Whitmore Street", "highway": "secondary", "length_m": 10.356592727082614, "facility": "sidepath", "reserve_m": null, "can_fw": true, "can_bw": true, "lts_now_fw": 1, "lts_now_bw": 1.0, "cross_u": 2, "cross_v": 1, "role": "corridor", "lts_A_fw": 1, "lts_A_bw": 1.0, "lts_B_fw": 1, "lts_B_bw": 1.0, "lts_C_fw": 1, "lts_C_bw": 1.0, "in_A": false, "in_B": true, "in_C": true, "A_effect": "no change", "scenario_labels": "B,C" }, "geometry": { "type": "LineString", "coordinates": [ [ 174.777042599999987, -41.279504299999985 ], [ 174.777082400000012, -41.2795926 ] ] } },
{ "type": "Feature", "properties": { "name": "Featherston Street", "highway": "secondary", "length_m": 78.087577001628318, "facility": "painted_lane", "reserve_m": 36.465502657009395, "can_fw": true, "can_bw": false, "lts_now_fw": 3, "lts_now_bw": null, "cross_u": 2, "cross_v": 2, "role": "connector: Featherston Street", "lts_A_fw": 3, "lts_A_bw": null, "lts_B_fw": 3, "lts_B_bw": null, "lts_C_fw": 1, "lts_C_bw": null, "in_A": false, "in_B": false, "in_C": true, "A_effect": "no change", "scenario_labels": "C" }, "geometry": { "type": "LineString", "coordinates": [ [ 174.779165299999988, -41.279578399999984 ], [ 174.7791171, -41.2797338 ], [ 174.7788112, -41.280226 ] ] } },
{ "type": "Feature", "properties": { "name": "Featherston Street", "highway": "secondary", "length_m": 21.231832504468905, "facility": "painted_lane", "reserve_m": 29.512179543504935, "can_fw": true, "can_bw": false, "lts_now_fw": 3, "lts_now_bw": null, "cross_u": 2, "cross_v": 1, "role": "connector: Featherston Street", "lts_A_fw": 3, "lts_A_bw": null, "lts_B_fw": 3, "lts_B_bw": null, "lts_C_fw": 1, "lts_C_bw": null, "in_A": false, "in_B": false, "in_C": true, "A_effect": "no change", "scenario_labels": "C" }, "geometry": { "type": "LineString", "coordinates": [ [ 174.7788112, -41.280226 ], [ 174.7787079, -41.2804006 ] ] } },
{ "type": "Feature", "properties": { "name": "Kent Terrace", "highway": "trunk", "length_m": 156.86746616884378, "facility": "sidepath", "reserve_m": 46.678402321975724, "can_fw": true, "can_bw": false, "lts_now_fw": 1, "lts_now_bw": null, "cross_u": 2, "cross_v": 1, "role": "corridor", "lts_A_fw": 1, "lts_A_bw": null, "lts_B_fw": 1, "lts_B_bw": null, "lts_C_fw": 1, "lts_C_bw": null, "in_A": false, "in_B": true, "in_C": true, "A_effect": "no change", "scenario_labels": "B,C" }, "geometry": { "type": "LineString", "coordinates": [ [ 174.782274300000012, -41.2971484 ], [ 174.7815454, -41.2984497 ] ] } },
{ "type": "Feature", "properties": { "name": "Bunny Street", "highway": "unclassified", "length_m": 63.04873122831588, "facility": "painted_lane", "reserve_m": 24.939800103786098, "can_fw": true, "can_bw": true, "lts_now_fw": 2, "lts_now_bw": 2.0, "cross_u": 1, "cross_v": 1, "role": "connector: Bunny Street", "lts_A_fw": 2, "lts_A_bw": 2.0, "lts_B_fw": 2, "lts_B_bw": 2.0, "lts_C_fw": 1, "lts_C_bw": 1.0, "in_A": false, "in_B": false, "in_C": true, "A_effect": "no change", "scenario_labels": "C" }, "geometry": { "type": "LineString", "coordinates": [ [ 174.7788635, -41.279274 ], [ 174.7784039, -41.2788244 ] ] } },
{ "type": "Feature", "properties": { "name": "Taranaki Street", "highway": "secondary", "length_m": 31.759986564334401, "facility": "mixed", "reserve_m": 20.12465620031579, "can_fw": true, "can_bw": true, "lts_now_fw": 3, "lts_now_bw": 3.0, "cross_u": 1, "cross_v": 1, "role": "connector: Taranaki Street", "lts_A_fw": 3, "lts_A_bw": 3.0, "lts_B_fw": 3, "lts_B_bw": 3.0, "lts_C_fw": 1, "lts_C_bw": 1.0, "in_A": false, "in_B": false, "in_C": true, "A_effect": "no change", "scenario_labels": "C" }, "geometry": { "type": "LineString", "coordinates": [ [ 174.7799463, -41.2906463 ], [ 174.7797883, -41.2909063 ] ] } },
{ "type": "Feature", "properties": { "name": "Wakefield Street", "highway": "tertiary_link", "length_m": 35.872764842586314, "facility": "mixed", "reserve_m": null, "can_fw": true, "can_bw": false, "lts_now_fw": 3, "lts_now_bw": null, "cross_u": 1, "cross_v": 3, "role": "corridor", "lts_A_fw": 3, "lts_A_bw": null, "lts_B_fw": 1, "lts_B_bw": null, "lts_C_fw": 1, "lts_C_bw": null, "in_A": true, "in_B": true, "in_C": true, "A_effect": "no change", "scenario_labels": "A,B,C" }, "geometry": { "type": "LineString", "coordinates": [ [ 174.7764119, -41.2891225 ], [ 174.77632, -41.289098 ], [ 174.776221, -41.289091 ], [ 174.7761663, -41.2891 ], [ 174.7760197, -41.2891721 ] ] } },
{ "type": "Feature", "properties": { "name": "Cable Street", "highway": "secondary", "length_m": 39.14710046724008, "facility": "sidepath", "reserve_m": 21.698928765586167, "can_fw": true, "can_bw": false, "lts_now_fw": 1, "lts_now_bw": null, "cross_u": 1, "cross_v": 1, "role": "corridor", "lts_A_fw": 1, "lts_A_bw": null, "lts_B_fw": 1, "lts_B_bw": null, "lts_C_fw": 1, "lts_C_bw": null, "in_A": true, "in_B": true, "in_C": true, "A_effect": "no change", "scenario_labels": "A,B,C" }, "geometry": { "type": "LineString", "coordinates": [ [ 174.78495190000001, -41.2922887 ], [ 174.785227, -41.2924256 ], [ 174.7853555, -41.2924613 ] ] } },
{ "type": "Feature", "properties": { "name": "Cable Street", "highway": "secondary", "length_m": 33.511011402953955, "facility": "sidepath", "reserve_m": 29.310892308364501, "can_fw": true, "can_bw": false, "lts_now_fw": 1, "lts_now_bw": null, "cross_u": 1, "cross_v": 3, "role": "corridor", "lts_A_fw": 1, "lts_A_bw": null, "lts_B_fw": 1, "lts_B_bw": null, "lts_C_fw": 1, "lts_C_bw": null, "in_A": true, "in_B": true, "in_C": true, "A_effect": "no change", "scenario_labels": "A,B,C" }, "geometry": { "type": "LineString", "coordinates": [ [ 174.7853555, -41.2924613 ], [ 174.785457900000011, -41.292459099999988 ], [ 174.7857386, -41.2923878 ] ] } },
{ "type": "Feature", "properties": { "name": "Customhouse Quay", "highway": "secondary", "length_m": 69.28888611749494, "facility": "mixed", "reserve_m": 18.360549857797189, "can_fw": true, "can_bw": true, "lts_now_fw": 3, "lts_now_bw": 4.0, "cross_u": 2, "cross_v": 1, "role": "corridor", "lts_A_fw": 3, "lts_A_bw": 4.0, "lts_B_fw": 1, "lts_B_bw": 1.0, "lts_C_fw": 1, "lts_C_bw": 1.0, "in_A": true, "in_B": true, "in_C": true, "A_effect": "no change", "scenario_labels": "A,B,C" }, "geometry": { "type": "LineString", "coordinates": [ [ 174.776248200000026, -41.286455399999987 ], [ 174.7763251, -41.2863422 ], [ 174.776571300000029, -41.2858815 ] ] } },
{ "type": "Feature", "properties": { "name": "Kent Terrace", "highway": "primary", "length_m": 50.980093014131597, "facility": "sidepath", "reserve_m": 46.900848579087913, "can_fw": true, "can_bw": false, "lts_now_fw": 1, "lts_now_bw": null, "cross_u": 2, "cross_v": 2, "role": "corridor", "lts_A_fw": 1, "lts_A_bw": null, "lts_B_fw": 1, "lts_B_bw": null, "lts_C_fw": 1, "lts_C_bw": null, "in_A": false, "in_B": true, "in_C": true, "A_effect": "no change", "scenario_labels": "B,C" }, "geometry": { "type": "LineString", "coordinates": [ [ 174.7830763, -41.295716699999986 ], [ 174.7828394, -41.296139599999989 ] ] } },
{ "type": "Feature", "properties": { "name": "Kent Terrace", "highway": "primary", "length_m": 92.110133648341389, "facility": "sidepath", "reserve_m": 47.071242410220322, "can_fw": true, "can_bw": false, "lts_now_fw": 1, "lts_now_bw": null, "cross_u": 2, "cross_v": 1, "role": "corridor", "lts_A_fw": 1, "lts_A_bw": null, "lts_B_fw": 1, "lts_B_bw": null, "lts_C_fw": 1, "lts_C_bw": null, "in_A": false, "in_B": true, "in_C": true, "A_effect": "no change", "scenario_labels": "B,C" }, "geometry": { "type": "LineString", "coordinates": [ [ 174.7828394, -41.296139599999989 ], [ 174.7824114, -41.2969037 ] ] } },
{ "type": "Feature", "properties": { "name": "Kent Terrace", "highway": "primary", "length_m": 161.76734481544173, "facility": "sidepath", "reserve_m": 20.093044084528735, "can_fw": true, "can_bw": false, "lts_now_fw": 1, "lts_now_bw": null, "cross_u": 1, "cross_v": 2, "role": "corridor", "lts_A_fw": 1, "lts_A_bw": null, "lts_B_fw": 1, "lts_B_bw": null, "lts_C_fw": 1, "lts_C_bw": null, "in_A": false, "in_B": true, "in_C": true, "A_effect": "no change", "scenario_labels": "B,C" }, "geometry": { "type": "LineString", "coordinates": [ [ 174.7840361, -41.2940406 ], [ 174.7832728, -41.2953786 ] ] } },
{ "type": "Feature", "properties": { "name": "Cambridge Terrace", "highway": "primary", "length_m": 54.014237919295915, "facility": "mixed", "reserve_m": null, "can_fw": true, "can_bw": false, "lts_now_fw": 4, "lts_now_bw": null, "cross_u": 1, "cross_v": 4, "role": "corridor", "lts_A_fw": 4, "lts_A_bw": null, "lts_B_fw": 1, "lts_B_bw": null, "lts_C_fw": 1, "lts_C_bw": null, "in_A": false, "in_B": true, "in_C": true, "A_effect": "no change", "scenario_labels": "B,C" }, "geometry": { "type": "LineString", "coordinates": [ [ 174.7840661, -41.2934191 ], [ 174.784201700000011, -41.2931562 ], [ 174.7842062, -41.2930666 ], [ 174.7841204, -41.2929739 ] ] } },
{ "type": "Feature", "properties": { "name": "Cambridge Terrace", "highway": "primary", "length_m": 16.408769754643039, "facility": "sidepath", "reserve_m": null, "can_fw": true, "can_bw": false, "lts_now_fw": 1, "lts_now_bw": null, "cross_u": 1, "cross_v": 1, "role": "corridor", "lts_A_fw": 1, "lts_A_bw": null, "lts_B_fw": 1, "lts_B_bw": null, "lts_C_fw": 1, "lts_C_bw": null, "in_A": false, "in_B": true, "in_C": true, "A_effect": "no change", "scenario_labels": "B,C" }, "geometry": { "type": "LineString", "coordinates": [ [ 174.782785499999989, -41.2956199 ], [ 174.7828552, -41.2954818 ] ] } },
{ "type": "Feature", "properties": { "name": "Cambridge Terrace", "highway": "primary", "length_m": 60.141216178772581, "facility": "sidepath", "reserve_m": 17.903434577312296, "can_fw": true, "can_bw": false, "lts_now_fw": 1, "lts_now_bw": null, "cross_u": 1, "cross_v": 1, "role": "corridor", "lts_A_fw": 1, "lts_A_bw": null, "lts_B_fw": 1, "lts_B_bw": null, "lts_C_fw": 1, "lts_C_bw": null, "in_A": false, "in_B": true, "in_C": true, "A_effect": "no change", "scenario_labels": "B,C" }, "geometry": { "type": "LineString", "coordinates": [ [ 174.7828552, -41.2954818 ], [ 174.7830477, -41.2951249 ], [ 174.783155, -41.2949912 ] ] } },
{ "type": "Feature", "properties": { "name": "Cambridge Terrace", "highway": "primary", "length_m": 31.88871891702917, "facility": "sidepath", "reserve_m": 20.272668313637219, "can_fw": true, "can_bw": false, "lts_now_fw": 1, "lts_now_bw": null, "cross_u": 1, "cross_v": 1, "role": "corridor", "lts_A_fw": 1, "lts_A_bw": null, "lts_B_fw": 1, "lts_B_bw": null, "lts_C_fw": 1, "lts_C_bw": null, "in_A": false, "in_B": true, "in_C": true, "A_effect": "no change", "scenario_labels": "B,C" }, "geometry": { "type": "LineString", "coordinates": [ [ 174.783155, -41.2949912 ], [ 174.7833039, -41.2947269 ] ] } },
{ "type": "Feature", "properties": { "name": "Wakefield Street", "highway": "tertiary", "length_m": 12.458365627202022, "facility": "mixed", "reserve_m": 20.17945494412028, "can_fw": true, "can_bw": true, "lts_now_fw": 3, "lts_now_bw": 3.0, "cross_u": 1, "cross_v": 1, "role": "corridor", "lts_A_fw": 3, "lts_A_bw": 3.0, "lts_B_fw": 1, "lts_B_bw": 1.0, "lts_C_fw": 1, "lts_C_bw": 1.0, "in_A": true, "in_B": true, "in_C": true, "A_effect": "no change", "scenario_labels": "A,B,C" }, "geometry": { "type": "LineString", "coordinates": [ [ 174.7785053, -41.2905397 ], [ 174.778622899999988, -41.290608400000018 ] ] } },
{ "type": "Feature", "properties": { "name": "Wakefield Street", "highway": "tertiary", "length_m": 30.936826223642765, "facility": "mixed", "reserve_m": 20.090982178471656, "can_fw": true, "can_bw": true, "lts_now_fw": 3, "lts_now_bw": 3.0, "cross_u": 1, "cross_v": 1, "role": "corridor", "lts_A_fw": 3, "lts_A_bw": 3.0, "lts_B_fw": 1, "lts_B_bw": 1.0, "lts_C_fw": 1, "lts_C_bw": 1.0, "in_A": true, "in_B": true, "in_C": true, "A_effect": "no change", "scenario_labels": "A,B,C" }, "geometry": { "type": "LineString", "coordinates": [ [ 174.778622899999988, -41.290608400000018 ], [ 174.7789214, -41.2907725 ] ] } },
{ "type": "Feature", "properties": { "name": "Taranaki Street", "highway": "secondary", "length_m": 50.361359886573965, "facility": "mixed", "reserve_m": null, "can_fw": true, "can_bw": true, "lts_now_fw": 3, "lts_now_bw": 3.0, "cross_u": 2, "cross_v": 1, "role": "connector: Taranaki Street", "lts_A_fw": 3, "lts_A_bw": 3.0, "lts_B_fw": 3, "lts_B_bw": 3.0, "lts_C_fw": 1, "lts_C_bw": 1.0, "in_A": false, "in_B": false, "in_C": true, "A_effect": "no change", "scenario_labels": "C" }, "geometry": { "type": "LineString", "coordinates": [ [ 174.778889099999986, -41.2924322 ], [ 174.7786433, -41.2928461 ] ] } },
{ "type": "Feature", "properties": { "name": "Cable Street", "highway": "primary", "length_m": 24.828626286689158, "facility": "mixed", "reserve_m": null, "can_fw": true, "can_bw": false, "lts_now_fw": 4, "lts_now_bw": null, "cross_u": 2, "cross_v": 1, "role": "corridor", "lts_A_fw": 4, "lts_A_bw": null, "lts_B_fw": 1, "lts_B_bw": null, "lts_C_fw": 1, "lts_C_bw": null, "in_A": true, "in_B": true, "in_C": true, "A_effect": "no change", "scenario_labels": "A,B,C" }, "geometry": { "type": "LineString", "coordinates": [ [ 174.780075400000015, -41.2904307 ], [ 174.7803106, -41.2905668 ] ] } },
{ "type": "Feature", "properties": { "name": "Cable Street", "highway": "primary", "length_m": 10.813253194246746, "facility": "mixed", "reserve_m": 20.100610333288301, "can_fw": true, "can_bw": false, "lts_now_fw": 4, "lts_now_bw": null, "cross_u": 1, "cross_v": 1, "role": "corridor", "lts_A_fw": 4, "lts_A_bw": null, "lts_B_fw": 1, "lts_B_bw": null, "lts_C_fw": 1, "lts_C_bw": null, "in_A": true, "in_B": true, "in_C": true, "A_effect": "no change", "scenario_labels": "A,B,C" }, "geometry": { "type": "LineString", "coordinates": [ [ 174.7803106, -41.2905668 ], [ 174.7804127, -41.2906264 ] ] } },
{ "type": "Feature", "properties": { "name": "Cable Street", "highway": "primary", "length_m": 55.752779888323083, "facility": "sidepath", "reserve_m": 22.464317899021033, "can_fw": true, "can_bw": false, "lts_now_fw": 1, "lts_now_bw": null, "cross_u": 1, "cross_v": 1, "role": "corridor", "lts_A_fw": 1, "lts_A_bw": null, "lts_B_fw": 1, "lts_B_bw": null, "lts_C_fw": 1, "lts_C_bw": null, "in_A": true, "in_B": true, "in_C": true, "A_effect": "no change", "scenario_labels": "A,B,C" }, "geometry": { "type": "LineString", "coordinates": [ [ 174.78495190000001, -41.2922887 ], [ 174.7852265, -41.2925307 ], [ 174.7852566, -41.2926185 ], [ 174.785244299999988, -41.2927098 ] ] } },
{ "type": "Feature", "properties": { "name": "Jervois Quay", "highway": "primary", "length_m": 123.09277360386476, "facility": "mixed", "reserve_m": 30.483299681408223, "can_fw": true, "can_bw": false, "lts_now_fw": 4, "lts_now_bw": null, "cross_u": 2, "cross_v": 1, "role": "corridor", "lts_A_fw": 4, "lts_A_bw": null, "lts_B_fw": 1, "lts_B_bw": null, "lts_C_fw": 1, "lts_C_bw": null, "in_A": true, "in_B": true, "in_C": true, "A_effect": "no change", "scenario_labels": "A,B,C" }, "geometry": { "type": "LineString", "coordinates": [ [ 174.7793419, -41.2908089 ], [ 174.778871, -41.2901859 ], [ 174.7786936, -41.2898185 ] ] } },
{ "type": "Feature", "properties": { "name": "Jervois Quay", "highway": "primary", "length_m": 29.832751192921666, "facility": "mixed", "reserve_m": 35.908201842412716, "can_fw": true, "can_bw": false, "lts_now_fw": 4, "lts_now_bw": null, "cross_u": 1, "cross_v": 1, "role": "corridor", "lts_A_fw": 4, "lts_A_bw": null, "lts_B_fw": 1, "lts_B_bw": null, "lts_C_fw": 1, "lts_C_bw": null, "in_A": true, "in_B": true, "in_C": true, "A_effect": "no change", "scenario_labels": "A,B,C" }, "geometry": { "type": "LineString", "coordinates": [ [ 174.7786936, -41.2898185 ], [ 174.7786021, -41.2895591 ] ] } },
{ "type": "Feature", "properties": { "name": "Jervois Quay", "highway": "primary", "length_m": 77.512075502365434, "facility": "mixed", "reserve_m": 31.01256949440549, "can_fw": true, "can_bw": false, "lts_now_fw": 4, "lts_now_bw": null, "cross_u": 1, "cross_v": 1, "role": "corridor", "lts_A_fw": 4, "lts_A_bw": null, "lts_B_fw": 1, "lts_B_bw": null, "lts_C_fw": 1, "lts_C_bw": null, "in_A": true, "in_B": true, "in_C": true, "A_effect": "no change", "scenario_labels": "A,B,C" }, "geometry": { "type": "LineString", "coordinates": [ [ 174.7786021, -41.2895591 ], [ 174.778447300000011, -41.2888711 ] ] } },
{ "type": "Feature", "properties": { "name": "Customhouse Quay", "highway": "primary", "length_m": 27.667488033765594, "facility": "mixed", "reserve_m": null, "can_fw": true, "can_bw": false, "lts_now_fw": 4, "lts_now_bw": null, "cross_u": 1, "cross_v": 1, "role": "corridor", "lts_A_fw": 4, "lts_A_bw": null, "lts_B_fw": 1, "lts_B_bw": null, "lts_C_fw": 1, "lts_C_bw": null, "in_A": true, "in_B": true, "in_C": true, "A_effect": "no change", "scenario_labels": "A,B,C" }, "geometry": { "type": "LineString", "coordinates": [ [ 174.7789392, -41.2819616 ], [ 174.7787875, -41.2821829 ] ] } },
{ "type": "Feature", "properties": { "name": "Jervois Quay", "highway": "primary", "length_m": 50.711333001165798, "facility": "mixed", "reserve_m": null, "can_fw": true, "can_bw": false, "lts_now_fw": 4, "lts_now_bw": null, "cross_u": 1, "cross_v": 1, "role": "corridor", "lts_A_fw": 4, "lts_A_bw": null, "lts_B_fw": 1, "lts_B_bw": null, "lts_C_fw": 1, "lts_C_bw": null, "in_A": true, "in_B": true, "in_C": true, "A_effect": "no change", "scenario_labels": "A,B,C" }, "geometry": { "type": "LineString", "coordinates": [ [ 174.7777485, -41.2844802 ], [ 174.777746400000012, -41.284635699999988 ], [ 174.7778045, -41.2849334 ] ] } },
{ "type": "Feature", "properties": { "name": "Jervois Quay", "highway": "primary", "length_m": 3.8151232521582594, "facility": "sidepath", "reserve_m": null, "can_fw": true, "can_bw": false, "lts_now_fw": 1, "lts_now_bw": null, "cross_u": 1, "cross_v": 1, "role": "corridor", "lts_A_fw": 1, "lts_A_bw": null, "lts_B_fw": 1, "lts_B_bw": null, "lts_C_fw": 1, "lts_C_bw": null, "in_A": true, "in_B": true, "in_C": true, "A_effect": "no change", "scenario_labels": "A,B,C" }, "geometry": { "type": "LineString", "coordinates": [ [ 174.7778045, -41.2849334 ], [ 174.777811899999989, -41.2849673 ] ] } },
{ "type": "Feature", "properties": { "name": "Customhouse Quay", "highway": "primary", "length_m": 70.869571686778144, "facility": "mixed", "reserve_m": 30.418070116277569, "can_fw": true, "can_bw": false, "lts_now_fw": 4, "lts_now_bw": null, "cross_u": 2, "cross_v": 2, "role": "corridor", "lts_A_fw": 4, "lts_A_bw": null, "lts_B_fw": 1, "lts_B_bw": null, "lts_C_fw": 1, "lts_C_bw": null, "in_A": true, "in_B": true, "in_C": true, "A_effect": "no change", "scenario_labels": "A,B,C" }, "geometry": { "type": "LineString", "coordinates": [ [ 174.77807390000001, -41.2831999 ], [ 174.7783992, -41.2826108 ] ] } },
{ "type": "Feature", "properties": { "name": "Customhouse Quay", "highway": "primary", "length_m": 38.421355077045398, "facility": "mixed", "reserve_m": 33.173671800227318, "can_fw": true, "can_bw": false, "lts_now_fw": 4, "lts_now_bw": null, "cross_u": 2, "cross_v": 1, "role": "corridor", "lts_A_fw": 4, "lts_A_bw": null, "lts_B_fw": 1, "lts_B_bw": null, "lts_C_fw": 1, "lts_C_bw": null, "in_A": true, "in_B": true, "in_C": true, "A_effect": "no change", "scenario_labels": "A,B,C" }, "geometry": { "type": "LineString", "coordinates": [ [ 174.7783992, -41.2826108 ], [ 174.778558, -41.2822862 ] ] } },
{ "type": "Feature", "properties": { "name": "Kent Terrace", "highway": "primary", "length_m": 66.493409381413883, "facility": "sidepath", "reserve_m": 46.470860492164817, "can_fw": true, "can_bw": false, "lts_now_fw": 1, "lts_now_bw": null, "cross_u": 1, "cross_v": 2, "role": "corridor", "lts_A_fw": 1, "lts_A_bw": null, "lts_B_fw": 1, "lts_B_bw": null, "lts_C_fw": 1, "lts_C_bw": null, "in_A": false, "in_B": true, "in_C": true, "A_effect": "no change", "scenario_labels": "B,C" }, "geometry": { "type": "LineString", "coordinates": [ [ 174.784534, -41.2932814 ], [ 174.7843684, -41.2934196 ], [ 174.784158100000013, -41.2938001 ] ] } },
{ "type": "Feature", "properties": { "name": "Wakefield Street", "highway": "primary", "length_m": 24.751787630863983, "facility": "painted_lane", "reserve_m": 24.334912840126616, "can_fw": true, "can_bw": false, "lts_now_fw": 3, "lts_now_bw": null, "cross_u": 4, "cross_v": 1, "role": "corridor", "lts_A_fw": 3, "lts_A_bw": null, "lts_B_fw": 1, "lts_B_bw": null, "lts_C_fw": 1, "lts_C_bw": null, "in_A": true, "in_B": true, "in_C": true, "A_effect": "no change", "scenario_labels": "A,B,C" }, "geometry": { "type": "LineString", "coordinates": [ [ 174.7841204, -41.2929739 ], [ 174.783865600000013, -41.292861099999989 ] ] } },
{ "type": "Feature", "properties": { "name": "Cambridge Terrace", "highway": "primary", "length_m": 17.149874652873166, "facility": "sidepath", "reserve_m": 46.56482201992651, "can_fw": true, "can_bw": true, "lts_now_fw": 1, "lts_now_bw": 1.0, "cross_u": 1, "cross_v": 1, "role": "corridor", "lts_A_fw": 1, "lts_A_bw": 1.0, "lts_B_fw": 1, "lts_B_bw": 1.0, "lts_C_fw": 1, "lts_C_bw": 1.0, "in_A": false, "in_B": true, "in_C": true, "A_effect": "no change", "scenario_labels": "B,C" }, "geometry": { "type": "LineString", "coordinates": [ [ 174.780892599999987, -41.2990546 ], [ 174.7809631, -41.2989096 ] ] } },
{ "type": "Feature", "properties": { "name": "Cambridge Terrace", "highway": "primary", "length_m": 55.879652287262218, "facility": "sidepath", "reserve_m": 46.565385324400992, "can_fw": true, "can_bw": true, "lts_now_fw": 1, "lts_now_bw": 1.0, "cross_u": 1, "cross_v": 1, "role": "corridor", "lts_A_fw": 1, "lts_A_bw": 1.0, "lts_B_fw": 1, "lts_B_bw": 1.0, "lts_C_fw": 1, "lts_C_bw": 1.0, "in_A": false, "in_B": true, "in_C": true, "A_effect": "no change", "scenario_labels": "B,C" }, "geometry": { "type": "LineString", "coordinates": [ [ 174.7809631, -41.2989096 ], [ 174.7812107, -41.2984425 ] ] } },
{ "type": "Feature", "properties": { "name": "Cambridge Terrace", "highway": "primary", "length_m": 74.140921451302845, "facility": "sidepath", "reserve_m": 46.540030968853578, "can_fw": true, "can_bw": true, "lts_now_fw": 1, "lts_now_bw": 1.0, "cross_u": 1, "cross_v": 1, "role": "corridor", "lts_A_fw": 1, "lts_A_bw": 1.0, "lts_B_fw": 1, "lts_B_bw": 1.0, "lts_C_fw": 1, "lts_C_bw": 1.0, "in_A": false, "in_B": true, "in_C": true, "A_effect": "no change", "scenario_labels": "B,C" }, "geometry": { "type": "LineString", "coordinates": [ [ 174.7812107, -41.2984425 ], [ 174.7815603, -41.2978291 ] ] } },
{ "type": "Feature", "properties": { "name": "Cambridge Terrace", "highway": "primary", "length_m": 62.519148327982364, "facility": "sidepath", "reserve_m": 46.7822977467575, "can_fw": true, "can_bw": true, "lts_now_fw": 1, "lts_now_bw": 1.0, "cross_u": 1, "cross_v": 1, "role": "corridor", "lts_A_fw": 1, "lts_A_bw": 1.0, "lts_B_fw": 1, "lts_B_bw": 1.0, "lts_C_fw": 1, "lts_C_bw": 1.0, "in_A": false, "in_B": true, "in_C": true, "A_effect": "no change", "scenario_labels": "B,C" }, "geometry": { "type": "LineString", "coordinates": [ [ 174.7815603, -41.2978291 ], [ 174.7818471, -41.2973093 ] ] } },
{ "type": "Feature", "properties": { "name": "Jervois Quay", "highway": "primary", "length_m": 44.275209305099921, "facility": "sidepath", "reserve_m": 30.846856582232135, "can_fw": true, "can_bw": false, "lts_now_fw": 1, "lts_now_bw": null, "cross_u": 2, "cross_v": 1, "role": "corridor", "lts_A_fw": 1, "lts_A_bw": null, "lts_B_fw": 1, "lts_B_bw": null, "lts_C_fw": 1, "lts_C_bw": null, "in_A": true, "in_B": true, "in_C": true, "A_effect": "no change", "scenario_labels": "A,B,C" }, "geometry": { "type": "LineString", "coordinates": [ [ 174.7784546, -41.288182099999986 ], [ 174.7785422, -41.2885753 ] ] } },
{ "type": "Feature", "properties": { "name": "Taranaki Street", "highway": "secondary", "length_m": 97.833155654288092, "facility": "mixed", "reserve_m": 30.448888720125904, "can_fw": true, "can_bw": true, "lts_now_fw": 4, "lts_now_bw": 4.0, "cross_u": 2, "cross_v": 1, "role": "connector: Taranaki Street", "lts_A_fw": 4, "lts_A_bw": 4.0, "lts_B_fw": 4, "lts_B_bw": 4.0, "lts_C_fw": 1, "lts_C_bw": 1.0, "in_A": false, "in_B": false, "in_C": true, "A_effect": "no change", "scenario_labels": "C" }, "geometry": { "type": "LineString", "coordinates": [ [ 174.7796322, -41.2911466 ], [ 174.7791575, -41.2919515 ] ] } },
{ "type": "Feature", "properties": { "name": "Wakefield Street", "highway": "primary", "length_m": 80.269447315609398, "facility": "mixed", "reserve_m": 24.342384802670416, "can_fw": true, "can_bw": false, "lts_now_fw": 4, "lts_now_bw": null, "cross_u": 2, "cross_v": 1, "role": "corridor", "lts_A_fw": 4, "lts_A_bw": null, "lts_B_fw": 1, "lts_B_bw": null, "lts_C_fw": 1, "lts_C_bw": null, "in_A": true, "in_B": true, "in_C": true, "A_effect": "no change", "scenario_labels": "A,B,C" }, "geometry": { "type": "LineString", "coordinates": [ [ 174.7819125, -41.2921767 ], [ 174.7810301, -41.2918946 ] ] } },
{ "type": "Feature", "properties": { "name": "Wakefield Street", "highway": "primary", "length_m": 66.875725500413722, "facility": "mixed", "reserve_m": 24.42951622878698, "can_fw": true, "can_bw": false, "lts_now_fw": 4, "lts_now_bw": null, "cross_u": 1, "cross_v": 1, "role": "corridor", "lts_A_fw": 4, "lts_A_bw": null, "lts_B_fw": 1, "lts_B_bw": null, "lts_C_fw": 1, "lts_C_bw": null, "in_A": true, "in_B": true, "in_C": true, "A_effect": "no change", "scenario_labels": "A,B,C" }, "geometry": { "type": "LineString", "coordinates": [ [ 174.7810301, -41.2918946 ], [ 174.780674800000014, -41.2917642 ], [ 174.7803572, -41.2915775 ] ] } },
{ "type": "Feature", "properties": { "name": "Wakefield Street", "highway": "primary", "length_m": 3.2970467181951335, "facility": "mixed", "reserve_m": null, "can_fw": true, "can_bw": false, "lts_now_fw": 4, "lts_now_bw": null, "cross_u": 1, "cross_v": 1, "role": "corridor", "lts_A_fw": 4, "lts_A_bw": null, "lts_B_fw": 1, "lts_B_bw": null, "lts_C_fw": 1, "lts_C_bw": null, "in_A": true, "in_B": true, "in_C": true, "A_effect": "no change", "scenario_labels": "A,B,C" }, "geometry": { "type": "LineString", "coordinates": [ [ 174.7803572, -41.2915775 ], [ 174.780326200000019, -41.2915592 ] ] } },
{ "type": "Feature", "properties": { "name": "Cambridge Terrace", "highway": "primary", "length_m": 42.391917366163405, "facility": "mixed", "reserve_m": 46.396369794514378, "can_fw": true, "can_bw": false, "lts_now_fw": 4, "lts_now_bw": null, "cross_u": 2, "cross_v": 1, "role": "corridor", "lts_A_fw": 4, "lts_A_bw": null, "lts_B_fw": 1, "lts_B_bw": null, "lts_C_fw": 1, "lts_C_bw": null, "in_A": false, "in_B": true, "in_C": true, "A_effect": "no change", "scenario_labels": "B,C" }, "geometry": { "type": "LineString", "coordinates": [ [ 174.7838813, -41.2937745 ], [ 174.7840661, -41.2934191 ] ] } },
{ "type": "Feature", "properties": { "name": "Cambridge Terrace", "highway": "primary", "length_m": 28.484355047365469, "facility": "mixed", "reserve_m": null, "can_fw": true, "can_bw": false, "lts_now_fw": 4, "lts_now_bw": null, "cross_u": 2, "cross_v": 2, "role": "corridor", "lts_A_fw": 4, "lts_A_bw": null, "lts_B_fw": 1, "lts_B_bw": null, "lts_C_fw": 1, "lts_C_bw": null, "in_A": false, "in_B": true, "in_C": true, "A_effect": "no change", "scenario_labels": "B,C" }, "geometry": { "type": "LineString", "coordinates": [ [ 174.783749, -41.2940108 ], [ 174.7838813, -41.2937745 ] ] } },
{ "type": "Feature", "properties": { "name": "Cambridge Terrace", "highway": "primary", "length_m": 19.525589539036741, "facility": "sidepath", "reserve_m": null, "can_fw": true, "can_bw": false, "lts_now_fw": 1, "lts_now_bw": null, "cross_u": 1, "cross_v": 1, "role": "corridor", "lts_A_fw": 1, "lts_A_bw": null, "lts_B_fw": 1, "lts_B_bw": null, "lts_C_fw": 1, "lts_C_bw": null, "in_A": false, "in_B": true, "in_C": true, "A_effect": "no change", "scenario_labels": "B,C" }, "geometry": { "type": "LineString", "coordinates": [ [ 174.783484499999986, -41.2944012 ], [ 174.783591300000012, -41.2942449 ] ] } },
{ "type": "Feature", "properties": { "name": "Cambridge Terrace", "highway": "primary", "length_m": 29.174072072263691, "facility": "sidepath", "reserve_m": null, "can_fw": true, "can_bw": false, "lts_now_fw": 1, "lts_now_bw": null, "cross_u": 1, "cross_v": 2, "role": "corridor", "lts_A_fw": 1, "lts_A_bw": null, "lts_B_fw": 1, "lts_B_bw": null, "lts_C_fw": 1, "lts_C_bw": null, "in_A": false, "in_B": true, "in_C": true, "A_effect": "no change", "scenario_labels": "B,C" }, "geometry": { "type": "LineString", "coordinates": [ [ 174.783591300000012, -41.2942449 ], [ 174.783749, -41.2940108 ] ] } },
{ "type": "Feature", "properties": { "name": "Jervois Quay", "highway": "primary", "length_m": 21.131523373755982, "facility": "sidepath", "reserve_m": null, "can_fw": true, "can_bw": false, "lts_now_fw": 1, "lts_now_bw": null, "cross_u": 1, "cross_v": 2, "role": "corridor", "lts_A_fw": 1, "lts_A_bw": null, "lts_B_fw": 1, "lts_B_bw": null, "lts_C_fw": 1, "lts_C_bw": null, "in_A": true, "in_B": true, "in_C": true, "A_effect": "no change", "scenario_labels": "A,B,C" }, "geometry": { "type": "LineString", "coordinates": [ [ 174.7784241, -41.2879932 ], [ 174.7784546, -41.288182099999986 ] ] } },
{ "type": "Feature", "properties": { "name": "Cable Street", "highway": "primary", "length_m": 24.290934261758764, "facility": "sidepath", "reserve_m": null, "can_fw": true, "can_bw": false, "lts_now_fw": 1, "lts_now_bw": null, "cross_u": 1, "cross_v": 1, "role": "corridor", "lts_A_fw": 1, "lts_A_bw": null, "lts_B_fw": 1, "lts_B_bw": null, "lts_C_fw": 1, "lts_C_bw": null, "in_A": true, "in_B": true, "in_C": true, "A_effect": "no change", "scenario_labels": "A,B,C" }, "geometry": { "type": "LineString", "coordinates": [ [ 174.7789472, -41.2897767 ], [ 174.7791703, -41.2899162 ] ] } },
{ "type": "Feature", "properties": { "name": "Bunny Street", "highway": "unclassified", "length_m": 12.994279290031702, "facility": "sidepath", "reserve_m": null, "can_fw": true, "can_bw": false, "lts_now_fw": 1, "lts_now_bw": null, "cross_u": 1, "cross_v": 1, "role": "connector: Bunny Street", "lts_A_fw": 1, "lts_A_bw": null, "lts_B_fw": 1, "lts_B_bw": null, "lts_C_fw": 1, "lts_C_bw": null, "in_A": false, "in_B": false, "in_C": true, "A_effect": "no change", "scenario_labels": "C" }, "geometry": { "type": "LineString", "coordinates": [ [ 174.7783643, -41.2787905 ], [ 174.7782413, -41.278719199999983 ] ] } },
{ "type": "Feature", "properties": { "name": "Bunny Street", "highway": "unclassified", "length_m": 3.3038493307741059, "facility": "sidepath", "reserve_m": null, "can_fw": true, "can_bw": false, "lts_now_fw": 1, "lts_now_bw": null, "cross_u": 1, "cross_v": 1, "role": "connector: Bunny Street", "lts_A_fw": 1, "lts_A_bw": null, "lts_B_fw": 1, "lts_B_bw": null, "lts_C_fw": 1, "lts_C_bw": null, "in_A": false, "in_B": false, "in_C": true, "A_effect": "no change", "scenario_labels": "C" }, "geometry": { "type": "LineString", "coordinates": [ [ 174.7782413, -41.278719199999983 ], [ 174.7782101, -41.278701 ] ] } },
{ "type": "Feature", "properties": { "name": "Cable Street", "highway": "primary", "length_m": 34.729082252381588, "facility": "sidepath", "reserve_m": 20.274781901863051, "can_fw": true, "can_bw": false, "lts_now_fw": 1, "lts_now_bw": null, "cross_u": 2, "cross_v": 1, "role": "corridor", "lts_A_fw": 1, "lts_A_bw": null, "lts_B_fw": 1, "lts_B_bw": null, "lts_C_fw": 1, "lts_C_bw": null, "in_A": true, "in_B": true, "in_C": true, "A_effect": "no change", "scenario_labels": "A,B,C" }, "geometry": { "type": "LineString", "coordinates": [ [ 174.783736400000038, -41.2918816 ], [ 174.7841181, -41.2920038 ] ] } },
{ "type": "Feature", "properties": { "name": "Cable Street", "highway": "primary", "length_m": 19.835412187925819, "facility": "sidepath", "reserve_m": 20.253092045324362, "can_fw": true, "can_bw": false, "lts_now_fw": 1, "lts_now_bw": null, "cross_u": 1, "cross_v": 1, "role": "corridor", "lts_A_fw": 1, "lts_A_bw": null, "lts_B_fw": 1, "lts_B_bw": null, "lts_C_fw": 1, "lts_C_bw": null, "in_A": true, "in_B": true, "in_C": true, "A_effect": "no change", "scenario_labels": "A,B,C" }, "geometry": { "type": "LineString", "coordinates": [ [ 174.7841181, -41.2920038 ], [ 174.7843373, -41.2920714 ] ] } },
{ "type": "Feature", "properties": { "name": "Cable Street", "highway": "primary", "length_m": 16.730708282142636, "facility": "sidepath", "reserve_m": 20.235566647962695, "can_fw": true, "can_bw": false, "lts_now_fw": 1, "lts_now_bw": null, "cross_u": 1, "cross_v": 1, "role": "corridor", "lts_A_fw": 1, "lts_A_bw": null, "lts_B_fw": 1, "lts_B_bw": null, "lts_C_fw": 1, "lts_C_bw": null, "in_A": true, "in_B": true, "in_C": true, "A_effect": "no change", "scenario_labels": "A,B,C" }, "geometry": { "type": "LineString", "coordinates": [ [ 174.7843373, -41.2920714 ], [ 174.7845227, -41.2921275 ] ] } },
{ "type": "Feature", "properties": { "name": "Cable Street", "highway": "primary", "length_m": 28.222218374988177, "facility": "mixed", "reserve_m": 20.277761728569274, "can_fw": true, "can_bw": false, "lts_now_fw": 4, "lts_now_bw": null, "cross_u": 2, "cross_v": 2, "role": "corridor", "lts_A_fw": 4, "lts_A_bw": null, "lts_B_fw": 1, "lts_B_bw": null, "lts_C_fw": 1, "lts_C_bw": null, "in_A": true, "in_B": true, "in_C": true, "A_effect": "no change", "scenario_labels": "A,B,C" }, "geometry": { "type": "LineString", "coordinates": [ [ 174.782356400000026, -41.2914388 ], [ 174.7826672, -41.291537 ] ] } },
{ "type": "Feature", "properties": { "name": "Cable Street", "highway": "primary", "length_m": 58.642424255114747, "facility": "sidepath", "reserve_m": 20.278100147581661, "can_fw": true, "can_bw": false, "lts_now_fw": 1, "lts_now_bw": null, "cross_u": 2, "cross_v": 1, "role": "corridor", "lts_A_fw": 1, "lts_A_bw": null, "lts_B_fw": 1, "lts_B_bw": null, "lts_C_fw": 1, "lts_C_bw": null, "in_A": true, "in_B": true, "in_C": true, "A_effect": "no change", "scenario_labels": "A,B,C" }, "geometry": { "type": "LineString", "coordinates": [ [ 174.7826672, -41.291537 ], [ 174.7833132, -41.2917407 ] ] } },
{ "type": "Feature", "properties": { "name": "Cable Street", "highway": "primary", "length_m": 24.86121450277734, "facility": "mixed", "reserve_m": 20.058239655339413, "can_fw": true, "can_bw": false, "lts_now_fw": 4, "lts_now_bw": null, "cross_u": 1, "cross_v": 1, "role": "corridor", "lts_A_fw": 4, "lts_A_bw": null, "lts_B_fw": 1, "lts_B_bw": null, "lts_C_fw": 1, "lts_C_bw": null, "in_A": true, "in_B": true, "in_C": true, "A_effect": "no change", "scenario_labels": "A,B,C" }, "geometry": { "type": "LineString", "coordinates": [ [ 174.7804127, -41.2906264 ], [ 174.78065, -41.290760899999988 ] ] } },
{ "type": "Feature", "properties": { "name": "Cable Street", "highway": "primary", "length_m": 63.316551003908266, "facility": "mixed", "reserve_m": 20.092053140844023, "can_fw": true, "can_bw": false, "lts_now_fw": 4, "lts_now_bw": null, "cross_u": 1, "cross_v": 1, "role": "corridor", "lts_A_fw": 4, "lts_A_bw": null, "lts_B_fw": 1, "lts_B_bw": null, "lts_C_fw": 1, "lts_C_bw": null, "in_A": true, "in_B": true, "in_C": true, "A_effect": "no change", "scenario_labels": "A,B,C" }, "geometry": { "type": "LineString", "coordinates": [ [ 174.78065, -41.290760899999988 ], [ 174.7811213, -41.2910222 ], [ 174.7812682, -41.2910882 ] ] } },
{ "type": "Feature", "properties": { "name": "Customhouse Quay", "highway": "secondary", "length_m": 71.456288894875158, "facility": "mixed", "reserve_m": null, "can_fw": true, "can_bw": true, "lts_now_fw": 3, "lts_now_bw": 3.0, "cross_u": 2, "cross_v": 2, "role": "corridor", "lts_A_fw": 3, "lts_A_bw": 3.0, "lts_B_fw": 1, "lts_B_bw": 1.0, "lts_C_fw": 1, "lts_C_bw": 1.0, "in_A": true, "in_B": true, "in_C": true, "A_effect": "no change", "scenario_labels": "A,B,C" }, "geometry": { "type": "LineString", "coordinates": [ [ 174.77708, -41.284961 ], [ 174.7774049, -41.284366100000014 ] ] } },
{ "type": "Feature", "properties": { "name": "Whitmore Street", "highway": "secondary", "length_m": 52.203111140907836, "facility": "sidepath", "reserve_m": 25.118286457405397, "can_fw": true, "can_bw": true, "lts_now_fw": 1, "lts_now_bw": 1.0, "cross_u": 1, "cross_v": 2, "role": "corridor", "lts_A_fw": 1, "lts_A_bw": 1.0, "lts_B_fw": 1, "lts_B_bw": 1.0, "lts_C_fw": 1, "lts_C_bw": 1.0, "in_A": false, "in_B": true, "in_C": true, "A_effect": "no change", "scenario_labels": "B,C" }, "geometry": { "type": "LineString", "coordinates": [ [ 174.778607900000026, -41.2813401 ], [ 174.7789517, -41.2817322 ] ] } },
{ "type": "Feature", "properties": { "name": "Featherston Street", "highway": "secondary", "length_m": 59.336127348939179, "facility": "painted_lane", "reserve_m": 29.955667971725152, "can_fw": true, "can_bw": false, "lts_now_fw": 3, "lts_now_bw": null, "cross_u": 1, "cross_v": 2, "role": "connector: Featherston Street", "lts_A_fw": 3, "lts_A_bw": null, "lts_B_fw": 3, "lts_B_bw": null, "lts_C_fw": 1, "lts_C_bw": null, "in_A": false, "in_B": false, "in_C": true, "A_effect": "no change", "scenario_labels": "C" }, "geometry": { "type": "LineString", "coordinates": [ [ 174.77861870000001, -41.2805513 ], [ 174.7783244, -41.2810373 ] ] } },
{ "type": "Feature", "properties": { "name": "Bunny Street", "highway": "tertiary", "length_m": 29.036211981795784, "facility": "sidepath", "reserve_m": null, "can_fw": true, "can_bw": false, "lts_now_fw": 1, "lts_now_bw": null, "cross_u": 2, "cross_v": 1, "role": "connector: Bunny Street", "lts_A_fw": 1, "lts_A_bw": null, "lts_B_fw": 1, "lts_B_bw": null, "lts_C_fw": 1, "lts_C_bw": null, "in_A": false, "in_B": false, "in_C": true, "A_effect": "no change", "scenario_labels": "C" }, "geometry": { "type": "LineString", "coordinates": [ [ 174.779165299999988, -41.279578399999984 ], [ 174.779360200000042, -41.2796066 ], [ 174.7794778, -41.2796746 ] ] } },
{ "type": "Feature", "properties": { "name": "Bunny Street", "highway": "tertiary", "length_m": 54.222578000650117, "facility": "painted_lane", "reserve_m": null, "can_fw": true, "can_bw": false, "lts_now_fw": 2, "lts_now_bw": null, "cross_u": 1, "cross_v": 1, "role": "connector: Bunny Street", "lts_A_fw": 2, "lts_A_bw": null, "lts_B_fw": 2, "lts_B_bw": null, "lts_C_fw": 1, "lts_C_bw": null, "in_A": false, "in_B": false, "in_C": true, "A_effect": "no change", "scenario_labels": "C" }, "geometry": { "type": "LineString", "coordinates": [ [ 174.7794778, -41.2796746 ], [ 174.779992099999987, -41.2799711 ] ] } },
{ "type": "Feature", "properties": { "name": "Whitmore Street", "highway": "secondary", "length_m": 55.879147677086422, "facility": "sidepath", "reserve_m": 29.917079529539215, "can_fw": true, "can_bw": true, "lts_now_fw": 1, "lts_now_bw": 1.0, "cross_u": 1, "cross_v": 1, "role": "corridor", "lts_A_fw": 1, "lts_A_bw": 1.0, "lts_B_fw": 1, "lts_B_bw": 1.0, "lts_C_fw": 1, "lts_C_bw": 1.0, "in_A": false, "in_B": true, "in_C": true, "A_effect": "no change", "scenario_labels": "B,C" }, "geometry": { "type": "LineString", "coordinates": [ [ 174.777082400000012, -41.2795926 ], [ 174.7773965, -41.280036 ] ] } },
{ "type": "Feature", "properties": { "name": "Whitmore Street", "highway": "secondary", "length_m": 36.03099333177645, "facility": "sidepath", "reserve_m": 25.44055793730314, "can_fw": true, "can_bw": true, "lts_now_fw": 1, "lts_now_bw": 1.0, "cross_u": 1, "cross_v": 1, "role": "corridor", "lts_A_fw": 1, "lts_A_bw": 1.0, "lts_B_fw": 1, "lts_B_bw": 1.0, "lts_C_fw": 1, "lts_C_bw": 1.0, "in_A": false, "in_B": true, "in_C": true, "A_effect": "no change", "scenario_labels": "B,C" }, "geometry": { "type": "LineString", "coordinates": [ [ 174.7773965, -41.280036 ], [ 174.777638200000013, -41.2803044 ] ] } },
{ "type": "Feature", "properties": { "name": "Jervois Quay", "highway": "primary", "length_m": 108.44557359351815, "facility": "sidepath", "reserve_m": 31.461777919774029, "can_fw": true, "can_bw": false, "lts_now_fw": 1, "lts_now_bw": null, "cross_u": 1, "cross_v": 1, "role": "corridor", "lts_A_fw": 1, "lts_A_bw": null, "lts_B_fw": 1, "lts_B_bw": null, "lts_C_fw": 1, "lts_C_bw": null, "in_A": true, "in_B": true, "in_C": true, "A_effect": "no change", "scenario_labels": "A,B,C" }, "geometry": { "type": "LineString", "coordinates": [ [ 174.778601500000036, -41.2888556 ], [ 174.7787261, -41.2894641 ], [ 174.7787705, -41.2895846 ], [ 174.7788315, -41.2896766 ], [ 174.7789472, -41.2897767 ] ] } },
{ "type": "Feature", "properties": { "name": "Jervois Quay", "highway": "primary", "length_m": 31.519800456170657, "facility": "sidepath", "reserve_m": 30.915013361843734, "can_fw": true, "can_bw": false, "lts_now_fw": 1, "lts_now_bw": null, "cross_u": 1, "cross_v": 1, "role": "corridor", "lts_A_fw": 1, "lts_A_bw": null, "lts_B_fw": 1, "lts_B_bw": null, "lts_C_fw": 1, "lts_C_bw": null, "in_A": true, "in_B": true, "in_C": true, "A_effect": "no change", "scenario_labels": "A,B,C" }, "geometry": { "type": "LineString", "coordinates": [ [ 174.7785422, -41.2885753 ], [ 174.778601500000036, -41.2888556 ] ] } },
{ "type": "Feature", "properties": { "name": "Jervois Quay", "highway": "primary", "length_m": 98.255125234792885, "facility": "mixed", "reserve_m": 28.458282127724349, "can_fw": true, "can_bw": false, "lts_now_fw": 4, "lts_now_bw": null, "cross_u": 2, "cross_v": 1, "role": "corridor", "lts_A_fw": 4, "lts_A_bw": null, "lts_B_fw": 1, "lts_B_bw": null, "lts_C_fw": 1, "lts_C_bw": null, "in_A": true, "in_B": true, "in_C": true, "A_effect": "no change", "scenario_labels": "A,B,C" }, "geometry": { "type": "LineString", "coordinates": [ [ 174.7778604, -41.2858572 ], [ 174.777676, -41.2849834 ] ] } },
{ "type": "Feature", "properties": { "name": "Jervois Quay", "highway": "primary", "length_m": 19.637726683879173, "facility": "mixed", "reserve_m": 30.923918287820584, "can_fw": true, "can_bw": false, "lts_now_fw": 4, "lts_now_bw": null, "cross_u": 1, "cross_v": 1, "role": "corridor", "lts_A_fw": 4, "lts_A_bw": null, "lts_B_fw": 1, "lts_B_bw": null, "lts_C_fw": 1, "lts_C_bw": null, "in_A": true, "in_B": true, "in_C": true, "A_effect": "no change", "scenario_labels": "A,B,C" }, "geometry": { "type": "LineString", "coordinates": [ [ 174.778447300000011, -41.2888711 ], [ 174.778410900000011, -41.2886964 ] ] } },
{ "type": "Feature", "properties": { "name": "Customhouse Quay", "highway": "secondary", "length_m": 30.009527491686157, "facility": "mixed", "reserve_m": 43.186517859945923, "can_fw": true, "can_bw": false, "lts_now_fw": 3, "lts_now_bw": null, "cross_u": 2, "cross_v": 2, "role": "corridor", "lts_A_fw": 3, "lts_A_bw": null, "lts_B_fw": 1, "lts_B_bw": null, "lts_C_fw": 1, "lts_C_bw": null, "in_A": true, "in_B": true, "in_C": true, "A_effect": "no change", "scenario_labels": "A,B,C" }, "geometry": { "type": "LineString", "coordinates": [ [ 174.7774049, -41.284366100000014 ], [ 174.7774947, -41.2842091 ], [ 174.7776054, -41.284158 ] ] } },
{ "type": "Feature", "properties": { "name": "Kent Terrace", "highway": "primary", "length_m": 28.603517238287914, "facility": "sidepath", "reserve_m": 46.230466137724335, "can_fw": true, "can_bw": false, "lts_now_fw": 1, "lts_now_bw": null, "cross_u": 2, "cross_v": 1, "role": "corridor", "lts_A_fw": 1, "lts_A_bw": null, "lts_B_fw": 1, "lts_B_bw": null, "lts_C_fw": 1, "lts_C_bw": null, "in_A": false, "in_B": true, "in_C": true, "A_effect": "no change", "scenario_labels": "B,C" }, "geometry": { "type": "LineString", "coordinates": [ [ 174.784158100000013, -41.2938001 ], [ 174.7840361, -41.2940406 ] ] } },
{ "type": "Feature", "properties": { "name": "Customhouse Quay", "highway": "primary", "length_m": 42.673672732220723, "facility": "mixed", "reserve_m": 32.57273184326845, "can_fw": true, "can_bw": false, "lts_now_fw": 4, "lts_now_bw": null, "cross_u": 2, "cross_v": 2, "role": "corridor", "lts_A_fw": 4, "lts_A_bw": null, "lts_B_fw": 1, "lts_B_bw": null, "lts_C_fw": 1, "lts_C_bw": null, "in_A": true, "in_B": true, "in_C": true, "A_effect": "no change", "scenario_labels": "A,B,C" }, "geometry": { "type": "LineString", "coordinates": [ [ 174.7776054, -41.284158 ], [ 174.777651100000014, -41.2839666 ], [ 174.7777422, -41.2837898 ] ] } },
{ "type": "Feature", "properties": { "name": "Customhouse Quay", "highway": "primary", "length_m": 71.154442547509802, "facility": "mixed", "reserve_m": 30.436551660412537, "can_fw": true, "can_bw": false, "lts_now_fw": 4, "lts_now_bw": null, "cross_u": 2, "cross_v": 2, "role": "corridor", "lts_A_fw": 4, "lts_A_bw": null, "lts_B_fw": 1, "lts_B_bw": null, "lts_C_fw": 1, "lts_C_bw": null, "in_A": true, "in_B": true, "in_C": true, "A_effect": "no change", "scenario_labels": "A,B,C" }, "geometry": { "type": "LineString", "coordinates": [ [ 174.7777422, -41.2837898 ], [ 174.77807390000001, -41.2831999 ] ] } },
{ "type": "Feature", "properties": { "name": "Kent Terrace", "highway": "trunk", "length_m": 57.260792388888383, "facility": "sidepath", "reserve_m": 46.590183264822727, "can_fw": true, "can_bw": false, "lts_now_fw": 1, "lts_now_bw": null, "cross_u": 1, "cross_v": 1, "role": "corridor", "lts_A_fw": 1, "lts_A_bw": null, "lts_B_fw": 1, "lts_B_bw": null, "lts_C_fw": 1, "lts_C_bw": null, "in_A": false, "in_B": true, "in_C": true, "A_effect": "no change", "scenario_labels": "B,C" }, "geometry": { "type": "LineString", "coordinates": [ [ 174.7815454, -41.2984497 ], [ 174.7812793, -41.2989247 ] ] } },
{ "type": "Feature", "properties": { "name": "Kent Terrace", "highway": "trunk", "length_m": 44.924088869342896, "facility": "sidepath", "reserve_m": null, "can_fw": true, "can_bw": false, "lts_now_fw": 1, "lts_now_bw": null, "cross_u": 1, "cross_v": 1, "role": "corridor", "lts_A_fw": 1, "lts_A_bw": null, "lts_B_fw": 1, "lts_B_bw": null, "lts_C_fw": 1, "lts_C_bw": null, "in_A": false, "in_B": true, "in_C": true, "A_effect": "no change", "scenario_labels": "B,C" }, "geometry": { "type": "LineString", "coordinates": [ [ 174.7810811, -41.2992785 ], [ 174.781017400000025, -41.2993843 ], [ 174.78099850000001, -41.2994865 ], [ 174.781027, -41.299585700000016 ], [ 174.781087300000024, -41.299655 ] ] } },
{ "type": "Feature", "properties": { "name": "Kent Terrace", "highway": "primary", "length_m": 29.499003905409111, "facility": "sidepath", "reserve_m": 46.666562310172161, "can_fw": true, "can_bw": false, "lts_now_fw": 1, "lts_now_bw": null, "cross_u": 1, "cross_v": 2, "role": "corridor", "lts_A_fw": 1, "lts_A_bw": null, "lts_B_fw": 1, "lts_B_bw": null, "lts_C_fw": 1, "lts_C_bw": null, "in_A": false, "in_B": true, "in_C": true, "A_effect": "no change", "scenario_labels": "B,C" }, "geometry": { "type": "LineString", "coordinates": [ [ 174.7824114, -41.2969037 ], [ 174.782274300000012, -41.2971484 ] ] } },
{ "type": "Feature", "properties": { "name": "Kent Terrace", "highway": "trunk", "length_m": 29.945779835343977, "facility": "sidepath", "reserve_m": 46.502860127385652, "can_fw": true, "can_bw": false, "lts_now_fw": 1, "lts_now_bw": null, "cross_u": 1, "cross_v": 1, "role": "corridor", "lts_A_fw": 1, "lts_A_bw": null, "lts_B_fw": 1, "lts_B_bw": null, "lts_C_fw": 1, "lts_C_bw": null, "in_A": false, "in_B": true, "in_C": true, "A_effect": "no change", "scenario_labels": "B,C" }, "geometry": { "type": "LineString", "coordinates": [ [ 174.7812793, -41.2989247 ], [ 174.781140099999988, -41.299173099999983 ] ] } },
{ "type": "Feature", "properties": { "name": "Kent Terrace", "highway": "primary", "length_m": 40.992761155247763, "facility": "sidepath", "reserve_m": 16.523400424877359, "can_fw": true, "can_bw": false, "lts_now_fw": 1, "lts_now_bw": null, "cross_u": 2, "cross_v": 2, "role": "corridor", "lts_A_fw": 1, "lts_A_bw": null, "lts_B_fw": 1, "lts_B_bw": null, "lts_C_fw": 1, "lts_C_bw": null, "in_A": false, "in_B": true, "in_C": true, "A_effect": "no change", "scenario_labels": "B,C" }, "geometry": { "type": "LineString", "coordinates": [ [ 174.7832728, -41.2953786 ], [ 174.7830763, -41.295716699999986 ] ] } },
{ "type": "Feature", "properties": { "name": "Cambridge Terrace", "highway": "primary", "length_m": 47.780041725070234, "facility": "sidepath", "reserve_m": 46.714377584943058, "can_fw": true, "can_bw": false, "lts_now_fw": 1, "lts_now_bw": null, "cross_u": 2, "cross_v": 2, "role": "corridor", "lts_A_fw": 1, "lts_A_bw": null, "lts_B_fw": 1, "lts_B_bw": null, "lts_C_fw": 1, "lts_C_bw": null, "in_A": false, "in_B": true, "in_C": true, "A_effect": "no change", "scenario_labels": "B,C" }, "geometry": { "type": "LineString", "coordinates": [ [ 174.7819874, -41.2970558 ], [ 174.782205800000014, -41.2966583 ] ] } },
{ "type": "Feature", "properties": { "name": "Cambridge Terrace", "highway": "primary", "length_m": 82.04422633416489, "facility": "sidepath", "reserve_m": 47.098694837855682, "can_fw": true, "can_bw": false, "lts_now_fw": 1, "lts_now_bw": null, "cross_u": 2, "cross_v": 2, "role": "corridor", "lts_A_fw": 1, "lts_A_bw": null, "lts_B_fw": 1, "lts_B_bw": null, "lts_C_fw": 1, "lts_C_bw": null, "in_A": false, "in_B": true, "in_C": true, "A_effect": "no change", "scenario_labels": "B,C" }, "geometry": { "type": "LineString", "coordinates": [ [ 174.782205800000014, -41.2966583 ], [ 174.7825837, -41.2959767 ] ] } },
{ "type": "Feature", "properties": { "name": "Cambridge Terrace", "highway": "primary", "length_m": 3.5893185775224312, "facility": "sidepath", "reserve_m": null, "can_fw": true, "can_bw": false, "lts_now_fw": 1, "lts_now_bw": null, "cross_u": 2, "cross_v": 1, "role": "corridor", "lts_A_fw": 1, "lts_A_bw": null, "lts_B_fw": 1, "lts_B_bw": null, "lts_C_fw": 1, "lts_C_bw": null, "in_A": false, "in_B": true, "in_C": true, "A_effect": "no change", "scenario_labels": "B,C" }, "geometry": { "type": "LineString", "coordinates": [ [ 174.7825837, -41.2959767 ], [ 174.782600300000013, -41.2959469 ] ] } },
{ "type": "Feature", "properties": { "name": "Cambridge Terrace", "highway": "primary", "length_m": 39.204075505323814, "facility": "sidepath", "reserve_m": 20.180886727338589, "can_fw": true, "can_bw": false, "lts_now_fw": 1, "lts_now_bw": null, "cross_u": 1, "cross_v": 1, "role": "corridor", "lts_A_fw": 1, "lts_A_bw": null, "lts_B_fw": 1, "lts_B_bw": null, "lts_C_fw": 1, "lts_C_bw": null, "in_A": false, "in_B": true, "in_C": true, "A_effect": "no change", "scenario_labels": "B,C" }, "geometry": { "type": "LineString", "coordinates": [ [ 174.7833039, -41.2947269 ], [ 174.783484499999986, -41.2944012 ] ] } },
{ "type": "Feature", "properties": { "name": "Wakefield Street", "highway": "primary", "length_m": 32.287895748030152, "facility": "painted_lane", "reserve_m": 24.281214141138832, "can_fw": true, "can_bw": false, "lts_now_fw": 3, "lts_now_bw": null, "cross_u": 1, "cross_v": 1, "role": "corridor", "lts_A_fw": 3, "lts_A_bw": null, "lts_B_fw": 1, "lts_B_bw": null, "lts_C_fw": 1, "lts_C_bw": null, "in_A": true, "in_B": true, "in_C": true, "A_effect": "no change", "scenario_labels": "A,B,C" }, "geometry": { "type": "LineString", "coordinates": [ [ 174.783865600000013, -41.292861099999989 ], [ 174.7835422, -41.2927029 ] ] } },
{ "type": "Feature", "properties": { "name": "Wakefield Street", "highway": "primary", "length_m": 19.037765742247316, "facility": "painted_lane", "reserve_m": null, "can_fw": true, "can_bw": false, "lts_now_fw": 3, "lts_now_bw": null, "cross_u": 1, "cross_v": 3, "role": "corridor", "lts_A_fw": 3, "lts_A_bw": null, "lts_B_fw": 1, "lts_B_bw": null, "lts_C_fw": 1, "lts_C_bw": null, "in_A": true, "in_B": true, "in_C": true, "A_effect": "no change", "scenario_labels": "A,B,C" }, "geometry": { "type": "LineString", "coordinates": [ [ 174.7835422, -41.2927029 ], [ 174.783336900000023, -41.2926293 ] ] } },
{ "type": "Feature", "properties": { "name": "Cable Street", "highway": "primary", "length_m": 40.27482986668506, "facility": "sidepath", "reserve_m": 20.314843408440215, "can_fw": true, "can_bw": false, "lts_now_fw": 1, "lts_now_bw": null, "cross_u": 1, "cross_v": 1, "role": "corridor", "lts_A_fw": 1, "lts_A_bw": null, "lts_B_fw": 1, "lts_B_bw": null, "lts_C_fw": 1, "lts_C_bw": null, "in_A": true, "in_B": true, "in_C": true, "A_effect": "no change", "scenario_labels": "A,B,C" }, "geometry": { "type": "LineString", "coordinates": [ [ 174.7845227, -41.2921275 ], [ 174.7847802, -41.2922101 ], [ 174.78495190000001, -41.2922887 ] ] } },
{ "type": "Feature", "properties": { "name": "Cambridge Terrace", "highway": "primary", "length_m": 30.503774132363851, "facility": "sidepath", "reserve_m": 46.738929308482653, "can_fw": true, "can_bw": false, "lts_now_fw": 1, "lts_now_bw": null, "cross_u": 1, "cross_v": 2, "role": "corridor", "lts_A_fw": 1, "lts_A_bw": null, "lts_B_fw": 1, "lts_B_bw": null, "lts_C_fw": 1, "lts_C_bw": null, "in_A": false, "in_B": true, "in_C": true, "A_effect": "no change", "scenario_labels": "B,C" }, "geometry": { "type": "LineString", "coordinates": [ [ 174.7818471, -41.2973093 ], [ 174.7819874, -41.2970558 ] ] } },
{ "type": "Feature", "properties": { "name": "Wakefield Street", "highway": "primary", "length_m": 43.844853119839861, "facility": "painted_lane", "reserve_m": 24.365335667869623, "can_fw": true, "can_bw": false, "lts_now_fw": 3, "lts_now_bw": null, "cross_u": 1, "cross_v": 2, "role": "corridor", "lts_A_fw": 3, "lts_A_bw": null, "lts_B_fw": 1, "lts_B_bw": null, "lts_C_fw": 1, "lts_C_bw": null, "in_A": true, "in_B": true, "in_C": true, "A_effect": "no change", "scenario_labels": "A,B,C" }, "geometry": { "type": "LineString", "coordinates": [ [ 174.780045800000011, -41.291388499999989 ], [ 174.7796322, -41.2911466 ] ] } },
{ "type": "Feature", "properties": { "name": "Whitmore Street", "highway": "secondary", "length_m": 14.096678532474646, "facility": "sidepath", "reserve_m": null, "can_fw": true, "can_bw": true, "lts_now_fw": 1, "lts_now_bw": 1.0, "cross_u": 2, "cross_v": 2, "role": "corridor", "lts_A_fw": 1, "lts_A_bw": 1.0, "lts_B_fw": 1, "lts_B_bw": 1.0, "lts_C_fw": 1, "lts_C_bw": 1.0, "in_A": false, "in_B": true, "in_C": true, "A_effect": "no change", "scenario_labels": "B,C" }, "geometry": { "type": "LineString", "coordinates": [ [ 174.7789517, -41.2817322 ], [ 174.7790445, -41.2818381 ] ] } },
{ "type": "Feature", "properties": { "name": "Customhouse Quay", "highway": "primary", "length_m": 37.527274900189518, "facility": "mixed", "reserve_m": 31.074941074924773, "can_fw": true, "can_bw": false, "lts_now_fw": 4, "lts_now_bw": null, "cross_u": 2, "cross_v": 1, "role": "corridor", "lts_A_fw": 4, "lts_A_bw": null, "lts_B_fw": 1, "lts_B_bw": null, "lts_C_fw": 1, "lts_C_bw": null, "in_A": true, "in_B": true, "in_C": true, "A_effect": "no change", "scenario_labels": "A,B,C" }, "geometry": { "type": "LineString", "coordinates": [ [ 174.7787078, -41.282015 ], [ 174.7789517, -41.2817322 ] ] } },
{ "type": "Feature", "properties": { "name": "Whitmore Street", "highway": "secondary", "length_m": 43.257788889577292, "facility": "painted_lane", "reserve_m": null, "can_fw": true, "can_bw": true, "lts_now_fw": 3, "lts_now_bw": 3.0, "cross_u": 1, "cross_v": 2, "role": "corridor", "lts_A_fw": 3, "lts_A_bw": 3.0, "lts_B_fw": 1, "lts_B_bw": 1.0, "lts_C_fw": 1, "lts_C_bw": 1.0, "in_A": false, "in_B": true, "in_C": true, "A_effect": "no change", "scenario_labels": "B,C" }, "geometry": { "type": "LineString", "coordinates": [ [ 174.77802650000001, -41.2807191 ], [ 174.7783244, -41.2810373 ] ] } },
{ "type": "Feature", "properties": { "name": "Bunny Street", "highway": "unclassified", "length_m": 5.0174810051543792, "facility": "sidepath", "reserve_m": null, "can_fw": true, "can_bw": true, "lts_now_fw": 1, "lts_now_bw": 1.0, "cross_u": 1, "cross_v": 1, "role": "connector: Bunny Street", "lts_A_fw": 1, "lts_A_bw": 1.0, "lts_B_fw": 1, "lts_B_bw": 1.0, "lts_C_fw": 1, "lts_C_bw": 1.0, "in_A": false, "in_B": false, "in_C": true, "A_effect": "no change", "scenario_labels": "C" }, "geometry": { "type": "LineString", "coordinates": [ [ 174.7784039, -41.2788244 ], [ 174.7783643, -41.2787905 ] ] } },
{ "type": "Feature", "properties": { "name": "Taranaki Street", "highway": "residential", "length_m": 28.292398497508792, "facility": "protected_lane", "reserve_m": 20.125985578697492, "can_fw": true, "can_bw": true, "lts_now_fw": 1, "lts_now_bw": 1.0, "cross_u": 1, "cross_v": 2, "role": "connector: Taranaki Street", "lts_A_fw": 1, "lts_A_bw": 1.0, "lts_B_fw": 1, "lts_B_bw": 1.0, "lts_C_fw": 1, "lts_C_bw": 1.0, "in_A": false, "in_B": false, "in_C": true, "A_effect": "no change", "scenario_labels": "C" }, "geometry": { "type": "LineString", "coordinates": [ [ 174.780208100000038, -41.290196399999985 ], [ 174.780075400000015, -41.2904307 ] ] } },
{ "type": "Feature", "properties": { "name": "Taranaki Street", "highway": "secondary", "length_m": 29.723945018116957, "facility": "mixed", "reserve_m": null, "can_fw": true, "can_bw": true, "lts_now_fw": 3, "lts_now_bw": 3.0, "cross_u": 1, "cross_v": 2, "role": "connector: Taranaki Street", "lts_A_fw": 3, "lts_A_bw": 3.0, "lts_B_fw": 3, "lts_B_bw": 3.0, "lts_C_fw": 1, "lts_C_bw": 1.0, "in_A": false, "in_B": false, "in_C": true, "A_effect": "no change", "scenario_labels": "C" }, "geometry": { "type": "LineString", "coordinates": [ [ 174.7797883, -41.2909063 ], [ 174.7796322, -41.2911466 ] ] } },
{ "type": "Feature", "properties": { "name": "Jervois Quay", "highway": "primary", "length_m": 44.722919568218572, "facility": "mixed", "reserve_m": null, "can_fw": true, "can_bw": false, "lts_now_fw": 4, "lts_now_bw": null, "cross_u": 2, "cross_v": 2, "role": "corridor", "lts_A_fw": 4, "lts_A_bw": null, "lts_B_fw": 1, "lts_B_bw": null, "lts_C_fw": 1, "lts_C_bw": null, "in_A": true, "in_B": true, "in_C": true, "A_effect": "no change", "scenario_labels": "A,B,C" }, "geometry": { "type": "LineString", "coordinates": [ [ 174.7796322, -41.2911466 ], [ 174.7793419, -41.2908089 ] ] } },
{ "type": "Feature", "properties": { "name": "Customhouse Quay", "highway": "primary", "length_m": 16.305730516536162, "facility": "mixed", "reserve_m": 30.97911905860505, "can_fw": true, "can_bw": false, "lts_now_fw": 4, "lts_now_bw": null, "cross_u": 2, "cross_v": 1, "role": "corridor", "lts_A_fw": 4, "lts_A_bw": null, "lts_B_fw": 1, "lts_B_bw": null, "lts_C_fw": 1, "lts_C_bw": null, "in_A": true, "in_B": true, "in_C": true, "A_effect": "no change", "scenario_labels": "A,B,C" }, "geometry": { "type": "LineString", "coordinates": [ [ 174.7790445, -41.2818381 ], [ 174.7789392, -41.2819616 ] ] } },
{ "type": "Feature", "properties": { "name": "Customhouse Quay", "highway": "primary", "length_m": 70.740623801469695, "facility": "mixed", "reserve_m": 30.422375550115241, "can_fw": true, "can_bw": false, "lts_now_fw": 4, "lts_now_bw": null, "cross_u": 1, "cross_v": 2, "role": "corridor", "lts_A_fw": 4, "lts_A_bw": null, "lts_B_fw": 1, "lts_B_bw": null, "lts_C_fw": 1, "lts_C_bw": null, "in_A": true, "in_B": true, "in_C": true, "A_effect": "no change", "scenario_labels": "A,B,C" }, "geometry": { "type": "LineString", "coordinates": [ [ 174.7785337, -41.2826562 ], [ 174.7782139, -41.283245799999989 ] ] } },
{ "type": "Feature", "properties": { "name": "Wakefield Street", "highway": "tertiary", "length_m": 43.946020260835319, "facility": "mixed", "reserve_m": 47.690463074277673, "can_fw": true, "can_bw": false, "lts_now_fw": 3, "lts_now_bw": null, "cross_u": 2, "cross_v": 1, "role": "corridor", "lts_A_fw": 3, "lts_A_bw": null, "lts_B_fw": 1, "lts_B_bw": null, "lts_C_fw": 1, "lts_C_bw": null, "in_A": true, "in_B": true, "in_C": true, "A_effect": "no change", "scenario_labels": "A,B,C" }, "geometry": { "type": "LineString", "coordinates": [ [ 174.776134100000036, -41.2887874 ], [ 174.7762871, -41.288991 ], [ 174.7764119, -41.2891225 ] ] } },
{ "type": "Feature", "properties": { "name": "Featherston Street", "highway": "secondary", "length_m": 44.89848106467705, "facility": "sidepath", "reserve_m": null, "can_fw": true, "can_bw": false, "lts_now_fw": 1, "lts_now_bw": null, "cross_u": 1, "cross_v": 2, "role": "connector: Featherston Street", "lts_A_fw": 1, "lts_A_bw": null, "lts_B_fw": 1, "lts_B_bw": null, "lts_C_fw": 1, "lts_C_bw": null, "in_A": false, "in_B": false, "in_C": true, "A_effect": "no change", "scenario_labels": "C" }, "geometry": { "type": "LineString", "coordinates": [ [ 174.7798903, -41.2784823 ], [ 174.7799315, -41.2783529 ], [ 174.780122299999988, -41.2781231 ] ] } },
{ "type": "Feature", "properties": { "name": "Cable Street", "highway": "primary", "length_m": 51.096286091224108, "facility": "mixed", "reserve_m": 20.08523032005877, "can_fw": true, "can_bw": false, "lts_now_fw": 4, "lts_now_bw": null, "cross_u": 1, "cross_v": 2, "role": "corridor", "lts_A_fw": 4, "lts_A_bw": null, "lts_B_fw": 1, "lts_B_bw": null, "lts_C_fw": 1, "lts_C_bw": null, "in_A": true, "in_B": true, "in_C": true, "A_effect": "no change", "scenario_labels": "A,B,C" }, "geometry": { "type": "LineString", "coordinates": [ [ 174.781795499999987, -41.2912578 ], [ 174.782356400000026, -41.2914388 ] ] } },
{ "type": "Feature", "properties": { "name": "Cable Street", "highway": "primary", "length_m": 27.778095603478434, "facility": "mixed", "reserve_m": 20.11891157998036, "can_fw": true, "can_bw": false, "lts_now_fw": 4, "lts_now_bw": null, "cross_u": 1, "cross_v": 1, "role": "corridor", "lts_A_fw": 4, "lts_A_bw": null, "lts_B_fw": 1, "lts_B_bw": null, "lts_C_fw": 1, "lts_C_bw": null, "in_A": true, "in_B": true, "in_C": true, "A_effect": "no change", "scenario_labels": "A,B,C" }, "geometry": { "type": "LineString", "coordinates": [ [ 174.7812682, -41.2910882 ], [ 174.781573400000013, -41.2911861 ] ] } },
{ "type": "Feature", "properties": { "name": "Wakefield Street", "highway": "primary", "length_m": 54.579624996145824, "facility": "mixed", "reserve_m": 24.332291048571832, "can_fw": true, "can_bw": false, "lts_now_fw": 4, "lts_now_bw": null, "cross_u": 3, "cross_v": 1, "role": "corridor", "lts_A_fw": 4, "lts_A_bw": null, "lts_B_fw": 1, "lts_B_bw": null, "lts_C_fw": 1, "lts_C_bw": null, "in_A": true, "in_B": true, "in_C": true, "A_effect": "no change", "scenario_labels": "A,B,C" }, "geometry": { "type": "LineString", "coordinates": [ [ 174.783336900000023, -41.2926293 ], [ 174.7827347, -41.2924415 ] ] } },
{ "type": "Feature", "properties": { "name": "Wakefield Street", "highway": "primary", "length_m": 38.691628372453344, "facility": "mixed", "reserve_m": 24.377924583114481, "can_fw": true, "can_bw": false, "lts_now_fw": 4, "lts_now_bw": null, "cross_u": 1, "cross_v": 1, "role": "corridor", "lts_A_fw": 4, "lts_A_bw": null, "lts_B_fw": 1, "lts_B_bw": null, "lts_C_fw": 1, "lts_C_bw": null, "in_A": true, "in_B": true, "in_C": true, "A_effect": "no change", "scenario_labels": "A,B,C" }, "geometry": { "type": "LineString", "coordinates": [ [ 174.7827347, -41.2924415 ], [ 174.782310099999989, -41.2923042 ] ] } },
{ "type": "Feature", "properties": { "name": "Wakefield Street", "highway": "primary", "length_m": 36.184828841886329, "facility": "mixed", "reserve_m": 24.335435149210497, "can_fw": true, "can_bw": false, "lts_now_fw": 4, "lts_now_bw": null, "cross_u": 1, "cross_v": 2, "role": "corridor", "lts_A_fw": 4, "lts_A_bw": null, "lts_B_fw": 1, "lts_B_bw": null, "lts_C_fw": 1, "lts_C_bw": null, "in_A": true, "in_B": true, "in_C": true, "A_effect": "no change", "scenario_labels": "A,B,C" }, "geometry": { "type": "LineString", "coordinates": [ [ 174.782310099999989, -41.2923042 ], [ 174.7819125, -41.2921767 ] ] } },
{ "type": "Feature", "properties": { "name": "Cable Street", "highway": "primary", "length_m": 29.895303347546868, "facility": "sidepath", "reserve_m": 20.263050856824684, "can_fw": true, "can_bw": false, "lts_now_fw": 1, "lts_now_bw": null, "cross_u": 1, "cross_v": 1, "role": "corridor", "lts_A_fw": 1, "lts_A_bw": null, "lts_B_fw": 1, "lts_B_bw": null, "lts_C_fw": 1, "lts_C_bw": null, "in_A": true, "in_B": true, "in_C": true, "A_effect": "no change", "scenario_labels": "A,B,C" }, "geometry": { "type": "LineString", "coordinates": [ [ 174.7833132, -41.2917407 ], [ 174.7836397, -41.2918495 ] ] } },
{ "type": "Feature", "properties": { "name": "Cable Street", "highway": "primary", "length_m": 8.848596890596033, "facility": "sidepath", "reserve_m": null, "can_fw": true, "can_bw": false, "lts_now_fw": 1, "lts_now_bw": null, "cross_u": 1, "cross_v": 2, "role": "corridor", "lts_A_fw": 1, "lts_A_bw": null, "lts_B_fw": 1, "lts_B_bw": null, "lts_C_fw": 1, "lts_C_bw": null, "in_A": true, "in_B": true, "in_C": true, "A_effect": "no change", "scenario_labels": "A,B,C" }, "geometry": { "type": "LineString", "coordinates": [ [ 174.7836397, -41.2918495 ], [ 174.783736400000038, -41.2918816 ] ] } },
{ "type": "Feature", "properties": { "name": "Kent Terrace", "highway": "primary", "length_m": 29.863116291668142, "facility": "sidepath", "reserve_m": 49.546484515193619, "can_fw": true, "can_bw": false, "lts_now_fw": 1, "lts_now_bw": null, "cross_u": 2, "cross_v": 1, "role": "corridor", "lts_A_fw": 1, "lts_A_bw": null, "lts_B_fw": 1, "lts_B_bw": null, "lts_C_fw": 1, "lts_C_bw": null, "in_A": false, "in_B": true, "in_C": true, "A_effect": "no change", "scenario_labels": "B,C" }, "geometry": { "type": "LineString", "coordinates": [ [ 174.7847874, -41.2930922 ], [ 174.784534, -41.2932814 ] ] } },
{ "type": "Feature", "properties": { "name": "Wakefield Street", "highway": "tertiary", "length_m": 53.015641998975795, "facility": "mixed", "reserve_m": null, "can_fw": true, "can_bw": true, "lts_now_fw": 3, "lts_now_bw": 3.0, "cross_u": 2, "cross_v": 2, "role": "corridor", "lts_A_fw": 3, "lts_A_bw": 3.0, "lts_B_fw": 1, "lts_B_bw": 1.0, "lts_C_fw": 1, "lts_C_bw": 1.0, "in_A": true, "in_B": true, "in_C": true, "A_effect": "no change", "scenario_labels": "A,B,C" }, "geometry": { "type": "LineString", "coordinates": [ [ 174.7791111, -41.2908769 ], [ 174.7793634, -41.2910236 ], [ 174.7796322, -41.2911466 ] ] } },
{ "type": "Feature", "properties": { "name": "Wakefield Street", "highway": "tertiary", "length_m": 19.668036937169354, "facility": "mixed", "reserve_m": 20.10266233722178, "can_fw": true, "can_bw": true, "lts_now_fw": 3, "lts_now_bw": 3.0, "cross_u": 1, "cross_v": 2, "role": "corridor", "lts_A_fw": 3, "lts_A_bw": 3.0, "lts_B_fw": 1, "lts_B_bw": 1.0, "lts_C_fw": 1, "lts_C_bw": 1.0, "in_A": true, "in_B": true, "in_C": true, "A_effect": "no change", "scenario_labels": "A,B,C" }, "geometry": { "type": "LineString", "coordinates": [ [ 174.7789214, -41.2907725 ], [ 174.7791111, -41.2908769 ] ] } },
{ "type": "Feature", "properties": { "name": "Taranaki Street", "highway": "secondary", "length_m": 26.269848240321572, "facility": "mixed", "reserve_m": 20.126672748318605, "can_fw": true, "can_bw": true, "lts_now_fw": 3, "lts_now_bw": 3.0, "cross_u": 2, "cross_v": 1, "role": "connector: Taranaki Street", "lts_A_fw": 3, "lts_A_bw": 3.0, "lts_B_fw": 3, "lts_B_bw": 3.0, "lts_C_fw": 1, "lts_C_bw": 1.0, "in_A": false, "in_B": false, "in_C": true, "A_effect": "no change", "scenario_labels": "C" }, "geometry": { "type": "LineString", "coordinates": [ [ 174.780075400000015, -41.2904307 ], [ 174.7799463, -41.2906463 ] ] } },
{ "type": "Feature", "properties": { "name": "Jervois Quay", "highway": "primary", "length_m": 56.15243494073885, "facility": "mixed", "reserve_m": 30.853417308430586, "can_fw": true, "can_bw": false, "lts_now_fw": 4, "lts_now_bw": null, "cross_u": 1, "cross_v": 2, "role": "corridor", "lts_A_fw": 4, "lts_A_bw": null, "lts_B_fw": 1, "lts_B_bw": null, "lts_C_fw": 1, "lts_C_bw": null, "in_A": true, "in_B": true, "in_C": true, "A_effect": "no change", "scenario_labels": "A,B,C" }, "geometry": { "type": "LineString", "coordinates": [ [ 174.778410900000011, -41.2886964 ], [ 174.778304900000023, -41.2881971 ] ] } },
{ "type": "Feature", "properties": { "name": "Jervois Quay", "highway": "primary", "length_m": 3.1991824116089633, "facility": "mixed", "reserve_m": null, "can_fw": true, "can_bw": false, "lts_now_fw": 4, "lts_now_bw": null, "cross_u": 1, "cross_v": 1, "role": "corridor", "lts_A_fw": 4, "lts_A_bw": null, "lts_B_fw": 1, "lts_B_bw": null, "lts_C_fw": 1, "lts_C_bw": null, "in_A": true, "in_B": true, "in_C": true, "A_effect": "no change", "scenario_labels": "A,B,C" }, "geometry": { "type": "LineString", "coordinates": [ [ 174.778419500000012, -41.2879646 ], [ 174.7784241, -41.2879932 ] ] } },
{ "type": "Feature", "properties": { "name": "Jervois Quay", "highway": "primary", "length_m": 102.19852014874029, "facility": "mixed", "reserve_m": 30.68068610584308, "can_fw": true, "can_bw": false, "lts_now_fw": 4, "lts_now_bw": null, "cross_u": 2, "cross_v": 1, "role": "corridor", "lts_A_fw": 4, "lts_A_bw": null, "lts_B_fw": 1, "lts_B_bw": null, "lts_C_fw": 1, "lts_C_bw": null, "in_A": true, "in_B": true, "in_C": true, "A_effect": "no change", "scenario_labels": "A,B,C" }, "geometry": { "type": "LineString", "coordinates": [ [ 174.778264799999988, -41.287051699999985 ], [ 174.778419500000012, -41.2879646 ] ] } },
{ "type": "Feature", "properties": { "name": "Jervois Quay", "highway": "primary", "length_m": 51.26210263986961, "facility": "mixed", "reserve_m": 33.057352406532438, "can_fw": true, "can_bw": false, "lts_now_fw": 4, "lts_now_bw": null, "cross_u": 1, "cross_v": 1, "role": "corridor", "lts_A_fw": 4, "lts_A_bw": null, "lts_B_fw": 1, "lts_B_bw": null, "lts_C_fw": 1, "lts_C_bw": null, "in_A": true, "in_B": true, "in_C": true, "A_effect": "no change", "scenario_labels": "A,B,C" }, "geometry": { "type": "LineString", "coordinates": [ [ 174.7781723, -41.2865832 ], [ 174.7782633, -41.2870397 ] ] } },
{ "type": "Feature", "properties": { "name": "Jervois Quay", "highway": "primary", "length_m": 1.3384538342591314, "facility": "sidepath", "reserve_m": null, "can_fw": true, "can_bw": false, "lts_now_fw": 1, "lts_now_bw": null, "cross_u": 1, "cross_v": 2, "role": "corridor", "lts_A_fw": 1, "lts_A_bw": null, "lts_B_fw": 1, "lts_B_bw": null, "lts_C_fw": 1, "lts_C_bw": null, "in_A": true, "in_B": true, "in_C": true, "A_effect": "no change", "scenario_labels": "A,B,C" }, "geometry": { "type": "LineString", "coordinates": [ [ 174.7782633, -41.2870397 ], [ 174.778264799999988, -41.287051699999985 ] ] } },
{ "type": "Feature", "properties": { "name": "Jervois Quay", "highway": "primary", "length_m": 62.809925250086906, "facility": "mixed", "reserve_m": 30.746593870897581, "can_fw": true, "can_bw": false, "lts_now_fw": 4, "lts_now_bw": null, "cross_u": 2, "cross_v": 1, "role": "corridor", "lts_A_fw": 4, "lts_A_bw": null, "lts_B_fw": 1, "lts_B_bw": null, "lts_C_fw": 1, "lts_C_bw": null, "in_A": true, "in_B": true, "in_C": true, "A_effect": "no change", "scenario_labels": "A,B,C" }, "geometry": { "type": "LineString", "coordinates": [ [ 174.778304900000023, -41.2881971 ], [ 174.7781922, -41.2876379 ] ] } },
{ "type": "Feature", "properties": { "name": "Jervois Quay", "highway": "primary", "length_m": 43.860103096454978, "facility": "mixed", "reserve_m": 30.66028979698596, "can_fw": true, "can_bw": false, "lts_now_fw": 4, "lts_now_bw": null, "cross_u": 1, "cross_v": 1, "role": "corridor", "lts_A_fw": 4, "lts_A_bw": null, "lts_B_fw": 1, "lts_B_bw": null, "lts_C_fw": 1, "lts_C_bw": null, "in_A": true, "in_B": true, "in_C": true, "A_effect": "no change", "scenario_labels": "A,B,C" }, "geometry": { "type": "LineString", "coordinates": [ [ 174.7781922, -41.2876379 ], [ 174.778113600000012, -41.2872474 ] ] } },
{ "type": "Feature", "properties": { "name": "Jervois Quay", "highway": "primary", "length_m": 55.830415256952918, "facility": "mixed", "reserve_m": 30.549452789559957, "can_fw": true, "can_bw": false, "lts_now_fw": 4, "lts_now_bw": null, "cross_u": 2, "cross_v": 1, "role": "corridor", "lts_A_fw": 4, "lts_A_bw": null, "lts_B_fw": 1, "lts_B_bw": null, "lts_C_fw": 1, "lts_C_bw": null, "in_A": true, "in_B": true, "in_C": true, "A_effect": "no change", "scenario_labels": "A,B,C" }, "geometry": { "type": "LineString", "coordinates": [ [ 174.778064699999987, -41.2870049 ], [ 174.777976, -41.2865066 ] ] } },
{ "type": "Feature", "properties": { "name": "Jervois Quay", "highway": "primary", "length_m": 72.759967827345719, "facility": "mixed", "reserve_m": 30.548251515118551, "can_fw": true, "can_bw": false, "lts_now_fw": 4, "lts_now_bw": null, "cross_u": 1, "cross_v": 2, "role": "corridor", "lts_A_fw": 4, "lts_A_bw": null, "lts_B_fw": 1, "lts_B_bw": null, "lts_C_fw": 1, "lts_C_bw": null, "in_A": true, "in_B": true, "in_C": true, "A_effect": "no change", "scenario_labels": "A,B,C" }, "geometry": { "type": "LineString", "coordinates": [ [ 174.777976, -41.2865066 ], [ 174.7778604, -41.2858572 ] ] } },
{ "type": "Feature", "properties": { "name": "Jervois Quay", "highway": "primary", "length_m": 44.610657859468148, "facility": "mixed", "reserve_m": 30.412933163812959, "can_fw": true, "can_bw": false, "lts_now_fw": 4, "lts_now_bw": null, "cross_u": 1, "cross_v": 2, "role": "corridor", "lts_A_fw": 4, "lts_A_bw": null, "lts_B_fw": 1, "lts_B_bw": null, "lts_C_fw": 1, "lts_C_bw": null, "in_A": true, "in_B": true, "in_C": true, "A_effect": "no change", "scenario_labels": "A,B,C" }, "geometry": { "type": "LineString", "coordinates": [ [ 174.7779405, -41.2854422 ], [ 174.7780278, -41.2858385 ] ] } },
{ "type": "Feature", "properties": { "name": "Jervois Quay", "highway": "primary", "length_m": 24.089305361854336, "facility": "mixed", "reserve_m": null, "can_fw": true, "can_bw": false, "lts_now_fw": 4, "lts_now_bw": null, "cross_u": 2, "cross_v": 1, "role": "corridor", "lts_A_fw": 4, "lts_A_bw": null, "lts_B_fw": 1, "lts_B_bw": null, "lts_C_fw": 1, "lts_C_bw": null, "in_A": true, "in_B": true, "in_C": true, "A_effect": "no change", "scenario_labels": "A,B,C" }, "geometry": { "type": "LineString", "coordinates": [ [ 174.7780278, -41.2858385 ], [ 174.7780661, -41.2860535 ] ] } },
{ "type": "Feature", "properties": { "name": "Jervois Quay", "highway": "primary", "length_m": 59.492200906315048, "facility": "mixed", "reserve_m": 30.509776711693899, "can_fw": true, "can_bw": false, "lts_now_fw": 4, "lts_now_bw": null, "cross_u": 1, "cross_v": 1, "role": "corridor", "lts_A_fw": 4, "lts_A_bw": null, "lts_B_fw": 1, "lts_B_bw": null, "lts_C_fw": 1, "lts_C_bw": null, "in_A": true, "in_B": true, "in_C": true, "A_effect": "no change", "scenario_labels": "A,B,C" }, "geometry": { "type": "LineString", "coordinates": [ [ 174.7780661, -41.2860535 ], [ 174.7781723, -41.2865832 ] ] } },
{ "type": "Feature", "properties": { "name": "Jervois Quay", "highway": "primary", "length_m": 4.34102867624238, "facility": "sidepath", "reserve_m": null, "can_fw": true, "can_bw": false, "lts_now_fw": 1, "lts_now_bw": null, "cross_u": 1, "cross_v": 1, "role": "corridor", "lts_A_fw": 1, "lts_A_bw": null, "lts_B_fw": 1, "lts_B_bw": null, "lts_C_fw": 1, "lts_C_bw": null, "in_A": true, "in_B": true, "in_C": true, "A_effect": "no change", "scenario_labels": "A,B,C" }, "geometry": { "type": "LineString", "coordinates": [ [ 174.777676, -41.2849834 ], [ 174.777667799999989, -41.2849448 ] ] } },
{ "type": "Feature", "properties": { "name": "Jervois Quay", "highway": "primary", "length_m": 87.803543556047657, "facility": "mixed", "reserve_m": 55.7369369900712, "can_fw": true, "can_bw": false, "lts_now_fw": 4, "lts_now_bw": null, "cross_u": 1, "cross_v": 2, "role": "corridor", "lts_A_fw": 4, "lts_A_bw": null, "lts_B_fw": 1, "lts_B_bw": null, "lts_C_fw": 1, "lts_C_bw": null, "in_A": true, "in_B": true, "in_C": true, "A_effect": "no change", "scenario_labels": "A,B,C" }, "geometry": { "type": "LineString", "coordinates": [ [ 174.777667799999989, -41.2849448 ], [ 174.7775958, -41.2845052 ], [ 174.7776054, -41.284158 ] ] } },
{ "type": "Feature", "properties": { "name": "Jervois Quay", "highway": "primary", "length_m": 32.430136732227048, "facility": "mixed", "reserve_m": null, "can_fw": true, "can_bw": false, "lts_now_fw": 4, "lts_now_bw": null, "cross_u": 1, "cross_v": 1, "role": "corridor", "lts_A_fw": 4, "lts_A_bw": null, "lts_B_fw": 1, "lts_B_bw": null, "lts_C_fw": 1, "lts_C_bw": null, "in_A": true, "in_B": true, "in_C": true, "A_effect": "no change", "scenario_labels": "A,B,C" }, "geometry": { "type": "LineString", "coordinates": [ [ 174.7777812, -41.2841892 ], [ 174.7777485, -41.2844802 ] ] } },
{ "type": "Feature", "properties": { "name": "Jervois Quay", "highway": "primary", "length_m": 10.439998094627972, "facility": "sidepath", "reserve_m": 32.681646315192467, "can_fw": true, "can_bw": false, "lts_now_fw": 1, "lts_now_bw": null, "cross_u": 1, "cross_v": 1, "role": "corridor", "lts_A_fw": 1, "lts_A_bw": null, "lts_B_fw": 1, "lts_B_bw": null, "lts_C_fw": 1, "lts_C_bw": null, "in_A": true, "in_B": true, "in_C": true, "A_effect": "no change", "scenario_labels": "A,B,C" }, "geometry": { "type": "LineString", "coordinates": [ [ 174.777811899999989, -41.2849673 ], [ 174.77783880000004, -41.2850591 ] ] } },
{ "type": "Feature", "properties": { "name": "Jervois Quay", "highway": "primary", "length_m": 43.385937599590669, "facility": "mixed", "reserve_m": 28.51645331930672, "can_fw": true, "can_bw": false, "lts_now_fw": 4, "lts_now_bw": null, "cross_u": 1, "cross_v": 1, "role": "corridor", "lts_A_fw": 4, "lts_A_bw": null, "lts_B_fw": 1, "lts_B_bw": null, "lts_C_fw": 1, "lts_C_bw": null, "in_A": true, "in_B": true, "in_C": true, "A_effect": "no change", "scenario_labels": "A,B,C" }, "geometry": { "type": "LineString", "coordinates": [ [ 174.77783880000004, -41.2850591 ], [ 174.7779405, -41.2854422 ] ] } },
{ "type": "Feature", "properties": { "name": "Customhouse Quay", "highway": "secondary", "length_m": 34.350809399454477, "facility": "mixed", "reserve_m": 18.295636444104819, "can_fw": true, "can_bw": true, "lts_now_fw": 3, "lts_now_bw": 4.0, "cross_u": 1, "cross_v": 2, "role": "corridor", "lts_A_fw": 3, "lts_A_bw": 4.0, "lts_B_fw": 1, "lts_B_bw": 1.0, "lts_C_fw": 1, "lts_C_bw": 1.0, "in_A": true, "in_B": true, "in_C": true, "A_effect": "no change", "scenario_labels": "A,B,C" }, "geometry": { "type": "LineString", "coordinates": [ [ 174.776571300000029, -41.2858815 ], [ 174.7767179, -41.2855926 ] ] } },
{ "type": "Feature", "properties": { "name": "Customhouse Quay", "highway": "primary", "length_m": 71.628957024840275, "facility": "mixed", "reserve_m": 30.436485175579278, "can_fw": true, "can_bw": false, "lts_now_fw": 4, "lts_now_bw": null, "cross_u": 2, "cross_v": 2, "role": "corridor", "lts_A_fw": 4, "lts_A_bw": null, "lts_B_fw": 1, "lts_B_bw": null, "lts_C_fw": 1, "lts_C_bw": null, "in_A": true, "in_B": true, "in_C": true, "A_effect": "no change", "scenario_labels": "A,B,C" }, "geometry": { "type": "LineString", "coordinates": [ [ 174.7782139, -41.283245799999989 ], [ 174.7778906, -41.283842899999989 ] ] } },
{ "type": "Feature", "properties": { "name": "Customhouse Quay", "highway": "primary", "length_m": 56.707164535496268, "facility": "mixed", "reserve_m": 32.256513067697412, "can_fw": true, "can_bw": false, "lts_now_fw": 4, "lts_now_bw": null, "cross_u": 1, "cross_v": 1, "role": "corridor", "lts_A_fw": 4, "lts_A_bw": null, "lts_B_fw": 1, "lts_B_bw": null, "lts_C_fw": 1, "lts_C_bw": null, "in_A": true, "in_B": true, "in_C": true, "A_effect": "no change", "scenario_labels": "A,B,C" }, "geometry": { "type": "LineString", "coordinates": [ [ 174.7787875, -41.2821829 ], [ 174.7785337, -41.2826562 ] ] } },
{ "type": "Feature", "properties": { "name": "Customhouse Quay", "highway": "primary", "length_m": 39.675544087523548, "facility": "mixed", "reserve_m": 32.871959064527744, "can_fw": true, "can_bw": false, "lts_now_fw": 4, "lts_now_bw": null, "cross_u": 2, "cross_v": 1, "role": "corridor", "lts_A_fw": 4, "lts_A_bw": null, "lts_B_fw": 1, "lts_B_bw": null, "lts_C_fw": 1, "lts_C_bw": null, "in_A": true, "in_B": true, "in_C": true, "A_effect": "no change", "scenario_labels": "A,B,C" }, "geometry": { "type": "LineString", "coordinates": [ [ 174.7778906, -41.283842899999989 ], [ 174.7778041, -41.284065499999983 ], [ 174.7777812, -41.2841892 ] ] } },
{ "type": "Feature", "properties": { "name": "Cambridge Terrace", "highway": "primary", "length_m": 39.486874395442314, "facility": "sidepath", "reserve_m": 46.92806080317812, "can_fw": true, "can_bw": false, "lts_now_fw": 1, "lts_now_bw": null, "cross_u": 1, "cross_v": 1, "role": "corridor", "lts_A_fw": 1, "lts_A_bw": null, "lts_B_fw": 1, "lts_B_bw": null, "lts_C_fw": 1, "lts_C_bw": null, "in_A": false, "in_B": true, "in_C": true, "A_effect": "no change", "scenario_labels": "B,C" }, "geometry": { "type": "LineString", "coordinates": [ [ 174.782600300000013, -41.2959469 ], [ 174.782785499999989, -41.2956199 ] ] } },
{ "type": "Feature", "properties": { "name": "Wakefield Street", "highway": "tertiary", "length_m": 88.634313621141686, "facility": "mixed", "reserve_m": 20.167225923054637, "can_fw": true, "can_bw": true, "lts_now_fw": 3, "lts_now_bw": 3.0, "cross_u": 1, "cross_v": 1, "role": "corridor", "lts_A_fw": 3, "lts_A_bw": 3.0, "lts_B_fw": 1, "lts_B_bw": 1.0, "lts_C_fw": 1, "lts_C_bw": 1.0, "in_A": true, "in_B": true, "in_C": true, "A_effect": "no change", "scenario_labels": "A,B,C" }, "geometry": { "type": "LineString", "coordinates": [ [ 174.7765846, -41.2892553 ], [ 174.7768217, -41.2894488 ], [ 174.777330799999987, -41.2898209 ] ] } },
{ "type": "Feature", "properties": { "name": "Wakefield Street", "highway": "tertiary", "length_m": 27.777896737662452, "facility": "mixed", "reserve_m": 20.151501570235919, "can_fw": true, "can_bw": true, "lts_now_fw": 3, "lts_now_bw": 3.0, "cross_u": 1, "cross_v": 1, "role": "corridor", "lts_A_fw": 3, "lts_A_bw": 3.0, "lts_B_fw": 1, "lts_B_bw": 1.0, "lts_C_fw": 1, "lts_C_bw": 1.0, "in_A": true, "in_B": true, "in_C": true, "A_effect": "no change", "scenario_labels": "A,B,C" }, "geometry": { "type": "LineString", "coordinates": [ [ 174.777330799999987, -41.2898209 ], [ 174.7774698, -41.2898795 ], [ 174.7775895, -41.2899729 ] ] } },
{ "type": "Feature", "properties": { "name": "Bunny Street", "highway": "unclassified", "length_m": 42.214648812272941, "facility": "painted_lane", "reserve_m": null, "can_fw": true, "can_bw": true, "lts_now_fw": 2, "lts_now_bw": 2.0, "cross_u": 2, "cross_v": 1, "role": "connector: Bunny Street", "lts_A_fw": 2, "lts_A_bw": 2.0, "lts_B_fw": 2, "lts_B_bw": 2.0, "lts_C_fw": 1, "lts_C_bw": 1.0, "in_A": false, "in_B": false, "in_C": true, "A_effect": "no change", "scenario_labels": "C" }, "geometry": { "type": "LineString", "coordinates": [ [ 174.779165299999988, -41.279578399999984 ], [ 174.7788635, -41.279274 ] ] } },
{ "type": "Feature", "properties": { "name": "Customhouse Quay", "highway": "primary", "length_m": 32.666627638386196, "facility": "mixed", "reserve_m": 31.827333943198155, "can_fw": true, "can_bw": false, "lts_now_fw": 4, "lts_now_bw": null, "cross_u": 1, "cross_v": 2, "role": "corridor", "lts_A_fw": 4, "lts_A_bw": null, "lts_B_fw": 1, "lts_B_bw": null, "lts_C_fw": 1, "lts_C_bw": null, "in_A": true, "in_B": true, "in_C": true, "A_effect": "no change", "scenario_labels": "A,B,C" }, "geometry": { "type": "LineString", "coordinates": [ [ 174.778558, -41.2822862 ], [ 174.7787078, -41.282015 ] ] } },
{ "type": "Feature", "properties": { "name": "Taranaki Street", "highway": "secondary", "length_m": 59.025209551513207, "facility": "mixed", "reserve_m": 25.813995560628364, "can_fw": true, "can_bw": true, "lts_now_fw": 4, "lts_now_bw": 4.0, "cross_u": 1, "cross_v": 1, "role": "connector: Taranaki Street", "lts_A_fw": 4, "lts_A_bw": 4.0, "lts_B_fw": 4, "lts_B_bw": 4.0, "lts_C_fw": 1, "lts_C_bw": 1.0, "in_A": false, "in_B": false, "in_C": true, "A_effect": "no change", "scenario_labels": "C" }, "geometry": { "type": "LineString", "coordinates": [ [ 174.7783937, -41.2932681 ], [ 174.7781119, -41.293755299999987 ] ] } },
{ "type": "Feature", "properties": { "name": "Taranaki Street", "highway": "secondary", "length_m": 57.919635761048568, "facility": "mixed", "reserve_m": 25.59940178571037, "can_fw": true, "can_bw": true, "lts_now_fw": 3, "lts_now_bw": 3.0, "cross_u": 1, "cross_v": 2, "role": "connector: Taranaki Street", "lts_A_fw": 3, "lts_A_bw": 3.0, "lts_B_fw": 3, "lts_B_bw": 3.0, "lts_C_fw": 1, "lts_C_bw": 1.0, "in_A": false, "in_B": false, "in_C": true, "A_effect": "no change", "scenario_labels": "C" }, "geometry": { "type": "LineString", "coordinates": [ [ 174.7791575, -41.2919515 ], [ 174.778889099999986, -41.2924322 ] ] } },
{ "type": "Feature", "properties": { "name": "Featherston Street", "highway": "secondary", "length_m": 47.311857104256859, "facility": "sidepath", "reserve_m": null, "can_fw": true, "can_bw": false, "lts_now_fw": 1, "lts_now_bw": null, "cross_u": 2, "cross_v": 1, "role": "connector: Featherston Street", "lts_A_fw": 1, "lts_A_bw": null, "lts_B_fw": 1, "lts_B_bw": null, "lts_C_fw": 1, "lts_C_bw": null, "in_A": false, "in_B": false, "in_C": true, "A_effect": "no change", "scenario_labels": "C" }, "geometry": { "type": "LineString", "coordinates": [ [ 174.780122299999988, -41.2781231 ], [ 174.780404299999987, -41.277754 ] ] } },
{ "type": "Feature", "properties": { "name": "Featherston Street", "highway": "secondary", "length_m": 19.860649798677933, "facility": "sidepath", "reserve_m": null, "can_fw": true, "can_bw": false, "lts_now_fw": 1, "lts_now_bw": null, "cross_u": 1, "cross_v": 1, "role": "connector: Featherston Street", "lts_A_fw": 1, "lts_A_bw": null, "lts_B_fw": 1, "lts_B_bw": null, "lts_C_fw": 1, "lts_C_bw": null, "in_A": false, "in_B": false, "in_C": true, "A_effect": "no change", "scenario_labels": "C" }, "geometry": { "type": "LineString", "coordinates": [ [ 174.780404299999987, -41.277754 ], [ 174.7805148, -41.2775964 ] ] } },
{ "type": "Feature", "properties": { "name": "Featherston Street", "highway": "secondary", "length_m": 18.326891057591475, "facility": "painted_lane", "reserve_m": 29.371471213177699, "can_fw": true, "can_bw": false, "lts_now_fw": 3, "lts_now_bw": null, "cross_u": 1, "cross_v": 1, "role": "connector: Featherston Street", "lts_A_fw": 3, "lts_A_bw": null, "lts_B_fw": 3, "lts_B_bw": null, "lts_C_fw": 1, "lts_C_bw": null, "in_A": false, "in_B": false, "in_C": true, "A_effect": "no change", "scenario_labels": "C" }, "geometry": { "type": "LineString", "coordinates": [ [ 174.7787079, -41.2804006 ], [ 174.77861870000001, -41.2805513 ] ] } },
{ "type": "Feature", "properties": { "name": "Bunny Street", "highway": "tertiary", "length_m": 44.017919598875956, "facility": "painted_lane", "reserve_m": null, "can_fw": true, "can_bw": false, "lts_now_fw": 2, "lts_now_bw": null, "cross_u": 2, "cross_v": 1, "role": "connector: Bunny Street", "lts_A_fw": 2, "lts_A_bw": null, "lts_B_fw": 2, "lts_B_bw": null, "lts_C_fw": 1, "lts_C_bw": null, "in_A": false, "in_B": false, "in_C": true, "A_effect": "no change", "scenario_labels": "C" }, "geometry": { "type": "LineString", "coordinates": [ [ 174.780279400000012, -41.280266399999988 ], [ 174.7798565, -41.2800313 ] ] } },
{ "type": "Feature", "properties": { "name": "Bunny Street", "highway": "tertiary", "length_m": 22.440043689618264, "facility": "painted_lane", "reserve_m": null, "can_fw": true, "can_bw": false, "lts_now_fw": 2, "lts_now_bw": null, "cross_u": 1, "cross_v": 1, "role": "connector: Bunny Street", "lts_A_fw": 2, "lts_A_bw": null, "lts_B_fw": 2, "lts_B_bw": null, "lts_C_fw": 1, "lts_C_bw": null, "in_A": false, "in_B": false, "in_C": true, "A_effect": "no change", "scenario_labels": "C" }, "geometry": { "type": "LineString", "coordinates": [ [ 174.7798565, -41.2800313 ], [ 174.7796397, -41.2799126 ] ] } },
{ "type": "Feature", "properties": { "name": "Featherston Street", "highway": "secondary", "length_m": 84.947714118704226, "facility": "painted_lane", "reserve_m": 25.102100840050227, "can_fw": true, "can_bw": false, "lts_now_fw": 3, "lts_now_bw": null, "cross_u": 2, "cross_v": 2, "role": "connector: Featherston Street", "lts_A_fw": 3, "lts_A_bw": null, "lts_B_fw": 3, "lts_B_bw": null, "lts_C_fw": 1, "lts_C_bw": null, "in_A": false, "in_B": false, "in_C": true, "A_effect": "no change", "scenario_labels": "C" }, "geometry": { "type": "LineString", "coordinates": [ [ 174.7783244, -41.2810373 ], [ 174.7779021, -41.2817328 ] ] } },
{ "type": "Feature", "properties": { "name": "Wakefield Street", "highway": "tertiary", "length_m": 17.418288081472635, "facility": "mixed", "reserve_m": null, "can_fw": true, "can_bw": true, "lts_now_fw": 3, "lts_now_bw": 3.0, "cross_u": 1, "cross_v": 1, "role": "corridor", "lts_A_fw": 3, "lts_A_bw": 3.0, "lts_B_fw": 1, "lts_B_bw": 1.0, "lts_C_fw": 1, "lts_C_bw": 1.0, "in_A": true, "in_B": true, "in_C": true, "A_effect": "no change", "scenario_labels": "A,B,C" }, "geometry": { "type": "LineString", "coordinates": [ [ 174.7775895, -41.2899729 ], [ 174.7777434, -41.2900784 ] ] } },
{ "type": "Feature", "properties": { "name": "Wakefield Street", "highway": "tertiary", "length_m": 24.823934454895035, "facility": "sidepath", "reserve_m": 20.111218831303425, "can_fw": true, "can_bw": true, "lts_now_fw": 1, "lts_now_bw": 1.0, "cross_u": 1, "cross_v": 1, "role": "corridor", "lts_A_fw": 1, "lts_A_bw": 1.0, "lts_B_fw": 1, "lts_B_bw": 1.0, "lts_C_fw": 1, "lts_C_bw": 1.0, "in_A": true, "in_B": true, "in_C": true, "A_effect": "no change", "scenario_labels": "A,B,C" }, "geometry": { "type": "LineString", "coordinates": [ [ 174.7777434, -41.2900784 ], [ 174.777962800000012, -41.2902287 ] ] } },
{ "type": "Feature", "properties": { "name": "Wakefield Street", "highway": "tertiary", "length_m": 11.496998242668734, "facility": "sidepath", "reserve_m": 20.23487267738205, "can_fw": true, "can_bw": true, "lts_now_fw": 1, "lts_now_bw": 1.0, "cross_u": 1, "cross_v": 1, "role": "corridor", "lts_A_fw": 1, "lts_A_bw": 1.0, "lts_B_fw": 1, "lts_B_bw": 1.0, "lts_C_fw": 1, "lts_C_bw": 1.0, "in_A": true, "in_B": true, "in_C": true, "A_effect": "no change", "scenario_labels": "A,B,C" }, "geometry": { "type": "LineString", "coordinates": [ [ 174.777962800000012, -41.2902287 ], [ 174.778069, -41.2902943 ] ] } },
{ "type": "Feature", "properties": { "name": "Wakefield Street", "highway": "tertiary", "length_m": 10.732204677228333, "facility": "mixed", "reserve_m": 20.196302666141818, "can_fw": true, "can_bw": true, "lts_now_fw": 3, "lts_now_bw": 3.0, "cross_u": 1, "cross_v": 1, "role": "corridor", "lts_A_fw": 3, "lts_A_bw": 3.0, "lts_B_fw": 1, "lts_B_bw": 1.0, "lts_C_fw": 1, "lts_C_bw": 1.0, "in_A": true, "in_B": true, "in_C": true, "A_effect": "no change", "scenario_labels": "A,B,C" }, "geometry": { "type": "LineString", "coordinates": [ [ 174.778069, -41.2902943 ], [ 174.7781712, -41.2903526 ] ] } },
{ "type": "Feature", "properties": { "name": "Wakefield Street", "highway": "tertiary", "length_m": 12.791715240218981, "facility": "mixed", "reserve_m": 20.184706339481409, "can_fw": true, "can_bw": true, "lts_now_fw": 3, "lts_now_bw": 3.0, "cross_u": 1, "cross_v": 1, "role": "corridor", "lts_A_fw": 3, "lts_A_bw": 3.0, "lts_B_fw": 1, "lts_B_bw": 1.0, "lts_C_fw": 1, "lts_C_bw": 1.0, "in_A": true, "in_B": true, "in_C": true, "A_effect": "no change", "scenario_labels": "A,B,C" }, "geometry": { "type": "LineString", "coordinates": [ [ 174.7781712, -41.2903526 ], [ 174.778293, -41.2904221 ] ] } },
{ "type": "Feature", "properties": { "name": "Wakefield Street", "highway": "tertiary", "length_m": 3.323599619233895, "facility": "mixed", "reserve_m": null, "can_fw": true, "can_bw": true, "lts_now_fw": 3, "lts_now_bw": 3.0, "cross_u": 1, "cross_v": 1, "role": "corridor", "lts_A_fw": 3, "lts_A_bw": 3.0, "lts_B_fw": 1, "lts_B_bw": 1.0, "lts_C_fw": 1, "lts_C_bw": 1.0, "in_A": true, "in_B": true, "in_C": true, "A_effect": "no change", "scenario_labels": "A,B,C" }, "geometry": { "type": "LineString", "coordinates": [ [ 174.778293, -41.2904221 ], [ 174.778325, -41.2904398 ] ] } },
{ "type": "Feature", "properties": { "name": "Wakefield Street", "highway": "tertiary", "length_m": 10.13815534013637, "facility": "mixed", "reserve_m": 20.170339171931637, "can_fw": true, "can_bw": true, "lts_now_fw": 3, "lts_now_bw": 3.0, "cross_u": 1, "cross_v": 1, "role": "corridor", "lts_A_fw": 3, "lts_A_bw": 3.0, "lts_B_fw": 1, "lts_B_bw": 1.0, "lts_C_fw": 1, "lts_C_bw": 1.0, "in_A": true, "in_B": true, "in_C": true, "A_effect": "no change", "scenario_labels": "A,B,C" }, "geometry": { "type": "LineString", "coordinates": [ [ 174.778325, -41.2904398 ], [ 174.7784227, -41.2904937 ] ] } },
{ "type": "Feature", "properties": { "name": "Wakefield Street", "highway": "tertiary", "length_m": 8.6000839485921485, "facility": "mixed", "reserve_m": null, "can_fw": true, "can_bw": true, "lts_now_fw": 3, "lts_now_bw": 3.0, "cross_u": 1, "cross_v": 1, "role": "corridor", "lts_A_fw": 3, "lts_A_bw": 3.0, "lts_B_fw": 1, "lts_B_bw": 1.0, "lts_C_fw": 1, "lts_C_bw": 1.0, "in_A": true, "in_B": true, "in_C": true, "A_effect": "no change", "scenario_labels": "A,B,C" }, "geometry": { "type": "LineString", "coordinates": [ [ 174.7784227, -41.2904937 ], [ 174.7785053, -41.2905397 ] ] } },
{ "type": "Feature", "properties": { "name": "Cable Street", "highway": "primary", "length_m": 20.233931252404464, "facility": "mixed", "reserve_m": 20.116468779825659, "can_fw": true, "can_bw": false, "lts_now_fw": 4, "lts_now_bw": null, "cross_u": 1, "cross_v": 1, "role": "corridor", "lts_A_fw": 4, "lts_A_bw": null, "lts_B_fw": 1, "lts_B_bw": null, "lts_C_fw": 1, "lts_C_bw": null, "in_A": true, "in_B": true, "in_C": true, "A_effect": "no change", "scenario_labels": "A,B,C" }, "geometry": { "type": "LineString", "coordinates": [ [ 174.781573400000013, -41.2911861 ], [ 174.781795499999987, -41.2912578 ] ] } },
{ "type": "Feature", "properties": { "name": "Bunny Street", "highway": "tertiary", "length_m": 12.004876139325916, "facility": "painted_lane", "reserve_m": null, "can_fw": true, "can_bw": false, "lts_now_fw": 3, "lts_now_bw": null, "cross_u": 2, "cross_v": 2, "role": "connector: Bunny Street", "lts_A_fw": 3, "lts_A_bw": null, "lts_B_fw": 3, "lts_B_bw": null, "lts_C_fw": 1, "lts_C_bw": null, "in_A": false, "in_B": false, "in_C": true, "A_effect": "no change", "scenario_labels": "C" }, "geometry": { "type": "LineString", "coordinates": [ [ 174.7803979, -41.2803272 ], [ 174.780279400000012, -41.280266399999988 ] ] } },
{ "type": "Feature", "properties": { "name": "Bunny Street", "highway": "tertiary", "length_m": 11.740906769539425, "facility": "painted_lane", "reserve_m": null, "can_fw": true, "can_bw": false, "lts_now_fw": 3, "lts_now_bw": null, "cross_u": 2, "cross_v": 1, "role": "connector: Bunny Street", "lts_A_fw": 3, "lts_A_bw": null, "lts_B_fw": 3, "lts_B_bw": null, "lts_C_fw": 1, "lts_C_bw": null, "in_A": false, "in_B": false, "in_C": true, "A_effect": "no change", "scenario_labels": "C" }, "geometry": { "type": "LineString", "coordinates": [ [ 174.780362, -41.28018 ], [ 174.78047620000001, -41.2802413 ] ] } },
{ "type": "Feature", "properties": { "name": "Bunny Street", "highway": "tertiary", "length_m": 6.1621670891766174, "facility": "painted_lane", "reserve_m": null, "can_fw": true, "can_bw": false, "lts_now_fw": 2, "lts_now_bw": null, "cross_u": 1, "cross_v": 1, "role": "connector: Bunny Street", "lts_A_fw": 2, "lts_A_bw": null, "lts_B_fw": 2, "lts_B_bw": null, "lts_C_fw": 1, "lts_C_bw": null, "in_A": false, "in_B": false, "in_C": true, "A_effect": "no change", "scenario_labels": "C" }, "geometry": { "type": "LineString", "coordinates": [ [ 174.7796397, -41.2799126 ], [ 174.77958240000001, -41.2798778 ] ] } },
{ "type": "Feature", "properties": { "name": "Bunny Street", "highway": "tertiary", "length_m": 38.71156260132399, "facility": "painted_lane", "reserve_m": null, "can_fw": true, "can_bw": false, "lts_now_fw": 3, "lts_now_bw": null, "cross_u": 1, "cross_v": 2, "role": "connector: Bunny Street", "lts_A_fw": 3, "lts_A_bw": null, "lts_B_fw": 3, "lts_B_bw": null, "lts_C_fw": 1, "lts_C_bw": null, "in_A": false, "in_B": false, "in_C": true, "A_effect": "no change", "scenario_labels": "C" }, "geometry": { "type": "LineString", "coordinates": [ [ 174.779992099999987, -41.2799711 ], [ 174.780362, -41.28018 ] ] } },
{ "type": "Feature", "properties": { "name": "Taranaki Street", "highway": "secondary", "length_m": 38.840008172015168, "facility": "mixed", "reserve_m": 41.838450491007407, "can_fw": true, "can_bw": true, "lts_now_fw": 3, "lts_now_bw": 3.0, "cross_u": 1, "cross_v": 1, "role": "connector: Taranaki Street", "lts_A_fw": 3, "lts_A_bw": 3.0, "lts_B_fw": 3, "lts_B_bw": 3.0, "lts_C_fw": 1, "lts_C_bw": 1.0, "in_A": false, "in_B": false, "in_C": true, "A_effect": "no change", "scenario_labels": "C" }, "geometry": { "type": "LineString", "coordinates": [ [ 174.7786433, -41.2928461 ], [ 174.7784537, -41.293165299999984 ] ] } },
{ "type": "Feature", "properties": { "name": "Taranaki Street", "highway": "secondary", "length_m": 12.472530157324609, "facility": "mixed", "reserve_m": 29.068881805317602, "can_fw": true, "can_bw": true, "lts_now_fw": 3, "lts_now_bw": 3.0, "cross_u": 1, "cross_v": 1, "role": "connector: Taranaki Street", "lts_A_fw": 3, "lts_A_bw": 3.0, "lts_B_fw": 3, "lts_B_bw": 3.0, "lts_C_fw": 1, "lts_C_bw": 1.0, "in_A": false, "in_B": false, "in_C": true, "A_effect": "no change", "scenario_labels": "C" }, "geometry": { "type": "LineString", "coordinates": [ [ 174.7784537, -41.293165299999984 ], [ 174.7783937, -41.2932681 ] ] } },
{ "type": "Feature", "properties": { "name": "Taranaki Street", "highway": "secondary", "length_m": 41.789035404717254, "facility": "mixed", "reserve_m": 25.606936262494301, "can_fw": true, "can_bw": true, "lts_now_fw": 4, "lts_now_bw": 4.0, "cross_u": 1, "cross_v": 2, "role": "connector: Taranaki Street", "lts_A_fw": 4, "lts_A_bw": 4.0, "lts_B_fw": 4, "lts_B_bw": 4.0, "lts_C_fw": 1, "lts_C_bw": 1.0, "in_A": false, "in_B": false, "in_C": true, "A_effect": "no change", "scenario_labels": "C" }, "geometry": { "type": "LineString", "coordinates": [ [ 174.7777726, -41.2943441 ], [ 174.7779653, -41.293997 ] ] } },
{ "type": "Feature", "properties": { "name": "Taranaki Street", "highway": "secondary", "length_m": 29.517114078914549, "facility": "mixed", "reserve_m": 25.707984781879937, "can_fw": true, "can_bw": true, "lts_now_fw": 4, "lts_now_bw": 4.0, "cross_u": 1, "cross_v": 2, "role": "connector: Taranaki Street", "lts_A_fw": 4, "lts_A_bw": 4.0, "lts_B_fw": 4, "lts_B_bw": 4.0, "lts_C_fw": 1, "lts_C_bw": 1.0, "in_A": false, "in_B": false, "in_C": true, "A_effect": "no change", "scenario_labels": "C" }, "geometry": { "type": "LineString", "coordinates": [ [ 174.7781119, -41.293755299999987 ], [ 174.7779653, -41.293997 ] ] } },
{ "type": "Feature", "properties": { "name": "Whitmore Street", "highway": "secondary", "length_m": 35.863733989471406, "facility": "track", "reserve_m": null, "can_fw": true, "can_bw": true, "lts_now_fw": 3, "lts_now_bw": 1.0, "cross_u": 2, "cross_v": 1, "role": "corridor", "lts_A_fw": 3, "lts_A_bw": 1.0, "lts_B_fw": 1, "lts_B_bw": 1.0, "lts_C_fw": 1, "lts_C_bw": 1.0, "in_A": false, "in_B": true, "in_C": true, "A_effect": "no change", "scenario_labels": "B,C" }, "geometry": { "type": "LineString", "coordinates": [ [ 174.7783244, -41.2810373 ], [ 174.7785714, -41.2813011 ] ] } },
{ "type": "Feature", "properties": { "name": "Whitmore Street", "highway": "secondary", "length_m": 5.3012766510389238, "facility": "track", "reserve_m": null, "can_fw": true, "can_bw": true, "lts_now_fw": 3, "lts_now_bw": 1.0, "cross_u": 1, "cross_v": 1, "role": "corridor", "lts_A_fw": 3, "lts_A_bw": 1.0, "lts_B_fw": 1, "lts_B_bw": 1.0, "lts_C_fw": 1, "lts_C_bw": 1.0, "in_A": false, "in_B": true, "in_C": true, "A_effect": "no change", "scenario_labels": "B,C" }, "geometry": { "type": "LineString", "coordinates": [ [ 174.7785714, -41.2813011 ], [ 174.778607900000026, -41.2813401 ] ] } },
{ "type": "Feature", "properties": { "name": "Whitmore Street", "highway": "secondary", "length_m": 19.098591147970275, "facility": "sidepath", "reserve_m": null, "can_fw": true, "can_bw": true, "lts_now_fw": 1, "lts_now_bw": 1.0, "cross_u": 1, "cross_v": 2, "role": "corridor", "lts_A_fw": 1, "lts_A_bw": 1.0, "lts_B_fw": 1, "lts_B_bw": 1.0, "lts_C_fw": 1, "lts_C_bw": 1.0, "in_A": false, "in_B": true, "in_C": true, "A_effect": "no change", "scenario_labels": "B,C" }, "geometry": { "type": "LineString", "coordinates": [ [ 174.777638200000013, -41.2803044 ], [ 174.7777697, -41.2804449 ] ] } },
{ "type": "Feature", "properties": { "name": "Whitmore Street", "highway": "secondary", "length_m": 37.28175291911667, "facility": "sidepath", "reserve_m": 25.197315396830081, "can_fw": true, "can_bw": true, "lts_now_fw": 1, "lts_now_bw": 1.0, "cross_u": 2, "cross_v": 1, "role": "corridor", "lts_A_fw": 1, "lts_A_bw": 1.0, "lts_B_fw": 1, "lts_B_bw": 1.0, "lts_C_fw": 1, "lts_C_bw": 1.0, "in_A": false, "in_B": true, "in_C": true, "A_effect": "no change", "scenario_labels": "B,C" }, "geometry": { "type": "LineString", "coordinates": [ [ 174.7777697, -41.2804449 ], [ 174.77802650000001, -41.2807191 ] ] } },
{ "type": "Feature", "properties": { "name": "Kent Terrace", "highway": "trunk", "length_m": 12.704349049664621, "facility": "sidepath", "reserve_m": 46.561297322808144, "can_fw": true, "can_bw": false, "lts_now_fw": 1, "lts_now_bw": null, "cross_u": 1, "cross_v": 1, "role": "corridor", "lts_A_fw": 1, "lts_A_bw": null, "lts_B_fw": 1, "lts_B_bw": null, "lts_C_fw": 1, "lts_C_bw": null, "in_A": false, "in_B": true, "in_C": true, "A_effect": "no change", "scenario_labels": "B,C" }, "geometry": { "type": "LineString", "coordinates": [ [ 174.781140099999988, -41.299173099999983 ], [ 174.7810811, -41.2992785 ] ] } },
{ "type": "Feature", "properties": { "name": "Featherston Street", "highway": "secondary", "length_m": 71.103919515211516, "facility": "sidepath", "reserve_m": 27.409592799245797, "can_fw": true, "can_bw": true, "lts_now_fw": 1, "lts_now_bw": 1.0, "cross_u": 1, "cross_v": 1, "role": "connector: Featherston Street", "lts_A_fw": 1, "lts_A_bw": 1.0, "lts_B_fw": 1, "lts_B_bw": 1.0, "lts_C_fw": 1, "lts_C_bw": 1.0, "in_A": false, "in_B": false, "in_C": true, "A_effect": "no change", "scenario_labels": "C" }, "geometry": { "type": "LineString", "coordinates": [ [ 174.7795328, -41.2790626 ], [ 174.779644, -41.2789064 ], [ 174.7798903, -41.2784823 ] ] } },
{ "type": "Feature", "properties": { "name": "Jervois Quay", "highway": "primary", "length_m": 27.238198067632087, "facility": "painted_lane", "reserve_m": 30.596316829654683, "can_fw": true, "can_bw": false, "lts_now_fw": 3, "lts_now_bw": null, "cross_u": 1, "cross_v": 2, "role": "corridor", "lts_A_fw": 3, "lts_A_bw": null, "lts_B_fw": 1, "lts_B_bw": null, "lts_C_fw": 1, "lts_C_bw": null, "in_A": true, "in_B": true, "in_C": true, "A_effect": "no change", "scenario_labels": "A,B,C" }, "geometry": { "type": "LineString", "coordinates": [ [ 174.778113600000012, -41.2872474 ], [ 174.778064699999987, -41.2870049 ] ] } },
{ "type": "Feature", "properties": { "name": "Wakefield Street", "highway": "primary", "length_m": 30.179827341259909, "facility": "mixed", "reserve_m": 24.345444581391853, "can_fw": true, "can_bw": false, "lts_now_fw": 4, "lts_now_bw": null, "cross_u": 1, "cross_v": 1, "role": "corridor", "lts_A_fw": 4, "lts_A_bw": null, "lts_B_fw": 1, "lts_B_bw": null, "lts_C_fw": 1, "lts_C_bw": null, "in_A": true, "in_B": true, "in_C": true, "A_effect": "no change", "scenario_labels": "A,B,C" }, "geometry": { "type": "LineString", "coordinates": [ [ 174.780326200000019, -41.2915592 ], [ 174.780045800000011, -41.291388499999989 ] ] } }
]
}
