{
"type": "FeatureCollection",
"name": "grid_500m",
"crs": { "type": "name", "properties": { "name": "urn:ogc:def:crs:OGC:1.3:CRS84" } },
"features": [
{ "type": "Feature", "properties": { "block_id": "g500_1736000_5427000", "parcels": 1, "rating_units": 1, "parcel_land_m2": 107453.13450886817, "land_value": 475000, "capital_value": 1780000, "rates_now": 5366.5754, "rates_lv": 2836.7400253630285, "median_parcel_lv_m2": 4.4205318176250872, "lv_per_m2_land": 4.4205318176250872, "land_share_of_cv": 0.26685393258426965, "lv_per_ha_block": 19000.0, "rates_now_per_ha_block": 214.663016, "rates_lv_per_ha_block": 113.46960101452115, "rates_lv_per_m2_land": 0.026399788506206029, "rates_change_%": -47.14059127235911 }, "geometry": { "type": "Polygon", "coordinates": [ [ [ 174.63034773488414, -41.296913574872548 ], [ 174.630235612126313, -41.292411513493207 ], [ 174.62426635704449, -41.292495913330043 ], [ 174.624378069695553, -41.296997987997429 ], [ 174.63034773488414, -41.296913574872548 ] ] ] } },
{ "type": "Feature", "properties": { "block_id": "g500_1736500_5427500", "parcels": 1, "rating_units": 3, "parcel_land_m2": 26816775.108664524, "land_value": 10580000, "capital_value": 28995000, "rates_now": 87417.89535000001, "rates_lv": 63184.651512296507, "median_parcel_lv_m2": 0.39452916904171648, "lv_per_m2_land": 0.39452916904171648, "land_share_of_cv": 0.3648904983617865, "lv_per_ha_block": 423200.0, "rates_now_per_ha_block": 3496.715814, "rates_lv_per_ha_block": 2527.3860604918605, "rates_lv_per_m2_land": 0.0023561614420923227, "rates_change_%": -27.721147644517728 }, "geometry": { "type": "Polygon", "coordinates": [ [ [ 174.636204841762975, -41.292326804276833 ], [ 174.636092334443191, -41.287824752449403 ], [ 174.630123514813675, -41.287909448330879 ], [ 174.630235612126313, -41.292411513493207 ], [ 174.636204841762975, -41.292326804276833 ] ] ] } },
{ "type": "Feature", "properties": { "block_id": "g500_1738500_5423000", "parcels": 1, "rating_units": 1, "parcel_land_m2": 35157.096136494889, "land_value": 32000, "capital_value": 32000, "rates_now": 96.47776, "rates_lv": 191.10669644550927, "median_parcel_lv_m2": 0.91020031562795489, "lv_per_m2_land": 0.91020031562795489, "land_share_of_cv": 1.0, "lv_per_ha_block": 1280.0, "rates_now_per_ha_block": 3.8591104, "rates_lv_per_ha_block": 7.6442678578203704, "rates_lv_per_m2_land": 0.0054357929819786972, "rates_change_%": 98.083679021475277 }, "geometry": { "type": "Polygon", "coordinates": [ [ [ 174.661109996294783, -41.33250268503879 ], [ 174.660995615580077, -41.328000721172018 ], [ 174.655023205461276, -41.328086776171403 ], [ 174.655137175358021, -41.332588753584311 ], [ 174.661109996294783, -41.33250268503879 ] ] ] } },
{ "type": "Feature", "properties": { "block_id": "g500_1740000_5425000", "parcels": 1, "rating_units": 2, "parcel_land_m2": 2020118.5225112594, "land_value": 2400000, "capital_value": 2635000, "rates_now": 7944.34055, "rates_lv": 14333.002233413195, "median_parcel_lv_m2": 1.1880491036815506, "lv_per_m2_land": 1.1880491036815506, "land_share_of_cv": 0.91081593927893734, "lv_per_ha_block": 96000.0, "rates_now_per_ha_block": 317.773622, "rates_lv_per_ha_block": 573.32008933652787, "rates_lv_per_m2_land": 0.0070951293568634203, "rates_change_%": 80.417772163772554 }, "geometry": { "type": "Polygon", "coordinates": [ [ [ 174.678566007828664, -41.314234906088494 ], [ 174.678450499633328, -41.309732967957935 ], [ 174.672479809945457, -41.30981989744523 ], [ 174.672594907715563, -41.314321849260644 ], [ 174.678566007828664, -41.314234906088494 ] ] ] } },
{ "type": "Feature", "properties": { "block_id": "g500_1740000_5431000", "parcels": 1, "rating_units": 2, "parcel_land_m2": 18841341.546699207, "land_value": 12050000, "capital_value": 51925000, "rates_now": 156550.24025, "rates_lv": 71963.615380262083, "median_parcel_lv_m2": 0.63955106222842317, "lv_per_m2_land": 0.63955106222842317, "land_share_of_cv": 0.23206547905633124, "lv_per_ha_block": 482000.0, "rates_now_per_ha_block": 6262.00961, "rates_lv_per_ha_block": 2878.5446152104832, "rates_lv_per_m2_land": 0.003819452834709071, "rates_change_%": -54.031616134640778 }, "geometry": { "type": "Polygon", "coordinates": [ [ [ 174.677181638252449, -41.260211397868353 ], [ 174.677066444201586, -41.255709414168258 ], [ 174.671100672364901, -41.255796179582227 ], [ 174.671215457105603, -41.260298176944893 ], [ 174.677181638252449, -41.260211397868353 ] ] ] } },
{ "type": "Feature", "properties": { "block_id": "g500_1740500_5421500", "parcels": 1, "rating_units": 1, "parcel_land_m2": 387202.82317250071, "land_value": 1070000, "capital_value": 1080000, "rates_now": 3256.1244, "rates_lv": 6390.1301623967156, "median_parcel_lv_m2": 2.7634096033522719, "lv_per_m2_land": 2.7634096033522719, "land_share_of_cv": 0.9907407407407407, "lv_per_ha_block": 42800.0, "rates_now_per_ha_block": 130.244976, "rates_lv_per_ha_block": 255.60520649586863, "rates_lv_per_m2_land": 0.016503315006951493, "rates_change_%": 96.24957088238753 }, "geometry": { "type": "Polygon", "coordinates": [ [ [ 174.68534924924802, -41.3456610176871 ], [ 174.685233146278051, -41.341159119895124 ], [ 174.679259607922063, -41.341246455100091 ], [ 174.679375299821572, -41.345748366638695 ], [ 174.68534924924802, -41.3456610176871 ] ] ] } },
{ "type": "Feature", "properties": { "block_id": "g500_1740500_5422000", "parcels": 1, "rating_units": 1, "parcel_land_m2": 53464.735712358372, "land_value": 830000, "capital_value": 1620000, "rates_now": 4884.1866, "rates_lv": 4956.8299390553966, "median_parcel_lv_m2": 15.524251433045904, "lv_per_m2_land": 15.524251433045904, "land_share_of_cv": 0.51234567901234573, "lv_per_ha_block": 33200.0, "rates_now_per_ha_block": 195.367464, "rates_lv_per_ha_block": 198.27319756221587, "rates_lv_per_m2_land": 0.092712137692464558, "rates_change_%": 1.4873170295212734 }, "geometry": { "type": "Polygon", "coordinates": [ [ [ 174.685233146278051, -41.341159119895124 ], [ 174.685117069665239, -41.336657218301987 ], [ 174.679143942286458, -41.336744539762186 ], [ 174.679259607922063, -41.341246455100091 ], [ 174.685233146278051, -41.341159119895124 ] ] ] } },
{ "type": "Feature", "properties": { "block_id": "g500_1740500_5424000", "parcels": 1, "rating_units": 1, "parcel_land_m2": 405814.53095713427, "land_value": 900000, "capital_value": 910000, "rates_now": 2743.5863, "rates_lv": 5374.8758375299485, "median_parcel_lv_m2": 2.2177618871293348, "lv_per_m2_land": 2.2177618871293348, "land_share_of_cv": 0.98901098901098905, "lv_per_ha_block": 36000.0, "rates_now_per_ha_block": 109.743452, "rates_lv_per_ha_block": 214.99503350119795, "rates_lv_per_m2_land": 0.013244660867251425, "rates_change_%": 95.906935295964544 }, "geometry": { "type": "Polygon", "coordinates": [ [ [ 174.684768997901301, -41.323151490717109 ], [ 174.68465302664859, -41.318649573920801 ], [ 174.678681542247006, -41.318736840420655 ], [ 174.678797102895089, -41.323238770954241 ], [ 174.684768997901301, -41.323151490717109 ] ] ] } },
{ "type": "Feature", "properties": { "block_id": "g500_1740500_5426000", "parcels": 1, "rating_units": 1, "parcel_land_m2": 525599.58865757356, "land_value": 1160000, "capital_value": 1375000, "rates_now": 4145.52875, "rates_lv": 6927.6177461497118, "median_parcel_lv_m2": 2.2070032493037894, "lv_per_m2_land": 2.2070032493037894, "land_share_of_cv": 0.84363636363636363, "lv_per_ha_block": 46400.0, "rates_now_per_ha_block": 165.82115, "rates_lv_per_ha_block": 277.10470984598845, "rates_lv_per_m2_land": 0.013180409375592249, "rates_change_%": 67.110594665390067 }, "geometry": { "type": "Polygon", "coordinates": [ [ [ 174.684305270800564, -41.305143800729908 ], [ 174.684189404798417, -41.300641868732775 ], [ 174.678219561884333, -41.300729080302169 ], [ 174.678335017654177, -41.305231026029112 ], [ 174.684305270800564, -41.305143800729908 ] ] ] } },
{ "type": "Feature", "properties": { "block_id": "g500_1740500_5426500", "parcels": 1, "rating_units": 1, "parcel_land_m2": 708696.48954946036, "land_value": 1160000, "capital_value": 1770000, "rates_now": 5336.4261, "rates_lv": 6927.6177461497118, "median_parcel_lv_m2": 1.6368078819431529, "lv_per_m2_land": 1.6368078819431529, "land_share_of_cv": 0.65536723163841804, "lv_per_ha_block": 46400.0, "rates_now_per_ha_block": 213.457044, "rates_lv_per_ha_block": 277.10470984598845, "rates_lv_per_m2_land": 0.0097751545948164733, "rates_change_%": 29.817552353057273 }, "geometry": { "type": "Polygon", "coordinates": [ [ [ 174.684189404798417, -41.300641868732775 ], [ 174.684073565091808, -41.296139932935809 ], [ 174.678104132317003, -41.296227130777247 ], [ 174.678219561884333, -41.300729080302169 ], [ 174.684189404798417, -41.300641868732775 ] ] ] } },
{ "type": "Feature", "properties": { "block_id": "g500_1741000_5421000", "parcels": 1, "rating_units": 1, "parcel_land_m2": 1239.6622311102317, "land_value": 560000, "capital_value": 850000, "rates_now": 2562.6905, "rates_lv": 3344.3671877964121, "median_parcel_lv_m2": 451.73595350926229, "lv_per_m2_land": 451.73595350926229, "land_share_of_cv": 0.6588235294117647, "lv_per_ha_block": 22400.0, "rates_now_per_ha_block": 102.50762, "rates_lv_per_ha_block": 133.77468751185648, "rates_lv_per_m2_land": 2.69780517940054, "rates_change_%": 30.502188531795472 }, "geometry": { "type": "Polygon", "coordinates": [ [ [ 174.691439712801213, -41.350075238999501 ], [ 174.691323172310405, -41.345573358806078 ], [ 174.68534924924802, -41.3456610176871 ], [ 174.685465378582023, -41.350162911677764 ], [ 174.691439712801213, -41.350075238999501 ] ] ] } },
{ "type": "Feature", "properties": { "block_id": "g500_1741000_5421500", "parcels": 1, "rating_units": 1, "parcel_land_m2": 9552.3982840074004, "land_value": 720000, "capital_value": 720000, "rates_now": 2170.7496, "rates_lv": 4299.9006700239579, "median_parcel_lv_m2": 75.373741608473551, "lv_per_m2_land": 75.373741608473551, "land_share_of_cv": 1.0, "lv_per_ha_block": 28800.0, "rates_now_per_ha_block": 86.829984, "rates_lv_per_ha_block": 171.9960268009583, "rates_lv_per_m2_land": 0.45013833617290017, "rates_change_%": 98.083679021475277 }, "geometry": { "type": "Polygon", "coordinates": [ [ [ 174.691323172310405, -41.345573358806078 ], [ 174.691206658276855, -41.341071474809482 ], [ 174.685233146278051, -41.341159119895124 ], [ 174.68534924924802, -41.3456610176871 ], [ 174.691323172310405, -41.345573358806078 ] ] ] } },
{ "type": "Feature", "properties": { "block_id": "g500_1741000_5422000", "parcels": 2, "rating_units": 2, "parcel_land_m2": 462476.92885842046, "land_value": 1780000, "capital_value": 1780000, "rates_now": 5366.5754, "rates_lv": 10630.309989781454, "median_parcel_lv_m2": 45.748011176090237, "lv_per_m2_land": 3.848840642480821, "land_share_of_cv": 1.0, "lv_per_ha_block": 71200.0, "rates_now_per_ha_block": 214.663016, "rates_lv_per_ha_block": 425.21239959125813, "rates_lv_per_m2_land": 0.022985600635303787, "rates_change_%": 98.083679021475305 }, "geometry": { "type": "Polygon", "coordinates": [ [ [ 174.691206658276855, -41.341071474809482 ], [ 174.691090170693684, -41.336569587009834 ], [ 174.685117069665239, -41.336657218301987 ], [ 174.685233146278051, -41.341159119895124 ], [ 174.691206658276855, -41.341071474809482 ] ] ] } },
{ "type": "Feature", "properties": { "block_id": "g500_1741000_5423000", "parcels": 2, "rating_units": 2, "parcel_land_m2": 496722.11501420179, "land_value": 1580000, "capital_value": 1590000, "rates_now": 4793.7387, "rates_lv": 9435.8931369970214, "median_parcel_lv_m2": 66.398515447192608, "lv_per_m2_land": 3.1808529401893577, "land_share_of_cv": 0.99371069182389937, "lv_per_ha_block": 63200.0, "rates_now_per_ha_block": 191.749548, "rates_lv_per_ha_block": 377.43572547988083, "rates_lv_per_m2_land": 0.018996321789955417, "rates_change_%": 96.837869719453451 }, "geometry": { "type": "Polygon", "coordinates": [ [ [ 174.690973709554044, -41.332067695407318 ], [ 174.690857274851027, -41.327565800002048 ], [ 174.684884995483714, -41.327653403712837 ], [ 174.685001019402762, -41.332155312907844 ], [ 174.690973709554044, -41.332067695407318 ] ] ] } },
{ "type": "Feature", "properties": { "block_id": "g500_1741000_5424000", "parcels": 1, "rating_units": 1, "parcel_land_m2": 8867.9308772890327, "land_value": 630000, "capital_value": 630000, "rates_now": 1899.4059, "rates_lv": 3762.413086270964, "median_parcel_lv_m2": 71.042502328637212, "lv_per_m2_land": 71.042502328637212, "land_share_of_cv": 1.0, "lv_per_ha_block": 25200.0, "rates_now_per_ha_block": 75.976236, "rates_lv_per_ha_block": 150.49652345083857, "rates_lv_per_m2_land": 0.42427181022650812, "rates_change_%": 98.083679021475277 }, "geometry": { "type": "Polygon", "coordinates": [ [ [ 174.690740866577755, -41.323063900794182 ], [ 174.690624484727323, -41.318561997783874 ], [ 174.68465302664859, -41.318649573920801 ], [ 174.684768997901301, -41.323151490717109 ], [ 174.690740866577755, -41.323063900794182 ] ] ] } },
{ "type": "Feature", "properties": { "block_id": "g500_1741000_5424500", "parcels": 1, "rating_units": 1, "parcel_land_m2": 36630.900307491676, "land_value": 640000, "capital_value": 1010000, "rates_now": 3045.0793, "rates_lv": 3822.1339289101852, "median_parcel_lv_m2": 17.471588048004065, "lv_per_m2_land": 17.471588048004065, "land_share_of_cv": 0.63366336633663367, "lv_per_ha_block": 25600.0, "rates_now_per_ha_block": 121.803172, "rates_lv_per_ha_block": 152.88535715640739, "rates_lv_per_m2_land": 0.10434179604721563, "rates_change_%": 25.518370865093232 }, "geometry": { "type": "Polygon", "coordinates": [ [ [ 174.690624484727323, -41.318561997783874 ], [ 174.690508129292908, -41.314060090971246 ], [ 174.684537081718844, -41.314147653324071 ], [ 174.68465302664859, -41.318649573920801 ], [ 174.690624484727323, -41.318561997783874 ] ] ] } },
{ "type": "Feature", "properties": { "block_id": "g500_1741000_5425000", "parcels": 1, "rating_units": 1, "parcel_land_m2": 43517.595214435394, "land_value": 770000, "capital_value": 1390000, "rates_now": 4190.7527, "rates_lv": 4598.5048832200664, "median_parcel_lv_m2": 17.693992423197599, "lv_per_m2_land": 17.693992423197599, "land_share_of_cv": 0.5539568345323741, "lv_per_ha_block": 30800.0, "rates_now_per_ha_block": 167.630108, "rates_lv_per_ha_block": 183.94019532880264, "rates_lv_per_m2_land": 0.10567001371653639, "rates_change_%": 9.7298078032632684 }, "geometry": { "type": "Polygon", "coordinates": [ [ [ 174.690508129292908, -41.314060090971246 ], [ 174.690391800267633, -41.309558180356476 ], [ 174.6844211631051, -41.309645728927059 ], [ 174.684537081718844, -41.314147653324071 ], [ 174.690508129292908, -41.314060090971246 ] ] ] } },
{ "type": "Feature", "properties": { "block_id": "g500_1741000_5425500", "parcels": 2, "rating_units": 2, "parcel_land_m2": 61177.274305108149, "land_value": 1440000, "capital_value": 3150000, "rates_now": 9497.0295, "rates_lv": 8599.8013400479176, "median_parcel_lv_m2": 37.006646680263664, "lv_per_m2_land": 23.538152301756988, "land_share_of_cv": 0.45714285714285713, "lv_per_ha_block": 57600.0, "rates_now_per_ha_block": 379.88118, "rates_lv_per_ha_block": 343.99205360191672, "rates_lv_per_m2_land": 0.1405718289631262, "rates_change_%": -9.4474610187541543 }, "geometry": { "type": "Polygon", "coordinates": [ [ [ 174.690391800267633, -41.309558180356476 ], [ 174.690275497644592, -41.305056265939697 ], [ 174.684305270800564, -41.305143800729908 ], [ 174.6844211631051, -41.309645728927059 ], [ 174.690391800267633, -41.309558180356476 ] ] ] } },
{ "type": "Feature", "properties": { "block_id": "g500_1741000_5426000", "parcels": 1, "rating_units": 1, "parcel_land_m2": 32220.902826149351, "land_value": 620000, "capital_value": 1240000, "rates_now": 3738.5132, "rates_lv": 3702.6922436317423, "median_parcel_lv_m2": 19.242167215030047, "lv_per_m2_land": 19.242167215030047, "land_share_of_cv": 0.5, "lv_per_ha_block": 24800.0, "rates_now_per_ha_block": 149.540528, "rates_lv_per_ha_block": 148.10768974526968, "rates_lv_per_m2_land": 0.11491584402863993, "rates_change_%": -0.95816048926234965 }, "geometry": { "type": "Polygon", "coordinates": [ [ [ 174.690275497644592, -41.305056265939697 ], [ 174.690159221416991, -41.300554347721068 ], [ 174.684189404798417, -41.300641868732775 ], [ 174.684305270800564, -41.305143800729908 ], [ 174.690275497644592, -41.305056265939697 ] ] ] } },
{ "type": "Feature", "properties": { "block_id": "g500_1741000_5426500", "parcels": 2, "rating_units": 2, "parcel_land_m2": 119487.13041449408, "land_value": 1410000, "capital_value": 2300000, "rates_now": 6934.339, "rates_lv": 8420.6388121302534, "median_parcel_lv_m2": 12.894054055193687, "lv_per_m2_land": 11.800434030918559, "land_share_of_cv": 0.61304347826086958, "lv_per_ha_block": 56400.0, "rates_now_per_ha_block": 277.37356, "rates_lv_per_ha_block": 336.82555248521015, "rates_lv_per_m2_land": 0.070473186383500336, "rates_change_%": 21.433907574034873 }, "geometry": { "type": "Polygon", "coordinates": [ [ [ 174.690159221416991, -41.300554347721068 ], [ 174.690042971577867, -41.296052425700722 ], [ 174.684073565091808, -41.296139932935809 ], [ 174.684189404798417, -41.300641868732775 ], [ 174.690159221416991, -41.300554347721068 ] ] ] } },
{ "type": "Feature", "properties": { "block_id": "g500_1741000_5427000", "parcels": 4, "rating_units": 4, "parcel_land_m2": 34108.586958931512, "land_value": 2330000, "capital_value": 3840000, "rates_now": 11577.3312, "rates_lv": 13914.956334938643, "median_parcel_lv_m2": 62.910456587337748, "lv_per_m2_land": 68.311243816855836, "land_share_of_cv": 0.60677083333333337, "lv_per_ha_block": 93200.0, "rates_now_per_ha_block": 463.093248, "rates_lv_per_ha_block": 556.5982533975457, "rates_lv_per_m2_land": 0.407960504247595, "rates_change_%": 20.191398989593058 }, "geometry": { "type": "Polygon", "coordinates": [ [ [ 174.690042971577867, -41.296052425700722 ], [ 174.689926748120428, -41.291550499878802 ], [ 174.68395775167383, -41.29163799333913 ], [ 174.684073565091808, -41.296139932935809 ], [ 174.690042971577867, -41.296052425700722 ] ] ] } },
{ "type": "Feature", "properties": { "block_id": "g500_1741000_5427500", "parcels": 2, "rating_units": 2, "parcel_land_m2": 577889.33766963065, "land_value": 2420000, "capital_value": 3910000, "rates_now": 11788.3763, "rates_lv": 14452.443918691639, "median_parcel_lv_m2": 32.760923628025829, "lv_per_m2_land": 4.1876529678827064, "land_share_of_cv": 0.61892583120204603, "lv_per_ha_block": 96800.0, "rates_now_per_ha_block": 471.535052, "rates_lv_per_ha_block": 578.09775674766558, "rates_lv_per_m2_land": 0.025009016392259258, "rates_change_%": 22.599105685925892 }, "geometry": { "type": "Polygon", "coordinates": [ [ [ 174.689926748120428, -41.291550499878802 ], [ 174.689810551037795, -41.287048570255472 ], [ 174.683841964537777, -41.28713604994293 ], [ 174.68395775167383, -41.29163799333913 ], [ 174.689926748120428, -41.291550499878802 ] ] ] } },
{ "type": "Feature", "properties": { "block_id": "g500_1741000_5428500", "parcels": 1, "rating_units": 1, "parcel_land_m2": 1263623.1918496557, "land_value": 2050000, "capital_value": 2790000, "rates_now": 8411.6547, "rates_lv": 12242.772741040437, "median_parcel_lv_m2": 1.6223190688667786, "lv_per_m2_land": 1.6223190688667786, "land_share_of_cv": 0.73476702508960579, "lv_per_ha_block": 82000.0, "rates_now_per_ha_block": 336.466188, "rates_lv_per_ha_block": 489.71090964161749, "rates_lv_per_m2_land": 0.0096886261822401454, "rates_change_%": 45.5453555534137 }, "geometry": { "type": "Polygon", "coordinates": [ [ [ 174.689694380323118, -41.282546636830851 ], [ 174.689578235969549, -41.27804469960514 ], [ 174.683610469083874, -41.278132151752452 ], [ 174.683726203676713, -41.282634102747316 ], [ 174.689694380323118, -41.282546636830851 ] ] ] } },
{ "type": "Feature", "properties": { "block_id": "g500_1741000_5433000", "parcels": 2, "rating_units": 3, "parcel_land_m2": 20387963.650611594, "land_value": 11665000, "capital_value": 38305000, "rates_now": 115486.89365, "rates_lv": 69664.362938652062, "median_parcel_lv_m2": 0.57108967630603258, "lv_per_m2_land": 0.57215130455905416, "land_share_of_cv": 0.30452943479963451, "lv_per_ha_block": 466600.0, "rates_now_per_ha_block": 4619.475746, "rates_lv_per_ha_block": 2786.5745175460825, "rates_lv_per_m2_land": 0.0034169358025396657, "rates_change_%": -39.677689184557906 }, "geometry": { "type": "Polygon", "coordinates": [ [ [ 174.688650029319291, -41.242029064976713 ], [ 174.688534121907708, -41.237527093547556 ], [ 174.682570038691665, -41.237614421856662 ], [ 174.682685537177605, -41.242116407038161 ], [ 174.688650029319291, -41.242029064976713 ] ] ] } },
{ "type": "Feature", "properties": { "block_id": "g500_1741500_5421500", "parcels": 1, "rating_units": 1, "parcel_land_m2": 325512.96793573233, "land_value": 890000, "capital_value": 900000, "rates_now": 2713.437, "rates_lv": 5315.1549948907268, "median_parcel_lv_m2": 2.7341460638081774, "lv_per_m2_land": 2.7341460638081774, "land_share_of_cv": 0.98888888888888893, "lv_per_ha_block": 35600.0, "rates_now_per_ha_block": 108.53748, "rates_lv_per_ha_block": 212.60619979562907, "rates_lv_per_m2_land": 0.016328550682933544, "rates_change_%": 95.882749254569987 }, "geometry": { "type": "Polygon", "coordinates": [ [ [ 174.697297068915532, -41.345485389999581 ], [ 174.697180143825278, -41.340983519847086 ], [ 174.691206658276855, -41.341071474809482 ], [ 174.691323172310405, -41.345573358806078 ], [ 174.697297068915532, -41.345485389999581 ] ] ] } },
{ "type": "Feature", "properties": { "block_id": "g500_1741500_5422500", "parcels": 1, "rating_units": 1, "parcel_land_m2": 449180.89630481292, "land_value": 920000, "capital_value": 930000, "rates_now": 2803.8849, "rates_lv": 5494.317522808391, "median_parcel_lv_m2": 2.0481725905272929, "lv_per_m2_land": 2.0481725905272929, "land_share_of_cv": 0.989247311827957, "lv_per_ha_block": 36800.0, "rates_now_per_ha_block": 112.155396, "rates_lv_per_ha_block": 219.77270091233564, "rates_lv_per_m2_land": 0.012231859297684739, "rates_change_%": 95.953746988986282 }, "geometry": { "type": "Polygon", "coordinates": [ [ [ 174.697063245278628, -41.33648164588967 ], [ 174.696946373268702, -41.331979768127489 ], [ 174.690973709554044, -41.332067695407318 ], [ 174.691090170693684, -41.336569587009834 ], [ 174.697063245278628, -41.33648164588967 ] ] ] } },
{ "type": "Feature", "properties": { "block_id": "g500_1741500_5423000", "parcels": 2, "rating_units": 2, "parcel_land_m2": 435862.61159298621, "land_value": 1550000, "capital_value": 1560000, "rates_now": 4703.2908, "rates_lv": 9256.7306090793554, "median_parcel_lv_m2": 35.203345644325182, "lv_per_m2_land": 3.55616645881847, "land_share_of_cv": 0.99358974358974361, "lv_per_ha_block": 62000.0, "rates_now_per_ha_block": 188.131632, "rates_lv_per_ha_block": 370.2692243631742, "rates_lv_per_m2_land": 0.021237725748597593, "rates_change_%": 96.813911848260673 }, "geometry": { "type": "Polygon", "coordinates": [ [ [ 174.696946373268702, -41.331979768127489 ], [ 174.696829527788537, -41.327477886560679 ], [ 174.690857274851027, -41.327565800002048 ], [ 174.690973709554044, -41.332067695407318 ], [ 174.696946373268702, -41.331979768127489 ] ] ] } },
{ "type": "Feature", "properties": { "block_id": "g500_1741500_5423500", "parcels": 1, "rating_units": 1, "parcel_land_m2": 9889.5420635916671, "land_value": 630000, "capital_value": 630000, "rates_now": 1899.4059, "rates_lv": 3762.413086270964, "median_parcel_lv_m2": 63.703657454407718, "lv_per_m2_land": 63.703657454407718, "land_share_of_cv": 1.0, "lv_per_ha_block": 25200.0, "rates_now_per_ha_block": 75.976236, "rates_lv_per_ha_block": 150.49652345083857, "rates_lv_per_m2_land": 0.38044361023775625, "rates_change_%": 98.083679021475277 }, "geometry": { "type": "Polygon", "coordinates": [ [ [ 174.696829527788537, -41.327477886560679 ], [ 174.696712708831313, -41.322976001189389 ], [ 174.690740866577755, -41.323063900794182 ], [ 174.690857274851027, -41.327565800002048 ], [ 174.696829527788537, -41.327477886560679 ] ] ] } },
{ "type": "Feature", "properties": { "block_id": "g500_1741500_5424000", "parcels": 2, "rating_units": 2, "parcel_land_m2": 950358.52223391226, "land_value": 1910000, "capital_value": 1930000, "rates_now": 5818.8149, "rates_lv": 11406.680944091335, "median_parcel_lv_m2": 2.1620075104334449, "lv_per_m2_land": 2.0097678458339647, "land_share_of_cv": 0.98963730569948183, "lv_per_ha_block": 76400.0, "rates_now_per_ha_block": 232.752596, "rates_lv_per_ha_block": 456.26723776365338, "rates_lv_per_m2_land": 0.012002502926241769, "rates_change_%": 96.030998409853765 }, "geometry": { "type": "Polygon", "coordinates": [ [ [ 174.696712708831313, -41.322976001189389 ], [ 174.696595916390066, -41.31847411201376 ], [ 174.690624484727323, -41.318561997783874 ], [ 174.690740866577755, -41.323063900794182 ], [ 174.696712708831313, -41.322976001189389 ] ] ] } },
{ "type": "Feature", "properties": { "block_id": "g500_1741500_5424500", "parcels": 1, "rating_units": 1, "parcel_land_m2": 373069.50134483591, "land_value": 1080000, "capital_value": 1700000, "rates_now": 5125.381, "rates_lv": 6449.8510050359373, "median_parcel_lv_m2": 2.8949029500048398, "lv_per_m2_land": 2.8949029500048398, "land_share_of_cv": 0.63529411764705879, "lv_per_ha_block": 43200.0, "rates_now_per_ha_block": 205.01524, "rates_lv_per_ha_block": 257.99404020143749, "rates_lv_per_m2_land": 0.017288604353305755, "rates_change_%": 25.841396084231327 }, "geometry": { "type": "Polygon", "coordinates": [ [ [ 174.696595916390066, -41.31847411201376 ], [ 174.69647915045789, -41.313972219033964 ], [ 174.690508129292908, -41.314060090971246 ], [ 174.690624484727323, -41.318561997783874 ], [ 174.696595916390066, -41.31847411201376 ] ] ] } },
{ "type": "Feature", "properties": { "block_id": "g500_1741500_5426500", "parcels": 2, "rating_units": 2, "parcel_land_m2": 1369777.6849999675, "land_value": 2520000, "capital_value": 4210000, "rates_now": 12692.8553, "rates_lv": 15049.652345083854, "median_parcel_lv_m2": 43.199995422637194, "lv_per_m2_land": 1.8397145957302261, "land_share_of_cv": 0.59857482185273159, "lv_per_ha_block": 100800.0, "rates_now_per_ha_block": 507.714212, "rates_lv_per_ha_block": 601.98609380335415, "rates_lv_per_m2_land": 0.010986930587268408, "rates_change_%": 18.567902882213218 }, "geometry": { "type": "Polygon", "coordinates": [ [ [ 174.696129011647002, -41.300466517270941 ], [ 174.69601235168227, -41.295964609075881 ], [ 174.690042971577867, -41.296052425700722 ], [ 174.690159221416991, -41.300554347721068 ], [ 174.696129011647002, -41.300466517270941 ] ] ] } },
{ "type": "Feature", "properties": { "block_id": "g500_1741500_5427500", "parcels": 4, "rating_units": 4, "parcel_land_m2": 175123.66473486894, "land_value": 2605000, "capital_value": 4900000, "rates_now": 14773.157, "rates_lv": 15557.27950751724, "median_parcel_lv_m2": 17.096458989644333, "lv_per_m2_land": 14.875202640053692, "land_share_of_cv": 0.53163265306122454, "lv_per_ha_block": 104200.0, "rates_now_per_ha_block": 590.92628, "rates_lv_per_ha_block": 622.29118030068958, "rates_lv_per_m2_land": 0.0888359636093181, "rates_change_%": 5.3077518063149309 }, "geometry": { "type": "Polygon", "coordinates": [ [ [ 174.69589571819219, -41.291462697077385 ], [ 174.695779111169884, -41.286960781275589 ], [ 174.689810551037795, -41.287048570255472 ], [ 174.689926748120428, -41.291550499878802 ], [ 174.69589571819219, -41.291462697077385 ] ] ] } },
{ "type": "Feature", "properties": { "block_id": "g500_1741500_5428000", "parcels": 3, "rating_units": 3, "parcel_land_m2": 16248.217390862716, "land_value": 1560000, "capital_value": 3170000, "rates_now": 9557.3281, "rates_lv": 9316.4514517185762, "median_parcel_lv_m2": 224.19284507985833, "lv_per_m2_land": 96.010532261666782, "land_share_of_cv": 0.49211356466876971, "lv_per_ha_block": 62400.0, "rates_now_per_ha_block": 382.293124, "rates_lv_per_ha_block": 372.65805806874306, "rates_lv_per_m2_land": 0.5733829888906915, "rates_change_%": -2.5203346140374117 }, "geometry": { "type": "Polygon", "coordinates": [ [ [ 174.695779111169884, -41.286960781275589 ], [ 174.695662530608445, -41.282458861670655 ], [ 174.689694380323118, -41.282546636830851 ], [ 174.689810551037795, -41.287048570255472 ], [ 174.695779111169884, -41.286960781275589 ] ] ] } },
{ "type": "Feature", "properties": { "block_id": "g500_1741500_5430000", "parcels": 1, "rating_units": 1, "parcel_land_m2": 490694.68842674105, "land_value": 1160000, "capital_value": 1200000, "rates_now": 3617.916, "rates_lv": 6927.6177461497118, "median_parcel_lv_m2": 2.3639954280311795, "lv_per_m2_land": 2.3639954280311795, "land_share_of_cv": 0.96666666666666667, "lv_per_ha_block": 46400.0, "rates_now_per_ha_block": 144.71664, "rates_lv_per_ha_block": 277.10470984598845, "rates_lv_per_m2_land": 0.014117979895728952, "rates_change_%": 91.48088972075945 }, "geometry": { "type": "Polygon", "coordinates": [ [ [ 174.695312947620693, -41.268953080038436 ], [ 174.695196472834056, -41.264451145222388 ], [ 174.689229961006987, -41.264538865122731 ], [ 174.689346026318361, -41.269040813750919 ], [ 174.695312947620693, -41.268953080038436 ] ] ] } },
{ "type": "Feature", "properties": { "block_id": "g500_1742000_5420500", "parcels": 1, "rating_units": 2, "parcel_land_m2": 726787.23288614105, "land_value": 1200000, "capital_value": 1240000, "rates_now": 3738.5132, "rates_lv": 7166.5011167065986, "median_parcel_lv_m2": 1.6511022011692282, "lv_per_m2_land": 1.6511022011692282, "land_share_of_cv": 0.967741935483871, "lv_per_ha_block": 48000.0, "rates_now_per_ha_block": 149.540528, "rates_lv_per_ha_block": 286.66004466826394, "rates_lv_per_m2_land": 0.0098605214737299985, "rates_change_%": 91.693882924008349 }, "geometry": { "type": "Polygon", "coordinates": [ [ [ 174.703505691188383, -41.354400812369775 ], [ 174.703388301753904, -41.3498989637242 ], [ 174.697414020556295, -41.349987256347006 ], [ 174.697530998754473, -41.354489118889212 ], [ 174.703505691188383, -41.354400812369775 ] ] ] } },
{ "type": "Feature", "properties": { "block_id": "g500_1742000_5422000", "parcels": 1, "rating_units": 1, "parcel_land_m2": 762344.76113042503, "land_value": 1230000, "capital_value": 1250000, "rates_now": 3768.6625, "rates_lv": 7345.6636446242628, "median_parcel_lv_m2": 1.613443238169727, "lv_per_m2_land": 1.613443238169727, "land_share_of_cv": 0.984, "lv_per_ha_block": 49200.0, "rates_now_per_ha_block": 150.7465, "rates_lv_per_ha_block": 293.82654578497051, "rates_lv_per_m2_land": 0.0096356189734050478, "rates_change_%": 94.914340157131676 }, "geometry": { "type": "Polygon", "coordinates": [ [ [ 174.703153602830099, -41.340895255011858 ], [ 174.703036293326903, -41.336393394945404 ], [ 174.697063245278628, -41.33648164588967 ], [ 174.697180143825278, -41.340983519847086 ], [ 174.703153602830099, -41.340895255011858 ] ] ] } },
{ "type": "Feature", "properties": { "block_id": "g500_1742000_5423000", "parcels": 1, "rating_units": 1, "parcel_land_m2": 9486.3250914201635, "land_value": 630000, "capital_value": 630000, "rates_now": 1899.4059, "rates_lv": 3762.413086270964, "median_parcel_lv_m2": 66.411386277474179, "lv_per_m2_land": 66.411386277474179, "land_share_of_cv": 1.0, "lv_per_ha_block": 25200.0, "rates_now_per_ha_block": 75.976236, "rates_lv_per_ha_block": 150.49652345083857, "rates_lv_per_m2_land": 0.39661439493295991, "rates_change_%": 98.083679021475277 }, "geometry": { "type": "Polygon", "coordinates": [ [ [ 174.70291901045357, -41.331891531072273 ], [ 174.702801754203222, -41.327389663392644 ], [ 174.696829527788537, -41.327477886560679 ], [ 174.696946373268702, -41.331979768127489 ], [ 174.70291901045357, -41.331891531072273 ] ] ] } },
{ "type": "Feature", "properties": { "block_id": "g500_1742000_5423500", "parcels": 1, "rating_units": 1, "parcel_land_m2": 450040.6311149543, "land_value": 890000, "capital_value": 900000, "rates_now": 2713.437, "rates_lv": 5315.1549948907268, "median_parcel_lv_m2": 1.9775992176418988, "lv_per_m2_land": 1.9775992176418988, "land_share_of_cv": 0.98888888888888893, "lv_per_ha_block": 35600.0, "rates_now_per_ha_block": 108.53748, "rates_lv_per_ha_block": 212.60619979562907, "rates_lv_per_m2_land": 0.011810389168023969, "rates_change_%": 95.882749254569987 }, "geometry": { "type": "Polygon", "coordinates": [ [ [ 174.702801754203222, -41.327389663392644 ], [ 174.702684524568895, -41.322887791906652 ], [ 174.696712708831313, -41.322976001189389 ], [ 174.696829527788537, -41.327477886560679 ], [ 174.702801754203222, -41.327389663392644 ] ] ] } },
{ "type": "Feature", "properties": { "block_id": "g500_1742000_5424000", "parcels": 2, "rating_units": 2, "parcel_land_m2": 475928.21898621001, "land_value": 1540000, "capital_value": 1550000, "rates_now": 4673.1415, "rates_lv": 9197.0097664401346, "median_parcel_lv_m2": 33.496156316902315, "lv_per_m2_land": 3.2357820750372892, "land_share_of_cv": 0.99354838709677418, "lv_per_ha_block": 61600.0, "rates_now_per_ha_block": 186.92566, "rates_lv_per_ha_block": 367.8803906576054, "rates_lv_per_m2_land": 0.019324363211811607, "rates_change_%": 96.805719801981923 }, "geometry": { "type": "Polygon", "coordinates": [ [ [ 174.702684524568895, -41.322887791906652 ], [ 174.702567321543654, -41.318385916614417 ], [ 174.696595916390066, -41.31847411201376 ], [ 174.696712708831313, -41.322976001189389 ], [ 174.702684524568895, -41.322887791906652 ] ] ] } },
{ "type": "Feature", "properties": { "block_id": "g500_1742000_5427500", "parcels": 1, "rating_units": 1, "parcel_land_m2": 332291.1064721336, "land_value": 930000, "capital_value": 940000, "rates_now": 2834.0342, "rates_lv": 5554.0383654476127, "median_parcel_lv_m2": 2.7987507997840173, "lv_per_m2_land": 2.7987507997840173, "land_share_of_cv": 0.98936170212765961, "lv_per_ha_block": 37200.0, "rates_now_per_ha_block": 113.361368, "rates_lv_per_ha_block": 222.16153461790452, "rates_lv_per_m2_land": 0.0167143756100297, "rates_change_%": 95.976405840395728 }, "geometry": { "type": "Polygon", "coordinates": [ [ [ 174.701864661796208, -41.291374584938801 ], [ 174.701747644841049, -41.286872683007211 ], [ 174.695779111169884, -41.286960781275589 ], [ 174.69589571819219, -41.291462697077385 ], [ 174.701864661796208, -41.291374584938801 ] ] ] } },
{ "type": "Feature", "properties": { "block_id": "g500_1742000_5429000", "parcels": 1, "rating_units": 1, "parcel_land_m2": 4189.5632597051854, "land_value": 550000, "capital_value": 1240000, "rates_now": 3738.5132, "rates_lv": 3284.6463451571908, "median_parcel_lv_m2": 131.27860015621363, "lv_per_m2_land": 131.27860015621363, "land_share_of_cv": 0.44354838709677419, "lv_per_ha_block": 22000.0, "rates_now_per_ha_block": 149.540528, "rates_lv_per_ha_block": 131.38585380628763, "rates_lv_per_m2_land": 0.78400686218265325, "rates_change_%": -12.140303659829499 }, "geometry": { "type": "Polygon", "coordinates": [ [ [ 174.70151369058533, -41.277868867729076 ], [ 174.701396753270927, -41.27336695438283 ], [ 174.695429448840741, -41.273455011051922 ], [ 174.695545976501023, -41.277956938262712 ], [ 174.70151369058533, -41.277868867729076 ] ] ] } },
{ "type": "Feature", "properties": { "block_id": "g500_1742000_5429500", "parcels": 2, "rating_units": 2, "parcel_land_m2": 252531.905010116, "land_value": 1600000, "capital_value": 2370000, "rates_now": 7145.3841, "rates_lv": 9555.3348222754648, "median_parcel_lv_m2": 10.539429782253036, "lv_per_m2_land": 6.3358330898264388, "land_share_of_cv": 0.67510548523206748, "lv_per_ha_block": 64000.0, "rates_now_per_ha_block": 285.815364, "rates_lv_per_ha_block": 382.2133928910186, "rates_lv_per_m2_land": 0.037838129094589827, "rates_change_%": 33.727378242346198 }, "geometry": { "type": "Polygon", "coordinates": [ [ [ 174.701396753270927, -41.27336695438283 ], [ 174.70127984248964, -41.268865037231997 ], [ 174.695312947620693, -41.268953080038436 ], [ 174.695429448840741, -41.273455011051922 ], [ 174.701396753270927, -41.27336695438283 ] ] ] } },
{ "type": "Feature", "properties": { "block_id": "g500_1742000_5430000", "parcels": 1, "rating_units": 1, "parcel_land_m2": 12079.230082615175, "land_value": 680000, "capital_value": 680000, "rates_now": 2050.1524, "rates_lv": 4061.0172994670716, "median_parcel_lv_m2": 56.294978682348173, "lv_per_m2_land": 56.294978682348173, "land_share_of_cv": 1.0, "lv_per_ha_block": 27200.0, "rates_now_per_ha_block": 82.006096, "rates_lv_per_ha_block": 162.44069197868285, "rates_lv_per_m2_land": 0.33619835632668521, "rates_change_%": 98.083679021475263 }, "geometry": { "type": "Polygon", "coordinates": [ [ [ 174.70127984248964, -41.268865037231997 ], [ 174.701162958234562, -41.264363116276748 ], [ 174.695196472834056, -41.264451145222388 ], [ 174.695312947620693, -41.268953080038436 ], [ 174.70127984248964, -41.268865037231997 ] ] ] } },
{ "type": "Feature", "properties": { "block_id": "g500_1742000_5430500", "parcels": 1, "rating_units": 1, "parcel_land_m2": 261565.01437174098, "land_value": 1230000, "capital_value": 1760000, "rates_now": 5306.2768, "rates_lv": 7345.6636446242628, "median_parcel_lv_m2": 4.7024637563030565, "lv_per_m2_land": 4.7024637563030565, "land_share_of_cv": 0.69886363636363635, "lv_per_ha_block": 49200.0, "rates_now_per_ha_block": 212.251072, "rates_lv_per_ha_block": 293.82654578497051, "rates_lv_per_m2_land": 0.028083509800681798, "rates_change_%": 38.433480225235584 }, "geometry": { "type": "Polygon", "coordinates": [ [ [ 174.701162958234562, -41.264363116276748 ], [ 174.701046100498786, -41.259861191517196 ], [ 174.695080024473924, -41.259949206603942 ], [ 174.695196472834056, -41.264451145222388 ], [ 174.701162958234562, -41.264363116276748 ] ] ] } },
{ "type": "Feature", "properties": { "block_id": "g500_1742500_5421000", "parcels": 1, "rating_units": 1, "parcel_land_m2": 571657.07381110045, "land_value": 1050000, "capital_value": 1080000, "rates_now": 3256.1244, "rates_lv": 6270.6884771182731, "median_parcel_lv_m2": 1.8367655157311396, "lv_per_m2_land": 1.8367655157311396, "land_share_of_cv": 0.97222222222222221, "lv_per_ha_block": 42000.0, "rates_now_per_ha_block": 130.244976, "rates_lv_per_ha_block": 250.82753908473092, "rates_lv_per_m2_land": 0.010969318433012817, "rates_change_%": 92.581354604212081 }, "geometry": { "type": "Polygon", "coordinates": [ [ [ 174.709362556300846, -41.349810361135027 ], [ 174.709244782380978, -41.345308522625821 ], [ 174.703270938970121, -41.345397111271502 ], [ 174.703388301753904, -41.3498989637242 ], [ 174.709362556300846, -41.349810361135027 ] ] ] } },
{ "type": "Feature", "properties": { "block_id": "g500_1742500_5421500", "parcels": 1, "rating_units": 1, "parcel_land_m2": 529189.46742212307, "land_value": 1040000, "capital_value": 1080000, "rates_now": 3256.1244, "rates_lv": 6210.9676344790514, "median_parcel_lv_m2": 1.9652696510877725, "lv_per_m2_land": 1.9652696510877725, "land_share_of_cv": 0.96296296296296291, "lv_per_ha_block": 41600.0, "rates_now_per_ha_block": 130.244976, "rates_lv_per_ha_block": 248.43870537916206, "rates_lv_per_m2_land": 0.01173675595762509, "rates_change_%": 90.747246465124334 }, "geometry": { "type": "Polygon", "coordinates": [ [ [ 174.709244782380978, -41.345308522625821 ], [ 174.709127035198094, -41.340806680307765 ], [ 174.703153602830099, -41.340895255011858 ], [ 174.703270938970121, -41.345397111271502 ], [ 174.709244782380978, -41.345308522625821 ] ] ] } },
{ "type": "Feature", "properties": { "block_id": "g500_1742500_5422000", "parcels": 2, "rating_units": 2, "parcel_land_m2": 18170.508373103447, "land_value": 1240000, "capital_value": 2130000, "rates_now": 6421.8009, "rates_lv": 7405.3844872634836, "median_parcel_lv_m2": 86.641527043245404, "lv_per_m2_land": 68.242449497752446, "land_share_of_cv": 0.5821596244131455, "lv_per_ha_block": 49600.0, "rates_now_per_ha_block": 256.872036, "rates_lv_per_ha_block": 296.21537949053936, "rates_lv_per_m2_land": 0.40754965877703042, "rates_change_%": 15.316320181516119 }, "geometry": { "type": "Polygon", "coordinates": [ [ [ 174.709127035198094, -41.340806680307765 ], [ 174.709009314745259, -41.336304834180979 ], [ 174.703036293326903, -41.336393394945404 ], [ 174.703153602830099, -41.340895255011858 ], [ 174.709127035198094, -41.340806680307765 ] ] ] } },
{ "type": "Feature", "properties": { "block_id": "g500_1742500_5423000", "parcels": 1, "rating_units": 1, "parcel_land_m2": 1142780.0601088952, "land_value": 1590000, "capital_value": 1620000, "rates_now": 4884.1866, "rates_lv": 9495.6139796362422, "median_parcel_lv_m2": 1.3913438425312472, "lv_per_m2_land": 1.3913438425312472, "land_share_of_cv": 0.98148148148148151, "lv_per_ha_block": 63600.0, "rates_now_per_ha_block": 195.367464, "rates_lv_per_ha_block": 379.82455918544969, "rates_lv_per_m2_land": 0.0083092226676858612, "rates_change_%": 94.415462743299813 }, "geometry": { "type": "Polygon", "coordinates": [ [ [ 174.708891621015482, -41.331802984245648 ], [ 174.708773954001828, -41.327301130501915 ], [ 174.702801754203222, -41.327389663392644 ], [ 174.70291901045357, -41.331891531072273 ], [ 174.708891621015482, -41.331802984245648 ] ] ] } },
{ "type": "Feature", "properties": { "block_id": "g500_1742500_5424500", "parcels": 1, "rating_units": 1, "parcel_land_m2": 432140.63514976553, "land_value": 950000, "capital_value": 2390000, "rates_now": 7205.6827, "rates_lv": 5673.480050726057, "median_parcel_lv_m2": 2.1983584109621206, "lv_per_m2_land": 2.1983584109621206, "land_share_of_cv": 0.39748953974895396, "lv_per_ha_block": 38000.0, "rates_now_per_ha_block": 288.227308, "rates_lv_per_ha_block": 226.93920202904229, "rates_lv_per_m2_land": 0.013128781672567817, "rates_change_%": -21.263809593974258 }, "geometry": { "type": "Polygon", "coordinates": [ [ [ 174.708538700095119, -41.318297411589775 ], [ 174.708421113188137, -41.313795546421701 ], [ 174.702450145120622, -41.313884037516125 ], [ 174.702567321543654, -41.318385916614417 ], [ 174.708538700095119, -41.318297411589775 ] ] ] } },
{ "type": "Feature", "properties": { "block_id": "g500_1742500_5425000", "parcels": 1, "rating_units": 1, "parcel_land_m2": 415922.03194504778, "land_value": 900000, "capital_value": 900000, "rates_now": 2713.437, "rates_lv": 5374.8758375299485, "median_parcel_lv_m2": 2.163867097376821, "lv_per_m2_land": 2.163867097376821, "land_share_of_cv": 1.0, "lv_per_ha_block": 36000.0, "rates_now_per_ha_block": 108.53748, "rates_lv_per_ha_block": 214.99503350119795, "rates_lv_per_m2_land": 0.012922796641463044, "rates_change_%": 98.083679021475263 }, "geometry": { "type": "Polygon", "coordinates": [ [ [ 174.708421113188137, -41.313795546421701 ], [ 174.708303552969511, -41.309293677445794 ], [ 174.702332995292892, -41.309382154611917 ], [ 174.702450145120622, -41.313884037516125 ], [ 174.708421113188137, -41.313795546421701 ] ] ] } },
{ "type": "Feature", "properties": { "block_id": "g500_1742500_5425500", "parcels": 5, "rating_units": 5, "parcel_land_m2": 94008.581390307751, "land_value": 3380000, "capital_value": 6010000, "rates_now": 18119.7293, "rates_lv": 20185.644812056918, "median_parcel_lv_m2": 40.662406275835544, "lv_per_m2_land": 35.954164502991603, "land_share_of_cv": 0.56239600665557399, "lv_per_ha_block": 135200.0, "rates_now_per_ha_block": 724.789172, "rates_lv_per_ha_block": 807.42579248227673, "rates_lv_per_m2_land": 0.21472130005078505, "rates_change_%": 11.401470065322217 }, "geometry": { "type": "Polygon", "coordinates": [ [ [ 174.708303552969511, -41.309293677445794 ], [ 174.708186019432247, -41.30479180466223 ], [ 174.702215872053472, -41.304880267901929 ], [ 174.702332995292892, -41.309382154611917 ], [ 174.708303552969511, -41.309293677445794 ] ] ] } },
{ "type": "Feature", "properties": { "block_id": "g500_1742500_5427500", "parcels": 1, "rating_units": 1, "parcel_land_m2": 3350.5055368391368, "land_value": 165000, "capital_value": 245000, "rates_now": 738.65785, "rates_lv": 985.39390354715715, "median_parcel_lv_m2": 49.246299755606678, "lv_per_m2_land": 49.246299755606678, "land_share_of_cv": 0.67346938775510201, "lv_per_ha_block": 6600.0, "rates_now_per_ha_block": 29.546314, "rates_lv_per_ha_block": 39.415756141886284, "rates_lv_per_m2_land": 0.29410305182685259, "rates_change_%": 33.403294034871124 }, "geometry": { "type": "Polygon", "coordinates": [ [ [ 174.707833578839484, -41.291286163467007 ], [ 174.707716151958465, -41.286784275454259 ], [ 174.701747644841049, -41.286872683007211 ], [ 174.701864661796208, -41.291374584938801 ], [ 174.707833578839484, -41.291286163467007 ] ] ] } },
{ "type": "Feature", "properties": { "block_id": "g500_1742500_5429500", "parcels": 9, "rating_units": 9, "parcel_land_m2": 21521.274654842207, "land_value": 3960000, "capital_value": 7005000, "rates_now": 21119.58465, "rates_lv": 23649.453685131775, "median_parcel_lv_m2": 398.51083155604357, "lv_per_m2_land": 184.00397111743632, "land_share_of_cv": 0.56531049250535337, "lv_per_ha_block": 158400.0, "rates_now_per_ha_block": 844.783386, "rates_lv_per_ha_block": 945.97814740527099, "rates_lv_per_m2_land": 1.09888722040963, "rates_change_%": 11.978782144902533 }, "geometry": { "type": "Polygon", "coordinates": [ [ [ 174.707364031168026, -41.27327858857511 ], [ 174.707246710832379, -41.268776685335574 ], [ 174.70127984248964, -41.268865037231997 ], [ 174.701396753270927, -41.27336695438283 ], [ 174.707364031168026, -41.27327858857511 ] ] ] } },
{ "type": "Feature", "properties": { "block_id": "g500_1742500_5430000", "parcels": 14, "rating_units": 14, "parcel_land_m2": 289450.13732450758, "land_value": 9530000, "capital_value": 18310000, "rates_now": 55203.3683, "rates_lv": 56913.963035178233, "median_parcel_lv_m2": 59.025430914124193, "lv_per_m2_land": 32.924496385074264, "land_share_of_cv": 0.5204806116876024, "lv_per_ha_block": 381200.0, "rates_now_per_ha_block": 2208.134732, "rates_lv_per_ha_block": 2276.5585214071293, "rates_lv_per_m2_land": 0.19662786675886423, "rates_change_%": 3.0987144224281504 }, "geometry": { "type": "Polygon", "coordinates": [ [ [ 174.707246710832379, -41.268776685335574 ], [ 174.707129417115738, -41.264274778289717 ], [ 174.701162958234562, -41.264363116276748 ], [ 174.70127984248964, -41.268865037231997 ], [ 174.707246710832379, -41.268776685335574 ] ] ] } },
{ "type": "Feature", "properties": { "block_id": "g500_1742500_5430500", "parcels": 1, "rating_units": 1, "parcel_land_m2": 73563.910808160712, "land_value": 740000, "capital_value": 1330000, "rates_now": 4009.8569, "rates_lv": 4419.3423553024022, "median_parcel_lv_m2": 10.059280316536803, "lv_per_m2_land": 10.059280316536803, "land_share_of_cv": 0.55639097744360899, "lv_per_ha_block": 29600.0, "rates_now_per_ha_block": 160.394276, "rates_lv_per_ha_block": 176.77369421209607, "rates_lv_per_m2_land": 0.060074869684771416, "rates_change_%": 10.211971786384755 }, "geometry": { "type": "Polygon", "coordinates": [ [ [ 174.707129417115738, -41.264274778289717 ], [ 174.707012150011252, -41.25977286743769 ], [ 174.701046100498786, -41.259861191517196 ], [ 174.701162958234562, -41.264363116276748 ], [ 174.707129417115738, -41.264274778289717 ] ] ] } },
{ "type": "Feature", "properties": { "block_id": "g500_1742500_5431000", "parcels": 1, "rating_units": 1, "parcel_land_m2": 568465.01021024806, "land_value": 650000, "capital_value": 650000, "rates_now": 1959.7045, "rates_lv": 3881.8547715494074, "median_parcel_lv_m2": 1.1434300938937227, "lv_per_m2_land": 1.1434300938937227, "land_share_of_cv": 1.0, "lv_per_ha_block": 26000.0, "rates_now_per_ha_block": 78.38818, "rates_lv_per_ha_block": 155.27419086197631, "rates_lv_per_m2_land": 0.0068286608706377453, "rates_change_%": 98.083679021475305 }, "geometry": { "type": "Polygon", "coordinates": [ [ [ 174.707012150011252, -41.25977286743769 ], [ 174.706894909511988, -41.25527095277964 ], [ 174.70092926927552, -41.255359262953512 ], [ 174.701046100498786, -41.259861191517196 ], [ 174.707012150011252, -41.25977286743769 ] ] ] } },
{ "type": "Feature", "properties": { "block_id": "g500_1743000_5421000", "parcels": 1, "rating_units": 1, "parcel_land_m2": 300330.27283788007, "land_value": 860000, "capital_value": 870000, "rates_now": 2622.9891, "rates_lv": 5135.9924669730617, "median_parcel_lv_m2": 2.8635141967997102, "lv_per_m2_land": 2.8635141967997102, "land_share_of_cv": 0.9885057471264368, "lv_per_ha_block": 34400.0, "rates_now_per_ha_block": 104.919564, "rates_lv_per_ha_block": 205.43969867892247, "rates_lv_per_m2_land": 0.017101148074225268, "rates_change_%": 95.80685512467673 }, "geometry": { "type": "Polygon", "coordinates": [ [ [ 174.71533678410384, -41.349721448583473 ], [ 174.715218599054822, -41.34521962406648 ], [ 174.709244782380978, -41.345308522625821 ], [ 174.709362556300846, -41.349810361135027 ], [ 174.71533678410384, -41.349721448583473 ] ] ] } },
{ "type": "Feature", "properties": { "block_id": "g500_1743000_5421500", "parcels": 1, "rating_units": 1, "parcel_land_m2": 2277.4459442664001, "land_value": 131000, "capital_value": 131000, "rates_now": 394.95583, "rates_lv": 782.34303857380348, "median_parcel_lv_m2": 57.520574892150549, "lv_per_m2_land": 57.520574892150549, "land_share_of_cv": 1.0, "lv_per_ha_block": 5240.0, "rates_now_per_ha_block": 15.7982332, "rates_lv_per_ha_block": 31.293721542952138, "rates_lv_per_m2_land": 0.34351772016516863, "rates_change_%": 98.083679021475263 }, "geometry": { "type": "Polygon", "coordinates": [ [ [ 174.715218599054822, -41.34521962406648 ], [ 174.715100440836068, -41.340717795738733 ], [ 174.709127035198094, -41.340806680307765 ], [ 174.709244782380978, -41.345308522625821 ], [ 174.715218599054822, -41.34521962406648 ] ] ] } },
{ "type": "Feature", "properties": { "block_id": "g500_1743000_5422000", "parcels": 1, "rating_units": 1, "parcel_land_m2": 429282.74503884703, "land_value": 950000, "capital_value": 1480000, "rates_now": 4462.0964, "rates_lv": 5673.480050726057, "median_parcel_lv_m2": 2.2129936760305422, "lv_per_m2_land": 2.2129936760305422, "land_share_of_cv": 0.64189189189189189, "lv_per_ha_block": 38000.0, "rates_now_per_ha_block": 178.483856, "rates_lv_per_ha_block": 226.93920202904229, "rates_lv_per_m2_land": 0.013216184708781265, "rates_change_%": 27.148307480001034 }, "geometry": { "type": "Polygon", "coordinates": [ [ [ 174.715100440836068, -41.340717795738733 ], [ 174.714982309440558, -41.336215963600374 ], [ 174.709009314745259, -41.336304834180979 ], [ 174.709127035198094, -41.340806680307765 ], [ 174.715100440836068, -41.340717795738733 ] ] ] } },
{ "type": "Feature", "properties": { "block_id": "g500_1743000_5422500", "parcels": 4, "rating_units": 4, "parcel_land_m2": 197890.11084499187, "land_value": 2450000, "capital_value": 3410000, "rates_now": 10280.9113, "rates_lv": 14631.606446609303, "median_parcel_lv_m2": 81.297727746799836, "lv_per_m2_land": 12.380608558651499, "land_share_of_cv": 0.71847507331378302, "lv_per_ha_block": 98000.0, "rates_now_per_ha_block": 411.236452, "rates_lv_per_ha_block": 585.2642578643721, "rates_lv_per_m2_land": 0.073938037550902683, "rates_change_%": 42.318185807218313 }, "geometry": { "type": "Polygon", "coordinates": [ [ [ 174.714982309440558, -41.336215963600374 ], [ 174.714864204861271, -41.331714127651551 ], [ 174.708891621015482, -41.331802984245648 ], [ 174.709009314745259, -41.336304834180979 ], [ 174.714982309440558, -41.336215963600374 ] ] ] } },
{ "type": "Feature", "properties": { "block_id": "g500_1743000_5423000", "parcels": 2, "rating_units": 2, "parcel_land_m2": 13648.225560038245, "land_value": 1310000, "capital_value": 1310000, "rates_now": 3949.5583, "rates_lv": 7823.4303857380346, "median_parcel_lv_m2": 99.08155831975094, "lv_per_m2_land": 95.983173361059926, "land_share_of_cv": 1.0, "lv_per_ha_block": 52400.0, "rates_now_per_ha_block": 157.982332, "rates_lv_per_ha_block": 312.93721542952136, "rates_lv_per_m2_land": 0.57321959923089894, "rates_change_%": 98.083679021475277 }, "geometry": { "type": "Polygon", "coordinates": [ [ [ 174.714864204861271, -41.331714127651551 ], [ 174.714746127091303, -41.327212287892422 ], [ 174.708773954001828, -41.327301130501915 ], [ 174.708891621015482, -41.331802984245648 ], [ 174.714864204861271, -41.331714127651551 ] ] ] } },
{ "type": "Feature", "properties": { "block_id": "g500_1743000_5424000", "parcels": 1, "rating_units": 1, "parcel_land_m2": 9540.2867857501515, "land_value": 590000, "capital_value": 590000, "rates_now": 1778.8087, "rates_lv": 3523.5297157140772, "median_parcel_lv_m2": 61.843004644394277, "lv_per_m2_land": 61.843004644394277, "land_share_of_cv": 1.0, "lv_per_ha_block": 23600.0, "rates_now_per_ha_block": 71.152348, "rates_lv_per_ha_block": 140.94118862856308, "rates_lv_per_m2_land": 0.36933163487045245, "rates_change_%": 98.083679021475277 }, "geometry": { "type": "Polygon", "coordinates": [ [ [ 174.714628076123631, -41.322710444323107 ], [ 174.714510051951294, -41.318208596943798 ], [ 174.708538700095119, -41.318297411589775 ], [ 174.708656313697361, -41.322799272949901 ], [ 174.714628076123631, -41.322710444323107 ] ] ] } },
{ "type": "Feature", "properties": { "block_id": "g500_1743000_5424500", "parcels": 1, "rating_units": 1, "parcel_land_m2": 306168.05551199749, "land_value": 860000, "capital_value": 870000, "rates_now": 2622.9891, "rates_lv": 5135.9924669730617, "median_parcel_lv_m2": 2.8089148574361968, "lv_per_m2_land": 2.8089148574361968, "land_share_of_cv": 0.9885057471264368, "lv_per_ha_block": 34400.0, "rates_now_per_ha_block": 104.919564, "rates_lv_per_ha_block": 205.43969867892247, "rates_lv_per_m2_land": 0.01677507621879188, "rates_change_%": 95.80685512467673 }, "geometry": { "type": "Polygon", "coordinates": [ [ [ 174.714510051951294, -41.318208596943798 ], [ 174.714392054567298, -41.313706745754608 ], [ 174.708421113188137, -41.313795546421701 ], [ 174.708538700095119, -41.318297411589775 ], [ 174.714510051951294, -41.318208596943798 ] ] ] } },
{ "type": "Feature", "properties": { "block_id": "g500_1743000_5425000", "parcels": 1, "rating_units": 1, "parcel_land_m2": 192128.44368848193, "land_value": 890000, "capital_value": 950000, "rates_now": 2864.1835, "rates_lv": 5315.1549948907268, "median_parcel_lv_m2": 4.6323177501143489, "lv_per_m2_land": 4.6323177501143489, "land_share_of_cv": 0.93684210526315792, "lv_per_ha_block": 35600.0, "rates_now_per_ha_block": 114.56734, "rates_lv_per_ha_block": 212.60619979562907, "rates_lv_per_m2_land": 0.02766459194094523, "rates_change_%": 85.573130872750539 }, "geometry": { "type": "Polygon", "coordinates": [ [ [ 174.714392054567298, -41.313706745754608 ], [ 174.714274083964739, -41.309204890755716 ], [ 174.708303552969511, -41.309293677445794 ], [ 174.708421113188137, -41.313795546421701 ], [ 174.714392054567298, -41.313706745754608 ] ] ] } },
{ "type": "Feature", "properties": { "block_id": "g500_1743000_5425500", "parcels": 4, "rating_units": 4, "parcel_land_m2": 58732.296642776761, "land_value": 2034000, "capital_value": 3394000, "rates_now": 10232.67242, "rates_lv": 12147.219392817682, "median_parcel_lv_m2": 39.994024769062477, "lv_per_m2_land": 34.631712299133348, "land_share_of_cv": 0.5992928697701827, "lv_per_ha_block": 81360.0, "rates_now_per_ha_block": 409.3068968, "rates_lv_per_ha_block": 485.88877571270729, "rates_lv_per_m2_land": 0.20682350405433392, "rates_change_%": 18.710136455415661 }, "geometry": { "type": "Polygon", "coordinates": [ [ [ 174.714274083964739, -41.309204890755716 ], [ 174.714156140136595, -41.304703031947241 ], [ 174.708186019432247, -41.30479180466223 ], [ 174.708303552969511, -41.309293677445794 ], [ 174.714274083964739, -41.309204890755716 ] ] ] } },
{ "type": "Feature", "properties": { "block_id": "g500_1743000_5426000", "parcels": 5, "rating_units": 5, "parcel_land_m2": 223242.74756456635, "land_value": 2574000, "capital_value": 3674000, "rates_now": 11076.85282, "rates_lv": 15372.144895335652, "median_parcel_lv_m2": 25.407807243515791, "lv_per_m2_land": 11.530049813849145, "land_share_of_cv": 0.70059880239520955, "lv_per_ha_block": 102960.0, "rates_now_per_ha_block": 443.0741128, "rates_lv_per_ha_block": 614.88579581342606, "rates_lv_per_m2_land": 0.068858429055527165, "rates_change_%": 38.777188296482691 }, "geometry": { "type": "Polygon", "coordinates": [ [ [ 174.714156140136595, -41.304703031947241 ], [ 174.714038223075931, -41.300201169329362 ], [ 174.708068512569469, -41.300289928071145 ], [ 174.708186019432247, -41.30479180466223 ], [ 174.714156140136595, -41.304703031947241 ] ] ] } },
{ "type": "Feature", "properties": { "block_id": "g500_1743000_5426500", "parcels": 2, "rating_units": 2, "parcel_land_m2": 305816.56247486291, "land_value": 1253000, "capital_value": 1623000, "rates_now": 4893.23139, "rates_lv": 7483.0215826944723, "median_parcel_lv_m2": 2.6239538521962995, "lv_per_m2_land": 4.0972274027931119, "land_share_of_cv": 0.77202711028958715, "lv_per_ha_block": 50120.0, "rates_now_per_ha_block": 195.7292556, "rates_lv_per_ha_block": 299.32086330777889, "rates_lv_per_m2_land": 0.024468987297931424, "rates_change_%": 52.925970310479677 }, "geometry": { "type": "Polygon", "coordinates": [ [ [ 174.714038223075931, -41.300201169329362 ], [ 174.713920332775729, -41.295699302902214 ], [ 174.707951032374183, -41.295788047672694 ], [ 174.708068512569469, -41.300289928071145 ], [ 174.714038223075931, -41.300201169329362 ] ] ] } },
{ "type": "Feature", "properties": { "block_id": "g500_1743000_5428000", "parcels": 2, "rating_units": 2, "parcel_land_m2": 282479.26434812171, "land_value": 1540000, "capital_value": 2735000, "rates_now": 8245.83355, "rates_lv": 9197.0097664401328, "median_parcel_lv_m2": 7.4420444099928131, "lv_per_m2_land": 5.4517275933646419, "land_share_of_cv": 0.56307129798903111, "lv_per_ha_block": 61600.0, "rates_now_per_ha_block": 329.833342, "rates_lv_per_ha_block": 367.88039065760529, "rates_lv_per_m2_land": 0.032558176571523226, "rates_change_%": 11.535234257064687 }, "geometry": { "type": "Polygon", "coordinates": [ [ [ 174.713684632429107, -41.286695558620714 ], [ 174.713566822368762, -41.282193680766646 ], [ 174.707598751724134, -41.282282383634602 ], [ 174.707716151958465, -41.286784275454259 ], [ 174.713684632429107, -41.286695558620714 ] ] ] } },
{ "type": "Feature", "properties": { "block_id": "g500_1743000_5428500", "parcels": 2, "rating_units": 2, "parcel_land_m2": 77667.510250923675, "land_value": 1290000, "capital_value": 2100000, "rates_now": 6331.353, "rates_lv": 7703.9887004595921, "median_parcel_lv_m2": 203.31321377143715, "lv_per_m2_land": 16.609261656931491, "land_share_of_cv": 0.61428571428571432, "lv_per_ha_block": 51600.0, "rates_now_per_ha_block": 253.25412, "rates_lv_per_ha_block": 308.1595480183837, "rates_lv_per_m2_land": 0.099191910176726322, "rates_change_%": 21.679974256049086 }, "geometry": { "type": "Polygon", "coordinates": [ [ [ 174.713566822368762, -41.282193680766646 ], [ 174.71344903904108, -41.277691799103934 ], [ 174.707481378129643, -41.277780488008162 ], [ 174.707598751724134, -41.282282383634602 ], [ 174.713566822368762, -41.282193680766646 ] ] ] } },
{ "type": "Feature", "properties": { "block_id": "g500_1743000_5429000", "parcels": 1, "rating_units": 1, "parcel_land_m2": 452672.63766263443, "land_value": 1040000, "capital_value": 1450000, "rates_now": 4371.6485, "rates_lv": 6210.9676344790514, "median_parcel_lv_m2": 2.2974660129006645, "lv_per_m2_land": 2.2974660129006645, "land_share_of_cv": 0.71724137931034482, "lv_per_ha_block": 41600.0, "rates_now_per_ha_block": 174.86594, "rates_lv_per_ha_block": 248.43870537916206, "rates_lv_per_m2_land": 0.013720660622540057, "rates_change_%": 42.073811160230569 }, "geometry": { "type": "Polygon", "coordinates": [ [ [ 174.71344903904108, -41.277691799103934 ], [ 174.713331282439157, -41.273189913632692 ], [ 174.707364031168026, -41.27327858857511 ], [ 174.707481378129643, -41.277780488008162 ], [ 174.71344903904108, -41.277691799103934 ] ] ] } },
{ "type": "Feature", "properties": { "block_id": "g500_1743000_5429500", "parcels": 1, "rating_units": 1, "parcel_land_m2": 56471.470677532358, "land_value": 800000, "capital_value": 1490000, "rates_now": 4492.2457, "rates_lv": 4777.6674111377315, "median_parcel_lv_m2": 14.166445293557524, "lv_per_m2_land": 14.166445293557524, "land_share_of_cv": 0.53691275167785235, "lv_per_ha_block": 32000.0, "rates_now_per_ha_block": 179.689828, "rates_lv_per_ha_block": 191.10669644550927, "rates_lv_per_m2_land": 0.084603205013369098, "rates_change_%": 6.3536531658927586 }, "geometry": { "type": "Polygon", "coordinates": [ [ [ 174.713331282439157, -41.273189913632692 ], [ 174.713213552556027, -41.268688024353082 ], [ 174.707246710832379, -41.268776685335574 ], [ 174.707364031168026, -41.27327858857511 ], [ 174.713331282439157, -41.273189913632692 ] ] ] } },
{ "type": "Feature", "properties": { "block_id": "g500_1743000_5430000", "parcels": 11, "rating_units": 11, "parcel_land_m2": 127314.72576401933, "land_value": 5930000, "capital_value": 11440000, "rates_now": 34490.7992, "rates_lv": 35414.459685058442, "median_parcel_lv_m2": 363.3614842185313, "lv_per_m2_land": 46.577487124241912, "land_share_of_cv": 0.51835664335664333, "lv_per_ha_block": 237200.0, "rates_now_per_ha_block": 1379.631968, "rates_lv_per_ha_block": 1416.5783874023377, "rates_lv_per_m2_land": 0.27816467790772237, "rates_change_%": 2.6779909613066977 }, "geometry": { "type": "Polygon", "coordinates": [ [ [ 174.713213552556027, -41.268688024353082 ], [ 174.713095849384814, -41.264186131265255 ], [ 174.707129417115738, -41.264274778289717 ], [ 174.707246710832379, -41.268776685335574 ], [ 174.713213552556027, -41.268688024353082 ] ] ] } },
{ "type": "Feature", "properties": { "block_id": "g500_1743000_5430500", "parcels": 10, "rating_units": 10, "parcel_land_m2": 608941.03849164059, "land_value": 5665000, "capital_value": 9830000, "rates_now": 29636.7619, "rates_lv": 33831.857355119064, "median_parcel_lv_m2": 193.54955670256908, "lv_per_m2_land": 9.3030353382526503, "land_share_of_cv": 0.57629704984740593, "lv_per_ha_block": 226600.0, "rates_now_per_ha_block": 1185.470476, "rates_lv_per_ha_block": 1353.2742942047626, "rates_lv_per_m2_land": 0.05555851095029047, "rates_change_%": 14.155039842996686 }, "geometry": { "type": "Polygon", "coordinates": [ [ [ 174.713095849384814, -41.264186131265255 ], [ 174.712978172918469, -41.25968423436936 ], [ 174.707012150011252, -41.25977286743769 ], [ 174.707129417115738, -41.264274778289717 ], [ 174.713095849384814, -41.264186131265255 ] ] ] } },
{ "type": "Feature", "properties": { "block_id": "g500_1743000_5432000", "parcels": 1, "rating_units": 1, "parcel_land_m2": 221493.6112222829, "land_value": 1070000, "capital_value": 1090000, "rates_now": 3286.2737, "rates_lv": 6390.1301623967156, "median_parcel_lv_m2": 4.8308391113195004, "lv_per_m2_land": 4.8308391113195004, "land_share_of_cv": 0.98165137614678899, "lv_per_ha_block": 42800.0, "rates_now_per_ha_block": 131.450948, "rates_lv_per_ha_block": 255.60520649586863, "rates_lv_per_m2_land": 0.02885017823825092, "rates_change_%": 94.449116103650013 }, "geometry": { "type": "Polygon", "coordinates": [ [ [ 174.712742900072868, -41.250680429153967 ], [ 174.712625303679772, -41.246178520834775 ], [ 174.706660508301468, -41.246267112046063 ], [ 174.706777695611038, -41.250769034315709 ], [ 174.712742900072868, -41.250680429153967 ] ] ] } },
{ "type": "Feature", "properties": { "block_id": "g500_1743000_5432500", "parcels": 2, "rating_units": 2, "parcel_land_m2": 398196.71509973746, "land_value": 2010000, "capital_value": 3080000, "rates_now": 9285.9844, "rates_lv": 12003.88937048355, "median_parcel_lv_m2": 5.2319364587108588, "lv_per_m2_land": 5.0477563570471684, "land_share_of_cv": 0.65259740259740262, "lv_per_ha_block": 80400.0, "rates_now_per_ha_block": 371.439376, "rates_lv_per_ha_block": 480.15557481934201, "rates_lv_per_m2_land": 0.030145626308034464, "rates_change_%": 29.268894426352343 }, "geometry": { "type": "Polygon", "coordinates": [ [ [ 174.712625303679772, -41.246178520834775 ], [ 174.712507733963804, -41.241676608708111 ], [ 174.7065433475764, -41.241765185970834 ], [ 174.706660508301468, -41.246267112046063 ], [ 174.712625303679772, -41.246178520834775 ] ] ] } },
{ "type": "Feature", "properties": { "block_id": "g500_1743000_5433000", "parcels": 4, "rating_units": 4, "parcel_land_m2": 470662.50863930525, "land_value": 2370000, "capital_value": 4800900, "rates_now": 14474.377437, "rates_lv": 14153.839705495531, "median_parcel_lv_m2": 13.465596826292206, "lv_per_m2_land": 5.0354552497748708, "land_share_of_cv": 0.49365743923014432, "lv_per_ha_block": 94800.0, "rates_now_per_ha_block": 578.97509747999993, "rates_lv_per_ha_block": 566.15358821982124, "rates_lv_per_m2_land": 0.030072163058864759, "rates_change_%": -2.214518260972631 }, "geometry": { "type": "Polygon", "coordinates": [ [ [ 174.712507733963804, -41.241676608708111 ], [ 174.712390190918143, -41.23717469277414 ], [ 174.706426213428927, -41.237263256090188 ], [ 174.7065433475764, -41.241765185970834 ], [ 174.712507733963804, -41.241676608708111 ] ] ] } },
{ "type": "Feature", "properties": { "block_id": "g500_1743000_5433500", "parcels": 3, "rating_units": 4, "parcel_land_m2": 478958.85146501474, "land_value": 1915000, "capital_value": 3435000, "rates_now": 10356.28455, "rates_lv": 11436.541365410945, "median_parcel_lv_m2": 14.585738316070604, "lv_per_m2_land": 3.9982557878249798, "land_share_of_cv": 0.55749636098981081, "lv_per_ha_block": 76600.0, "rates_now_per_ha_block": 414.251382, "rates_lv_per_ha_block": 457.46165461643778, "rates_lv_per_m2_land": 0.02387792047360528, "rates_change_%": 10.430930225946188 }, "geometry": { "type": "Polygon", "coordinates": [ [ [ 174.712390190918143, -41.23717469277414 ], [ 174.712272674535825, -41.232672773032995 ], [ 174.706309105852142, -41.232761322404258 ], [ 174.706426213428927, -41.237263256090188 ], [ 174.712390190918143, -41.23717469277414 ] ] ] } },
{ "type": "Feature", "properties": { "block_id": "g500_1743500_5423000", "parcels": 2, "rating_units": 2, "parcel_land_m2": 634075.2242489747, "land_value": 1710000, "capital_value": 1740000, "rates_now": 5245.9782, "rates_lv": 10212.264091306901, "median_parcel_lv_m2": 3.1323700658712585, "lv_per_m2_land": 2.6968409024739861, "land_share_of_cv": 0.98275862068965514, "lv_per_ha_block": 68400.0, "rates_now_per_ha_block": 209.839128, "rates_lv_per_ha_block": 408.49056365227602, "rates_lv_per_m2_land": 0.016105761115966542, "rates_change_%": 94.668443176277407 }, "geometry": { "type": "Polygon", "coordinates": [ [ [ 174.7208367618978, -41.331624961293954 ], [ 174.720718273378452, -41.327123135568151 ], [ 174.714746127091303, -41.327212287892422 ], [ 174.714864204861271, -41.331714127651551 ], [ 174.7208367618978, -41.331624961293954 ] ] ] } },
{ "type": "Feature", "properties": { "block_id": "g500_1743500_5424000", "parcels": 1, "rating_units": 1, "parcel_land_m2": 437659.41872014245, "land_value": 950000, "capital_value": 1920000, "rates_now": 5788.6656, "rates_lv": 5673.480050726057, "median_parcel_lv_m2": 2.1706376222362742, "lv_per_m2_land": 2.1706376222362742, "land_share_of_cv": 0.49479166666666669, "lv_per_ha_block": 38000.0, "rates_now_per_ha_block": 231.546624, "rates_lv_per_ha_block": 226.93920202904229, "rates_lv_per_m2_land": 0.01296323078643468, "rates_change_%": -1.9898463174991998 }, "geometry": { "type": "Polygon", "coordinates": [ [ [ 174.720599811754539, -41.322621306030257 ], [ 174.720481377019098, -41.318119472680443 ], [ 174.714510051951294, -41.318208596943798 ], [ 174.714628076123631, -41.322710444323107 ], [ 174.720599811754539, -41.322621306030257 ] ] ] } },
{ "type": "Feature", "properties": { "block_id": "g500_1743500_5424500", "parcels": 1, "rating_units": 1, "parcel_land_m2": 567341.28406359174, "land_value": 1050000, "capital_value": 1060000, "rates_now": 3195.8258, "rates_lv": 6270.6884771182731, "median_parcel_lv_m2": 1.8507378706505491, "lv_per_m2_land": 1.8507378706505491, "land_share_of_cv": 0.99056603773584906, "lv_per_ha_block": 42000.0, "rates_now_per_ha_block": 127.833032, "rates_lv_per_ha_block": 250.82753908473092, "rates_lv_per_m2_land": 0.011052762513956959, "rates_change_%": 96.214965068442496 }, "geometry": { "type": "Polygon", "coordinates": [ [ [ 174.720481377019098, -41.318119472680443 ], [ 174.72036296916508, -41.313617635518852 ], [ 174.714392054567298, -41.313706745754608 ], [ 174.714510051951294, -41.318208596943798 ], [ 174.720481377019098, -41.318119472680443 ] ] ] } },
{ "type": "Feature", "properties": { "block_id": "g500_1743500_5425500", "parcels": 2, "rating_units": 3, "parcel_land_m2": 454256.22964906611, "land_value": 1900000, "capital_value": 2960000, "rates_now": 8924.1928, "rates_lv": 11346.960101452112, "median_parcel_lv_m2": 7.057399160928358, "lv_per_m2_land": 4.1826614055856481, "land_share_of_cv": 0.64189189189189189, "lv_per_ha_block": 76000.0, "rates_now_per_ha_block": 356.967712, "rates_lv_per_ha_block": 453.87840405808447, "rates_lv_per_m2_land": 0.024979206361612612, "rates_change_%": 27.148307480001034 }, "geometry": { "type": "Polygon", "coordinates": [ [ [ 174.720244588185551, -41.309115794545633 ], [ 174.720126234073462, -41.304613949760949 ], [ 174.714156140136595, -41.304703031947241 ], [ 174.714274083964739, -41.309204890755716 ], [ 174.720244588185551, -41.309115794545633 ] ] ] } },
{ "type": "Feature", "properties": { "block_id": "g500_1743500_5426000", "parcels": 3, "rating_units": 3, "parcel_land_m2": 149194.24346699892, "land_value": 2250000, "capital_value": 3360000, "rates_now": 10130.1648, "rates_lv": 13437.189593824871, "median_parcel_lv_m2": 13.198659831811522, "lv_per_m2_land": 15.081010819949563, "land_share_of_cv": 0.6696428571428571, "lv_per_ha_block": 90000.0, "rates_now_per_ha_block": 405.206592, "rates_lv_per_ha_block": 537.48758375299485, "rates_lv_per_m2_land": 0.090065067401860682, "rates_change_%": 32.645320773309351 }, "geometry": { "type": "Polygon", "coordinates": [ [ [ 174.720126234073462, -41.304613949760949 ], [ 174.720007906821849, -41.300112101164956 ], [ 174.714038223075931, -41.300201169329362 ], [ 174.714156140136595, -41.304703031947241 ], [ 174.720126234073462, -41.304613949760949 ] ] ] } },
{ "type": "Feature", "properties": { "block_id": "g500_1743500_5427000", "parcels": 49, "rating_units": 56, "parcel_land_m2": 30869.492896516331, "land_value": 23520000, "capital_value": 46400000, "rates_now": 139892.752, "rates_lv": 140463.42188744931, "median_parcel_lv_m2": 759.64725381828396, "lv_per_m2_land": 761.91727796909379, "land_share_of_cv": 0.50689655172413794, "lv_per_ha_block": 940800.0, "rates_now_per_ha_block": 5595.71008, "rates_lv_per_ha_block": 5618.5368754979727, "rates_lv_per_m2_land": 4.5502341861696349, "rates_change_%": 0.40793384881676609 }, "geometry": { "type": "Polygon", "coordinates": [ [ [ 174.719889606423749, -41.295610248757782 ], [ 174.71977133287217, -41.29110839253957 ], [ 174.713802469229137, -41.291197432665946 ], [ 174.713920332775729, -41.295699302902214 ], [ 174.719889606423749, -41.295610248757782 ] ] ] } },
{ "type": "Feature", "properties": { "block_id": "g500_1743500_5427500", "parcels": 149, "rating_units": 164, "parcel_land_m2": 95820.215436970044, "land_value": 70950000, "capital_value": 141620000, "rates_now": 426974.3866, "rates_lv": 423719.3785252776, "median_parcel_lv_m2": 839.32170984861898, "lv_per_m2_land": 740.44918054552363, "land_share_of_cv": 0.50098856093772071, "lv_per_ha_block": 2838000.0, "rates_now_per_ha_block": 17078.975464000003, "rates_lv_per_ha_block": 16948.775141011105, "rates_lv_per_m2_land": 4.4220248993699833, "rates_change_%": -0.76234270178173746 }, "geometry": { "type": "Polygon", "coordinates": [ [ [ 174.71977133287217, -41.29110839253957 ], [ 174.719653086160122, -41.286606532510497 ], [ 174.713684632429107, -41.286695558620714 ], [ 174.713802469229137, -41.291197432665946 ], [ 174.71977133287217, -41.29110839253957 ] ] ] } },
{ "type": "Feature", "properties": { "block_id": "g500_1743500_5428000", "parcels": 77, "rating_units": 83, "parcel_land_m2": 76299.330099116778, "land_value": 36650000, "capital_value": 75470000, "rates_now": 227536.7671, "rates_lv": 218876.88827274734, "median_parcel_lv_m2": 738.60033347219553, "lv_per_m2_land": 480.34497750360003, "land_share_of_cv": 0.48562342652709684, "lv_per_ha_block": 1466000.0, "rates_now_per_ha_block": 9101.470684, "rates_lv_per_ha_block": 8755.0755309098931, "rates_lv_per_m2_land": 2.8686606814032958, "rates_change_%": -3.8059250544975609 }, "geometry": { "type": "Polygon", "coordinates": [ [ [ 174.719653086160122, -41.286606532510497 ], [ 174.71953486628064, -41.282104668670698 ], [ 174.713566822368762, -41.282193680766646 ], [ 174.713684632429107, -41.286695558620714 ], [ 174.719653086160122, -41.286606532510497 ] ] ] } },
{ "type": "Feature", "properties": { "block_id": "g500_1743500_5428500", "parcels": 2, "rating_units": 2, "parcel_land_m2": 309106.55418289441, "land_value": 1650000, "capital_value": 2560000, "rates_now": 7718.2208, "rates_lv": 9853.9390354715724, "median_parcel_lv_m2": 6.8927849638835452, "lv_per_m2_land": 5.3379651051453152, "land_share_of_cv": 0.64453125, "lv_per_ha_block": 66000.0, "rates_now_per_ha_block": 308.728832, "rates_lv_per_ha_block": 394.15756141886288, "rates_lv_per_m2_land": 0.031878777405803964, "rates_change_%": 27.671121244310235 }, "geometry": { "type": "Polygon", "coordinates": [ [ [ 174.71953486628064, -41.282104668670698 ], [ 174.71941667322676, -41.277602801020336 ], [ 174.71344903904108, -41.277691799103934 ], [ 174.713566822368762, -41.282193680766646 ], [ 174.71953486628064, -41.282104668670698 ] ] ] } },
{ "type": "Feature", "properties": { "block_id": "g500_1743500_5429500", "parcels": 1, "rating_units": 1, "parcel_land_m2": 373477.73421485169, "land_value": 1030000, "capital_value": 1680000, "rates_now": 5065.0824, "rates_lv": 6151.2467918398297, "median_parcel_lv_m2": 2.7578618633459651, "lv_per_m2_land": 2.7578618633459651, "land_share_of_cv": 0.61309523809523814, "lv_per_ha_block": 41200.0, "rates_now_per_ha_block": 202.603296, "rates_lv_per_ha_block": 246.0498716735932, "rates_lv_per_m2_land": 0.016470183436159497, "rates_change_%": 21.444160352452112 }, "geometry": { "type": "Polygon", "coordinates": [ [ [ 174.719298506991493, -41.273100929559547 ], [ 174.719180367567873, -41.268599054288494 ], [ 174.713213552556027, -41.268688024353082 ], [ 174.713331282439157, -41.273189913632692 ], [ 174.719298506991493, -41.273100929559547 ] ] ] } },
{ "type": "Feature", "properties": { "block_id": "g500_1743500_5430000", "parcels": 1, "rating_units": 1, "parcel_land_m2": 405014.04537253641, "land_value": 1100000, "capital_value": 1130000, "rates_now": 3406.8709, "rates_lv": 6569.2926903143816, "median_parcel_lv_m2": 2.7159551935741089, "lv_per_m2_land": 2.7159551935741089, "land_share_of_cv": 0.97345132743362828, "lv_per_ha_block": 44000.0, "rates_now_per_ha_block": 136.274836, "rates_lv_per_ha_block": 262.77170761257526, "rates_lv_per_m2_land": 0.016219913273061614, "rates_change_%": 92.824820286391898 }, "geometry": { "type": "Polygon", "coordinates": [ [ [ 174.719180367567873, -41.268599054288494 ], [ 174.719062254948938, -41.264097175207318 ], [ 174.713095849384814, -41.264186131265255 ], [ 174.713213552556027, -41.268688024353082 ], [ 174.719180367567873, -41.268599054288494 ] ] ] } },
{ "type": "Feature", "properties": { "block_id": "g500_1743500_5430500", "parcels": 5, "rating_units": 5, "parcel_land_m2": 142098.28452776984, "land_value": 3200000, "capital_value": 5080000, "rates_now": 15315.8444, "rates_lv": 19110.669644550926, "median_parcel_lv_m2": 25.844440449255472, "lv_per_m2_land": 22.519624432022145, "land_share_of_cv": 0.62992125984251968, "lv_per_ha_block": 128000.0, "rates_now_per_ha_block": 612.633776, "rates_lv_per_ha_block": 764.42678578203709, "rates_lv_per_m2_land": 0.13448909469991657, "rates_change_%": 24.777120643448992 }, "geometry": { "type": "Polygon", "coordinates": [ [ [ 174.719062254948938, -41.264097175207318 ], [ 174.718944169127724, -41.259595292316163 ], [ 174.712978172918469, -41.25968423436936 ], [ 174.713095849384814, -41.264186131265255 ], [ 174.719062254948938, -41.264097175207318 ] ] ] } },
{ "type": "Feature", "properties": { "block_id": "g500_1743500_5431000", "parcels": 3, "rating_units": 3, "parcel_land_m2": 89010.622124975023, "land_value": 2030000, "capital_value": 3890000, "rates_now": 11728.0777, "rates_lv": 12123.331055761995, "median_parcel_lv_m2": 23.712970558548754, "lv_per_m2_land": 22.806266842509945, "land_share_of_cv": 0.52185089974293064, "lv_per_ha_block": 81200.0, "rates_now_per_ha_block": 469.123108, "rates_lv_per_ha_block": 484.93324223047983, "rates_lv_per_m2_land": 0.13620094732896348, "rates_change_%": 3.3701461217467532 }, "geometry": { "type": "Polygon", "coordinates": [ [ [ 174.718944169127724, -41.259595292316163 ], [ 174.718826110097268, -41.255093405615213 ], [ 174.712860523150169, -41.255182333665552 ], [ 174.712978172918469, -41.25968423436936 ], [ 174.718944169127724, -41.259595292316163 ] ] ] } },
{ "type": "Feature", "properties": { "block_id": "g500_1743500_5431500", "parcels": 4, "rating_units": 4, "parcel_land_m2": 112701.05026529833, "land_value": 2046000, "capital_value": 3756000, "rates_now": 11324.07708, "rates_lv": 12218.88440398475, "median_parcel_lv_m2": 25.985801966097583, "lv_per_m2_land": 18.154223010200127, "land_share_of_cv": 0.54472843450479236, "lv_per_ha_block": 81840.0, "rates_now_per_ha_block": 452.9630832, "rates_lv_per_ha_block": 488.75537615938998, "rates_lv_per_m2_land": 0.10841854956294986, "rates_change_%": 7.9018123743179958 }, "geometry": { "type": "Polygon", "coordinates": [ [ [ 174.718826110097268, -41.255093405615213 ], [ 174.718708077850636, -41.250591515104574 ], [ 174.712742900072868, -41.250680429153967 ], [ 174.712860523150169, -41.255182333665552 ], [ 174.718826110097268, -41.255093405615213 ] ] ] } },
{ "type": "Feature", "properties": { "block_id": "g500_1743500_5432000", "parcels": 3, "rating_units": 3, "parcel_land_m2": 94755.360623927132, "land_value": 1970000, "capital_value": 4240000, "rates_now": 12783.3032, "rates_lv": 11765.005999926665, "median_parcel_lv_m2": 21.834163058552249, "lv_per_m2_land": 20.790380481149747, "land_share_of_cv": 0.46462264150943394, "lv_per_ha_block": 78800.0, "rates_now_per_ha_block": 511.332128, "rates_lv_per_ha_block": 470.60023999706658, "rates_lv_per_m2_land": 0.12416190411242893, "rates_change_%": -7.9658378131353018 }, "geometry": { "type": "Polygon", "coordinates": [ [ [ 174.718708077850636, -41.250591515104574 ], [ 174.718590072380834, -41.246089620784439 ], [ 174.712625303679772, -41.246178520834775 ], [ 174.712742900072868, -41.250680429153967 ], [ 174.718708077850636, -41.250591515104574 ] ] ] } },
{ "type": "Feature", "properties": { "block_id": "g500_1743500_5432500", "parcels": 1, "rating_units": 1, "parcel_land_m2": 3620.4507232431915, "land_value": 530000, "capital_value": 630000, "rates_now": 1899.4059, "rates_lv": 3165.2046598787474, "median_parcel_lv_m2": 146.39061280337691, "lv_per_m2_land": 146.39061280337691, "land_share_of_cv": 0.84126984126984128, "lv_per_ha_block": 21200.0, "rates_now_per_ha_block": 75.976236, "rates_lv_per_ha_block": 126.6081863951499, "rates_lv_per_m2_land": 0.87425707510896988, "rates_change_%": 66.641825208542699 }, "geometry": { "type": "Polygon", "coordinates": [ [ [ 174.718590072380834, -41.246089620784439 ], [ 174.718472093680958, -41.241587722654934 ], [ 174.712507733963804, -41.241676608708111 ], [ 174.712625303679772, -41.246178520834775 ], [ 174.718590072380834, -41.246089620784439 ] ] ] } },
{ "type": "Feature", "properties": { "block_id": "g500_1743500_5433000", "parcels": 3, "rating_units": 3, "parcel_land_m2": 306816.67421342706, "land_value": 1708000, "capital_value": 2178000, "rates_now": 6566.51754, "rates_lv": 10200.319922779057, "median_parcel_lv_m2": 5.5425906336036048, "lv_per_m2_land": 5.5668421684666498, "land_share_of_cv": 0.78420569329660239, "lv_per_ha_block": 68320.0, "rates_now_per_ha_block": 262.6607016, "rates_lv_per_ha_block": 408.0127969111623, "rates_lv_per_m2_land": 0.033245650514038022, "rates_change_%": 55.338348837777659 }, "geometry": { "type": "Polygon", "coordinates": [ [ [ 174.718472093680958, -41.241587722654934 ], [ 174.718354141744015, -41.237085820716203 ], [ 174.712390190918143, -41.23717469277414 ], [ 174.712507733963804, -41.241676608708111 ], [ 174.718472093680958, -41.241587722654934 ] ] ] } },
{ "type": "Feature", "properties": { "block_id": "g500_1743500_5433500", "parcels": 1, "rating_units": 1, "parcel_land_m2": 345920.56232310546, "land_value": 1250000, "capital_value": 1430000, "rates_now": 4311.3499, "rates_lv": 7465.1053299027062, "median_parcel_lv_m2": 3.6135463922854156, "lv_per_m2_land": 3.6135463922854156, "land_share_of_cv": 0.87412587412587417, "lv_per_ha_block": 50000.0, "rates_now_per_ha_block": 172.453996, "rates_lv_per_ha_block": 298.60421319610828, "rates_lv_per_m2_land": 0.021580403546320442, "rates_change_%": 73.150069074716157 }, "geometry": { "type": "Polygon", "coordinates": [ [ [ 174.718354141744015, -41.237085820716203 ], [ 174.718236216563071, -41.232583914968409 ], [ 174.712272674535825, -41.232672773032995 ], [ 174.712390190918143, -41.23717469277414 ], [ 174.718354141744015, -41.237085820716203 ] ] ] } },
{ "type": "Feature", "properties": { "block_id": "g500_1743500_5434000", "parcels": 1, "rating_units": 1, "parcel_land_m2": 82971.069201322243, "land_value": 740000, "capital_value": 1230000, "rates_now": 3708.3639, "rates_lv": 4419.3423553024022, "median_parcel_lv_m2": 8.9187714118092529, "lv_per_m2_land": 8.9187714118092529, "land_share_of_cv": 0.60162601626016265, "lv_per_ha_block": 29600.0, "rates_now_per_ha_block": 148.334556, "rates_lv_per_ha_block": 176.77369421209607, "rates_lv_per_m2_land": 0.053263654401984911, "rates_change_%": 19.172294695846936 }, "geometry": { "type": "Polygon", "coordinates": [ [ [ 174.718236216563071, -41.232583914968409 ], [ 174.718118318131189, -41.228082005411714 ], [ 174.712155184809973, -41.22817084948484 ], [ 174.712272674535825, -41.232672773032995 ], [ 174.718236216563071, -41.232583914968409 ] ] ] } },
{ "type": "Feature", "properties": { "block_id": "g500_1743500_5434500", "parcels": 9, "rating_units": 9, "parcel_land_m2": 168915.02102125046, "land_value": 3710000, "capital_value": 6130000, "rates_now": 18481.5209, "rates_lv": 22156.43261915123, "median_parcel_lv_m2": 399.20029643801541, "lv_per_m2_land": 21.963706824707206, "land_share_of_cv": 0.6052202283849919, "lv_per_ha_block": 148400.0, "rates_now_per_ha_block": 739.260836, "rates_lv_per_ha_block": 886.25730476604917, "rates_lv_per_m2_land": 0.13116910790523376, "rates_change_%": 19.884249456716695 }, "geometry": { "type": "Polygon", "coordinates": [ [ [ 174.718118318131189, -41.228082005411714 ], [ 174.718000446441437, -41.223580092046255 ], [ 174.712037721733594, -41.223668922129811 ], [ 174.712155184809973, -41.22817084948484 ], [ 174.718118318131189, -41.228082005411714 ] ] ] } },
{ "type": "Feature", "properties": { "block_id": "g500_1743500_5435000", "parcels": 30, "rating_units": 39, "parcel_land_m2": 26341.732953611354, "land_value": 12215000, "capital_value": 21492000, "rates_now": 64796.87556, "rates_lv": 72949.009283809239, "median_parcel_lv_m2": 442.89497560306154, "lv_per_m2_land": 463.71284765170958, "land_share_of_cv": 0.56835101433091384, "lv_per_ha_block": 488600.0, "rates_now_per_ha_block": 2591.8750224, "rates_lv_per_ha_block": 2917.9603713523697, "rates_lv_per_m2_land": 2.7693322004393108, "rates_change_%": 12.58105989425462 }, "geometry": { "type": "Polygon", "coordinates": [ [ [ 174.718000446441437, -41.223580092046255 ], [ 174.717882601486878, -41.219078174872202 ], [ 174.711920285299811, -41.219166990968084 ], [ 174.712037721733594, -41.223668922129811 ], [ 174.718000446441437, -41.223580092046255 ] ] ] } },
{ "type": "Feature", "properties": { "block_id": "g500_1744000_5422500", "parcels": 1, "rating_units": 1, "parcel_land_m2": 27163.33279952038, "land_value": 980000, "capital_value": 1570000, "rates_now": 4733.4401, "rates_lv": 5852.6425786437212, "median_parcel_lv_m2": 36.078047095064264, "lv_per_m2_land": 36.078047095064264, "land_share_of_cv": 0.62420382165605093, "lv_per_ha_block": 39200.0, "rates_now_per_ha_block": 189.337604, "rates_lv_per_ha_block": 234.10570314574886, "rates_lv_per_m2_land": 0.21546113732947603, "rates_change_%": 23.644589452895403 }, "geometry": { "type": "Polygon", "coordinates": [ [ [ 174.726928218289174, -41.336037293006513 ], [ 174.726809292031874, -41.331535485176865 ], [ 174.7208367618978, -41.331624961293954 ], [ 174.720955277319575, -41.336126783207554 ], [ 174.726928218289174, -41.336037293006513 ] ] ] } },
{ "type": "Feature", "properties": { "block_id": "g500_1744000_5423500", "parcels": 1, "rating_units": 1, "parcel_land_m2": 781912.4838608572, "land_value": 1160000, "capital_value": 1920000, "rates_now": 5788.6656, "rates_lv": 6927.6177461497118, "median_parcel_lv_m2": 1.4835419870421511, "lv_per_m2_land": 1.4835419870421511, "land_share_of_cv": 0.60416666666666663, "lv_per_ha_block": 46400.0, "rates_now_per_ha_block": 231.546624, "rates_lv_per_ha_block": 277.10470984598845, "rates_lv_per_m2_land": 0.0088598377556822518, "rates_change_%": 19.675556075474667 }, "geometry": { "type": "Polygon", "coordinates": [ [ [ 174.726690392770166, -41.32703367353308 ], [ 174.726571520497032, -41.322531858075308 ], [ 174.720599811754539, -41.322621306030257 ], [ 174.720718273378452, -41.327123135568151 ], [ 174.726690392770166, -41.32703367353308 ] ] ] } },
{ "type": "Feature", "properties": { "block_id": "g500_1744000_5425000", "parcels": 2, "rating_units": 2, "parcel_land_m2": 977873.72923197655, "land_value": 1720000, "capital_value": 1740000, "rates_now": 5245.9782, "rates_lv": 10271.984933946122, "median_parcel_lv_m2": 1.9860650809700338, "lv_per_m2_land": 1.7589183026226611, "land_share_of_cv": 0.9885057471264368, "lv_per_ha_block": 68800.0, "rates_now_per_ha_block": 209.839128, "rates_lv_per_ha_block": 410.87939735784488, "rates_lv_per_m2_land": 0.010504408316617477, "rates_change_%": 95.806855124676702 }, "geometry": { "type": "Polygon", "coordinates": [ [ [ 174.726333856888402, -41.313528215718399 ], [ 174.726215065538895, -41.309026388819561 ], [ 174.720244588185551, -41.309115794545633 ], [ 174.72036296916508, -41.313617635518852 ], [ 174.726333856888402, -41.313528215718399 ] ] ] } },
{ "type": "Feature", "properties": { "block_id": "g500_1744000_5426000", "parcels": 2, "rating_units": 2, "parcel_land_m2": 589260.29515648063, "land_value": 1790000, "capital_value": 2170000, "rates_now": 6542.3981, "rates_lv": 10690.030832420674, "median_parcel_lv_m2": 23.348841025544036, "lv_per_m2_land": 3.0377067905528197, "land_share_of_cv": 0.82488479262672809, "lv_per_ha_block": 71600.0, "rates_now_per_ha_block": 261.695924, "rates_lv_per_ha_block": 427.60123329682699, "rates_lv_per_m2_land": 0.018141440922269998, "rates_change_%": 63.396214492368983 }, "geometry": { "type": "Polygon", "coordinates": [ [ [ 174.726096301149823, -41.304524558107346 ], [ 174.725977563714309, -41.300022723581897 ], [ 174.720007906821849, -41.300112101164956 ], [ 174.720126234073462, -41.304613949760949 ], [ 174.726096301149823, -41.304524558107346 ] ] ] } },
{ "type": "Feature", "properties": { "block_id": "g500_1744000_5426500", "parcels": 93, "rating_units": 106, "parcel_land_m2": 55153.909657828917, "land_value": 41670000, "capital_value": 80140000, "rates_now": 241616.4902, "rates_lv": 248856.75127763662, "median_parcel_lv_m2": 773.63956457996278, "lv_per_m2_land": 755.52214264623899, "land_share_of_cv": 0.51996506114299978, "lv_per_ha_block": 1666800.0, "rates_now_per_ha_block": 9664.659608, "rates_lv_per_ha_block": 9954.2700511054645, "rates_lv_per_m2_land": 4.5120418991423614, "rates_change_%": 2.996592273831733 }, "geometry": { "type": "Polygon", "coordinates": [ [ [ 174.725977563714309, -41.300022723581897 ], [ 174.725858853225247, -41.295520885243349 ], [ 174.719889606423749, -41.295610248757782 ], [ 174.720007906821849, -41.300112101164956 ], [ 174.725977563714309, -41.300022723581897 ] ] ] } },
{ "type": "Feature", "properties": { "block_id": "g500_1744000_5427000", "parcels": 286, "rating_units": 312, "parcel_land_m2": 191076.96415359943, "land_value": 126610000, "capital_value": 251040000, "rates_now": 756868.0272, "rates_lv": 756125.5886551853, "median_parcel_lv_m2": 829.71987724144628, "lv_per_m2_land": 662.61257897222549, "land_share_of_cv": 0.50434193753983425, "lv_per_ha_block": 5064400.0, "rates_now_per_ha_block": 30274.721088000002, "rates_lv_per_ha_block": 30245.023546207412, "rates_lv_per_m2_land": 3.9571781559569108, "rates_change_%": -0.098093527290532556 }, "geometry": { "type": "Polygon", "coordinates": [ [ [ 174.725858853225247, -41.295520885243349 ], [ 174.725740169675674, -41.291019043091865 ], [ 174.71977133287217, -41.29110839253957 ], [ 174.719889606423749, -41.295610248757782 ], [ 174.725858853225247, -41.295520885243349 ] ] ] } },
{ "type": "Feature", "properties": { "block_id": "g500_1744000_5427500", "parcels": 217, "rating_units": 294, "parcel_land_m2": 171111.17929487114, "land_value": 127670000, "capital_value": 247740000, "rates_now": 751973.89133100002, "rates_lv": 768422.11015460105, "median_parcel_lv_m2": 822.48531933314177, "lv_per_m2_land": 746.12307931084877, "land_share_of_cv": 0.51533866149995966, "lv_per_ha_block": 5106800.0, "rates_now_per_ha_block": 30078.955653240002, "rates_lv_per_ha_block": 30736.884406184043, "rates_lv_per_m2_land": 4.4907767763694775, "rates_change_%": 2.1873390836066875 }, "geometry": { "type": "Polygon", "coordinates": [ [ [ 174.725740169675674, -41.291019043091865 ], [ 174.725621513058599, -41.286517197127608 ], [ 174.719653086160122, -41.286606532510497 ], [ 174.71977133287217, -41.29110839253957 ], [ 174.725740169675674, -41.291019043091865 ] ] ] } },
{ "type": "Feature", "properties": { "block_id": "g500_1744000_5428000", "parcels": 98, "rating_units": 108, "parcel_land_m2": 323744.67335014994, "land_value": 65860000, "capital_value": 114583000, "rates_now": 345459.72418999998, "rates_lv": 393321.46962191374, "median_parcel_lv_m2": 876.96123252578172, "lv_per_m2_land": 203.43191848833393, "land_share_of_cv": 0.5747798539050295, "lv_per_ha_block": 2634400.0, "rates_now_per_ha_block": 13818.3889676, "rates_lv_per_ha_block": 15732.858784876549, "rates_lv_per_m2_land": 1.2149125591836756, "rates_change_%": 13.854508088934336 }, "geometry": { "type": "Polygon", "coordinates": [ [ [ 174.725621513058599, -41.286517197127608 ], [ 174.725502883366943, -41.282015347350715 ], [ 174.71953486628064, -41.282104668670698 ], [ 174.719653086160122, -41.286606532510497 ], [ 174.725621513058599, -41.286517197127608 ] ] ] } },
{ "type": "Feature", "properties": { "block_id": "g500_1744000_5428500", "parcels": 22, "rating_units": 24, "parcel_land_m2": 265323.10855568165, "land_value": 12480000, "capital_value": 20895000, "rates_now": 62996.96235, "rates_lv": 74531.611613748624, "median_parcel_lv_m2": 547.45908874470024, "lv_per_m2_land": 47.036988477695687, "land_share_of_cv": 0.59727207465900933, "lv_per_ha_block": 499200.0, "rates_now_per_ha_block": 2519.878494, "rates_lv_per_ha_block": 2981.2644645499449, "rates_lv_per_m2_land": 0.28090885870993465, "rates_change_%": 18.309849925245846 }, "geometry": { "type": "Polygon", "coordinates": [ [ [ 174.725502883366943, -41.282015347350715 ], [ 174.725384280593801, -41.277513493761347 ], [ 174.71941667322676, -41.277602801020336 ], [ 174.71953486628064, -41.282104668670698 ], [ 174.725502883366943, -41.282015347350715 ] ] ] } },
{ "type": "Feature", "properties": { "block_id": "g500_1744000_5429000", "parcels": 1, "rating_units": 1, "parcel_land_m2": 292729.36435412033, "land_value": 840000, "capital_value": 2900000, "rates_now": 8743.297, "rates_lv": 5016.5507816946183, "median_parcel_lv_m2": 2.86954471360733, "lv_per_m2_land": 2.86954471360733, "land_share_of_cv": 0.28965517241379313, "lv_per_ha_block": 33600.0, "rates_now_per_ha_block": 349.73188, "rates_lv_per_ha_block": 200.66203126778473, "rates_lv_per_m2_land": 0.017137162828755371, "rates_change_%": -42.62403780067612 }, "geometry": { "type": "Polygon", "coordinates": [ [ [ 174.725384280593801, -41.277513493761347 ], [ 174.72526570473218, -41.273011636359648 ], [ 174.719298506991493, -41.273100929559547 ], [ 174.71941667322676, -41.277602801020336 ], [ 174.725384280593801, -41.277513493761347 ] ] ] } },
{ "type": "Feature", "properties": { "block_id": "g500_1744000_5430000", "parcels": 1, "rating_units": 1, "parcel_land_m2": 696845.61245011992, "land_value": 1010000, "capital_value": 1480000, "rates_now": 4462.0964, "rates_lv": 6031.8051065613863, "median_parcel_lv_m2": 1.449388475660806, "lv_per_m2_land": 1.449388475660806, "land_share_of_cv": 0.68243243243243246, "lv_per_ha_block": 40400.0, "rates_now_per_ha_block": 178.483856, "rates_lv_per_ha_block": 241.27220426245546, "rates_lv_per_m2_land": 0.0086558701078040326, "rates_change_%": 35.178726899790561 }, "geometry": { "type": "Polygon", "coordinates": [ [ [ 174.725147155774977, -41.268509775145773 ], [ 174.72502863371534, -41.264007910119872 ], [ 174.719062254948938, -41.264097175207318 ], [ 174.719180367567873, -41.268599054288494 ], [ 174.725147155774977, -41.268509775145773 ] ] ] } },
{ "type": "Feature", "properties": { "block_id": "g500_1744000_5431000", "parcels": 2, "rating_units": 2, "parcel_land_m2": 507185.05405142758, "land_value": 1830000, "capital_value": 2990000, "rates_now": 9014.6407, "rates_lv": 10928.914202977561, "median_parcel_lv_m2": 4.5918690051170277, "lv_per_m2_land": 3.6081504874440595, "land_share_of_cv": 0.61204013377926425, "lv_per_ha_block": 73200.0, "rates_now_per_ha_block": 360.585628, "rates_lv_per_ha_block": 437.15656811910247, "rates_lv_per_m2_land": 0.021548178747927756, "rates_change_%": 21.235161407792557 }, "geometry": { "type": "Polygon", "coordinates": [ [ [ 174.724910138546193, -41.25950604128208 ], [ 174.724791670260601, -41.255004168632588 ], [ 174.718826110097268, -41.255093405615213 ], [ 174.718944169127724, -41.259595292316163 ], [ 174.724910138546193, -41.25950604128208 ] ] ] } },
{ "type": "Feature", "properties": { "block_id": "g500_1744000_5431500", "parcels": 1, "rating_units": 1, "parcel_land_m2": 436296.94709001412, "land_value": 1090000, "capital_value": 2330000, "rates_now": 7024.7869, "rates_lv": 6509.5718476751599, "median_parcel_lv_m2": 2.4982984805876209, "lv_per_m2_land": 2.4982984805876209, "land_share_of_cv": 0.46781115879828328, "lv_per_ha_block": 43600.0, "rates_now_per_ha_block": 280.991476, "rates_lv_per_ha_block": 260.3828739070064, "rates_lv_per_m2_land": 0.014920049042497987, "rates_change_%": -7.3342445779364551 }, "geometry": { "type": "Polygon", "coordinates": [ [ [ 174.724791670260601, -41.255004168632588 ], [ 174.724673228851515, -41.250502292171504 ], [ 174.718708077850636, -41.250591515104574 ], [ 174.718826110097268, -41.255093405615213 ], [ 174.724791670260601, -41.255004168632588 ] ] ] } },
{ "type": "Feature", "properties": { "block_id": "g500_1744000_5432000", "parcels": 1, "rating_units": 1, "parcel_land_m2": 300032.33711987361, "land_value": 980000, "capital_value": 990000, "rates_now": 2984.7807, "rates_lv": 5852.6425786437212, "median_parcel_lv_m2": 3.2663145893119347, "lv_per_m2_land": 3.2663145893119347, "land_share_of_cv": 0.98989898989898994, "lv_per_ha_block": 39200.0, "rates_now_per_ha_block": 119.391228, "rates_lv_per_ha_block": 234.10570314574886, "rates_lv_per_m2_land": 0.019506705959849196, "rates_change_%": 96.082833778834086 }, "geometry": { "type": "Polygon", "coordinates": [ [ [ 174.724673228851515, -41.250502292171504 ], [ 174.724554814312029, -41.246000411899011 ], [ 174.718590072380834, -41.246089620784439 ], [ 174.718708077850636, -41.250591515104574 ], [ 174.724673228851515, -41.250502292171504 ] ] ] } },
{ "type": "Feature", "properties": { "block_id": "g500_1744000_5432500", "parcels": 2, "rating_units": 2, "parcel_land_m2": 417640.7694884619, "land_value": 1480000, "capital_value": 2140000, "rates_now": 6451.9502, "rates_lv": 8838.6847106048026, "median_parcel_lv_m2": 4.596896442465229, "lv_per_m2_land": 3.5437153365384932, "land_share_of_cv": 0.69158878504672894, "lv_per_ha_block": 59200.0, "rates_now_per_ha_block": 258.078008, "rates_lv_per_ha_block": 353.54738842419209, "rates_lv_per_m2_land": 0.021163366597161171, "rates_change_%": 36.992450912048305 }, "geometry": { "type": "Polygon", "coordinates": [ [ [ 174.724554814312029, -41.246000411899011 ], [ 174.724436426635151, -41.241498527815239 ], [ 174.718472093680958, -41.241587722654934 ], [ 174.718590072380834, -41.246089620784439 ], [ 174.724554814312029, -41.246000411899011 ] ] ] } },
{ "type": "Feature", "properties": { "block_id": "g500_1744000_5433000", "parcels": 2, "rating_units": 2, "parcel_land_m2": 7308.6730707040533, "land_value": 925000, "capital_value": 2300000, "rates_now": 6934.339, "rates_lv": 5524.1779441280023, "median_parcel_lv_m2": 125.96350857165936, "lv_per_m2_land": 126.56196152866004, "land_share_of_cv": 0.40217391304347827, "lv_per_ha_block": 37000.0, "rates_now_per_ha_block": 277.37356, "rates_lv_per_ha_block": 220.96711776512009, "rates_lv_per_m2_land": 0.75583869885643296, "rates_change_%": -20.335911697884946 }, "geometry": { "type": "Polygon", "coordinates": [ [ [ 174.724436426635151, -41.241498527815239 ], [ 174.72431806581389, -41.236996639920349 ], [ 174.718354141744015, -41.237085820716203 ], [ 174.718472093680958, -41.241587722654934 ], [ 174.724436426635151, -41.241498527815239 ] ] ] } },
{ "type": "Feature", "properties": { "block_id": "g500_1744000_5434000", "parcels": 2, "rating_units": 2, "parcel_land_m2": 700816.99740720016, "land_value": 2200000, "capital_value": 3085000, "rates_now": 9301.05905, "rates_lv": 13138.585380628763, "median_parcel_lv_m2": 4.0851307918440547, "lv_per_m2_land": 3.1391932674853775, "land_share_of_cv": 0.713128038897893, "lv_per_ha_block": 88000.0, "rates_now_per_ha_block": 372.042362, "rates_lv_per_ha_block": 525.54341522515051, "rates_lv_per_m2_land": 0.018747526714159825, "rates_change_%": 41.259025558264398 }, "geometry": { "type": "Polygon", "coordinates": [ [ [ 174.724199731841253, -41.232494748214492 ], [ 174.724081424710334, -41.227992852697831 ], [ 174.718118318131189, -41.228082005411714 ], [ 174.718236216563071, -41.232583914968409 ], [ 174.724199731841253, -41.232494748214492 ] ] ] } },
{ "type": "Feature", "properties": { "block_id": "g500_1744000_5435500", "parcels": 1, "rating_units": 1, "parcel_land_m2": 1445547.3245176428, "land_value": 2170000, "capital_value": 3170000, "rates_now": 9557.3281, "rates_lv": 12959.422852711097, "median_parcel_lv_m2": 1.5011615069220208, "lv_per_m2_land": 1.5011615069220208, "land_share_of_cv": 0.68454258675078861, "lv_per_ha_block": 86800.0, "rates_now_per_ha_block": 382.293124, "rates_lv_per_ha_block": 518.37691410844388, "rates_lv_per_m2_land": 0.0089650630130946839, "rates_change_%": 35.59671403047362 }, "geometry": { "type": "Polygon", "coordinates": [ [ [ 174.723844890945657, -41.218989050232643 ], [ 174.723726664297999, -41.214487143284444 ], [ 174.71776478326052, -41.214576253889661 ], [ 174.717882601486878, -41.219078174872202 ], [ 174.723844890945657, -41.218989050232643 ] ] ] } },
{ "type": "Feature", "properties": { "block_id": "g500_1744500_5423000", "parcels": 1, "rating_units": 1, "parcel_land_m2": 4041.2624184203132, "land_value": 600000, "capital_value": 3680000, "rates_now": 11094.9424, "rates_lv": 3583.2505583532989, "median_parcel_lv_m2": 148.46845809001775, "lv_per_m2_land": 148.46845809001775, "land_share_of_cv": 0.16304347826086957, "lv_per_ha_block": 24000.0, "rates_now_per_ha_block": 443.797696, "rates_lv_per_ha_block": 143.33002233413197, "rates_lv_per_m2_land": 0.8866661422481823, "rates_change_%": -67.703747985629036 }, "geometry": { "type": "Polygon", "coordinates": [ [ [ 174.732781795170325, -41.331445699304254 ], [ 174.732662485173307, -41.326943901791225 ], [ 174.726690392770166, -41.32703367353308 ], [ 174.726809292031874, -41.331535485176865 ], [ 174.732781795170325, -41.331445699304254 ] ] ] } },
{ "type": "Feature", "properties": { "block_id": "g500_1744500_5424000", "parcels": 1, "rating_units": 1, "parcel_land_m2": 329146.61793574464, "land_value": 930000, "capital_value": 930000, "rates_now": 2803.8849, "rates_lv": 5554.0383654476127, "median_parcel_lv_m2": 2.8254885492444974, "lv_per_m2_land": 2.8254885492444974, "land_share_of_cv": 1.0, "lv_per_ha_block": 37200.0, "rates_now_per_ha_block": 112.155396, "rates_lv_per_ha_block": 222.16153461790452, "rates_lv_per_m2_land": 0.016874055702835327, "rates_change_%": 98.083679021475263 }, "geometry": { "type": "Polygon", "coordinates": [ [ [ 174.732543202257972, -41.322442100462276 ], [ 174.732423946417299, -41.317940295317555 ], [ 174.726452675205451, -41.318030038803691 ], [ 174.726571520497032, -41.322531858075308 ], [ 174.732543202257972, -41.322442100462276 ] ] ] } },
{ "type": "Feature", "properties": { "block_id": "g500_1744500_5424500", "parcels": 2, "rating_units": 2, "parcel_land_m2": 168978.41499660286, "land_value": 1630000, "capital_value": 4890000, "rates_now": 14743.0077, "rates_lv": 9734.497350193129, "median_parcel_lv_m2": 12.65238200539333, "lv_per_m2_land": 9.6462024456364404, "land_share_of_cv": 0.33333333333333331, "lv_per_ha_block": 65200.0, "rates_now_per_ha_block": 589.720308, "rates_lv_per_ha_block": 389.37989400772517, "rates_lv_per_m2_land": 0.057607933832192891, "rates_change_%": -33.972106992841567 }, "geometry": { "type": "Polygon", "coordinates": [ [ [ 174.732423946417299, -41.317940295317555 ], [ 174.732304717644212, -41.313438486357242 ], [ 174.726333856888402, -41.313528215718399 ], [ 174.726452675205451, -41.318030038803691 ], [ 174.732423946417299, -41.317940295317555 ] ] ] } },
{ "type": "Feature", "properties": { "block_id": "g500_1744500_5425000", "parcels": 1, "rating_units": 2, "parcel_land_m2": 83493.035362551294, "land_value": 740000, "capital_value": 740000, "rates_now": 2231.0482, "rates_lv": 4419.3423553024013, "median_parcel_lv_m2": 8.8630147028036834, "lv_per_m2_land": 8.8630147028036834, "land_share_of_cv": 1.0, "lv_per_ha_block": 29600.0, "rates_now_per_ha_block": 89.241928, "rates_lv_per_ha_block": 176.77369421209605, "rates_lv_per_m2_land": 0.05293067063752465, "rates_change_%": 98.083679021475277 }, "geometry": { "type": "Polygon", "coordinates": [ [ [ 174.732304717644212, -41.313438486357242 ], [ 174.73218551593169, -41.308936673581464 ], [ 174.726215065538895, -41.309026388819561 ], [ 174.726333856888402, -41.313528215718399 ], [ 174.732304717644212, -41.313438486357242 ] ] ] } },
{ "type": "Feature", "properties": { "block_id": "g500_1744500_5426000", "parcels": 1, "rating_units": 1, "parcel_land_m2": 205081.98505507363, "land_value": 770000, "capital_value": 860000, "rates_now": 2592.8398, "rates_lv": 4598.5048832200664, "median_parcel_lv_m2": 3.7545959962949489, "lv_per_m2_land": 3.7545959962949489, "land_share_of_cv": 0.89534883720930236, "lv_per_ha_block": 30800.0, "rates_now_per_ha_block": 103.713592, "rates_lv_per_ha_block": 183.94019532880264, "rates_lv_per_m2_land": 0.022422763666858223, "rates_change_%": 77.353991682018531 }, "geometry": { "type": "Polygon", "coordinates": [ [ [ 174.732066341272713, -41.304434856990383 ], [ 174.731947193660261, -41.29993303658415 ], [ 174.725977563714309, -41.300022723581897 ], [ 174.726096301149823, -41.304524558107346 ], [ 174.732066341272713, -41.304434856990383 ] ] ] } },
{ "type": "Feature", "properties": { "block_id": "g500_1744500_5427000", "parcels": 93, "rating_units": 103, "parcel_land_m2": 51019.351923119822, "land_value": 45230000, "capital_value": 87710000, "rates_now": 264439.5103, "rates_lv": 270117.3712571995, "median_parcel_lv_m2": 994.70934903125146, "lv_per_m2_land": 886.52635314059467, "land_share_of_cv": 0.51567666172614302, "lv_per_ha_block": 1809200.0, "rates_now_per_ha_block": 10577.580412000001, "rates_lv_per_ha_block": 10804.69485028798, "rates_lv_per_m2_land": 5.2944100831432488, "rates_change_%": 2.1471303402271769 }, "geometry": { "type": "Polygon", "coordinates": [ [ [ 174.731828073087257, -41.295431212362907 ], [ 174.73170897954671, -41.29092938432683 ], [ 174.725740169675674, -41.291019043091865 ], [ 174.725858853225247, -41.295520885243349 ], [ 174.731828073087257, -41.295431212362907 ] ] ] } },
{ "type": "Feature", "properties": { "block_id": "g500_1744500_5427500", "parcels": 294, "rating_units": 329, "parcel_land_m2": 190923.9270493596, "land_value": 167840000, "capital_value": 330490000, "rates_now": 996404.2157000001, "rates_lv": 1002354.6228566961, "median_parcel_lv_m2": 937.62336784915624, "lv_per_m2_land": 879.09358766022183, "land_share_of_cv": 0.50785197736693999, "lv_per_ha_block": 6713600.0, "rates_now_per_ha_block": 39856.168628, "rates_lv_per_ha_block": 40094.184914267847, "rates_lv_per_m2_land": 5.2500209813804908, "rates_change_%": 0.5971880751744596 }, "geometry": { "type": "Polygon", "coordinates": [ [ [ 174.73170897954671, -41.29092938432683 ], [ 174.731589913031542, -41.286427552476049 ], [ 174.725621513058599, -41.286517197127608 ], [ 174.725740169675674, -41.291019043091865 ], [ 174.73170897954671, -41.29092938432683 ] ] ] } },
{ "type": "Feature", "properties": { "block_id": "g500_1744500_5428000", "parcels": 303, "rating_units": 338, "parcel_land_m2": 180491.12402531199, "land_value": 159470000, "capital_value": 274855000, "rates_now": 828668.58515000006, "rates_lv": 952368.27756766754, "median_parcel_lv_m2": 943.66730020384409, "lv_per_m2_land": 883.53375192918634, "land_share_of_cv": 0.58019683105637521, "lv_per_ha_block": 6378800.0, "rates_now_per_ha_block": 33146.743406000001, "rates_lv_per_ha_block": 38094.731102706704, "rates_lv_per_m2_land": 5.2765380165404023, "rates_change_%": 14.927522852248121 }, "geometry": { "type": "Polygon", "coordinates": [ [ [ 174.731589913031542, -41.286427552476049 ], [ 174.731470873534789, -41.281925716810697 ], [ 174.725502883366943, -41.282015347350715 ], [ 174.725621513058599, -41.286517197127608 ], [ 174.731589913031542, -41.286427552476049 ] ] ] } },
{ "type": "Feature", "properties": { "block_id": "g500_1744500_5428500", "parcels": 207, "rating_units": 233, "parcel_land_m2": 294232.73852206126, "land_value": 92953000, "capital_value": 183293000, "rates_now": 552615.56449000002, "rates_lv": 555123.148584357, "median_parcel_lv_m2": 631.76332640097735, "lv_per_m2_land": 315.91657837569454, "land_share_of_cv": 0.50712793178135551, "lv_per_ha_block": 3718120.0, "rates_now_per_ha_block": 22104.6225796, "rates_lv_per_ha_block": 22204.925943374281, "rates_lv_per_m2_land": 1.8866804264296186, "rates_change_%": 0.45376646180264046 }, "geometry": { "type": "Polygon", "coordinates": [ [ [ 174.731470873534789, -41.281925716810697 ], [ 174.731351861049404, -41.277423877330968 ], [ 174.725384280593801, -41.277513493761347 ], [ 174.725502883366943, -41.282015347350715 ], [ 174.731470873534789, -41.281925716810697 ] ] ] } },
{ "type": "Feature", "properties": { "block_id": "g500_1744500_5429000", "parcels": 3, "rating_units": 3, "parcel_land_m2": 1552.1671409214198, "land_value": 1310000, "capital_value": 2340000, "rates_now": 7054.9362, "rates_lv": 7823.4303857380364, "median_parcel_lv_m2": 831.73788953884491, "lv_per_m2_land": 843.9812733197914, "land_share_of_cv": 0.55982905982905984, "lv_per_ha_block": 52400.0, "rates_now_per_ha_block": 282.197448, "rates_lv_per_ha_block": 312.93721542952147, "rates_lv_per_m2_land": 5.0403272814381186, "rates_change_%": 10.892999794073766 }, "geometry": { "type": "Polygon", "coordinates": [ [ [ 174.731351861049404, -41.277423877330968 ], [ 174.731232875568338, -41.272922034036988 ], [ 174.72526570473218, -41.273011636359648 ], [ 174.725384280593801, -41.277513493761347 ], [ 174.731351861049404, -41.277423877330968 ] ] ] } },
{ "type": "Feature", "properties": { "block_id": "g500_1744500_5432500", "parcels": 2, "rating_units": 2, "parcel_land_m2": 356283.14676377689, "land_value": 1850000, "capital_value": 2830000, "rates_now": 8532.2519, "rates_lv": 11048.355888256005, "median_parcel_lv_m2": 8.2220698691827039, "lv_per_m2_land": 5.1924993275828122, "land_share_of_cv": 0.6537102473498233, "lv_per_ha_block": 74000.0, "rates_now_per_ha_block": 341.290076, "rates_lv_per_ha_block": 441.93423553024019, "rates_lv_per_m2_land": 0.031010043524683735, "rates_change_%": 29.489330809091598 }, "geometry": { "type": "Polygon", "coordinates": [ [ [ 174.730519529380643, -41.245910894182465 ], [ 174.730400732733727, -41.241409024193018 ], [ 174.724436426635151, -41.241498527815239 ], [ 174.724554814312029, -41.246000411899011 ], [ 174.730519529380643, -41.245910894182465 ] ] ] } },
{ "type": "Feature", "properties": { "block_id": "g500_1744500_5433000", "parcels": 1, "rating_units": 1, "parcel_land_m2": 35708.393081260132, "land_value": 680000, "capital_value": 1770000, "rates_now": 5336.4261, "rates_lv": 4061.0172994670716, "median_parcel_lv_m2": 19.043141998928704, "lv_per_m2_land": 19.043141998928704, "land_share_of_cv": 0.38418079096045199, "lv_per_ha_block": 27200.0, "rates_now_per_ha_block": 213.457044, "rates_lv_per_ha_block": 162.44069197868285, "rates_lv_per_m2_land": 0.11372724866743739, "rates_change_%": -23.900055517173346 }, "geometry": { "type": "Polygon", "coordinates": [ [ [ 174.730400732733727, -41.241409024193018 ], [ 174.730281963035111, -41.236907150390543 ], [ 174.72431806581389, -41.236996639920349 ], [ 174.724436426635151, -41.241498527815239 ], [ 174.730400732733727, -41.241409024193018 ] ] ] } },
{ "type": "Feature", "properties": { "block_id": "g500_1744500_5433500", "parcels": 2, "rating_units": 2, "parcel_land_m2": 70745.632627928499, "land_value": 1360000, "capital_value": 2550000, "rates_now": 7688.0715, "rates_lv": 8122.034598934144, "median_parcel_lv_m2": 82.509149948869961, "lv_per_m2_land": 19.223801519347898, "land_share_of_cv": 0.53333333333333333, "lv_per_ha_block": 54400.0, "rates_now_per_ha_block": 307.52286, "rates_lv_per_ha_block": 324.88138395736576, "rates_lv_per_m2_land": 0.11480616254646057, "rates_change_%": 5.6446288114534893 }, "geometry": { "type": "Polygon", "coordinates": [ [ [ 174.730281963035111, -41.236907150390543 ], [ 174.730163220277774, -41.232405272775189 ], [ 174.724199731841253, -41.232494748214492 ], [ 174.72431806581389, -41.236996639920349 ], [ 174.730281963035111, -41.236907150390543 ] ] ] } },
{ "type": "Feature", "properties": { "block_id": "g500_1744500_5434000", "parcels": 2, "rating_units": 2, "parcel_land_m2": 407573.67978560895, "land_value": 1120000, "capital_value": 1130000, "rates_now": 3406.8709, "rates_lv": 6688.734375592825, "median_parcel_lv_m2": 9.7062480748492348, "lv_per_m2_land": 2.7479693992731327, "land_share_of_cv": 0.99115044247787609, "lv_per_ha_block": 44800.0, "rates_now_per_ha_block": 136.274836, "rates_lv_per_ha_block": 267.54937502371303, "rates_lv_per_m2_land": 0.01641110480713872, "rates_change_%": 96.330726109780798 }, "geometry": { "type": "Polygon", "coordinates": [ [ [ 174.730163220277774, -41.232405272775189 ], [ 174.730044504454753, -41.22790339134712 ], [ 174.724081424710334, -41.227992852697831 ], [ 174.724199731841253, -41.232494748214492 ], [ 174.730163220277774, -41.232405272775189 ] ] ] } },
{ "type": "Feature", "properties": { "block_id": "g500_1745000_5425500", "parcels": 1, "rating_units": 1, "parcel_land_m2": 46386.751890047155, "land_value": 770000, "capital_value": 1450000, "rates_now": 4371.6485, "rates_lv": 4598.5048832200664, "median_parcel_lv_m2": 16.599567088145548, "lv_per_m2_land": 16.599567088145548, "land_share_of_cv": 0.53103448275862064, "lv_per_ha_block": 30800.0, "rates_now_per_ha_block": 174.86594, "rates_lv_per_ha_block": 183.94019532880264, "rates_lv_per_m2_land": 0.099134013395034276, "rates_change_%": 5.1892640320937877 }, "geometry": { "type": "Polygon", "coordinates": [ [ [ 174.738155939270996, -41.30884664883537 ], [ 174.738036354349134, -41.304344846414097 ], [ 174.732066341272713, -41.304434856990383 ], [ 174.73218551593169, -41.308936673581464 ], [ 174.738155939270996, -41.30884664883537 ] ] ] } },
{ "type": "Feature", "properties": { "block_id": "g500_1745000_5426000", "parcels": 1, "rating_units": 1, "parcel_land_m2": 127861.72080900418, "land_value": 800000, "capital_value": 1410000, "rates_now": 4251.0513, "rates_lv": 4777.6674111377315, "median_parcel_lv_m2": 6.2567592156452738, "lv_per_m2_land": 6.2567592156452738, "land_share_of_cv": 0.56737588652482274, "lv_per_ha_block": 32000.0, "rates_now_per_ha_block": 170.042052, "rates_lv_per_ha_block": 191.10669644550927, "rates_lv_per_m2_land": 0.037365893254905122, "rates_change_%": 12.38790299090795 }, "geometry": { "type": "Polygon", "coordinates": [ [ [ 174.738036354349134, -41.304344846414097 ], [ 174.737916796566765, -41.299843040175773 ], [ 174.731947193660261, -41.29993303658415 ], [ 174.732066341272713, -41.304434856990383 ], [ 174.738036354349134, -41.304344846414097 ] ] ] } },
{ "type": "Feature", "properties": { "block_id": "g500_1745000_5427000", "parcels": 44, "rating_units": 46, "parcel_land_m2": 41320.472990247967, "land_value": 27570000, "capital_value": 54150000, "rates_now": 163258.4595, "rates_lv": 164650.36315633409, "median_parcel_lv_m2": 937.75471714043135, "lv_per_m2_land": 667.22372724307365, "land_share_of_cv": 0.50914127423822719, "lv_per_ha_block": 1102800.0, "rates_now_per_ha_block": 6530.33838, "rates_lv_per_ha_block": 6586.0145262533633, "rates_lv_per_m2_land": 3.9847163219838548, "rates_change_%": 0.85257674278991225 }, "geometry": { "type": "Polygon", "coordinates": [ [ [ 174.737797265916839, -41.295341230120499 ], [ 174.737677762392309, -41.290839416248453 ], [ 174.73170897954671, -41.29092938432683 ], [ 174.731828073087257, -41.295431212362907 ], [ 174.737797265916839, -41.295341230120499 ] ] ] } },
{ "type": "Feature", "properties": { "block_id": "g500_1745000_5427500", "parcels": 241, "rating_units": 268, "parcel_land_m2": 198517.86647871669, "land_value": 172870000, "capital_value": 307880000, "rates_now": 928236.6484000001, "rates_lv": 1032394.2067042246, "median_parcel_lv_m2": 1069.5767888544221, "lv_per_m2_land": 870.803233312673, "land_share_of_cv": 0.56148499415356634, "lv_per_ha_block": 6914800.0, "rates_now_per_ha_block": 37129.465936000001, "rates_lv_per_ha_block": 41295.768268168984, "rates_lv_per_m2_land": 5.2005102866391555, "rates_change_%": 11.221013357289955 }, "geometry": { "type": "Polygon", "coordinates": [ [ [ 174.737677762392309, -41.290839416248453 ], [ 174.737558285986154, -41.286337598559776 ], [ 174.731589913031542, -41.286427552476049 ], [ 174.73170897954671, -41.29092938432683 ], [ 174.737677762392309, -41.290839416248453 ] ] ] } },
{ "type": "Feature", "properties": { "block_id": "g500_1745000_5428000", "parcels": 234, "rating_units": 282, "parcel_land_m2": 149660.87389294413, "land_value": 175373000, "capital_value": 300529000, "rates_now": 942794.840891, "rates_lv": 1103955.9008135246, "median_parcel_lv_m2": 1223.3655877755023, "lv_per_m2_land": 1171.8025923425273, "land_share_of_cv": 0.5835476775951739, "lv_per_ha_block": 7014920.0, "rates_now_per_ha_block": 37711.793635640002, "rates_lv_per_ha_block": 44158.236032540983, "rates_lv_per_m2_land": 7.3763828320500764, "rates_change_%": 17.09396922136499 }, "geometry": { "type": "Polygon", "coordinates": [ [ [ 174.737558285986154, -41.286337598559776 ], [ 174.737438836691268, -41.281835777054646 ], [ 174.731470873534789, -41.281925716810697 ], [ 174.731589913031542, -41.286427552476049 ], [ 174.737558285986154, -41.286337598559776 ] ] ] } },
{ "type": "Feature", "properties": { "block_id": "g500_1745000_5428500", "parcels": 250, "rating_units": 264, "parcel_land_m2": 233293.08717833029, "land_value": 116390000, "capital_value": 235735000, "rates_now": 710724.52355000004, "rates_lv": 695090.88747790072, "median_parcel_lv_m2": 757.5192492088056, "lv_per_m2_land": 498.90033780139811, "land_share_of_cv": 0.49373236897363565, "lv_per_ha_block": 4655600.0, "rates_now_per_ha_block": 28428.980942000002, "rates_lv_per_ha_block": 27803.63549911603, "rates_lv_per_m2_land": 2.979474856649182, "rates_change_%": -2.1996759017137602 }, "geometry": { "type": "Polygon", "coordinates": [ [ [ 174.737438836691268, -41.281835777054646 ], [ 174.737319414500632, -41.277333951733176 ], [ 174.731351861049404, -41.277423877330968 ], [ 174.731470873534789, -41.281925716810697 ], [ 174.737438836691268, -41.281835777054646 ] ] ] } },
{ "type": "Feature", "properties": { "block_id": "g500_1745000_5429000", "parcels": 37, "rating_units": 37, "parcel_land_m2": 40590.629392714596, "land_value": 14350000, "capital_value": 32380000, "rates_now": 97623.4334, "rates_lv": 85699.409187283061, "median_parcel_lv_m2": 593.26437981161973, "lv_per_m2_land": 353.52987166480369, "land_share_of_cv": 0.44317479925880171, "lv_per_ha_block": 574000.0, "rates_now_per_ha_block": 3904.937336, "rates_lv_per_ha_block": 3427.9763674913224, "rates_lv_per_m2_land": 2.1113101833957963, "rates_change_%": -12.214305313212792 }, "geometry": { "type": "Polygon", "coordinates": [ [ [ 174.737319414500632, -41.277333951733176 ], [ 174.737200019407197, -41.272832122595545 ], [ 174.731232875568338, -41.272922034036988 ], [ 174.731351861049404, -41.277423877330968 ], [ 174.737319414500632, -41.277333951733176 ] ] ] } },
{ "type": "Feature", "properties": { "block_id": "g500_1745000_5430500", "parcels": 1, "rating_units": 1, "parcel_land_m2": 2786721.6534617399, "land_value": 1770000, "capital_value": 2120000, "rates_now": 6391.6516, "rates_lv": 10570.589147142231, "median_parcel_lv_m2": 0.63515493117199517, "lv_per_m2_land": 0.63515493117199517, "land_share_of_cv": 0.83490566037735847, "lv_per_ha_block": 70800.0, "rates_now_per_ha_block": 255.666064, "rates_lv_per_ha_block": 422.82356588568922, "rates_lv_per_m2_land": 0.003793198769604838, "rates_change_%": 65.381184843401513 }, "geometry": { "type": "Polygon", "coordinates": [ [ [ 174.736961310483792, -41.26382845287241 ], [ 174.736841996639782, -41.25932661228719 ], [ 174.730876081081135, -41.259416481271096 ], [ 174.730994985591224, -41.263918336006896 ], [ 174.736961310483792, -41.26382845287241 ] ] ] } },
{ "type": "Feature", "properties": { "block_id": "g500_1745000_5433000", "parcels": 1, "rating_units": 1, "parcel_land_m2": 655816.86969554552, "land_value": 960000, "capital_value": 1750000, "rates_now": 5276.1275, "rates_lv": 5733.2008933652787, "median_parcel_lv_m2": 1.4638232780527094, "lv_per_m2_land": 1.4638232780527094, "land_share_of_cv": 0.5485714285714286, "lv_per_ha_block": 38400.0, "rates_now_per_ha_block": 211.0451, "rates_lv_per_ha_block": 229.32803573461115, "rates_lv_per_m2_land": 0.0087420759640215468, "rates_change_%": 8.6630467774950315 }, "geometry": { "type": "Polygon", "coordinates": [ [ [ 174.736365011884004, -41.241319211792266 ], [ 174.736245833314996, -41.236817352130792 ], [ 174.730281963035111, -41.236907150390543 ], [ 174.730400732733727, -41.241409024193018 ], [ 174.736365011884004, -41.241319211792266 ] ] ] } },
{ "type": "Feature", "properties": { "block_id": "g500_1745000_5433500", "parcels": 1, "rating_units": 1, "parcel_land_m2": 791418.19580434507, "land_value": 1180000, "capital_value": 2440000, "rates_now": 7356.4292, "rates_lv": 7047.0594314281543, "median_parcel_lv_m2": 1.4909942761686521, "lv_per_m2_land": 1.4909942761686521, "land_share_of_cv": 0.48360655737704916, "lv_per_ha_block": 47200.0, "rates_now_per_ha_block": 294.257168, "rates_lv_per_ha_block": 281.88237725712617, "rates_lv_per_m2_land": 0.008904343454304825, "rates_change_%": -4.2054339158439147 }, "geometry": { "type": "Polygon", "coordinates": [ [ [ 174.736245833314996, -41.236817352130792 ], [ 174.73612668177995, -41.232315488654514 ], [ 174.730163220277774, -41.232405272775189 ], [ 174.730281963035111, -41.236907150390543 ], [ 174.736245833314996, -41.236817352130792 ] ] ] } },
{ "type": "Feature", "properties": { "block_id": "g500_1745000_5434000", "parcels": 2, "rating_units": 2, "parcel_land_m2": 220884.68627410324, "land_value": 1680000, "capital_value": 2770000, "rates_now": 8351.3561, "rates_lv": 10033.101563389237, "median_parcel_lv_m2": 7.6330815887697936, "lv_per_m2_land": 7.6057785097660933, "land_share_of_cv": 0.60649819494584833, "lv_per_ha_block": 67200.0, "rates_now_per_ha_block": 334.054244, "rates_lv_per_ha_block": 401.32406253556945, "rates_lv_per_m2_land": 0.045422350153051461, "rates_change_%": 20.137393774757562 }, "geometry": { "type": "Polygon", "coordinates": [ [ [ 174.73612668177995, -41.232315488654514 ], [ 174.736007557271847, -41.227813621363609 ], [ 174.730044504454753, -41.22790339134712 ], [ 174.730163220277774, -41.232405272775189 ], [ 174.73612668177995, -41.232315488654514 ] ] ] } },
{ "type": "Feature", "properties": { "block_id": "g500_1745000_5437500", "parcels": 1, "rating_units": 2, "parcel_land_m2": 3719268.6181686395, "land_value": 5560000, "capital_value": 16320000, "rates_now": 49203.6576, "rates_lv": 33204.788507407233, "median_parcel_lv_m2": 1.4949175686960017, "lv_per_m2_land": 1.4949175686960017, "land_share_of_cv": 0.34068627450980393, "lv_per_ha_block": 222400.0, "rates_now_per_ha_block": 1968.146304, "rates_lv_per_ha_block": 1328.1915402962893, "rates_lv_per_m2_land": 0.0089277736878701722, "rates_change_%": -32.515609352977805 }, "geometry": { "type": "Polygon", "coordinates": [ [ [ 174.735293377396033, -41.200802337519221 ], [ 174.735174441880162, -41.196300443530099 ], [ 174.729214247267407, -41.196390114607098 ], [ 174.729332774745842, -41.200892022719991 ], [ 174.735293377396033, -41.200802337519221 ] ] ] } },
{ "type": "Feature", "properties": { "block_id": "g500_1745500_5427000", "parcels": 151, "rating_units": 163, "parcel_land_m2": 103973.88352896601, "land_value": 86060000, "capital_value": 163030000, "rates_now": 491524.0379, "rates_lv": 513957.57175314147, "median_parcel_lv_m2": 991.67518860855876, "lv_per_m2_land": 827.70785392491962, "land_share_of_cv": 0.52787830460651419, "lv_per_ha_block": 3442400.0, "rates_now_per_ha_block": 19660.961516, "rates_lv_per_ha_block": 20558.302870125659, "rates_lv_per_m2_land": 4.9431410495497978, "rates_change_%": 4.564076652077298 }, "geometry": { "type": "Polygon", "coordinates": [ [ [ 174.743766431621026, -41.295250938520105 ], [ 174.74364651811959, -41.290749138860761 ], [ 174.737677762392309, -41.290839416248453 ], [ 174.737797265916839, -41.295341230120499 ], [ 174.743766431621026, -41.295250938520105 ] ] ] } },
{ "type": "Feature", "properties": { "block_id": "g500_1745500_5427500", "parcels": 273, "rating_units": 293, "parcel_land_m2": 186901.40104842355, "land_value": 199000000, "capital_value": 355220000, "rates_now": 1070963.4346, "rates_lv": 1188444.7685205108, "median_parcel_lv_m2": 1259.1942299417285, "lv_per_m2_land": 1064.7325214455823, "land_share_of_cv": 0.56021620404256522, "lv_per_ha_block": 7960000.0, "rates_now_per_ha_block": 42838.537384000003, "rates_lv_per_ha_block": 47537.790740820434, "rates_lv_per_m2_land": 6.3586723366113302, "rates_change_%": 10.969686744196782 }, "geometry": { "type": "Polygon", "coordinates": [ [ [ 174.74364651811959, -41.290749138860761 ], [ 174.74352663182944, -41.286247335382868 ], [ 174.737558285986154, -41.286337598559776 ], [ 174.737677762392309, -41.290839416248453 ], [ 174.74364651811959, -41.290749138860761 ] ] ] } },
{ "type": "Feature", "properties": { "block_id": "g500_1745500_5428000", "parcels": 216, "rating_units": 272, "parcel_land_m2": 162107.89498445884, "land_value": 218243000, "capital_value": 413557000, "rates_now": 1570422.76826, "rates_lv": 1602638.6726448324, "median_parcel_lv_m2": 1418.6427853945888, "lv_per_m2_land": 1346.2823634895931, "land_share_of_cv": 0.52772169253573264, "lv_per_ha_block": 8729720.0, "rates_now_per_ha_block": 62816.910730399999, "rates_lv_per_ha_block": 64105.546905793293, "rates_lv_per_m2_land": 9.8862468900634131, "rates_change_%": 2.0514160285976413 }, "geometry": { "type": "Polygon", "coordinates": [ [ [ 174.74352663182944, -41.286247335382868 ], [ 174.743406772743469, -41.28174552808656 ], [ 174.737438836691268, -41.281835777054646 ], [ 174.737558285986154, -41.286337598559776 ], [ 174.74352663182944, -41.286247335382868 ] ] ] } },
{ "type": "Feature", "properties": { "block_id": "g500_1745500_5428500", "parcels": 199, "rating_units": 215, "parcel_land_m2": 159544.6180480519, "land_value": 127850000, "capital_value": 256215000, "rates_now": 772470.28995000001, "rates_lv": 763530.9731424487, "median_parcel_lv_m2": 1225.7825199852928, "lv_per_m2_land": 801.34323278453644, "land_share_of_cv": 0.49899498468083447, "lv_per_ha_block": 5114000.0, "rates_now_per_ha_block": 30898.811598, "rates_lv_per_ha_block": 30541.238925697948, "rates_lv_per_m2_land": 4.785689310513046, "rates_change_%": -1.1572376211556157 }, "geometry": { "type": "Polygon", "coordinates": [ [ [ 174.743406772743469, -41.28174552808656 ], [ 174.743286940854659, -41.277243716972023 ], [ 174.737319414500632, -41.277333951733176 ], [ 174.737438836691268, -41.281835777054646 ], [ 174.743406772743469, -41.28174552808656 ] ] ] } },
{ "type": "Feature", "properties": { "block_id": "g500_1745500_5429000", "parcels": 1, "rating_units": 1, "parcel_land_m2": 49118.081352909838, "land_value": 1770000, "capital_value": 1840000, "rates_now": 5547.4712, "rates_lv": 10570.589147142231, "median_parcel_lv_m2": 36.035609519897143, "lv_per_m2_land": 36.035609519897143, "land_share_of_cv": 0.96195652173913049, "lv_per_ha_block": 70800.0, "rates_now_per_ha_block": 221.898848, "rates_lv_per_ha_block": 422.82356588568922, "rates_lv_per_m2_land": 0.21520769655462146, "rates_change_%": 90.547886884788724 }, "geometry": { "type": "Polygon", "coordinates": [ [ [ 174.743286940854659, -41.277243716972023 ], [ 174.743167136155876, -41.272741902039371 ], [ 174.737200019407197, -41.272832122595545 ], [ 174.737319414500632, -41.277333951733176 ], [ 174.743286940854659, -41.277243716972023 ] ] ] } },
{ "type": "Feature", "properties": { "block_id": "g500_1745500_5434000", "parcels": 2, "rating_units": 2, "parcel_land_m2": 222069.9227083314, "land_value": 1330000, "capital_value": 1650000, "rates_now": 4974.6345, "rates_lv": 7942.8720710164798, "median_parcel_lv_m2": 6.6523221125939775, "lv_per_m2_land": 5.9891046197500311, "land_share_of_cv": 0.80606060606060603, "lv_per_ha_block": 53200.0, "rates_now_per_ha_block": 198.98538, "rates_lv_per_ha_block": 317.71488284065919, "rates_lv_per_m2_land": 0.035767437454592703, "rates_change_%": 59.667450362764932 }, "geometry": { "type": "Polygon", "coordinates": [ [ [ 174.742090116255241, -41.232225395856474 ], [ 174.741970583069019, -41.227723542751292 ], [ 174.736007557271847, -41.227813621363609 ], [ 174.73612668177995, -41.232315488654514 ], [ 174.742090116255241, -41.232225395856474 ] ] ] } },
{ "type": "Feature", "properties": { "block_id": "g500_1745500_5434500", "parcels": 1, "rating_units": 1, "parcel_land_m2": 517777.55050235445, "land_value": 1170000, "capital_value": 1180000, "rates_now": 3557.6174, "rates_lv": 6987.3385887889326, "median_parcel_lv_m2": 2.2596576442235685, "lv_per_m2_land": 2.2596576442235685, "land_share_of_cv": 0.99152542372881358, "lv_per_ha_block": 46800.0, "rates_now_per_ha_block": 142.304696, "rates_lv_per_ha_block": 279.49354355155731, "rates_lv_per_m2_land": 0.013494865858919002, "rates_change_%": 96.40500377553056 }, "geometry": { "type": "Polygon", "coordinates": [ [ [ 174.741970583069019, -41.227723542751292 ], [ 174.741851076995346, -41.223221685829678 ], [ 174.735888459783666, -41.223311750258205 ], [ 174.736007557271847, -41.227813621363609 ], [ 174.741970583069019, -41.227723542751292 ] ] ] } },
{ "type": "Feature", "properties": { "block_id": "g500_1745500_5439000", "parcels": 1, "rating_units": 2, "parcel_land_m2": 5246166.8950221483, "land_value": 5545000, "capital_value": 9595000, "rates_now": 28928.25335, "rates_lv": 33115.2072434484, "median_parcel_lv_m2": 1.0569621803800029, "lv_per_m2_land": 1.0569621803800029, "land_share_of_cv": 0.57790515893694627, "lv_per_ha_block": 221800.0, "rates_now_per_ha_block": 1157.130134, "rates_lv_per_ha_block": 1324.608289737936, "rates_lv_per_m2_land": 0.0063122672050082759, "rates_change_%": 14.47358000772072 }, "geometry": { "type": "Polygon", "coordinates": [ [ [ 174.740896003612335, -41.187206693084534 ], [ 174.740776741234953, -41.18270480182214 ], [ 174.734817797129949, -41.182794738682858 ], [ 174.734936651754111, -41.187296644111761 ], [ 174.740896003612335, -41.187206693084534 ] ] ] } },
{ "type": "Feature", "properties": { "block_id": "g500_1746000_5421000", "parcels": 3, "rating_units": 3, "parcel_land_m2": 1737.4954102725937, "land_value": 1880000, "capital_value": 3270000, "rates_now": 9858.8211, "rates_lv": 11227.518416173669, "median_parcel_lv_m2": 1018.1115896311256, "lv_per_m2_land": 1082.0172467132152, "land_share_of_cv": 0.57492354740061158, "lv_per_ha_block": 75200.0, "rates_now_per_ha_block": 394.352844, "rates_lv_per_ha_block": 449.10073664694676, "rates_lv_per_m2_land": 6.4618981723883779, "rates_change_%": 13.882971425190661 }, "geometry": { "type": "Polygon", "coordinates": [ [ [ 174.751181584076448, -41.349181464287582 ], [ 174.751060932400293, -41.344679724747422 ], [ 174.745087278106183, -41.344770482704689 ], [ 174.745207518695508, -41.349272236529494 ], [ 174.751181584076448, -41.349181464287582 ] ] ] } },
{ "type": "Feature", "properties": { "block_id": "g500_1746000_5423000", "parcels": 3, "rating_units": 3, "parcel_land_m2": 27513.589825123716, "land_value": 2450000, "capital_value": 3080000, "rates_now": 13600.34923, "rates_lv": 23177.65902828192, "median_parcel_lv_m2": 437.16719053404876, "lv_per_m2_land": 89.046904296102099, "land_share_of_cv": 0.79545454545454541, "lv_per_ha_block": 98000.0, "rates_now_per_ha_block": 544.0139692, "rates_lv_per_ha_block": 927.1063611312768, "rates_lv_per_m2_land": 0.84240766746902318, "rates_change_%": 70.419587293803048 }, "geometry": { "type": "Polygon", "coordinates": [ [ [ 174.750699141680684, -41.331174483193621 ], [ 174.750578599520026, -41.326672728365075 ], [ 174.744606588641346, -41.32676342920319 ], [ 174.744726720087897, -41.3312651983086 ], [ 174.750699141680684, -41.331174483193621 ] ] ] } },
{ "type": "Feature", "properties": { "block_id": "g500_1746000_5425500", "parcels": 6, "rating_units": 6, "parcel_land_m2": 16804.511956396553, "land_value": 3860000, "capital_value": 7050000, "rates_now": 21255.2565, "rates_lv": 23052.245258739556, "median_parcel_lv_m2": 680.9984660495677, "lv_per_m2_land": 229.70021444334242, "land_share_of_cv": 0.54751773049645391, "lv_per_ha_block": 154400.0, "rates_now_per_ha_block": 850.21026, "rates_lv_per_ha_block": 922.08981034958231, "rates_lv_per_m2_land": 1.3717890360966321, "rates_change_%": 8.4543263862261853 }, "geometry": { "type": "Polygon", "coordinates": [ [ [ 174.750096704416876, -41.308665670835268 ], [ 174.749976298990418, -41.304163896899674 ], [ 174.744006340286035, -41.304254526382522 ], [ 174.744126335463733, -41.308756314585288 ], [ 174.750096704416876, -41.308665670835268 ] ] ] } },
{ "type": "Feature", "properties": { "block_id": "g500_1746000_5426500", "parcels": 2, "rating_units": 2, "parcel_land_m2": 1577.757620529319, "land_value": 1110000, "capital_value": 2210000, "rates_now": 6662.9953, "rates_lv": 6629.0135329536024, "median_parcel_lv_m2": 703.02938609135299, "lv_per_m2_land": 703.53011486492346, "land_share_of_cv": 0.50226244343891402, "lv_per_ha_block": 44400.0, "rates_now_per_ha_block": 266.519812, "rates_lv_per_ha_block": 265.16054131814411, "rates_lv_per_m2_land": 4.2015411281801622, "rates_change_%": -0.51000736930428836 }, "geometry": { "type": "Polygon", "coordinates": [ [ [ 174.749855920889445, -41.299662119143129 ], [ 174.74973557010685, -41.295160337565783 ], [ 174.743766431621026, -41.295250938520105 ], [ 174.743886372340825, -41.299752734360744 ], [ 174.749855920889445, -41.299662119143129 ] ] ] } },
{ "type": "Feature", "properties": { "block_id": "g500_1746000_5427000", "parcels": 190, "rating_units": 197, "parcel_land_m2": 118890.21428135087, "land_value": 105872000, "capital_value": 205752000, "rates_now": 620327.87736000004, "rates_lv": 632276.50518996746, "median_parcel_lv_m2": 892.81660118039565, "lv_per_m2_land": 890.50222207066111, "land_share_of_cv": 0.51456121933201138, "lv_per_ha_block": 4234880.0, "rates_now_per_ha_block": 24813.1150944, "rates_lv_per_ha_block": 25291.060207598697, "rates_lv_per_m2_land": 5.3181543074159165, "rates_change_%": 1.9261794070610794 }, "geometry": { "type": "Polygon", "coordinates": [ [ [ 174.74973557010685, -41.295160337565783 ], [ 174.749615246635614, -41.290658552167791 ], [ 174.74364651811959, -41.290749138860761 ], [ 174.743766431621026, -41.295250938520105 ], [ 174.74973557010685, -41.295160337565783 ] ] ] } },
{ "type": "Feature", "properties": { "block_id": "g500_1746000_5427500", "parcels": 295, "rating_units": 319, "parcel_land_m2": 198442.9306189483, "land_value": 240610000, "capital_value": 412640000, "rates_now": 1247922.941992, "rates_lv": 1441296.8441707112, "median_parcel_lv_m2": 1300.9554407444689, "lv_per_m2_land": 1212.4896525642489, "land_share_of_cv": 0.58309906940674683, "lv_per_ha_block": 9624400.0, "rates_now_per_ha_block": 49916.917679680002, "rates_lv_per_ha_block": 57651.873766828452, "rates_lv_per_m2_land": 7.2630294245064384, "rates_change_%": 15.495660482853024 }, "geometry": { "type": "Polygon", "coordinates": [ [ [ 174.749615246635614, -41.290658552167791 ], [ 174.749494950468517, -41.286156762949311 ], [ 174.74352663182944, -41.286247335382868 ], [ 174.74364651811959, -41.290749138860761 ], [ 174.749615246635614, -41.290658552167791 ] ] ] } },
{ "type": "Feature", "properties": { "block_id": "g500_1746000_5428000", "parcels": 233, "rating_units": 287, "parcel_land_m2": 210943.43740403309, "land_value": 246790000, "capital_value": 401991000, "rates_now": 1253946.1691459999, "rates_lv": 1524127.2640776061, "median_parcel_lv_m2": 1490.4092020989963, "lv_per_m2_land": 1169.9344764507073, "land_share_of_cv": 0.61391921709690023, "lv_per_ha_block": 9871600.0, "rates_now_per_ha_block": 50157.846765839997, "rates_lv_per_ha_block": 60965.090563104248, "rates_lv_per_m2_land": 7.2252888396729329, "rates_change_%": 21.546466792558803 }, "geometry": { "type": "Polygon", "coordinates": [ [ [ 174.749494950468517, -41.286156762949311 ], [ 174.749374681598567, -41.281654969910491 ], [ 174.743406772743469, -41.28174552808656 ], [ 174.74352663182944, -41.286247335382868 ], [ 174.749494950468517, -41.286156762949311 ] ] ] } },
{ "type": "Feature", "properties": { "block_id": "g500_1746000_5428500", "parcels": 266, "rating_units": 281, "parcel_land_m2": 195495.14296903487, "land_value": 242231001, "capital_value": 428371001, "rates_now": 1291508.58204493, "rates_lv": 1446623.9493062142, "median_parcel_lv_m2": 1289.5340813336761, "lv_per_m2_land": 1239.0640366874372, "land_share_of_cv": 0.56547011920631851, "lv_per_ha_block": 9689240.04, "rates_now_per_ha_block": 51660.343281797199, "rates_lv_per_ha_block": 57864.957972248572, "rates_lv_per_m2_land": 7.3997948354929193, "rates_change_%": 12.010401589099784 }, "geometry": { "type": "Polygon", "coordinates": [ [ [ 174.749374681598567, -41.281654969910491 ], [ 174.749254440018632, -41.277153173051488 ], [ 174.743286940854659, -41.277243716972023 ], [ 174.743406772743469, -41.28174552808656 ], [ 174.749374681598567, -41.281654969910491 ] ] ] } },
{ "type": "Feature", "properties": { "block_id": "g500_1746000_5429000", "parcels": 50, "rating_units": 53, "parcel_land_m2": 26907.211611045899, "land_value": 30140000, "capital_value": 57200000, "rates_now": 172453.996, "rates_lv": 179998.61971461403, "median_parcel_lv_m2": 1145.8682600137995, "lv_per_m2_land": 1120.1457971820084, "land_share_of_cv": 0.52692307692307694, "lv_per_ha_block": 1205600.0, "rates_now_per_ha_block": 6898.15984, "rates_lv_per_ha_block": 7199.9447885845611, "rates_lv_per_m2_land": 6.6896050886492207, "rates_change_%": 4.3748616382388805 }, "geometry": { "type": "Polygon", "coordinates": [ [ [ 174.749254440018632, -41.277153173051488 ], [ 174.749134225721576, -41.272651372372458 ], [ 174.743167136155876, -41.272741902039371 ], [ 174.743286940854659, -41.277243716972023 ], [ 174.749254440018632, -41.277153173051488 ] ] ] } },
{ "type": "Feature", "properties": { "block_id": "g500_1746000_5434000", "parcels": 2, "rating_units": 2, "parcel_land_m2": 463709.554248876, "land_value": 1620000, "capital_value": 1620000, "rates_now": 4884.1866, "rates_lv": 9674.7765075539064, "median_parcel_lv_m2": 9.4885975964420464, "lv_per_m2_land": 3.4935661453516986, "land_share_of_cv": 1.0, "lv_per_ha_block": 64800.0, "rates_now_per_ha_block": 195.367464, "rates_lv_per_ha_block": 386.99106030215626, "rates_lv_per_m2_land": 0.020863871401626093, "rates_change_%": 98.083679021475277 }, "geometry": { "type": "Polygon", "coordinates": [ [ [ 174.748053523610963, -41.232134994385071 ], [ 174.747933581753728, -41.22763315551417 ], [ 174.741970583069019, -41.227723542751292 ], [ 174.742090116255241, -41.232225395856474 ], [ 174.748053523610963, -41.232134994385071 ] ] ] } },
{ "type": "Feature", "properties": { "block_id": "g500_1746000_5434500", "parcels": 2, "rating_units": 2, "parcel_land_m2": 48273.719004220875, "land_value": 1240000, "capital_value": 1240000, "rates_now": 3738.5132, "rates_lv": 7405.3844872634836, "median_parcel_lv_m2": 25.697138355763915, "lv_per_m2_land": 25.686854577986399, "land_share_of_cv": 1.0, "lv_per_ha_block": 49600.0, "rates_now_per_ha_block": 149.540528, "rates_lv_per_ha_block": 296.21537949053936, "rates_lv_per_m2_land": 0.15340406001484957, "rates_change_%": 98.083679021475263 }, "geometry": { "type": "Polygon", "coordinates": [ [ [ 174.747933581753728, -41.22763315551417 ], [ 174.747813667101553, -41.223131312824933 ], [ 174.741851076995346, -41.223221685829678 ], [ 174.741970583069019, -41.227723542751292 ], [ 174.747933581753728, -41.22763315551417 ] ] ] } },
{ "type": "Feature", "properties": { "block_id": "g500_1746000_5435500", "parcels": 1, "rating_units": 3, "parcel_land_m2": 4474045.8195832856, "land_value": 6320000, "capital_value": 19660000, "rates_now": 61959.82643, "rates_lv": 40242.889812439505, "median_parcel_lv_m2": 1.4125917021986707, "lv_per_m2_land": 1.4125917021986707, "land_share_of_cv": 0.32146490335707018, "lv_per_ha_block": 252800.0, "rates_now_per_ha_block": 2478.3930572, "rates_lv_per_ha_block": 1609.7155924975802, "rates_lv_per_m2_land": 0.00899474244011827, "rates_change_%": -35.05002816961651 }, "geometry": { "type": "Polygon", "coordinates": [ [ [ 174.747693779647449, -41.218629466317516 ], [ 174.747573919384308, -41.214127615992062 ], [ 174.741612146157337, -41.214217960537866 ], [ 174.741731598027116, -41.218719825091831 ], [ 174.747693779647449, -41.218629466317516 ] ] ] } },
{ "type": "Feature", "properties": { "block_id": "g500_1746500_5421000", "parcels": 43, "rating_units": 47, "parcel_land_m2": 32094.496458708389, "land_value": 26300000, "capital_value": 38840000, "rates_now": 117099.8812, "rates_lv": 157065.81614115293, "median_parcel_lv_m2": 797.65240577463123, "lv_per_m2_land": 819.45513723315844, "land_share_of_cv": 0.67713697219361479, "lv_per_ha_block": 1052000.0, "rates_now_per_ha_block": 4683.995248, "rates_lv_per_ha_block": 6282.6326456461175, "rates_lv_per_m2_land": 4.8938551300603237, "rates_change_%": 34.129782653573628 }, "geometry": { "type": "Polygon", "coordinates": [ [ [ 174.757155622060736, -41.349090382111413 ], [ 174.757034559304827, -41.344588656904634 ], [ 174.751060932400293, -41.344679724747422 ], [ 174.751181584076448, -41.349181464287582 ], [ 174.757155622060736, -41.349090382111413 ] ] ] } },
{ "type": "Feature", "properties": { "block_id": "g500_1746500_5422000", "parcels": 1, "rating_units": 1, "parcel_land_m2": 184467.17713950435, "land_value": 720000, "capital_value": 1740000, "rates_now": 5245.9782, "rates_lv": 4299.9006700239579, "median_parcel_lv_m2": 3.9031333983904135, "lv_per_m2_land": 3.9031333983904135, "land_share_of_cv": 0.41379310344827586, "lv_per_ha_block": 28800.0, "rates_now_per_ha_block": 209.839128, "rates_lv_per_ha_block": 171.9960268009583, "rates_lv_per_m2_land": 0.023309841548516425, "rates_change_%": -18.034339715251612 }, "geometry": { "type": "Polygon", "coordinates": [ [ [ 174.756913524031745, -41.340086927873585 ], [ 174.756792516234299, -41.33558519501841 ], [ 174.750819711209544, -41.335676234200299 ], [ 174.750940308113712, -41.340177981384947 ], [ 174.756913524031745, -41.340086927873585 ] ] ] } },
{ "type": "Feature", "properties": { "block_id": "g500_1746500_5422500", "parcels": 39, "rating_units": 54, "parcel_land_m2": 75788.622575890869, "land_value": 21580000, "capital_value": 50640000, "rates_now": 223643.286498, "rates_lv": 185249.27619945441, "median_parcel_lv_m2": 414.88421781967014, "lv_per_m2_land": 284.73930870548395, "land_share_of_cv": 0.42614533965244866, "lv_per_ha_block": 863200.0, "rates_now_per_ha_block": 8945.7314599199999, "rates_lv_per_ha_block": 7409.9710479781761, "rates_lv_per_m2_land": 2.4442887323088001, "rates_change_%": -17.167521949687025 }, "geometry": { "type": "Polygon", "coordinates": [ [ [ 174.756792516234299, -41.33558519501841 ], [ 174.756671535905269, -41.331083458339265 ], [ 174.750699141680684, -41.331174483193621 ], [ 174.750819711209544, -41.335676234200299 ], [ 174.756792516234299, -41.33558519501841 ] ] ] } },
{ "type": "Feature", "properties": { "block_id": "g500_1746500_5423000", "parcels": 5, "rating_units": 6, "parcel_land_m2": 529635.18901130639, "land_value": 2860000, "capital_value": 2960000, "rates_now": 21338.167074999998, "rates_lv": 40783.363438324464, "median_parcel_lv_m2": 5.1249926750085395, "lv_per_m2_land": 5.3999433182279475, "land_share_of_cv": 0.96621621621621623, "lv_per_ha_block": 114400.0, "rates_now_per_ha_block": 853.526683, "rates_lv_per_ha_block": 1631.3345375329786, "rates_lv_per_m2_land": 0.077002745067707046, "rates_change_%": 91.128709860495221 }, "geometry": { "type": "Polygon", "coordinates": [ [ [ 174.756671535905269, -41.331083458339265 ], [ 174.756550583037608, -41.326581717836305 ], [ 174.750578599520026, -41.326672728365075 ], [ 174.750699141680684, -41.331174483193621 ], [ 174.756671535905269, -41.331083458339265 ] ] ] } },
{ "type": "Feature", "properties": { "block_id": "g500_1746500_5423500", "parcels": 1, "rating_units": 1, "parcel_land_m2": 499665.13109849574, "land_value": 1050000, "capital_value": 1050000, "rates_now": 3165.6765, "rates_lv": 6270.6884771182731, "median_parcel_lv_m2": 2.1014073919699237, "lv_per_m2_land": 2.1014073919699237, "land_share_of_cv": 1.0, "lv_per_ha_block": 42000.0, "rates_now_per_ha_block": 126.62706, "rates_lv_per_ha_block": 250.82753908473092, "rates_lv_per_m2_land": 0.012549782017673299, "rates_change_%": 98.083679021475277 }, "geometry": { "type": "Polygon", "coordinates": [ [ [ 174.756550583037608, -41.326581717836305 ], [ 174.756429657624153, -41.32207997350968 ], [ 174.750458084720435, -41.322170969714811 ], [ 174.750578599520026, -41.326672728365075 ], [ 174.756550583037608, -41.326581717836305 ] ] ] } },
{ "type": "Feature", "properties": { "block_id": "g500_1746500_5424500", "parcels": 1, "rating_units": 1, "parcel_land_m2": 375156.66847841302, "land_value": 920000, "capital_value": 930000, "rates_now": 2803.8849, "rates_lv": 5494.317522808391, "median_parcel_lv_m2": 2.4523088013639773, "lv_per_m2_land": 2.4523088013639773, "land_share_of_cv": 0.989247311827957, "lv_per_ha_block": 36800.0, "rates_now_per_ha_block": 112.155396, "rates_lv_per_ha_block": 219.77270091233564, "rates_lv_per_m2_land": 0.014645394802903632, "rates_change_%": 95.953746988986282 }, "geometry": { "type": "Polygon", "coordinates": [ [ [ 174.756308759657713, -41.317578225359533 ], [ 174.756187889131155, -41.313076473386047 ], [ 174.750217137175952, -41.313167440949755 ], [ 174.750337597274779, -41.317669207242993 ], [ 174.756308759657713, -41.317578225359533 ] ] ] } },
{ "type": "Feature", "properties": { "block_id": "g500_1746500_5425000", "parcels": 29, "rating_units": 29, "parcel_land_m2": 115365.87225346523, "land_value": 19005000, "capital_value": 31400000, "rates_now": 94668.802, "rates_lv": 113499.46143584074, "median_parcel_lv_m2": 989.32726565113478, "lv_per_m2_land": 164.73675991670186, "land_share_of_cv": 0.6052547770700637, "lv_per_ha_block": 760200.0, "rates_now_per_ha_block": 3786.75208, "rates_lv_per_ha_block": 4539.97845743363, "rates_lv_per_m2_land": 0.98382181158805893, "rates_change_%": 19.89109298736107 }, "geometry": { "type": "Polygon", "coordinates": [ [ [ 174.756187889131155, -41.313076473386047 ], [ 174.75606704603743, -41.308574717589345 ], [ 174.750096704416876, -41.308665670835268 ], [ 174.750217137175952, -41.313167440949755 ], [ 174.756187889131155, -41.313076473386047 ] ] ] } },
{ "type": "Feature", "properties": { "block_id": "g500_1746500_5425500", "parcels": 119, "rating_units": 120, "parcel_land_m2": 163696.67587995654, "land_value": 79805000, "capital_value": 141030000, "rates_now": 425195.5779, "rates_lv": 476602.18468230835, "median_parcel_lv_m2": 964.76682973315121, "lv_per_m2_land": 487.51753553336226, "land_share_of_cv": 0.5658725093951642, "lv_per_ha_block": 3192200.0, "rates_now_per_ha_block": 17007.823116, "rates_lv_per_ha_block": 19064.087387292333, "rates_lv_per_m2_land": 2.9114958023449073, "rates_change_%": 12.090108518108433 }, "geometry": { "type": "Polygon", "coordinates": [ [ [ 174.75606704603743, -41.308574717589345 ], [ 174.755946230369261, -41.304072957969602 ], [ 174.749976298990418, -41.304163896899674 ], [ 174.750096704416876, -41.308665670835268 ], [ 174.75606704603743, -41.308574717589345 ] ] ] } },
{ "type": "Feature", "properties": { "block_id": "g500_1746500_5426000", "parcels": 17, "rating_units": 20, "parcel_land_m2": 12492.541821874691, "land_value": 12220000, "capital_value": 21730000, "rates_now": 65514.4289, "rates_lv": 72978.869705128847, "median_parcel_lv_m2": 1029.4909743522694, "lv_per_m2_land": 978.18363742457404, "land_share_of_cv": 0.56235618959963185, "lv_per_ha_block": 488800.0, "rates_now_per_ha_block": 2620.577156, "rates_lv_per_ha_block": 2919.1547882051541, "rates_lv_per_m2_land": 5.8417951082894426, "rates_change_%": 11.393582956393345 }, "geometry": { "type": "Polygon", "coordinates": [ [ [ 174.755946230369261, -41.304072957969602 ], [ 174.755825442119658, -41.299571194526948 ], [ 174.749855920889445, -41.299662119143129 ], [ 174.749976298990418, -41.304163896899674 ], [ 174.755946230369261, -41.304072957969602 ] ] ] } },
{ "type": "Feature", "properties": { "block_id": "g500_1746500_5426500", "parcels": 57, "rating_units": 60, "parcel_land_m2": 40924.904158170109, "land_value": 29730000, "capital_value": 54270000, "rates_now": 163620.2511, "rates_lv": 177550.06516640596, "median_parcel_lv_m2": 897.05048865321112, "lv_per_m2_land": 726.45252595087152, "land_share_of_cv": 0.54781647318960747, "lv_per_ha_block": 1189200.0, "rates_now_per_ha_block": 6544.810044, "rates_lv_per_ha_block": 7102.0026066562386, "rates_lv_per_m2_land": 4.3384356987177073, "rates_change_%": 8.5135024379668458 }, "geometry": { "type": "Polygon", "coordinates": [ [ [ 174.755825442119658, -41.299571194526948 ], [ 174.755704681281401, -41.295069427261566 ], [ 174.74973557010685, -41.295160337565783 ], [ 174.749855920889445, -41.299662119143129 ], [ 174.755825442119658, -41.299571194526948 ] ] ] } },
{ "type": "Feature", "properties": { "block_id": "g500_1746500_5427000", "parcels": 78, "rating_units": 79, "parcel_land_m2": 41457.6740819896, "land_value": 48120000, "capital_value": 81200000, "rates_now": 244812.316, "rates_lv": 287376.69477993459, "median_parcel_lv_m2": 1234.5527728104635, "lv_per_m2_land": 1160.7018740326464, "land_share_of_cv": 0.59261083743842369, "lv_per_ha_block": 1924800.0, "rates_now_per_ha_block": 9792.49264, "rates_lv_per_ha_block": 11495.067791197383, "rates_lv_per_m2_land": 6.9318093970153347, "rates_change_%": 17.386534907800399 }, "geometry": { "type": "Polygon", "coordinates": [ [ [ 174.755704681281401, -41.295069427261566 ], [ 174.755583947847384, -41.290567656173579 ], [ 174.749615246635614, -41.290658552167791 ], [ 174.74973557010685, -41.295160337565783 ], [ 174.755704681281401, -41.295069427261566 ] ] ] } },
{ "type": "Feature", "properties": { "block_id": "g500_1746500_5427500", "parcels": 150, "rating_units": 161, "parcel_land_m2": 107507.56286017841, "land_value": 142343000, "capital_value": 226733000, "rates_now": 683584.12369000004, "rates_lv": 850084.39037947264, "median_parcel_lv_m2": 1551.5620165873333, "lv_per_m2_land": 1324.0277819815119, "land_share_of_cv": 0.62780009967671224, "lv_per_ha_block": 5693720.0, "rates_now_per_ha_block": 27343.364947600003, "rates_lv_per_ha_block": 34003.375615178906, "rates_lv_per_m2_land": 7.9072054817675541, "rates_change_%": 24.356953434012052 }, "geometry": { "type": "Polygon", "coordinates": [ [ [ 174.755583947847384, -41.290567656173579 ], [ 174.755463241810531, -41.286065881263177 ], [ 174.749494950468517, -41.286156762949311 ], [ 174.749615246635614, -41.290658552167791 ], [ 174.755583947847384, -41.290567656173579 ] ] ] } },
{ "type": "Feature", "properties": { "block_id": "g500_1746500_5428000", "parcels": 221, "rating_units": 236, "parcel_land_m2": 162477.87302445562, "land_value": 170997000, "capital_value": 296552000, "rates_now": 910852.56202000007, "rates_lv": 1054425.2255538334, "median_parcel_lv_m2": 1314.6632463307969, "lv_per_m2_land": 1052.4325363014946, "land_share_of_cv": 0.57661725430953092, "lv_per_ha_block": 6839880.0, "rates_now_per_ha_block": 36434.1024808, "rates_lv_per_ha_block": 42177.009022153339, "rates_lv_per_m2_land": 6.4896542890804882, "rates_change_%": 15.76244822931956 }, "geometry": { "type": "Polygon", "coordinates": [ [ [ 174.755463241810531, -41.286065881263177 ], [ 174.755342563163651, -41.281564102530481 ], [ 174.749374681598567, -41.281654969910491 ], [ 174.749494950468517, -41.286156762949311 ], [ 174.755463241810531, -41.286065881263177 ] ] ] } },
{ "type": "Feature", "properties": { "block_id": "g500_1746500_5428500", "parcels": 147, "rating_units": 163, "parcel_land_m2": 151208.07688098628, "land_value": 98062000, "capital_value": 179027500, "rates_now": 544924.47806, "rates_lv": 595873.66555922991, "median_parcel_lv_m2": 1083.6695568172461, "lv_per_m2_land": 648.52355788628404, "land_share_of_cv": 0.54774825096703017, "lv_per_ha_block": 3922480.0, "rates_now_per_ha_block": 21796.9791224, "rates_lv_per_ha_block": 23834.946622369196, "rates_lv_per_m2_land": 3.9407528873489581, "rates_change_%": 9.3497703903145268 }, "geometry": { "type": "Polygon", "coordinates": [ [ [ 174.755342563163651, -41.281564102530481 ], [ 174.755221911899639, -41.277062319975663 ], [ 174.749254440018632, -41.277153173051488 ], [ 174.749374681598567, -41.281654969910491 ], [ 174.755342563163651, -41.281564102530481 ] ] ] } },
{ "type": "Feature", "properties": { "block_id": "g500_1746500_5429000", "parcels": 2, "rating_units": 2, "parcel_land_m2": 1207.8868850171007, "land_value": 880000, "capital_value": 2410000, "rates_now": 7265.9813, "rates_lv": 5255.4341522515051, "median_parcel_lv_m2": 732.2392696231509, "lv_per_m2_land": 728.54504086079339, "land_share_of_cv": 0.36514522821576761, "lv_per_ha_block": 35200.0, "rates_now_per_ha_block": 290.639252, "rates_lv_per_ha_block": 210.21736609006021, "rates_lv_per_m2_land": 4.3509323740832748, "rates_change_%": -27.670689817884544 }, "geometry": { "type": "Polygon", "coordinates": [ [ [ 174.755221911899639, -41.277062319975663 ], [ 174.755101288011417, -41.27256053359887 ], [ 174.749134225721576, -41.272651372372458 ], [ 174.749254440018632, -41.277153173051488 ], [ 174.755221911899639, -41.277062319975663 ] ] ] } },
{ "type": "Feature", "properties": { "block_id": "g500_1746500_5429500", "parcels": 15, "rating_units": 15, "parcel_land_m2": 19419.262391342276, "land_value": 9628000, "capital_value": 16333000, "rates_now": 49242.85169, "rates_lv": 57499.227293042597, "median_parcel_lv_m2": 965.38168372228051, "lv_per_m2_land": 495.79638021125191, "land_share_of_cv": 0.58948141798812226, "lv_per_ha_block": 385120.0, "rates_now_per_ha_block": 1969.7140676, "rates_lv_per_ha_block": 2299.969091721704, "rates_lv_per_m2_land": 2.960937760369188, "rates_change_%": 16.7666479898833 }, "geometry": { "type": "Polygon", "coordinates": [ [ [ 174.755101288011417, -41.27256053359887 ], [ 174.754980691491852, -41.268058743400253 ], [ 174.749014038700381, -41.26814956787355 ], [ 174.749134225721576, -41.272651372372458 ], [ 174.755101288011417, -41.27256053359887 ] ] ] } },
{ "type": "Feature", "properties": { "block_id": "g500_1746500_5431500", "parcels": 1, "rating_units": 1, "parcel_land_m2": 29523.028310129215, "land_value": 260000, "capital_value": 260000, "rates_now": 783.8818, "rates_lv": 1552.7419086197629, "median_parcel_lv_m2": 8.8066846418595617, "lv_per_m2_land": 8.8066846418595617, "land_share_of_cv": 1.0, "lv_per_ha_block": 10400.0, "rates_now_per_ha_block": 31.355272, "rates_lv_per_ha_block": 62.109676344790515, "rates_lv_per_m2_land": 0.052594262766974494, "rates_change_%": 98.083679021475277 }, "geometry": { "type": "Polygon", "coordinates": [ [ [ 174.754619066074042, -41.254553349875032 ], [ 174.754498578958078, -41.250051544390679 ], [ 174.748533563232172, -41.250142311682175 ], [ 174.748653641220898, -41.254644131459067 ], [ 174.754619066074042, -41.254553349875032 ] ] ] } },
{ "type": "Feature", "properties": { "block_id": "g500_1746500_5433000", "parcels": 1, "rating_units": 1, "parcel_land_m2": 2218470.7966564745, "land_value": 2200000, "capital_value": 2370000, "rates_now": 7145.3841, "rates_lv": 13138.585380628763, "median_parcel_lv_m2": 0.99167408618390995, "lv_per_m2_land": 0.99167408618390995, "land_share_of_cv": 0.92827004219409281, "lv_per_ha_block": 88000.0, "rates_now_per_ha_block": 285.815364, "rates_lv_per_ha_block": 525.54341522515051, "rates_lv_per_m2_land": 0.0059223612050383215, "rates_change_%": 83.875145083226002 }, "geometry": { "type": "Polygon", "coordinates": [ [ [ 174.754257686718404, -41.241047921959002 ], [ 174.75413728158054, -41.236546105011975 ], [ 174.748173492680365, -41.236636829437479 ], [ 174.748293488969011, -41.24113866067124 ], [ 174.754257686718404, -41.241047921959002 ] ] ] } },
{ "type": "Feature", "properties": { "block_id": "g500_1746500_5434000", "parcels": 4, "rating_units": 4, "parcel_land_m2": 67764.040345863934, "land_value": 2550000, "capital_value": 5800000, "rates_now": 17486.594, "rates_lv": 15228.81487300152, "median_parcel_lv_m2": 37.173080016168214, "lv_per_m2_land": 37.630577913963513, "land_share_of_cv": 0.43965517241379309, "lv_per_ha_block": 102000.0, "rates_now_per_ha_block": 699.46376, "rates_lv_per_ha_block": 609.15259492006078, "rates_lv_per_m2_land": 0.22473298220227847, "rates_change_%": -12.911485947454837 }, "geometry": { "type": "Polygon", "coordinates": [ [ [ 174.754016903754547, -41.232044284244346 ], [ 174.75389655323329, -41.227542459656306 ], [ 174.747933581753728, -41.22763315551417 ], [ 174.748053523610963, -41.232134994385071 ], [ 174.754016903754547, -41.232044284244346 ] ] ] } },
{ "type": "Feature", "properties": { "block_id": "g500_1746500_5434500", "parcels": 1, "rating_units": 1, "parcel_land_m2": 78888.081597271259, "land_value": 1030000, "capital_value": 1070000, "rates_now": 3225.9751, "rates_lv": 6151.2467918398297, "median_parcel_lv_m2": 13.056471638621108, "lv_per_m2_land": 13.056471638621108, "land_share_of_cv": 0.96261682242990654, "lv_per_ha_block": 41200.0, "rates_now_per_ha_block": 129.039004, "rates_lv_per_ha_block": 246.0498716735932, "rates_lv_per_m2_land": 0.077974348815355157, "rates_change_%": 90.678681674878092 }, "geometry": { "type": "Polygon", "coordinates": [ [ [ 174.75389655323329, -41.227542459656306 ], [ 174.753776230009748, -41.223040631247983 ], [ 174.747813667101553, -41.223131312824933 ], [ 174.747933581753728, -41.22763315551417 ], [ 174.75389655323329, -41.227542459656306 ] ] ] } },
{ "type": "Feature", "properties": { "block_id": "g500_1747000_5421000", "parcels": 106, "rating_units": 111, "parcel_land_m2": 71898.822416171228, "land_value": 60300000, "capital_value": 102660000, "rates_now": 317099.48365200002, "rates_lv": 368549.86130359099, "median_parcel_lv_m2": 989.93648249724833, "lv_per_m2_land": 838.67854818214016, "land_share_of_cv": 0.58737580362361197, "lv_per_ha_block": 2412000.0, "rates_now_per_ha_block": 12683.979346080001, "rates_lv_per_ha_block": 14741.994452143639, "rates_lv_per_m2_land": 5.1259512870783555, "rates_change_%": 16.225311078732329 }, "geometry": { "type": "Polygon", "coordinates": [ [ [ 174.763129632555064, -41.348998990005065 ], [ 174.763008158726592, -41.344497279180395 ], [ 174.757034559304827, -41.344588656904634 ], [ 174.757155622060736, -41.349090382111413 ], [ 174.763129632555064, -41.348998990005065 ] ] ] } },
{ "type": "Feature", "properties": { "block_id": "g500_1747000_5421500", "parcels": 178, "rating_units": 189, "parcel_land_m2": 112319.25912546406, "land_value": 87387000, "capital_value": 156972000, "rates_now": 474399.2355, "rates_lv": 523704.61048028886, "median_parcel_lv_m2": 893.86156582255035, "lv_per_m2_land": 778.02329431665896, "land_share_of_cv": 0.55670438039905201, "lv_per_ha_block": 3495480.0, "rates_now_per_ha_block": 18975.96942, "rates_lv_per_ha_block": 20948.184419211553, "rates_lv_per_m2_land": 4.6626430280785129, "rates_change_%": 10.393223953728082 }, "geometry": { "type": "Polygon", "coordinates": [ [ [ 174.763008158726592, -41.344497279180395 ], [ 174.76288671247417, -41.339995564529502 ], [ 174.756913524031745, -41.340086927873585 ], [ 174.757034559304827, -41.344588656904634 ], [ 174.763008158726592, -41.344497279180395 ] ] ] } },
{ "type": "Feature", "properties": { "block_id": "g500_1747000_5422000", "parcels": 90, "rating_units": 91, "parcel_land_m2": 80904.893636041175, "land_value": 44665000, "capital_value": 83190000, "rates_now": 250812.0267, "rates_lv": 266743.1436480835, "median_parcel_lv_m2": 647.02464963659293, "lv_per_m2_land": 552.06796514596522, "land_share_of_cv": 0.53690347397523741, "lv_per_ha_block": 1786600.0, "rates_now_per_ha_block": 10032.481068000001, "rates_lv_per_ha_block": 10669.725745923341, "rates_lv_per_m2_land": 3.296996407263749, "rates_change_%": 6.3518154044259312 }, "geometry": { "type": "Polygon", "coordinates": [ [ [ 174.76288671247417, -41.339995564529502 ], [ 174.762765293790551, -41.335493846052536 ], [ 174.756792516234299, -41.33558519501841 ], [ 174.756913524031745, -41.340086927873585 ], [ 174.76288671247417, -41.339995564529502 ] ] ] } },
{ "type": "Feature", "properties": { "block_id": "g500_1747000_5422500", "parcels": 13, "rating_units": 13, "parcel_land_m2": 15229.453530285358, "land_value": 5355000, "capital_value": 8720000, "rates_now": 26290.1896, "rates_lv": 31980.511233303194, "median_parcel_lv_m2": 529.3069686233946, "lv_per_m2_land": 351.62128367580777, "land_share_of_cv": 0.61410550458715596, "lv_per_ha_block": 214200.0, "rates_now_per_ha_block": 1051.607584, "rates_lv_per_ha_block": 1279.2204493321278, "rates_lv_per_m2_land": 2.0999119351004034, "rates_change_%": 21.644277655963329 }, "geometry": { "type": "Polygon", "coordinates": [ [ [ 174.762765293790551, -41.335493846052536 ], [ 174.762643902668543, -41.330992123749631 ], [ 174.756671535905269, -41.331083458339265 ], [ 174.756792516234299, -41.33558519501841 ], [ 174.762765293790551, -41.335493846052536 ] ] ] } },
{ "type": "Feature", "properties": { "block_id": "g500_1747000_5423000", "parcels": 14, "rating_units": 16, "parcel_land_m2": 43547.311196160219, "land_value": 8830000, "capital_value": 13270000, "rates_now": 45087.675164, "rates_lv": 54813.580999556805, "median_parcel_lv_m2": 566.74990866075484, "lv_per_m2_land": 202.76797252131112, "land_share_of_cv": 0.6654107008289375, "lv_per_ha_block": 353200.0, "rates_now_per_ha_block": 1803.50700656, "rates_lv_per_ha_block": 2192.5432399822721, "rates_lv_per_m2_land": 1.2587133279629441, "rates_change_%": 21.57109631441454 }, "geometry": { "type": "Polygon", "coordinates": [ [ [ 174.762643902668543, -41.330992123749631 ], [ 174.762522539101042, -41.326490397620958 ], [ 174.756550583037608, -41.326581717836305 ], [ 174.756671535905269, -41.331083458339265 ], [ 174.762643902668543, -41.330992123749631 ] ] ] } },
{ "type": "Feature", "properties": { "block_id": "g500_1747000_5423500", "parcels": 119, "rating_units": 134, "parcel_land_m2": 92228.776813586053, "land_value": 61044000, "capital_value": 101524000, "rates_now": 306087.75332000002, "rates_lv": 364559.91180686461, "median_parcel_lv_m2": 699.16319564164826, "lv_per_m2_land": 661.87584948006941, "land_share_of_cv": 0.60127654544738185, "lv_per_ha_block": 2441760.0, "rates_now_per_ha_block": 12243.5101328, "rates_lv_per_ha_block": 14582.396472274584, "rates_lv_per_m2_land": 3.9527783453500378, "rates_change_%": 19.103070231540677 }, "geometry": { "type": "Polygon", "coordinates": [ [ [ 174.762522539101042, -41.326490397620958 ], [ 174.762401203080827, -41.321988667666666 ], [ 174.756429657624153, -41.32207997350968 ], [ 174.756550583037608, -41.326581717836305 ], [ 174.762522539101042, -41.326490397620958 ] ] ] } },
{ "type": "Feature", "properties": { "block_id": "g500_1747000_5424000", "parcels": 76, "rating_units": 85, "parcel_land_m2": 131773.31729976941, "land_value": 40469000, "capital_value": 68274000, "rates_now": 205841.33082, "rates_lv": 241684.27807666609, "median_parcel_lv_m2": 709.32922500255461, "lv_per_m2_land": 307.11073250085673, "land_share_of_cv": 0.59274394352169202, "lv_per_ha_block": 1618760.0, "rates_now_per_ha_block": 8233.6532327999994, "rates_lv_per_ha_block": 9667.3711230666431, "rates_lv_per_m2_land": 1.8340911728499758, "rates_change_%": 17.412901050474304 }, "geometry": { "type": "Polygon", "coordinates": [ [ [ 174.762401203080827, -41.321988667666666 ], [ 174.762279894600738, -41.317486933886897 ], [ 174.756308759657713, -41.317578225359533 ], [ 174.756429657624153, -41.32207997350968 ], [ 174.762401203080827, -41.321988667666666 ] ] ] } },
{ "type": "Feature", "properties": { "block_id": "g500_1747000_5424500", "parcels": 109, "rating_units": 122, "parcel_land_m2": 298027.82058742788, "land_value": 62990000, "capital_value": 105640000, "rates_now": 318497.2052, "rates_lv": 376181.58778445714, "median_parcel_lv_m2": 817.84487975342415, "lv_per_m2_land": 211.35610721121111, "land_share_of_cv": 0.59627035213934121, "lv_per_ha_block": 2519600.0, "rates_now_per_ha_block": 12739.888208, "rates_lv_per_ha_block": 15047.263511378285, "rates_lv_per_m2_land": 1.2622364819599199, "rates_change_%": 18.111425043191275 }, "geometry": { "type": "Polygon", "coordinates": [ [ [ 174.762279894600738, -41.317486933886897 ], [ 174.762158613653639, -41.312985196281829 ], [ 174.756187889131155, -41.313076473386047 ], [ 174.756308759657713, -41.317578225359533 ], [ 174.762279894600738, -41.317486933886897 ] ] ] } },
{ "type": "Feature", "properties": { "block_id": "g500_1747000_5425000", "parcels": 259, "rating_units": 329, "parcel_land_m2": 374578.02545875363, "land_value": 163480000, "capital_value": 291135000, "rates_now": 877751.64555000002, "rates_lv": 976316.33546599548, "median_parcel_lv_m2": 1118.7622366151659, "lv_per_m2_land": 436.43777501304993, "land_share_of_cv": 0.56152643962422932, "lv_per_ha_block": 6539200.0, "rates_now_per_ha_block": 35110.065822000004, "rates_lv_per_ha_block": 39052.65341863982, "rates_lv_per_m2_land": 2.6064431683366376, "rates_change_%": 11.229223028597657 }, "geometry": { "type": "Polygon", "coordinates": [ [ [ 174.762158613653639, -41.312985196281829 ], [ 174.762037360232341, -41.308483454851604 ], [ 174.75606704603743, -41.308574717589345 ], [ 174.756187889131155, -41.313076473386047 ], [ 174.762158613653639, -41.312985196281829 ] ] ] } },
{ "type": "Feature", "properties": { "block_id": "g500_1747000_5425500", "parcels": 245, "rating_units": 265, "parcel_land_m2": 199850.86491179504, "land_value": 177833000, "capital_value": 285583000, "rates_now": 861012.75419000001, "rates_lv": 1062033.6609060704, "median_parcel_lv_m2": 1322.4065683728263, "lv_per_m2_land": 889.82852327653063, "land_share_of_cv": 0.62270163139962809, "lv_per_ha_block": 7113320.0, "rates_now_per_ha_block": 34440.510167599998, "rates_lv_per_ha_block": 42481.346436242813, "rates_lv_per_m2_land": 5.314130921448867, "rates_change_%": 23.347030080312958 }, "geometry": { "type": "Polygon", "coordinates": [ [ [ 174.762037360232341, -41.308483454851604 ], [ 174.761916134329681, -41.303981709596378 ], [ 174.755946230369261, -41.304072957969602 ], [ 174.75606704603743, -41.308574717589345 ], [ 174.762037360232341, -41.308483454851604 ] ] ] } },
{ "type": "Feature", "properties": { "block_id": "g500_1747000_5426000", "parcels": 183, "rating_units": 196, "parcel_land_m2": 117772.91081158155, "land_value": 164313000, "capital_value": 241898000, "rates_now": 729305.53714000003, "rates_lv": 981291.08165784262, "median_parcel_lv_m2": 1532.264309684133, "lv_per_m2_land": 1395.1680303026169, "land_share_of_cv": 0.67926564088996189, "lv_per_ha_block": 6572520.0, "rates_now_per_ha_block": 29172.221485600003, "rates_lv_per_ha_block": 39251.643266313702, "rates_lv_per_m2_land": 8.3320610392975407, "rates_change_%": 34.551437180363884 }, "geometry": { "type": "Polygon", "coordinates": [ [ [ 174.761916134329681, -41.303981709596378 ], [ 174.761794935938497, -41.299479960516294 ], [ 174.755825442119658, -41.299571194526948 ], [ 174.755946230369261, -41.304072957969602 ], [ 174.761916134329681, -41.303981709596378 ] ] ] } },
{ "type": "Feature", "properties": { "block_id": "g500_1747000_5426500", "parcels": 68, "rating_units": 69, "parcel_land_m2": 116184.01311826856, "land_value": 32195000, "capital_value": 53855000, "rates_now": 162369.05515, "rates_lv": 192271.25287697409, "median_parcel_lv_m2": 871.70695574135755, "lv_per_m2_land": 277.10352858295028, "land_share_of_cv": 0.59780893138984315, "lv_per_ha_block": 1287800.0, "rates_now_per_ha_block": 6494.762206, "rates_lv_per_ha_block": 7690.8501150789634, "rates_lv_per_m2_land": 1.654885622527543, "rates_change_%": 18.416192481596827 }, "geometry": { "type": "Polygon", "coordinates": [ [ [ 174.761794935938497, -41.299479960516294 ], [ 174.761673765051682, -41.294978207611521 ], [ 174.755704681281401, -41.295069427261566 ], [ 174.755825442119658, -41.299571194526948 ], [ 174.761794935938497, -41.299479960516294 ] ] ] } },
{ "type": "Feature", "properties": { "block_id": "g500_1747000_5427000", "parcels": 223, "rating_units": 248, "parcel_land_m2": 121664.80599556999, "land_value": 124300000, "capital_value": 222835000, "rates_now": 671831.92654999997, "rates_lv": 742330.07400552509, "median_parcel_lv_m2": 1157.4592692628453, "lv_per_m2_land": 1021.6594600457092, "land_share_of_cv": 0.55781183386810873, "lv_per_ha_block": 4972000.0, "rates_now_per_ha_block": 26873.277061999997, "rates_lv_per_ha_block": 29693.202960221002, "rates_lv_per_m2_land": 6.1014363844261963, "rates_change_%": 10.493420254310948 }, "geometry": { "type": "Polygon", "coordinates": [ [ [ 174.761673765051682, -41.294978207611521 ], [ 174.761552621662076, -41.29047645088221 ], [ 174.755583947847384, -41.290567656173579 ], [ 174.755704681281401, -41.295069427261566 ], [ 174.761673765051682, -41.294978207611521 ] ] ] } },
{ "type": "Feature", "properties": { "block_id": "g500_1747000_5427500", "parcels": 306, "rating_units": 330, "parcel_land_m2": 158345.04719649322, "land_value": 223516000, "capital_value": 362989000, "rates_now": 1097398.34084, "rates_lv": 1340338.7596891071, "median_parcel_lv_m2": 1450.3198613596649, "lv_per_m2_land": 1411.5755684018015, "land_share_of_cv": 0.61576521602583001, "lv_per_ha_block": 8940640.0, "rates_now_per_ha_block": 43895.933633599998, "rates_lv_per_ha_block": 53613.550387564283, "rates_lv_per_m2_land": 8.4646711938255734, "rates_change_%": 22.137851845406399 }, "geometry": { "type": "Polygon", "coordinates": [ [ [ 174.761552621662076, -41.29047645088221 ], [ 174.761431505762488, -41.285974690328523 ], [ 174.755463241810531, -41.286065881263177 ], [ 174.755583947847384, -41.290567656173579 ], [ 174.761552621662076, -41.29047645088221 ] ] ] } },
{ "type": "Feature", "properties": { "block_id": "g500_1747000_5428000", "parcels": 333, "rating_units": 396, "parcel_land_m2": 172668.15062368874, "land_value": 240594000, "capital_value": 390347000, "rates_now": 1246696.4684679999, "rates_lv": 1529290.1309237669, "median_parcel_lv_m2": 1452.3687723143994, "lv_per_m2_land": 1393.3895691299097, "land_share_of_cv": 0.61635929057991989, "lv_per_ha_block": 9623760.0, "rates_now_per_ha_block": 49867.858738719995, "rates_lv_per_ha_block": 61171.605236950672, "rates_lv_per_m2_land": 8.8568165315946814, "rates_change_%": 22.667398970258688 }, "geometry": { "type": "Polygon", "coordinates": [ [ [ 174.761431505762488, -41.285974690328523 ], [ 174.76131041734584, -41.281472925950574 ], [ 174.755342563163651, -41.281564102530481 ], [ 174.755463241810531, -41.286065881263177 ], [ 174.761431505762488, -41.285974690328523 ] ] ] } },
{ "type": "Feature", "properties": { "block_id": "g500_1747000_5428500", "parcels": 284, "rating_units": 302, "parcel_land_m2": 157573.33058143273, "land_value": 179735000, "capital_value": 282665000, "rates_now": 852215.18845000002, "rates_lv": 1073392.5651760504, "median_parcel_lv_m2": 1210.8434489822109, "lv_per_m2_land": 1140.6435298206397, "land_share_of_cv": 0.63585870199706362, "lv_per_ha_block": 7189400.0, "rates_now_per_ha_block": 34088.607538000004, "rates_lv_per_ha_block": 42935.702607042018, "rates_lv_per_m2_land": 6.8120192751864765, "rates_change_%": 25.953231029398282 }, "geometry": { "type": "Polygon", "coordinates": [ [ [ 174.76131041734584, -41.281472925950574 ], [ 174.761189356404913, -41.276971157748584 ], [ 174.755221911899639, -41.277062319975663 ], [ 174.755342563163651, -41.281564102530481 ], [ 174.76131041734584, -41.281472925950574 ] ] ] } },
{ "type": "Feature", "properties": { "block_id": "g500_1747000_5429000", "parcels": 211, "rating_units": 228, "parcel_land_m2": 143553.29199678346, "land_value": 113906000, "capital_value": 193465000, "rates_now": 583283.43244999996, "rates_lv": 680256.23016631813, "median_parcel_lv_m2": 941.46160646240219, "lv_per_m2_land": 793.47535967724264, "land_share_of_cv": 0.58876799421083914, "lv_per_ha_block": 4556240.0, "rates_now_per_ha_block": 23331.337298, "rates_lv_per_ha_block": 27210.249206652727, "rates_lv_per_m2_land": 4.7387017093384411, "rates_change_%": 16.625330383377701 }, "geometry": { "type": "Polygon", "coordinates": [ [ [ 174.761189356404913, -41.276971157748584 ], [ 174.76106832293263, -41.272469385722651 ], [ 174.755101288011417, -41.27256053359887 ], [ 174.755221911899639, -41.277062319975663 ], [ 174.761189356404913, -41.276971157748584 ] ] ] } },
{ "type": "Feature", "properties": { "block_id": "g500_1747000_5429500", "parcels": 263, "rating_units": 294, "parcel_land_m2": 172538.14289331951, "land_value": 146607000, "capital_value": 264212000, "rates_now": 796580.68516, "rates_lv": 875549.35768083681, "median_parcel_lv_m2": 870.21225827372859, "lv_per_m2_land": 849.70776630328771, "land_share_of_cv": 0.55488395682255154, "lv_per_ha_block": 5864280.0, "rates_now_per_ha_block": 31863.227406400001, "rates_lv_per_ha_block": 35021.974307233475, "rates_lv_per_m2_land": 5.0745263800723173, "rates_change_%": 9.9134555974044645 }, "geometry": { "type": "Polygon", "coordinates": [ [ [ 174.76106832293263, -41.272469385722651 ], [ 174.760947316921829, -41.267967609872962 ], [ 174.754980691491852, -41.268058743400253 ], [ 174.755101288011417, -41.27256053359887 ], [ 174.76106832293263, -41.272469385722651 ] ] ] } },
{ "type": "Feature", "properties": { "block_id": "g500_1747000_5430000", "parcels": 8, "rating_units": 8, "parcel_land_m2": 14194.983383299823, "land_value": 7690000, "capital_value": 12290000, "rates_now": 37053.4897, "rates_lv": 45925.327989561447, "median_parcel_lv_m2": 788.29357665900375, "lv_per_m2_land": 541.74068347604873, "land_share_of_cv": 0.62571196094385684, "lv_per_ha_block": 307600.0, "rates_now_per_ha_block": 1482.139588, "rates_lv_per_ha_block": 1837.0131195824579, "rates_lv_per_m2_land": 3.2353210109137485, "rates_change_%": 23.943327231500788 }, "geometry": { "type": "Polygon", "coordinates": [ [ [ 174.760947316921829, -41.267967609872962 ], [ 174.760826338365348, -41.26346583019965 ], [ 174.754860122333866, -41.263556949379982 ], [ 174.754980691491852, -41.268058743400253 ], [ 174.760947316921829, -41.267967609872962 ] ] ] } },
{ "type": "Feature", "properties": { "block_id": "g500_1747000_5430500", "parcels": 80, "rating_units": 84, "parcel_land_m2": 53715.985625719099, "land_value": 33576000, "capital_value": 65176000, "rates_now": 196501.07768, "rates_lv": 200518.70124545062, "median_parcel_lv_m2": 646.72117409112707, "lv_per_m2_land": 625.06532476104996, "land_share_of_cv": 0.51515895421627589, "lv_per_ha_block": 1343040.0, "rates_now_per_ha_block": 7860.0431071999992, "rates_lv_per_ha_block": 8020.7480498180248, "rates_lv_per_m2_land": 3.7329427899288641, "rates_change_%": 2.0445809320156938 }, "geometry": { "type": "Polygon", "coordinates": [ [ [ 174.760826338365348, -41.26346583019965 ], [ 174.760705387256138, -41.258964046702879 ], [ 174.754739580530298, -41.259055151538178 ], [ 174.754860122333866, -41.263556949379982 ], [ 174.760826338365348, -41.26346583019965 ] ] ] } },
{ "type": "Feature", "properties": { "block_id": "g500_1747000_5431000", "parcels": 37, "rating_units": 38, "parcel_land_m2": 50520.493136938108, "land_value": 22680000, "capital_value": 42520000, "rates_now": 128194.8236, "rates_lv": 135446.87110575469, "median_parcel_lv_m2": 905.92149676880103, "lv_per_m2_land": 448.92673431600957, "land_share_of_cv": 0.53339604891815617, "lv_per_ha_block": 907200.0, "rates_now_per_ha_block": 5127.792944, "rates_lv_per_ha_block": 5417.8748442301876, "rates_lv_per_m2_land": 2.6810282856626073, "rates_change_%": 5.6570517452271707 }, "geometry": { "type": "Polygon", "coordinates": [ [ [ 174.760705387256138, -41.258964046702879 ], [ 174.76058446358698, -41.254462259382819 ], [ 174.754619066074042, -41.254553349875032 ], [ 174.754739580530298, -41.259055151538178 ], [ 174.760705387256138, -41.258964046702879 ] ] ] } },
{ "type": "Feature", "properties": { "block_id": "g500_1747000_5431500", "parcels": 150, "rating_units": 153, "parcel_land_m2": 92015.861966303099, "land_value": 69259000, "capital_value": 143704000, "rates_now": 433257.50072000001, "rates_lv": 413620.58403498522, "median_parcel_lv_m2": 886.19328367190587, "lv_per_m2_land": 752.68544487865768, "land_share_of_cv": 0.48195596503924737, "lv_per_ha_block": 2770360.0, "rates_now_per_ha_block": 17330.3000288, "rates_lv_per_ha_block": 16544.823361399409, "rates_lv_per_m2_land": 4.4951009010430854, "rates_change_%": -4.5323893186803632 }, "geometry": { "type": "Polygon", "coordinates": [ [ [ 174.76058446358698, -41.254462259382819 ], [ 174.760463567350797, -41.249960468239607 ], [ 174.754498578958078, -41.250051544390679 ], [ 174.754619066074042, -41.254553349875032 ], [ 174.76058446358698, -41.254462259382819 ] ] ] } },
{ "type": "Feature", "properties": { "block_id": "g500_1747000_5432000", "parcels": 18, "rating_units": 18, "parcel_land_m2": 37769.791073659879, "land_value": 7580000, "capital_value": 8780000, "rates_now": 26471.0854, "rates_lv": 45268.398720530007, "median_parcel_lv_m2": 1054.8420885744119, "lv_per_m2_land": 200.6894871411186, "land_share_of_cv": 0.86332574031890663, "lv_per_ha_block": 303200.0, "rates_now_per_ha_block": 1058.843416, "rates_lv_per_ha_block": 1810.7359488212003, "rates_lv_per_m2_land": 1.1985345280900839, "rates_change_%": 71.010738836307823 }, "geometry": { "type": "Polygon", "coordinates": [ [ [ 174.760463567350797, -41.249960468239607 ], [ 174.760342698540455, -41.245458673273404 ], [ 174.754378119175215, -41.245549735085291 ], [ 174.754498578958078, -41.250051544390679 ], [ 174.760463567350797, -41.249960468239607 ] ] ] } },
{ "type": "Feature", "properties": { "block_id": "g500_1747000_5433500", "parcels": 1, "rating_units": 1, "parcel_land_m2": 487731.04592999595, "land_value": 1300000, "capital_value": 1350000, "rates_now": 4070.1555, "rates_lv": 7763.7095430988147, "median_parcel_lv_m2": 2.6654034243835873, "lv_per_m2_land": 2.6654034243835873, "land_share_of_cv": 0.96296296296296291, "lv_per_ha_block": 52000.0, "rates_now_per_ha_block": 162.80622, "rates_lv_per_ha_block": 310.54838172395262, "rates_lv_per_m2_land": 0.015918013847765474, "rates_change_%": 90.747246465124348 }, "geometry": { "type": "Polygon", "coordinates": [ [ [ 174.760101043168845, -41.236455071872619 ], [ 174.759980256593337, -41.231953265438356 ], [ 174.754016903754547, -41.232044284244346 ], [ 174.75413728158054, -41.236546105011975 ], [ 174.760101043168845, -41.236455071872619 ] ] ] } },
{ "type": "Feature", "properties": { "block_id": "g500_1747000_5434000", "parcels": 1, "rating_units": 1, "parcel_land_m2": 40133.959811126639, "land_value": 1010000, "capital_value": 1020000, "rates_now": 3075.2286, "rates_lv": 6031.8051065613863, "median_parcel_lv_m2": 25.165720122139309, "lv_per_m2_land": 25.165720122139309, "land_share_of_cv": 0.99019607843137258, "lv_per_ha_block": 40400.0, "rates_now_per_ha_block": 123.009144, "rates_lv_per_ha_block": 241.27220426245546, "rates_lv_per_m2_land": 0.15029180113169754, "rates_change_%": 96.14168216832357 }, "geometry": { "type": "Polygon", "coordinates": [ [ [ 174.759980256593337, -41.231953265438356 ], [ 174.759859497415192, -41.227451455181722 ], [ 174.75389655323329, -41.227542459656306 ], [ 174.754016903754547, -41.232044284244346 ], [ 174.759980256593337, -41.231953265438356 ] ] ] } },
{ "type": "Feature", "properties": { "block_id": "g500_1747000_5434500", "parcels": 3, "rating_units": 3, "parcel_land_m2": 126051.38079802577, "land_value": 2730000, "capital_value": 4660000, "rates_now": 14049.5738, "rates_lv": 16303.790040507509, "median_parcel_lv_m2": 20.646855084775744, "lv_per_m2_land": 21.657834945690318, "land_share_of_cv": 0.58583690987124459, "lv_per_ha_block": 109200.0, "rates_now_per_ha_block": 561.982952, "rates_lv_per_ha_block": 652.15160162030031, "rates_lv_per_m2_land": 0.12934241526978069, "rates_change_%": 16.044730413868535 }, "geometry": { "type": "Polygon", "coordinates": [ [ [ 174.759859497415192, -41.227451455181722 ], [ 174.759738765627333, -41.222949641102872 ], [ 174.753776230009748, -41.223040631247983 ], [ 174.75389655323329, -41.227542459656306 ], [ 174.759859497415192, -41.227451455181722 ] ] ] } },
{ "type": "Feature", "properties": { "block_id": "g500_1747000_5435000", "parcels": 1, "rating_units": 1, "parcel_land_m2": 15387.539224752025, "land_value": 830000, "capital_value": 1690000, "rates_now": 5095.2317, "rates_lv": 4956.8299390553966, "median_parcel_lv_m2": 53.939748771842737, "lv_per_m2_land": 53.939748771842737, "land_share_of_cv": 0.4911242603550296, "lv_per_ha_block": 33200.0, "rates_now_per_ha_block": 203.809268, "rates_lv_per_ha_block": 198.27319756221587, "rates_lv_per_m2_land": 0.32213272484023692, "rates_change_%": -2.7162996521748695 }, "geometry": { "type": "Polygon", "coordinates": [ [ [ 174.759738765627333, -41.222949641102872 ], [ 174.759618061222625, -41.21844782320197 ], [ 174.753655934076789, -41.218538799019548 ], [ 174.753776230009748, -41.223040631247983 ], [ 174.759738765627333, -41.222949641102872 ] ] ] } },
{ "type": "Feature", "properties": { "block_id": "g500_1747000_5435500", "parcels": 1, "rating_units": 1, "parcel_land_m2": 208048.53273913453, "land_value": 1220000, "capital_value": 1600000, "rates_now": 4823.888, "rates_lv": 7285.9428019850402, "median_parcel_lv_m2": 5.8640163616521122, "lv_per_m2_land": 5.8640163616521122, "land_share_of_cv": 0.7625, "lv_per_ha_block": 48800.0, "rates_now_per_ha_block": 192.95552, "rates_lv_per_ha_block": 291.43771207940159, "rates_lv_per_m2_land": 0.035020399836804682, "rates_change_%": 51.038805253874898 }, "geometry": { "type": "Polygon", "coordinates": [ [ [ 174.759618061222625, -41.21844782320197 ], [ 174.759497384193963, -41.213946001479144 ], [ 174.753535665427364, -41.214036962971136 ], [ 174.753655934076789, -41.218538799019548 ], [ 174.759618061222625, -41.21844782320197 ] ] ] } },
{ "type": "Feature", "properties": { "block_id": "g500_1747000_5440500", "parcels": 1, "rating_units": 1, "parcel_land_m2": 5766675.7973681763, "land_value": 9350000, "capital_value": 11600000, "rates_now": 34973.188, "rates_lv": 55838.987867672244, "median_parcel_lv_m2": 1.62138471600349, "lv_per_m2_land": 1.62138471600349, "land_share_of_cv": 0.80603448275862066, "lv_per_ha_block": 374000.0, "rates_now_per_ha_block": 1398.92752, "rates_lv_per_ha_block": 2233.5595147068898, "rates_lv_per_m2_land": 0.0096830461482083508, "rates_change_%": 59.662275762999514 }, "geometry": { "type": "Polygon", "coordinates": [ [ [ 174.758412521687916, -41.173429434013592 ], [ 174.758292118029715, -41.168927574080257 ], [ 174.752334477971004, -41.169018392422984 ], [ 174.752454474174044, -41.173520266662521 ], [ 174.758412521687916, -41.173429434013592 ] ] ] } },
{ "type": "Feature", "properties": { "block_id": "g500_1747500_5421000", "parcels": 157, "rating_units": 197, "parcel_land_m2": 114690.05421004094, "land_value": 119220000, "capital_value": 209850000, "rates_now": 633822.70403999998, "rates_lv": 713604.34869605943, "median_parcel_lv_m2": 1172.7316754162289, "lv_per_m2_land": 1039.4972852804046, "land_share_of_cv": 0.56812008577555395, "lv_per_ha_block": 4768800.0, "rates_now_per_ha_block": 25352.9081616, "rates_lv_per_ha_block": 28544.173947842377, "rates_lv_per_m2_land": 6.2220246874169192, "rates_change_%": 12.587375641094823 }, "geometry": { "type": "Polygon", "coordinates": [ [ [ 174.769103615466207, -41.348907287972594 ], [ 174.768981730572392, -41.344405591578784 ], [ 174.763008158726592, -41.344497279180395 ], [ 174.763129632555064, -41.348998990005065 ], [ 174.769103615466207, -41.348907287972594 ] ] ] } },
{ "type": "Feature", "properties": { "block_id": "g500_1747500_5421500", "parcels": 277, "rating_units": 301, "parcel_land_m2": 211748.12696621165, "land_value": 184815000, "capital_value": 314681000, "rates_now": 948741.18733, "rates_lv": 1103730.7532367748, "median_parcel_lv_m2": 1067.7180382234055, "lv_per_m2_land": 872.80583138046211, "land_share_of_cv": 0.58730905265967759, "lv_per_ha_block": 7392600.0, "rates_now_per_ha_block": 37949.647493199998, "rates_lv_per_ha_block": 44149.230129470991, "rates_lv_per_m2_land": 5.2124699710467599, "rates_change_%": 16.336337873446283 }, "geometry": { "type": "Polygon", "coordinates": [ [ [ 174.768981730572392, -41.344405591578784 ], [ 174.768859873347793, -41.339903891356776 ], [ 174.76288671247417, -41.339995564529502 ], [ 174.763008158726592, -41.344497279180395 ], [ 174.768981730572392, -41.344405591578784 ] ] ] } },
{ "type": "Feature", "properties": { "block_id": "g500_1747500_5422000", "parcels": 172, "rating_units": 177, "parcel_land_m2": 186944.01381732582, "land_value": 107318000, "capital_value": 185843000, "rates_now": 560303.63598999998, "rates_lv": 640912.13903559884, "median_parcel_lv_m2": 914.32524986718795, "lv_per_m2_land": 574.06491819987798, "land_share_of_cv": 0.57746592553929932, "lv_per_ha_block": 4292720.0, "rates_now_per_ha_block": 22412.145439600001, "rates_lv_per_ha_block": 25636.485561423953, "rates_lv_per_m2_land": 3.4283640644512556, "rates_change_%": 14.386575040365713 }, "geometry": { "type": "Polygon", "coordinates": [ [ [ 174.768859873347793, -41.339903891356776 ], [ 174.768738043785163, -41.335402187306713 ], [ 174.762765293790551, -41.335493846052536 ], [ 174.76288671247417, -41.339995564529502 ], [ 174.768859873347793, -41.339903891356776 ] ] ] } },
{ "type": "Feature", "properties": { "block_id": "g500_1747500_5423000", "parcels": 31, "rating_units": 41, "parcel_land_m2": 400094.2090788348, "land_value": 22891000, "capital_value": 33439000, "rates_now": 100816.24427, "rates_lv": 136706.98088544229, "median_parcel_lv_m2": 870.85181200850559, "lv_per_m2_land": 57.214024798568239, "land_share_of_cv": 0.68455994497443107, "lv_per_ha_block": 915640.0, "rates_now_per_ha_block": 4032.6497707999997, "rates_lv_per_ha_block": 5468.2792354176918, "rates_lv_per_m2_land": 0.34168697717518193, "rates_change_%": 35.60015241127401 }, "geometry": { "type": "Polygon", "coordinates": [ [ [ 174.768616241877368, -41.33090047942877 ], [ 174.76849446761716, -41.326398767723092 ], [ 174.762522539101042, -41.326490397620958 ], [ 174.762643902668543, -41.330992123749631 ], [ 174.768616241877368, -41.33090047942877 ] ] ] } },
{ "type": "Feature", "properties": { "block_id": "g500_1747500_5423500", "parcels": 209, "rating_units": 241, "parcel_land_m2": 139376.03063308261, "land_value": 124594000, "capital_value": 208738000, "rates_now": 631691.14853000001, "rates_lv": 748762.00875776925, "median_parcel_lv_m2": 979.03972040619476, "lv_per_m2_land": 893.94137165523557, "land_share_of_cv": 0.59689179737278308, "lv_per_ha_block": 4983760.0, "rates_now_per_ha_block": 25267.6459412, "rates_lv_per_ha_block": 29950.480350310769, "rates_lv_per_m2_land": 5.3722437449014375, "rates_change_%": 18.532927127474117 }, "geometry": { "type": "Polygon", "coordinates": [ [ [ 174.76849446761716, -41.326398767723092 ], [ 174.768372720997377, -41.32189705218984 ], [ 174.762401203080827, -41.321988667666666 ], [ 174.762522539101042, -41.326490397620958 ], [ 174.76849446761716, -41.326398767723092 ] ] ] } },
{ "type": "Feature", "properties": { "block_id": "g500_1747500_5424000", "parcels": 274, "rating_units": 285, "parcel_land_m2": 207015.06795623552, "land_value": 156165000, "capital_value": 267490000, "rates_now": 806463.6257, "rates_lv": 932630.53907540487, "median_parcel_lv_m2": 970.32958187303791, "lv_per_m2_land": 754.36537804588409, "land_share_of_cv": 0.58381621742868894, "lv_per_ha_block": 6246600.0, "rates_now_per_ha_block": 32258.545028, "rates_lv_per_ha_block": 37305.221563016195, "rates_lv_per_m2_land": 4.5051336034755192, "rates_change_%": 15.644464220676246 }, "geometry": { "type": "Polygon", "coordinates": [ [ [ 174.768372720997377, -41.32189705218984 ], [ 174.7682510020108, -41.317395332829143 ], [ 174.762279894600738, -41.317486933886897 ], [ 174.762401203080827, -41.321988667666666 ], [ 174.768372720997377, -41.32189705218984 ] ] ] } },
{ "type": "Feature", "properties": { "block_id": "g500_1747500_5424500", "parcels": 245, "rating_units": 303, "parcel_land_m2": 190022.83234339906, "land_value": 174855000, "capital_value": 286195000, "rates_now": 862857.89135000005, "rates_lv": 1044248.7939681101, "median_parcel_lv_m2": 1058.6297453898148, "lv_per_m2_land": 920.17889557614546, "land_share_of_cv": 0.61096455214102274, "lv_per_ha_block": 6994200.0, "rates_now_per_ha_block": 34514.315654000005, "rates_lv_per_ha_block": 41769.951758724404, "rates_lv_per_m2_land": 5.4953859022635756, "rates_change_%": 21.02210623980174 }, "geometry": { "type": "Polygon", "coordinates": [ [ [ 174.7682510020108, -41.317395332829143 ], [ 174.768129310650238, -41.312893609641186 ], [ 174.762158613653639, -41.312985196281829 ], [ 174.762279894600738, -41.317486933886897 ], [ 174.7682510020108, -41.317395332829143 ] ] ] } },
{ "type": "Feature", "properties": { "block_id": "g500_1747500_5425000", "parcels": 339, "rating_units": 352, "parcel_land_m2": 190028.16837068895, "land_value": 226250000, "capital_value": 353995000, "rates_now": 1067270.1453500001, "rates_lv": 1351184.0647123898, "median_parcel_lv_m2": 1302.8929290460087, "lv_per_m2_land": 1190.6129598568405, "land_share_of_cv": 0.63913332109210585, "lv_per_ha_block": 9050000.0, "rates_now_per_ha_block": 42690.805814000007, "rates_lv_per_ha_block": 54047.362588495591, "rates_lv_per_m2_land": 7.1104409219828293, "rates_change_%": 26.601879627138182 }, "geometry": { "type": "Polygon", "coordinates": [ [ [ 174.768129310650238, -41.312893609641186 ], [ 174.768007646908558, -41.308391882626111 ], [ 174.762037360232341, -41.308483454851604 ], [ 174.762158613653639, -41.312985196281829 ], [ 174.768129310650238, -41.312893609641186 ] ] ] } },
{ "type": "Feature", "properties": { "block_id": "g500_1747500_5425500", "parcels": 368, "rating_units": 461, "parcel_land_m2": 199204.38387210571, "land_value": 303848000, "capital_value": 489976000, "rates_now": 1706596.6041049999, "rates_lv": 2077130.9199566972, "median_parcel_lv_m2": 1510.2724840414958, "lv_per_m2_land": 1525.307797418144, "land_share_of_cv": 0.6201283328163012, "lv_per_ha_block": 12153920.0, "rates_now_per_ha_block": 68263.8641642, "rates_lv_per_ha_block": 83085.236798267884, "rates_lv_per_m2_land": 10.427134581989261, "rates_change_%": 21.711886391923208 }, "geometry": { "type": "Polygon", "coordinates": [ [ [ 174.768007646908558, -41.308391882626111 ], [ 174.76788601077854, -41.303890151784067 ], [ 174.761916134329681, -41.303981709596378 ], [ 174.762037360232341, -41.308483454851604 ], [ 174.768007646908558, -41.308391882626111 ] ] ] } },
{ "type": "Feature", "properties": { "block_id": "g500_1747500_5426000", "parcels": 184, "rating_units": 231, "parcel_land_m2": 106939.26639413006, "land_value": 170777000, "capital_value": 261978000, "rates_now": 789845.33154000004, "rates_lv": 1019894.6343398355, "median_parcel_lv_m2": 1749.4186004285698, "lv_per_m2_land": 1596.9531656463096, "land_share_of_cv": 0.65187534831169025, "lv_per_ha_block": 6831080.0, "rates_now_per_ha_block": 31593.8132616, "rates_lv_per_ha_block": 40795.785373593419, "rates_lv_per_m2_land": 9.5371388707770119, "rates_change_%": 29.125867256985249 }, "geometry": { "type": "Polygon", "coordinates": [ [ [ 174.76788601077854, -41.303890151784067 ], [ 174.767764402252993, -41.299388417115232 ], [ 174.761794935938497, -41.299479960516294 ], [ 174.761916134329681, -41.303981709596378 ], [ 174.76788601077854, -41.303890151784067 ] ] ] } },
{ "type": "Feature", "properties": { "block_id": "g500_1747500_5426500", "parcels": 285, "rating_units": 337, "parcel_land_m2": 116826.11957395334, "land_value": 195958000, "capital_value": 329108000, "rates_now": 1040175.873919, "rates_lv": 1232921.866076071, "median_parcel_lv_m2": 1851.7936196703397, "lv_per_m2_land": 1677.3475034061587, "land_share_of_cv": 0.59542156374199351, "lv_per_ha_block": 7838320.0, "rates_now_per_ha_block": 41607.034956759999, "rates_lv_per_ha_block": 49316.874643042844, "rates_lv_per_m2_land": 10.5534778572835, "rates_change_%": 18.530134854106461 }, "geometry": { "type": "Polygon", "coordinates": [ [ [ 174.767764402252993, -41.299388417115232 ], [ 174.767642821324785, -41.294886678619733 ], [ 174.761673765051682, -41.294978207611521 ], [ 174.761794935938497, -41.299479960516294 ], [ 174.767764402252993, -41.299388417115232 ] ] ] } },
{ "type": "Feature", "properties": { "block_id": "g500_1747500_5427000", "parcels": 273, "rating_units": 327, "parcel_land_m2": 139313.11652834932, "land_value": 198116000, "capital_value": 332891000, "rates_now": 1006899.18703, "rates_lv": 1188647.8193854841, "median_parcel_lv_m2": 1465.2863885146041, "lv_per_m2_land": 1422.091508229842, "land_share_of_cv": 0.59513774779131912, "lv_per_ha_block": 7924640.0, "rates_now_per_ha_block": 40275.967481200001, "rates_lv_per_ha_block": 47545.912775419361, "rates_lv_per_m2_land": 8.5322032053141381, "rates_change_%": 18.05033062858843 }, "geometry": { "type": "Polygon", "coordinates": [ [ [ 174.767642821324785, -41.294886678619733 ], [ 174.767521267986695, -41.290384936297734 ], [ 174.761552621662076, -41.29047645088221 ], [ 174.761673765051682, -41.294978207611521 ], [ 174.767642821324785, -41.294886678619733 ] ] ] } },
{ "type": "Feature", "properties": { "block_id": "g500_1747500_5427500", "parcels": 345, "rating_units": 385, "parcel_land_m2": 179132.91074612385, "land_value": 398262000, "capital_value": 592732000, "rates_now": 1864704.0557, "rates_lv": 2473831.3948551379, "median_parcel_lv_m2": 2381.6595223155159, "lv_per_m2_land": 2223.2765511438424, "land_share_of_cv": 0.67190905839401283, "lv_per_ha_block": 15930480.0, "rates_now_per_ha_block": 74588.162228000001, "rates_lv_per_ha_block": 98953.255794205514, "rates_lv_per_m2_land": 13.81003292220923, "rates_change_%": 32.666166906923721 }, "geometry": { "type": "Polygon", "coordinates": [ [ [ 174.767521267986695, -41.290384936297734 ], [ 174.767399742231589, -41.285883190149399 ], [ 174.761431505762488, -41.285974690328523 ], [ 174.761552621662076, -41.29047645088221 ], [ 174.767521267986695, -41.290384936297734 ] ] ] } },
{ "type": "Feature", "properties": { "block_id": "g500_1747500_5428000", "parcels": 116, "rating_units": 129, "parcel_land_m2": 61313.233840277389, "land_value": 99988000, "capital_value": 162093000, "rates_now": 509994.10206599999, "rates_lv": 628950.65146338916, "median_parcel_lv_m2": 1791.3448920022483, "lv_per_m2_land": 1630.7735498093512, "land_share_of_cv": 0.6168557556464499, "lv_per_ha_block": 3999520.0, "rates_now_per_ha_block": 20399.764082639998, "rates_lv_per_ha_block": 25158.026058535568, "rates_lv_per_m2_land": 10.257991824437484, "rates_change_%": 23.325083352041311 }, "geometry": { "type": "Polygon", "coordinates": [ [ [ 174.767399742231589, -41.285883190149399 ], [ 174.76727824405225, -41.281381440174869 ], [ 174.76131041734584, -41.281472925950574 ], [ 174.761431505762488, -41.285974690328523 ], [ 174.767399742231589, -41.285883190149399 ] ] ] } },
{ "type": "Feature", "properties": { "block_id": "g500_1747500_5428500", "parcels": 203, "rating_units": 265, "parcel_land_m2": 142251.70268985568, "land_value": 177309500, "capital_value": 284711500, "rates_now": 858385.24269500002, "rates_lv": 1058907.2747939071, "median_parcel_lv_m2": 1514.0765740552456, "lv_per_m2_land": 1246.4490522590024, "land_share_of_cv": 0.62276901354529057, "lv_per_ha_block": 7092380.0, "rates_now_per_ha_block": 34335.409707799998, "rates_lv_per_ha_block": 42356.290991756279, "rates_lv_per_m2_land": 7.4438987707766842, "rates_change_%": 23.36037738362613 }, "geometry": { "type": "Polygon", "coordinates": [ [ [ 174.76727824405225, -41.281381440174869 ], [ 174.76715677344157, -41.276879686374322 ], [ 174.761189356404913, -41.276971157748584 ], [ 174.76131041734584, -41.281472925950574 ], [ 174.76727824405225, -41.281381440174869 ] ] ] } },
{ "type": "Feature", "properties": { "block_id": "g500_1747500_5429000", "parcels": 86, "rating_units": 89, "parcel_land_m2": 46754.309339318905, "land_value": 46695000, "capital_value": 76085000, "rates_now": 229390.94905, "rates_lv": 278866.47470384551, "median_parcel_lv_m2": 1071.6857271371066, "lv_per_m2_land": 998.73146796184142, "land_share_of_cv": 0.61372149569560364, "lv_per_ha_block": 1867800.0, "rates_now_per_ha_block": 9175.637962000001, "rates_lv_per_ha_block": 11154.65898815382, "rates_lv_per_m2_land": 5.9645084836987969, "rates_change_%": 21.568211761947676 }, "geometry": { "type": "Polygon", "coordinates": [ [ [ 174.76715677344157, -41.276879686374322 ], [ 174.767035330392332, -41.272377928747879 ], [ 174.76106832293263, -41.272469385722651 ], [ 174.761189356404913, -41.276971157748584 ], [ 174.76715677344157, -41.276879686374322 ] ] ] } },
{ "type": "Feature", "properties": { "block_id": "g500_1747500_5429500", "parcels": 177, "rating_units": 197, "parcel_land_m2": 123962.8655059658, "land_value": 98965000, "capital_value": 173535000, "rates_now": 523195.87755000003, "rates_lv": 591027.31917905703, "median_parcel_lv_m2": 854.39216806620095, "lv_per_m2_land": 798.34392014144942, "land_share_of_cv": 0.57028841444089085, "lv_per_ha_block": 3958600.0, "rates_now_per_ha_block": 20927.835102000001, "rates_lv_per_ha_block": 23641.092767162281, "rates_lv_per_m2_land": 4.7677771626746832, "rates_change_%": 12.9648272357755 }, "geometry": { "type": "Polygon", "coordinates": [ [ [ 174.767035330392332, -41.272377928747879 ], [ 174.76691391489743, -41.267876167295725 ], [ 174.760947316921829, -41.267967609872962 ], [ 174.76106832293263, -41.272469385722651 ], [ 174.767035330392332, -41.272377928747879 ] ] ] } },
{ "type": "Feature", "properties": { "block_id": "g500_1747500_5430000", "parcels": 217, "rating_units": 258, "parcel_land_m2": 138882.46931562742, "land_value": 143847000, "capital_value": 237492000, "rates_now": 716021.75555999996, "rates_lv": 859066.40511241159, "median_parcel_lv_m2": 1057.7638804219764, "lv_per_m2_land": 1035.7462731533817, "land_share_of_cv": 0.60569198120357737, "lv_per_ha_block": 5753880.0, "rates_now_per_ha_block": 28640.870222399997, "rates_lv_per_ha_block": 34362.656204496467, "rates_lv_per_m2_land": 6.1855640193153389, "rates_change_%": 19.977695990610854 }, "geometry": { "type": "Polygon", "coordinates": [ [ [ 174.76691391489743, -41.267876167295725 ], [ 174.766792526949644, -41.263374402018009 ], [ 174.760826338365348, -41.26346583019965 ], [ 174.760947316921829, -41.267967609872962 ], [ 174.76691391489743, -41.267876167295725 ] ] ] } },
{ "type": "Feature", "properties": { "block_id": "g500_1747500_5430500", "parcels": 146, "rating_units": 179, "parcel_land_m2": 128952.47312012597, "land_value": 87351000, "capital_value": 157741000, "rates_now": 479892.43796000001, "rates_lv": 523973.35427216534, "median_parcel_lv_m2": 815.33280660909475, "lv_per_m2_land": 677.38910225186589, "land_share_of_cv": 0.5537621797757083, "lv_per_ha_block": 3494040.0, "rates_now_per_ha_block": 19195.6975184, "rates_lv_per_ha_block": 20958.934170886612, "rates_lv_per_m2_land": 4.0633059730778234, "rates_change_%": 9.1855826067089641 }, "geometry": { "type": "Polygon", "coordinates": [ [ [ 174.766792526949644, -41.263374402018009 ], [ 174.766671166541869, -41.258872632914873 ], [ 174.760705387256138, -41.258964046702879 ], [ 174.760826338365348, -41.26346583019965 ], [ 174.766792526949644, -41.263374402018009 ] ] ] } },
{ "type": "Feature", "properties": { "block_id": "g500_1747500_5431000", "parcels": 194, "rating_units": 216, "parcel_land_m2": 175080.58280661496, "land_value": 131010000, "capital_value": 261578000, "rates_now": 1300420.71211, "rates_lv": 1139885.7513705597, "median_parcel_lv_m2": 827.93884126111413, "lv_per_m2_land": 748.28400671196607, "land_share_of_cv": 0.50084487227519137, "lv_per_ha_block": 5240400.0, "rates_now_per_ha_block": 52016.828484400001, "rates_lv_per_ha_block": 45595.430054822384, "rates_lv_per_m2_land": 6.5106348922177117, "rates_change_%": -12.344848036060885 }, "geometry": { "type": "Polygon", "coordinates": [ [ [ 174.766671166541869, -41.258872632914873 ], [ 174.766549833666943, -41.254370859986494 ], [ 174.76058446358698, -41.254462259382819 ], [ 174.760705387256138, -41.258964046702879 ], [ 174.766671166541869, -41.258872632914873 ] ] ] } },
{ "type": "Feature", "properties": { "block_id": "g500_1747500_5431500", "parcels": 68, "rating_units": 70, "parcel_land_m2": 71648.937808881092, "land_value": 37840000, "capital_value": 71545000, "rates_now": 215703.16685000001, "rates_lv": 225983.6685468147, "median_parcel_lv_m2": 799.38595123233324, "lv_per_m2_land": 528.13064864877344, "land_share_of_cv": 0.52889789642882101, "lv_per_ha_block": 1513600.0, "rates_now_per_ha_block": 8628.126674000001, "rates_lv_per_ha_block": 9039.3467418725886, "rates_lv_per_m2_land": 3.1540407360903453, "rates_change_%": 4.7660411513400502 }, "geometry": { "type": "Polygon", "coordinates": [ [ [ 174.766549833666943, -41.254370859986494 ], [ 174.766428528317704, -41.249869083232994 ], [ 174.760463567350797, -41.249960468239607 ], [ 174.76058446358698, -41.254462259382819 ], [ 174.766549833666943, -41.254370859986494 ] ] ] } },
{ "type": "Feature", "properties": { "block_id": "g500_1747500_5432000", "parcels": 28, "rating_units": 28, "parcel_land_m2": 18764.815397169696, "land_value": 14045000, "capital_value": 27085000, "rates_now": 81659.37905, "rates_lv": 83877.923486786807, "median_parcel_lv_m2": 823.0420619455366, "lv_per_m2_land": 748.47525556358062, "land_share_of_cv": 0.51855270444895696, "lv_per_ha_block": 561800.0, "rates_now_per_ha_block": 3266.375162, "rates_lv_per_ha_block": 3355.1169394714725, "rates_lv_per_m2_land": 4.4699572956863802, "rates_change_%": 2.7168274637851431 }, "geometry": { "type": "Polygon", "coordinates": [ [ [ 174.766428528317704, -41.249869083232994 ], [ 174.766307250486989, -41.245367302654572 ], [ 174.760342698540455, -41.245458673273404 ], [ 174.760463567350797, -41.249960468239607 ], [ 174.766428528317704, -41.249869083232994 ] ] ] } },
{ "type": "Feature", "properties": { "block_id": "g500_1747500_5434000", "parcels": 1, "rating_units": 1, "parcel_land_m2": 646726.16063005594, "land_value": 2000000, "capital_value": 2130000, "rates_now": 6421.8009, "rates_lv": 11944.168527844329, "median_parcel_lv_m2": 3.0924989922342907, "lv_per_m2_land": 3.0924989922342907, "land_share_of_cv": 0.93896713615023475, "lv_per_ha_block": 80000.0, "rates_now_per_ha_block": 256.872036, "rates_lv_per_ha_block": 477.76674111377315, "rates_lv_per_m2_land": 0.01846866456771756, "rates_change_%": 85.994064808896994 }, "geometry": { "type": "Polygon", "coordinates": [ [ [ 174.765943582034765, -41.231861937971146 ], [ 174.765822414206838, -41.22736014209449 ], [ 174.759859497415192, -41.227451455181722 ], [ 174.759980256593337, -41.231953265438356 ], [ 174.765943582034765, -41.231861937971146 ] ] ] } },
{ "type": "Feature", "properties": { "block_id": "g500_1747500_5434500", "parcels": 1, "rating_units": 1, "parcel_land_m2": 20523.070653750226, "land_value": 650000, "capital_value": 655000, "rates_now": 1974.77915, "rates_lv": 3881.8547715494074, "median_parcel_lv_m2": 31.67167384288199, "lv_per_m2_land": 31.67167384288199, "land_share_of_cv": 0.99236641221374045, "lv_per_ha_block": 26000.0, "rates_now_per_ha_block": 78.991166, "rates_lv_per_ha_block": 155.27419086197631, "rates_lv_per_m2_land": 0.18914590496915076, "rates_change_%": 96.571589868639634 }, "geometry": { "type": "Polygon", "coordinates": [ [ [ 174.765822414206838, -41.22736014209449 ], [ 174.765701273861765, -41.222858342393664 ], [ 174.759738765627333, -41.222949641102872 ], [ 174.759859497415192, -41.227451455181722 ], [ 174.765822414206838, -41.22736014209449 ] ] ] } },
{ "type": "Feature", "properties": { "block_id": "g500_1747500_5435000", "parcels": 8, "rating_units": 9, "parcel_land_m2": 200058.8444740347, "land_value": 6640000, "capital_value": 11010000, "rates_now": 33194.3793, "rates_lv": 39654.639512443173, "median_parcel_lv_m2": 62.933867115985066, "lv_per_m2_land": 33.190234690482754, "land_share_of_cv": 0.60308810172570393, "lv_per_ha_block": 265600.0, "rates_now_per_ha_block": 1327.775172, "rates_lv_per_ha_block": 1586.185580497727, "rates_lv_per_m2_land": 0.19821487831091558, "rates_change_%": 19.461909963905157 }, "geometry": { "type": "Polygon", "coordinates": [ [ [ 174.765701273861765, -41.222858342393664 ], [ 174.765580160992386, -41.218356538868839 ], [ 174.759618061222625, -41.21844782320197 ], [ 174.759738765627333, -41.222949641102872 ], [ 174.765701273861765, -41.222858342393664 ] ] ] } },
{ "type": "Feature", "properties": { "block_id": "g500_1747500_5435500", "parcels": 1, "rating_units": 1, "parcel_land_m2": 22543.871816727631, "land_value": 850000, "capital_value": 1860000, "rates_now": 5607.7698, "rates_lv": 5076.27162433384, "median_parcel_lv_m2": 37.704259805509409, "lv_per_m2_land": 37.704259805509409, "land_share_of_cv": 0.45698924731182794, "lv_per_ha_block": 34000.0, "rates_now_per_ha_block": 224.310792, "rates_lv_per_ha_block": 203.05086497335361, "rates_lv_per_m2_land": 0.22517301666731573, "rates_change_%": -9.4778886192182892 }, "geometry": { "type": "Polygon", "coordinates": [ [ [ 174.765580160992386, -41.218356538868839 ], [ 174.765459075591622, -41.213854731520144 ], [ 174.759497384193963, -41.213946001479144 ], [ 174.759618061222625, -41.21844782320197 ], [ 174.765580160992386, -41.218356538868839 ] ] ] } },
{ "type": "Feature", "properties": { "block_id": "g500_1747500_5437000", "parcels": 1, "rating_units": 2, "parcel_land_m2": 3426956.0025708759, "land_value": 5310000, "capital_value": 13990000, "rates_now": 42178.8707, "rates_lv": 31711.767441426695, "median_parcel_lv_m2": 1.5494800621941103, "lv_per_m2_land": 1.5494800621941103, "land_share_of_cv": 0.37955682630450321, "lv_per_ha_block": 212400.0, "rates_now_per_ha_block": 1687.154828, "rates_lv_per_ha_block": 1268.4706976570678, "rates_lv_per_m2_land": 0.0092536254966905825, "rates_change_%": -24.815987447888933 }, "geometry": { "type": "Polygon", "coordinates": [ [ [ 174.765216987167378, -41.204851105351828 ], [ 174.765095984129658, -41.200349286532507 ], [ 174.759135517293373, -41.200440513380798 ], [ 174.759256112236471, -41.204942346568394 ], [ 174.765216987167378, -41.204851105351828 ] ] ] } },
{ "type": "Feature", "properties": { "block_id": "g500_1748000_5421000", "parcels": 20, "rating_units": 21, "parcel_land_m2": 10646.317511773708, "land_value": 19235000, "capital_value": 27880000, "rates_now": 84056.2484, "rates_lv": 114873.04081654284, "median_parcel_lv_m2": 1953.6120192208434, "lv_per_m2_land": 1806.7280051274172, "land_share_of_cv": 0.68992109038737448, "lv_per_ha_block": 769400.0, "rates_now_per_ha_block": 3362.249936, "rates_lv_per_ha_block": 4594.9216326617134, "rates_lv_per_m2_land": 10.789931888608933, "rates_change_%": 36.662107818438926 }, "geometry": { "type": "Polygon", "coordinates": [ [ [ 174.775077570700944, -41.348815276018136 ], [ 174.774955274748976, -41.344313594103902 ], [ 174.768981730572392, -41.344405591578784 ], [ 174.769103615466207, -41.348907287972594 ], [ 174.775077570700944, -41.348815276018136 ] ] ] } },
{ "type": "Feature", "properties": { "block_id": "g500_1748000_5421500", "parcels": 289, "rating_units": 344, "parcel_land_m2": 159782.01568052094, "land_value": 219485000, "capital_value": 365891000, "rates_now": 1122851.5858720001, "rates_lv": 1344402.7630307062, "median_parcel_lv_m2": 1501.9092447128808, "lv_per_m2_land": 1373.6527172047527, "land_share_of_cv": 0.59986444050277266, "lv_per_ha_block": 8779400.0, "rates_now_per_ha_block": 44914.063434880001, "rates_lv_per_ha_block": 53776.110521228249, "rates_lv_per_m2_land": 8.4139804927658233, "rates_change_%": 19.73111851524445 }, "geometry": { "type": "Polygon", "coordinates": [ [ [ 174.774955274748976, -41.344313594103902 ], [ 174.77483300655939, -41.339811908359501 ], [ 174.768859873347793, -41.339903891356776 ], [ 174.768981730572392, -41.344405591578784 ], [ 174.774955274748976, -41.344313594103902 ] ] ] } },
{ "type": "Feature", "properties": { "block_id": "g500_1748000_5422000", "parcels": 297, "rating_units": 339, "parcel_land_m2": 191097.66483088853, "land_value": 249274000, "capital_value": 406915000, "rates_now": 1233006.8773100001, "rates_lv": 1499488.8332383689, "median_parcel_lv_m2": 1362.9145304723361, "lv_per_m2_land": 1304.4324755124271, "land_share_of_cv": 0.6125947679490803, "lv_per_ha_block": 9970960.0, "rates_now_per_ha_block": 49320.275092400007, "rates_lv_per_ha_block": 59979.553329534756, "rates_lv_per_m2_land": 7.8467145821239539, "rates_change_%": 21.612365740387538 }, "geometry": { "type": "Polygon", "coordinates": [ [ [ 174.77483300655939, -41.339811908359501 ], [ 174.774710766124997, -41.335310218785075 ], [ 174.768738043785163, -41.335402187306713 ], [ 174.768859873347793, -41.339903891356776 ], [ 174.77483300655939, -41.339811908359501 ] ] ] } },
{ "type": "Feature", "properties": { "block_id": "g500_1748000_5422500", "parcels": 363, "rating_units": 417, "parcel_land_m2": 285807.46189955424, "land_value": 247040500, "capital_value": 406947700, "rates_now": 1348453.672391, "rates_lv": 1603263.3526588387, "median_parcel_lv_m2": 1328.905801711705, "lv_per_m2_land": 864.35986785684861, "land_share_of_cv": 0.60705712306519977, "lv_per_ha_block": 9881620.0, "rates_now_per_ha_block": 53938.146895639999, "rates_lv_per_ha_block": 64130.534106353552, "rates_lv_per_m2_land": 5.6095923528487104, "rates_change_%": 18.896435634753761 }, "geometry": { "type": "Polygon", "coordinates": [ [ [ 174.774710766124997, -41.335310218785075 ], [ 174.774588553438576, -41.330808525380796 ], [ 174.768616241877368, -41.33090047942877 ], [ 174.768738043785163, -41.335402187306713 ], [ 174.774710766124997, -41.335310218785075 ] ] ] } },
{ "type": "Feature", "properties": { "block_id": "g500_1748000_5423000", "parcels": 117, "rating_units": 156, "parcel_land_m2": 101780.7360460106, "land_value": 101605000, "capital_value": 188240000, "rates_now": 568954.97762500006, "rates_lv": 609373.56203782593, "median_parcel_lv_m2": 1553.5153324030771, "lv_per_m2_land": 998.2733859781564, "land_share_of_cv": 0.53976306842328947, "lv_per_ha_block": 4064200.0, "rates_now_per_ha_block": 22758.199105000003, "rates_lv_per_ha_block": 24374.942481513037, "rates_lv_per_m2_land": 5.9871208021364168, "rates_change_%": 7.1040040077592792 }, "geometry": { "type": "Polygon", "coordinates": [ [ [ 174.774588553438576, -41.330808525380796 ], [ 174.774466368492853, -41.326306828146812 ], [ 174.76849446761716, -41.326398767723092 ], [ 174.768616241877368, -41.33090047942877 ], [ 174.774588553438576, -41.330808525380796 ] ] ] } },
{ "type": "Feature", "properties": { "block_id": "g500_1748000_5423500", "parcels": 117, "rating_units": 136, "parcel_land_m2": 62977.782173635031, "land_value": 80745000, "capital_value": 119090000, "rates_now": 359048.0137, "rates_lv": 482215.94389039523, "median_parcel_lv_m2": 2143.9932656508422, "lv_per_m2_land": 1282.1188237048307, "land_share_of_cv": 0.67801662608111513, "lv_per_ha_block": 3229800.0, "rates_now_per_ha_block": 14361.920548, "rates_lv_per_ha_block": 19288.637755615808, "rates_lv_per_m2_land": 7.6569216515260159, "rates_change_%": 34.304027731875244 }, "geometry": { "type": "Polygon", "coordinates": [ [ [ 174.774466368492853, -41.326306828146812 ], [ 174.774344211280692, -41.321805127083294 ], [ 174.768372720997377, -41.32189705218984 ], [ 174.76849446761716, -41.326398767723092 ], [ 174.774466368492853, -41.326306828146812 ] ] ] } },
{ "type": "Feature", "properties": { "block_id": "g500_1748000_5424000", "parcels": 141, "rating_units": 205, "parcel_land_m2": 76963.691684178149, "land_value": 108761500, "capital_value": 180296500, "rates_now": 551558.83152500005, "rates_lv": 663238.77605627186, "median_parcel_lv_m2": 1798.6863054511603, "lv_per_m2_land": 1413.1533664770748, "land_share_of_cv": 0.60323689034451589, "lv_per_ha_block": 4350460.0, "rates_now_per_ha_block": 22062.353261, "rates_lv_per_ha_block": 26529.551042250874, "rates_lv_per_m2_land": 8.6175540900231731, "rates_change_%": 20.248056625707346 }, "geometry": { "type": "Polygon", "coordinates": [ [ [ 174.774344211280692, -41.321805127083294 ], [ 174.774222081794818, -41.317303422190356 ], [ 174.7682510020108, -41.317395332829143 ], [ 174.768372720997377, -41.32189705218984 ], [ 174.774344211280692, -41.321805127083294 ] ] ] } },
{ "type": "Feature", "properties": { "block_id": "g500_1748000_5424500", "parcels": 128, "rating_units": 171, "parcel_land_m2": 92493.659226347183, "land_value": 86500000, "capital_value": 143650000, "rates_now": 433094.6945, "rates_lv": 516585.28882926726, "median_parcel_lv_m2": 1007.4746595375752, "lv_per_m2_land": 935.19924201852893, "land_share_of_cv": 0.60215802297250265, "lv_per_ha_block": 3460000.0, "rates_now_per_ha_block": 17323.78778, "rates_lv_per_ha_block": 20663.411553170692, "rates_lv_per_m2_land": 5.585088676890793, "rates_change_%": 19.277676542691346 }, "geometry": { "type": "Polygon", "coordinates": [ [ [ 174.774222081794818, -41.317303422190356 ], [ 174.774099980028041, -41.312801713468197 ], [ 174.768129310650238, -41.312893609641186 ], [ 174.7682510020108, -41.317395332829143 ], [ 174.774222081794818, -41.317303422190356 ] ] ] } },
{ "type": "Feature", "properties": { "block_id": "g500_1748000_5425000", "parcels": 153, "rating_units": 160, "parcel_land_m2": 93144.681206896988, "land_value": 102973000, "capital_value": 164793000, "rates_now": 496839.35949, "rates_lv": 614963.43290885701, "median_parcel_lv_m2": 1163.3822228471929, "lv_per_m2_land": 1105.5166936614655, "land_share_of_cv": 0.62486270654700138, "lv_per_ha_block": 4118920.0, "rates_now_per_ha_block": 19873.574379599999, "rates_lv_per_ha_block": 24598.537316354279, "rates_lv_per_m2_land": 6.6022388497188977, "rates_change_%": 23.775103796146514 }, "geometry": { "type": "Polygon", "coordinates": [ [ [ 174.774099980028041, -41.312801713468197 ], [ 174.773977905973169, -41.308300000916951 ], [ 174.768007646908558, -41.308391882626111 ], [ 174.768129310650238, -41.312893609641186 ], [ 174.774099980028041, -41.312801713468197 ] ] ] } },
{ "type": "Feature", "properties": { "block_id": "g500_1748000_5425500", "parcels": 134, "rating_units": 176, "parcel_land_m2": 63344.891071006961, "land_value": 124065000, "capital_value": 191360000, "rates_now": 576937.0048, "rates_lv": 740926.63420350337, "median_parcel_lv_m2": 1956.9855493478613, "lv_per_m2_land": 1958.563633189113, "land_share_of_cv": 0.64833298494983282, "lv_per_ha_block": 4962600.0, "rates_now_per_ha_block": 23077.480192, "rates_lv_per_ha_block": 29637.065368140135, "rates_lv_per_m2_land": 11.696707053658924, "rates_change_%": 28.424182889837635 }, "geometry": { "type": "Polygon", "coordinates": [ [ [ 174.773977905973169, -41.308300000916951 ], [ 174.773855859622927, -41.303798284536775 ], [ 174.76788601077854, -41.303890151784067 ], [ 174.768007646908558, -41.308391882626111 ], [ 174.773977905973169, -41.308300000916951 ] ] ] } },
{ "type": "Feature", "properties": { "block_id": "g500_1748000_5426000", "parcels": 203, "rating_units": 341, "parcel_land_m2": 119201.08319481183, "land_value": 235820000, "capital_value": 387505000, "rates_now": 1202904.9117110001, "rates_lv": 1468352.7747199843, "median_parcel_lv_m2": 2506.4329397045085, "lv_per_m2_land": 1978.337727137902, "land_share_of_cv": 0.60855988954981222, "lv_per_ha_block": 9432800.0, "rates_now_per_ha_block": 48116.196468440008, "rates_lv_per_ha_block": 58734.110988799373, "rates_lv_per_m2_land": 12.318283822305849, "rates_change_%": 22.067235774389982 }, "geometry": { "type": "Polygon", "coordinates": [ [ [ 174.773855859622927, -41.303798284536775 ], [ 174.773733840970209, -41.29929656432784 ], [ 174.767764402252993, -41.299388417115232 ], [ 174.76788601077854, -41.303890151784067 ], [ 174.773855859622927, -41.303798284536775 ] ] ] } },
{ "type": "Feature", "properties": { "block_id": "g500_1748000_5426500", "parcels": 326, "rating_units": 966, "parcel_land_m2": 180175.82174809941, "land_value": 483900000, "capital_value": 893013000, "rates_now": 3938173.019841, "rates_lv": 4624272.6351936115, "median_parcel_lv_m2": 2772.1051231045249, "lv_per_m2_land": 2685.7099654388253, "land_share_of_cv": 0.54187341057744964, "lv_per_ha_block": 19356000.0, "rates_now_per_ha_block": 157526.92079363999, "rates_lv_per_ha_block": 184970.90540774446, "rates_lv_per_m2_land": 25.665333951737011, "rates_change_%": 17.42177430742522 }, "geometry": { "type": "Polygon", "coordinates": [ [ [ 174.773733840970209, -41.29929656432784 ], [ 174.77361185000774, -41.29479484029028 ], [ 174.767642821324785, -41.294886678619733 ], [ 174.767764402252993, -41.299388417115232 ], [ 174.773733840970209, -41.29929656432784 ] ] ] } },
{ "type": "Feature", "properties": { "block_id": "g500_1748000_5427000", "parcels": 280, "rating_units": 833, "parcel_land_m2": 125976.77128548695, "land_value": 311879100, "capital_value": 735287100, "rates_now": 3450723.8708811002, "rates_lv": 2867634.0353061962, "median_parcel_lv_m2": 2517.5033034501103, "lv_per_m2_land": 2475.6873574194369, "land_share_of_cv": 0.42415962417945319, "lv_per_ha_block": 12475164.0, "rates_now_per_ha_block": 138028.95483524402, "rates_lv_per_ha_block": 114705.36141224785, "rates_lv_per_m2_land": 22.763196786553614, "rates_change_%": -16.897609237739996 }, "geometry": { "type": "Polygon", "coordinates": [ [ [ 174.77361185000774, -41.29479484029028 ], [ 174.773489886728356, -41.290293112424251 ], [ 174.767521267986695, -41.290384936297734 ], [ 174.767642821324785, -41.294886678619733 ], [ 174.77361185000774, -41.29479484029028 ] ] ] } },
{ "type": "Feature", "properties": { "block_id": "g500_1748000_5427500", "parcels": 156, "rating_units": 429, "parcel_land_m2": 108682.10090464553, "land_value": 206903000, "capital_value": 425219000, "rates_now": 1575789.34366, "rates_lv": 1386407.4177010027, "median_parcel_lv_m2": 2229.2915508032893, "lv_per_m2_land": 1903.7449430751305, "land_share_of_cv": 0.48657985649747543, "lv_per_ha_block": 8276120.0, "rates_now_per_ha_block": 63031.573746399998, "rates_lv_per_ha_block": 55456.296708040107, "rates_lv_per_m2_land": 12.756538621915265, "rates_change_%": -12.018226085926575 }, "geometry": { "type": "Polygon", "coordinates": [ [ [ 174.773489886728356, -41.290293112424251 ], [ 174.77336795112484, -41.285791380729918 ], [ 174.767399742231589, -41.285883190149399 ], [ 174.767521267986695, -41.290384936297734 ], [ 174.773489886728356, -41.290293112424251 ] ] ] } },
{ "type": "Feature", "properties": { "block_id": "g500_1748000_5428000", "parcels": 149, "rating_units": 183, "parcel_land_m2": 85298.066590029965, "land_value": 189140000, "capital_value": 299885000, "rates_now": 930181.27824999997, "rates_lv": 1163421.7354546769, "median_parcel_lv_m2": 2585.3057993817438, "lv_per_m2_land": 2217.4007871604858, "land_share_of_cv": 0.63070843823465661, "lv_per_ha_block": 7565600.0, "rates_now_per_ha_block": 37207.25113, "rates_lv_per_ha_block": 46536.869418187074, "rates_lv_per_m2_land": 13.639485418191917, "rates_change_%": 25.074731416169204 }, "geometry": { "type": "Polygon", "coordinates": [ [ [ 174.77336795112484, -41.285791380729918 ], [ 174.773246043190056, -41.281289645207437 ], [ 174.76727824405225, -41.281381440174869 ], [ 174.767399742231589, -41.285883190149399 ], [ 174.77336795112484, -41.285791380729918 ] ] ] } },
{ "type": "Feature", "properties": { "block_id": "g500_1748000_5428500", "parcels": 289, "rating_units": 404, "parcel_land_m2": 98023.344953691427, "land_value": 277463000, "capital_value": 423259000, "rates_now": 1346640.191996, "rates_lv": 1767034.6250115235, "median_parcel_lv_m2": 3308.7553474845004, "lv_per_m2_land": 2830.5808185905121, "land_share_of_cv": 0.65553951599375326, "lv_per_ha_block": 11098520.0, "rates_now_per_ha_block": 53865.607679840003, "rates_lv_per_ha_block": 70681.385000460941, "rates_lv_per_m2_land": 18.026671359218692, "rates_change_%": 31.218022120104095 }, "geometry": { "type": "Polygon", "coordinates": [ [ [ 174.773246043190056, -41.281289645207437 ], [ 174.77312416291673, -41.276787905856963 ], [ 174.76715677344157, -41.276879686374322 ], [ 174.76727824405225, -41.281381440174869 ], [ 174.773246043190056, -41.281289645207437 ] ] ] } },
{ "type": "Feature", "properties": { "block_id": "g500_1748000_5429000", "parcels": 79, "rating_units": 151, "parcel_land_m2": 46896.710435237808, "land_value": 106516000, "capital_value": 163108000, "rates_now": 491759.20244000002, "rates_lv": 636122.52745593328, "median_parcel_lv_m2": 2764.4555273634096, "lv_per_m2_land": 2271.2893721425021, "land_share_of_cv": 0.65303970375456755, "lv_per_ha_block": 4260640.0, "rates_now_per_ha_block": 19670.3680976, "rates_lv_per_ha_block": 25444.901098237329, "rates_lv_per_m2_land": 13.564331518185888, "rates_change_%": 29.356507066799043 }, "geometry": { "type": "Polygon", "coordinates": [ [ [ 174.77312416291673, -41.276787905856963 ], [ 174.773002310297755, -41.272286162678647 ], [ 174.767035330392332, -41.272377928747879 ], [ 174.76715677344157, -41.276879686374322 ], [ 174.77312416291673, -41.276787905856963 ] ] ] } },
{ "type": "Feature", "properties": { "block_id": "g500_1748000_5429500", "parcels": 22, "rating_units": 29, "parcel_land_m2": 15796.863768645873, "land_value": 13810000, "capital_value": 25150000, "rates_now": 75825.4895, "rates_lv": 82474.483684765088, "median_parcel_lv_m2": 907.42930588115553, "lv_per_m2_land": 874.2241626094501, "land_share_of_cv": 0.5491053677932406, "lv_per_ha_block": 552400.0, "rates_now_per_ha_block": 3033.01958, "rates_lv_per_ha_block": 3298.9793473906034, "rates_lv_per_m2_land": 5.2209403646604278, "rates_change_%": 8.7688114229253813 }, "geometry": { "type": "Polygon", "coordinates": [ [ [ 174.773002310297755, -41.272286162678647 ], [ 174.772880485325857, -41.267784415672644 ], [ 174.76691391489743, -41.267876167295725 ], [ 174.767035330392332, -41.272377928747879 ], [ 174.773002310297755, -41.272286162678647 ] ] ] } },
{ "type": "Feature", "properties": { "block_id": "g500_1748000_5430000", "parcels": 188, "rating_units": 211, "parcel_land_m2": 153707.44583423427, "land_value": 128911000, "capital_value": 202766000, "rates_now": 611325.29637999996, "rates_lv": 769867.3545464701, "median_parcel_lv_m2": 961.60733053916738, "lv_per_m2_land": 838.67765351474259, "land_share_of_cv": 0.63576240592604283, "lv_per_ha_block": 5156440.0, "rates_now_per_ha_block": 24453.011855199999, "rates_lv_per_ha_block": 30794.694181858806, "rates_lv_per_m2_land": 5.0086536170585596, "rates_change_%": 25.934156349375147 }, "geometry": { "type": "Polygon", "coordinates": [ [ [ 174.772880485325857, -41.267784415672644 ], [ 174.772758687993928, -41.263282664839124 ], [ 174.766792526949644, -41.263374402018009 ], [ 174.76691391489743, -41.267876167295725 ], [ 174.772880485325857, -41.267784415672644 ] ] ] } },
{ "type": "Feature", "properties": { "block_id": "g500_1748000_5430500", "parcels": 119, "rating_units": 124, "parcel_land_m2": 95308.905767041433, "land_value": 82833000, "capital_value": 140373000, "rates_now": 423214.76889000001, "rates_lv": 494685.65583346464, "median_parcel_lv_m2": 1121.4321012151529, "lv_per_m2_land": 869.10031474355992, "land_share_of_cv": 0.59009211173088838, "lv_per_ha_block": 3313320.0, "rates_now_per_ha_block": 16928.590755600002, "rates_lv_per_ha_block": 19787.426233338585, "rates_lv_per_m2_land": 5.1903403134498145, "rates_change_%": 16.887616453205823 }, "geometry": { "type": "Polygon", "coordinates": [ [ [ 174.772758687993928, -41.263282664839124 ], [ 174.772636918294779, -41.258780910178224 ], [ 174.766671166541869, -41.258872632914873 ], [ 174.766792526949644, -41.263374402018009 ], [ 174.772758687993928, -41.263282664839124 ] ] ] } },
{ "type": "Feature", "properties": { "block_id": "g500_1748000_5431000", "parcels": 127, "rating_units": 143, "parcel_land_m2": 114165.20720446599, "land_value": 91825000, "capital_value": 170280000, "rates_now": 513382.2804, "rates_lv": 548386.63753465284, "median_parcel_lv_m2": 947.368302247256, "lv_per_m2_land": 804.3168514164264, "land_share_of_cv": 0.53925886774723986, "lv_per_ha_block": 3673000.0, "rates_now_per_ha_block": 20535.291215999998, "rates_lv_per_ha_block": 21935.465501386112, "rates_lv_per_m2_land": 4.8034480115514624, "rates_change_%": 6.8183804683284555 }, "geometry": { "type": "Polygon", "coordinates": [ [ [ 174.772636918294779, -41.258780910178224 ], [ 174.772515176221191, -41.254279151690113 ], [ 174.766549833666943, -41.254370859986494 ], [ 174.766671166541869, -41.258872632914873 ], [ 174.772636918294779, -41.258780910178224 ] ] ] } },
{ "type": "Feature", "properties": { "block_id": "g500_1748000_5431500", "parcels": 208, "rating_units": 251, "parcel_land_m2": 169849.77065977125, "land_value": 138340000, "capital_value": 255340000, "rates_now": 769832.2262, "rates_lv": 826178.13707099226, "median_parcel_lv_m2": 933.6720014112102, "lv_per_m2_land": 814.48446743629131, "land_share_of_cv": 0.54178742069397667, "lv_per_ha_block": 5533600.0, "rates_now_per_ha_block": 30793.289048000002, "rates_lv_per_ha_block": 33047.125482839692, "rates_lv_per_m2_land": 4.8641698711853003, "rates_change_%": 7.3192455386186683 }, "geometry": { "type": "Polygon", "coordinates": [ [ [ 174.772515176221191, -41.254279151690113 ], [ 174.772393461766057, -41.249777389374948 ], [ 174.766428528317704, -41.249869083232994 ], [ 174.766549833666943, -41.254370859986494 ], [ 174.772515176221191, -41.254279151690113 ] ] ] } },
{ "type": "Feature", "properties": { "block_id": "g500_1748000_5432000", "parcels": 248, "rating_units": 269, "parcel_land_m2": 159717.15676912948, "land_value": 135030000, "capital_value": 259725000, "rates_now": 783052.69425000006, "rates_lv": 806410.53815740987, "median_parcel_lv_m2": 925.03254782766135, "lv_per_m2_land": 845.43202954198171, "land_share_of_cv": 0.51989604389257871, "lv_per_ha_block": 5401200.0, "rates_now_per_ha_block": 31322.10777, "rates_lv_per_ha_block": 32256.421526296395, "rates_lv_per_m2_land": 5.0489913198434477, "rates_change_%": 2.9829210829523722 }, "geometry": { "type": "Polygon", "coordinates": [ [ [ 174.772393461766057, -41.249777389374948 ], [ 174.772271774922132, -41.245275623232885 ], [ 174.766307250486989, -41.245367302654572 ], [ 174.766428528317704, -41.249869083232994 ], [ 174.772393461766057, -41.249777389374948 ] ] ] } },
{ "type": "Feature", "properties": { "block_id": "g500_1748000_5432500", "parcels": 147, "rating_units": 169, "parcel_land_m2": 95851.877826508964, "land_value": 67190000, "capital_value": 131980000, "rates_now": 397910.4614, "rates_lv": 401264.34169293026, "median_parcel_lv_m2": 722.10601305200078, "lv_per_m2_land": 700.97739891557785, "land_share_of_cv": 0.50909228671010764, "lv_per_ha_block": 2687600.0, "rates_now_per_ha_block": 15916.418456000001, "rates_lv_per_ha_block": 16050.57366771721, "rates_lv_per_m2_land": 4.1862960934288118, "rates_change_%": 0.84287311299382495 }, "geometry": { "type": "Polygon", "coordinates": [ [ [ 174.772271774922132, -41.245275623232885 ], [ 174.77215011568228, -41.240773853264059 ], [ 174.766186000167693, -41.240865518251347 ], [ 174.766307250486989, -41.245367302654572 ], [ 174.772271774922132, -41.245275623232885 ] ] ] } },
{ "type": "Feature", "properties": { "block_id": "g500_1748000_5434500", "parcels": 1, "rating_units": 1, "parcel_land_m2": 1463593.5633476675, "land_value": 3430000, "capital_value": 4130000, "rates_now": 12451.6609, "rates_lv": 20484.249025253026, "median_parcel_lv_m2": 2.3435467918802435, "lv_per_m2_land": 2.3435467918802435, "land_share_of_cv": 0.83050847457627119, "lv_per_ha_block": 137200.0, "rates_now_per_ha_block": 498.066436, "rates_lv_per_ha_block": 819.36996101012107, "rates_lv_per_m2_land": 0.013995858917553275, "rates_change_%": 64.510174102581175 }, "geometry": { "type": "Polygon", "coordinates": [ [ [ 174.7717853035156, -41.227268520398681 ], [ 174.771663754620477, -41.222766735124431 ], [ 174.765701273861765, -41.222858342393664 ], [ 174.765822414206838, -41.22736014209449 ], [ 174.7717853035156, -41.227268520398681 ] ] ] } },
{ "type": "Feature", "properties": { "block_id": "g500_1748000_5435000", "parcels": 1, "rating_units": 1, "parcel_land_m2": 726272.15721503762, "land_value": 2260000, "capital_value": 3160000, "rates_now": 9527.1788, "rates_lv": 13496.910436464092, "median_parcel_lv_m2": 3.1117811381702878, "lv_per_m2_land": 3.1117811381702878, "land_share_of_cv": 0.71518987341772156, "lv_per_ha_block": 90400.0, "rates_now_per_ha_block": 381.087152, "rates_lv_per_ha_block": 539.87641745856365, "rates_lv_per_m2_land": 0.018583819168036579, "rates_change_%": 41.667441325485477 }, "geometry": { "type": "Polygon", "coordinates": [ [ [ 174.771663754620477, -41.222766735124431 ], [ 174.771542233293559, -41.218264946024235 ], [ 174.765580160992386, -41.218356538868839 ], [ 174.765701273861765, -41.222858342393664 ], [ 174.771663754620477, -41.222766735124431 ] ] ] } },
{ "type": "Feature", "properties": { "block_id": "g500_1748000_5435500", "parcels": 2, "rating_units": 2, "parcel_land_m2": 82401.114276501787, "land_value": 2250000, "capital_value": 3930000, "rates_now": 11848.6749, "rates_lv": 13437.189593824871, "median_parcel_lv_m2": 27.925843465043641, "lv_per_m2_land": 27.305455997233153, "land_share_of_cv": 0.5725190839694656, "lv_per_ha_block": 90000.0, "rates_now_per_ha_block": 473.946996, "rates_lv_per_ha_block": 537.48758375299485, "rates_lv_per_m2_land": 0.1630704840802952, "rates_change_%": 13.406686462676687 }, "geometry": { "type": "Polygon", "coordinates": [ [ [ 174.771542233293559, -41.218264946024235 ], [ 174.771420739527827, -41.213763153098213 ], [ 174.765459075591622, -41.213854731520144 ], [ 174.765580160992386, -41.218356538868839 ], [ 174.771542233293559, -41.218264946024235 ] ] ] } },
{ "type": "Feature", "properties": { "block_id": "g500_1748000_5436000", "parcels": 8, "rating_units": 8, "parcel_land_m2": 203646.7306950342, "land_value": 7760000, "capital_value": 15090000, "rates_now": 45495.2937, "rates_lv": 46343.373888035996, "median_parcel_lv_m2": 59.098591125505806, "lv_per_m2_land": 38.105202934098578, "land_share_of_cv": 0.51424784625579856, "lv_per_ha_block": 310400.0, "rates_now_per_ha_block": 1819.811748, "rates_lv_per_ha_block": 1853.7349555214398, "rates_lv_per_m2_land": 0.2275674828162908, "rates_change_%": 1.8641053152185671 }, "geometry": { "type": "Polygon", "coordinates": [ [ [ 174.771420739527827, -41.213763153098213 ], [ 174.771299273316032, -41.209261356346545 ], [ 174.76533801765234, -41.209352920347754 ], [ 174.765459075591622, -41.213854731520144 ], [ 174.771420739527827, -41.213763153098213 ] ] ] } },
{ "type": "Feature", "properties": { "block_id": "g500_1748000_5436500", "parcels": 3, "rating_units": 3, "parcel_land_m2": 146704.02685977783, "land_value": 3170000, "capital_value": 6710000, "rates_now": 20230.1803, "rates_lv": 18931.507116633264, "median_parcel_lv_m2": 28.281597292103715, "lv_per_m2_land": 21.608132154613173, "land_share_of_cv": 0.47242921013412814, "lv_per_ha_block": 126800.0, "rates_now_per_ha_block": 809.207212, "rates_lv_per_ha_block": 757.26028466533057, "rates_lv_per_m2_land": 0.12904558601331589, "rates_change_%": -6.4194839794222469 }, "geometry": { "type": "Polygon", "coordinates": [ [ [ 174.771299273316032, -41.209261356346545 ], [ 174.771177834651098, -41.204759555769371 ], [ 174.765216987167378, -41.204851105351828 ], [ 174.76533801765234, -41.209352920347754 ], [ 174.771299273316032, -41.209261356346545 ] ] ] } },
{ "type": "Feature", "properties": { "block_id": "g500_1748000_5437000", "parcels": 1, "rating_units": 1, "parcel_land_m2": 66468.008904400645, "land_value": 1260000, "capital_value": 1640000, "rates_now": 4944.4852, "rates_lv": 7524.8261725419279, "median_parcel_lv_m2": 18.956487801706654, "lv_per_m2_land": 18.956487801706654, "land_share_of_cv": 0.76829268292682928, "lv_per_ha_block": 50400.0, "rates_now_per_ha_block": 197.779408, "rates_lv_per_ha_block": 300.99304690167713, "rates_lv_per_m2_land": 0.11320974249980477, "rates_change_%": 52.186241199426142 }, "geometry": { "type": "Polygon", "coordinates": [ [ [ 174.771177834651098, -41.204759555769371 ], [ 174.771056423525835, -41.200257751366863 ], [ 174.765095984129658, -41.200349286532507 ], [ 174.765216987167378, -41.204851105351828 ], [ 174.771177834651098, -41.204759555769371 ] ] ] } },
{ "type": "Feature", "properties": { "block_id": "g500_1748000_5441000", "parcels": 1, "rating_units": 1, "parcel_land_m2": 43387.084493653769, "land_value": 800000, "capital_value": 1070000, "rates_now": 3225.9751, "rates_lv": 4777.6674111377315, "median_parcel_lv_m2": 18.438666929026219, "lv_per_m2_land": 18.438666929026219, "land_share_of_cv": 0.74766355140186913, "lv_per_ha_block": 32000.0, "rates_now_per_ha_block": 129.039004, "rates_lv_per_ha_block": 191.10669644550927, "rates_lv_per_m2_land": 0.1101172726145395, "rates_change_%": 48.099946931944146 }, "geometry": { "type": "Polygon", "coordinates": [ [ [ 174.770207316160622, -41.168745013452991 ], [ 174.770086125095958, -41.164243178453418 ], [ 174.764128947074397, -41.164334598354785 ], [ 174.76424973079034, -41.168836447755567 ], [ 174.770207316160622, -41.168745013452991 ] ] ] } },
{ "type": "Feature", "properties": { "block_id": "g500_1748000_5442500", "parcels": 1, "rating_units": 1, "parcel_land_m2": 49996.363777736122, "land_value": 1000000, "capital_value": 1000000, "rates_now": 3014.93, "rates_lv": 5972.0842639221646, "median_parcel_lv_m2": 20.001454594690145, "lv_per_m2_land": 20.001454594690145, "land_share_of_cv": 1.0, "lv_per_ha_block": 40000.0, "rates_now_per_ha_block": 120.5972, "rates_lv_per_ha_block": 238.88337055688658, "rates_lv_per_m2_land": 0.11945037224050269, "rates_change_%": 98.083679021475263 }, "geometry": { "type": "Polygon", "coordinates": [ [ [ 174.76984382538609, -41.155239496982645 ], [ 174.769722716726619, -41.150737650511758 ], [ 174.763766760197854, -41.150829027221178 ], [ 174.763887461785259, -41.155330888087427 ], [ 174.76984382538609, -41.155239496982645 ] ] ] } },
{ "type": "Feature", "properties": { "block_id": "g500_1748500_5421000", "parcels": 34, "rating_units": 34, "parcel_land_m2": 22324.389559413954, "land_value": 22740000, "capital_value": 36980000, "rates_now": 111492.1114, "rates_lv": 135805.19616159002, "median_parcel_lv_m2": 1062.7136089766632, "lv_per_m2_land": 1018.6168781672593, "land_share_of_cv": 0.61492698756084374, "lv_per_ha_block": 909600.0, "rates_now_per_ha_block": 4459.684456, "rates_lv_per_ha_block": 5432.2078464636006, "rates_lv_per_m2_land": 6.0832658290682105, "rates_change_%": 21.807000025644886 }, "geometry": { "type": "Polygon", "coordinates": [ [ [ 174.78105149816605, -41.348722954145799 ], [ 174.78092879116312, -41.344221286759868 ], [ 174.774955274748976, -41.344313594103902 ], [ 174.775077570700944, -41.348815276018136 ], [ 174.78105149816605, -41.348722954145799 ] ] ] } },
{ "type": "Feature", "properties": { "block_id": "g500_1748500_5421500", "parcels": 180, "rating_units": 194, "parcel_land_m2": 117128.07854878694, "land_value": 121010000, "capital_value": 198080000, "rates_now": 597197.3344000001, "rates_lv": 722681.91677722114, "median_parcel_lv_m2": 1076.7942354957881, "lv_per_m2_land": 1033.142535071948, "land_share_of_cv": 0.61091478190630044, "lv_per_ha_block": 4840400.0, "rates_now_per_ha_block": 23887.893376000004, "rates_lv_per_ha_block": 28907.276671088846, "rates_lv_per_m2_land": 6.1700142760918339, "rates_change_%": 21.012247568602184 }, "geometry": { "type": "Polygon", "coordinates": [ [ [ 174.78092879116312, -41.344221286759868 ], [ 174.780806112015824, -41.339719615541789 ], [ 174.77483300655939, -41.339811908359501 ], [ 174.774955274748976, -41.344313594103902 ], [ 174.78092879116312, -41.344221286759868 ] ] ] } },
{ "type": "Feature", "properties": { "block_id": "g500_1748500_5422000", "parcels": 259, "rating_units": 273, "parcel_land_m2": 165849.23003627805, "land_value": 174450000, "capital_value": 296910000, "rates_now": 895162.8663, "rates_lv": 1041830.0998412216, "median_parcel_lv_m2": 1129.5805553125276, "lv_per_m2_land": 1051.8589683041675, "land_share_of_cv": 0.58755178336869762, "lv_per_ha_block": 6978000.0, "rates_now_per_ha_block": 35806.514651999998, "rates_lv_per_ha_block": 41673.203993648865, "rates_lv_per_m2_land": 6.281790392474722, "rates_change_%": 16.384418865300464 }, "geometry": { "type": "Polygon", "coordinates": [ [ [ 174.780806112015824, -41.339719615541789 ], [ 174.780683460716858, -41.335217940491724 ], [ 174.774710766124997, -41.335310218785075 ], [ 174.77483300655939, -41.339811908359501 ], [ 174.780806112015824, -41.339719615541789 ] ] ] } },
{ "type": "Feature", "properties": { "block_id": "g500_1748500_5422500", "parcels": 343, "rating_units": 388, "parcel_land_m2": 183093.05010030288, "land_value": 218211000, "capital_value": 398586000, "rates_now": 1201708.88898, "rates_lv": 1303174.4793147196, "median_parcel_lv_m2": 1237.2125961976526, "lv_per_m2_land": 1191.8038389794624, "land_share_of_cv": 0.54746278093058964, "lv_per_ha_block": 8728440.0, "rates_now_per_ha_block": 48068.355559200005, "rates_lv_per_ha_block": 52126.979172588784, "rates_lv_per_m2_land": 7.1175529524512733, "rates_change_%": 8.4434417740591563 }, "geometry": { "type": "Polygon", "coordinates": [ [ [ 174.780683460716858, -41.335217940491724 ], [ 174.780560837259031, -41.33071626160983 ], [ 174.774588553438576, -41.330808525380796 ], [ 174.774710766124997, -41.335310218785075 ], [ 174.780683460716858, -41.335217940491724 ] ] ] } },
{ "type": "Feature", "properties": { "block_id": "g500_1748500_5423000", "parcels": 95, "rating_units": 95, "parcel_land_m2": 57926.220752676098, "land_value": 61935000, "capital_value": 112750000, "rates_now": 339933.3575, "rates_lv": 369881.03888601926, "median_parcel_lv_m2": 1375.4411902136542, "lv_per_m2_land": 1069.2049161025011, "land_share_of_cv": 0.54931263858093127, "lv_per_ha_block": 2477400.0, "rates_now_per_ha_block": 13597.3343, "rates_lv_per_ha_block": 14795.241555440771, "rates_lv_per_m2_land": 6.3853818543639642, "rates_change_%": 8.8098683831048454 }, "geometry": { "type": "Polygon", "coordinates": [ [ [ 174.780560837259031, -41.33071626160983 ], [ 174.780438241635068, -41.326214578896241 ], [ 174.774466368492853, -41.326306828146812 ], [ 174.774588553438576, -41.330808525380796 ], [ 174.780560837259031, -41.33071626160983 ] ] ] } },
{ "type": "Feature", "properties": { "block_id": "g500_1748500_5423500", "parcels": 244, "rating_units": 305, "parcel_land_m2": 104273.35622827646, "land_value": 190347000, "capital_value": 282832000, "rates_now": 852718.68176000006, "rates_lv": 1136768.3233847923, "median_parcel_lv_m2": 2052.4657781163987, "lv_per_m2_land": 1825.4615261763522, "land_share_of_cv": 0.67300376195055722, "lv_per_ha_block": 7613880.0, "rates_now_per_ha_block": 34108.747270400003, "rates_lv_per_ha_block": 45470.732935391694, "rates_lv_per_m2_land": 10.901810054873133, "rates_change_%": 33.311061162459524 }, "geometry": { "type": "Polygon", "coordinates": [ [ [ 174.780438241635068, -41.326214578896241 ], [ 174.780315673837691, -41.321712892351144 ], [ 174.774344211280692, -41.321805127083294 ], [ 174.774466368492853, -41.326306828146812 ], [ 174.780438241635068, -41.326214578896241 ] ] ] } },
{ "type": "Feature", "properties": { "block_id": "g500_1748500_5424000", "parcels": 408, "rating_units": 592, "parcel_land_m2": 178773.38903544113, "land_value": 328190000, "capital_value": 496067000, "rates_now": 1528673.2235920001, "rates_lv": 2008706.9589196618, "median_parcel_lv_m2": 2178.8898077632675, "lv_per_m2_land": 1835.787763328342, "land_share_of_cv": 0.66158401990053761, "lv_per_ha_block": 13127600.0, "rates_now_per_ha_block": 61146.928943680003, "rates_lv_per_ha_block": 80348.278356786468, "rates_lv_per_m2_land": 11.236051236470342, "rates_change_%": 31.401984931724147 }, "geometry": { "type": "Polygon", "coordinates": [ [ [ 174.780315673837691, -41.321712892351144 ], [ 174.78019313385974, -41.317211201974672 ], [ 174.774222081794818, -41.317303422190356 ], [ 174.774344211280692, -41.321805127083294 ], [ 174.780315673837691, -41.321712892351144 ] ] ] } },
{ "type": "Feature", "properties": { "block_id": "g500_1748500_5424500", "parcels": 305, "rating_units": 504, "parcel_land_m2": 193664.52232199186, "land_value": 323705000, "capital_value": 549928000, "rates_now": 1979569.2707840002, "rates_lv": 2343645.929985899, "median_parcel_lv_m2": 2187.0165193793468, "lv_per_m2_land": 1671.4728961136173, "land_share_of_cv": 0.58863160268253301, "lv_per_ha_block": 12948200.0, "rates_now_per_ha_block": 79182.770831360001, "rates_lv_per_ha_block": 93745.837199435962, "rates_lv_per_m2_land": 12.10157597213025, "rates_change_%": 18.391710993660148 }, "geometry": { "type": "Polygon", "coordinates": [ [ [ 174.78019313385974, -41.317211201974672 ], [ 174.780070621693937, -41.312709507766989 ], [ 174.774099980028041, -41.312801713468197 ], [ 174.774222081794818, -41.317303422190356 ], [ 174.78019313385974, -41.317211201974672 ] ] ] } },
{ "type": "Feature", "properties": { "block_id": "g500_1748500_5425000", "parcels": 319, "rating_units": 523, "parcel_land_m2": 129876.44015811625, "land_value": 290582000, "capital_value": 472712000, "rates_now": 1976292.6448600001, "rates_lv": 2389959.4434526153, "median_parcel_lv_m2": 2145.9096796340964, "lv_per_m2_land": 2237.3726878118541, "land_share_of_cv": 0.61471255225168808, "lv_per_ha_block": 11623280.0, "rates_now_per_ha_block": 79051.705794400012, "rates_lv_per_ha_block": 95598.377738104609, "rates_lv_per_m2_land": 18.401793585834294, "rates_change_%": 20.931454644052437 }, "geometry": { "type": "Polygon", "coordinates": [ [ [ 174.780070621693937, -41.312709507766989 ], [ 174.779948137333065, -41.308207809728245 ], [ 174.773977905973169, -41.308300000916951 ], [ 174.774099980028041, -41.312801713468197 ], [ 174.780070621693937, -41.312709507766989 ] ] ] } },
{ "type": "Feature", "properties": { "block_id": "g500_1748500_5425500", "parcels": 356, "rating_units": 749, "parcel_land_m2": 148645.66575664602, "land_value": 409401000, "capital_value": 648989000, "rates_now": 3035304.5954470001, "rates_lv": 3988684.6092792996, "median_parcel_lv_m2": 2781.6174606589275, "lv_per_m2_land": 2754.2074497499802, "land_share_of_cv": 0.63082887383299258, "lv_per_ha_block": 16376040.0, "rates_now_per_ha_block": 121412.18381788001, "rates_lv_per_ha_block": 159547.384371172, "rates_lv_per_m2_land": 26.833507650396889, "rates_change_%": 31.409698231353222 }, "geometry": { "type": "Polygon", "coordinates": [ [ [ 174.779948137333065, -41.308207809728245 ], [ 174.779825680769846, -41.303706107858609 ], [ 174.773855859622927, -41.303798284536775 ], [ 174.773977905973169, -41.308300000916951 ], [ 174.779948137333065, -41.308207809728245 ] ] ] } },
{ "type": "Feature", "properties": { "block_id": "g500_1748500_5426000", "parcels": 174, "rating_units": 467, "parcel_land_m2": 91766.985927595291, "land_value": 244325000, "capital_value": 408123000, "rates_now": 2072463.484986, "rates_lv": 2884562.6845232379, "median_parcel_lv_m2": 2732.8081952191324, "lv_per_m2_land": 2662.4498726892252, "land_share_of_cv": 0.59865530734606964, "lv_per_ha_block": 9773000.0, "rates_now_per_ha_block": 82898.539399439993, "rates_lv_per_ha_block": 115382.50738092951, "rates_lv_per_m2_land": 31.43355592826352, "rates_change_%": 39.185211484810488 }, "geometry": { "type": "Polygon", "coordinates": [ [ [ 174.779825680769846, -41.303706107858609 ], [ 174.77970325199712, -41.299204402158225 ], [ 174.773733840970209, -41.29929656432784 ], [ 174.773855859622927, -41.303798284536775 ], [ 174.779825680769846, -41.303706107858609 ] ] ] } },
{ "type": "Feature", "properties": { "block_id": "g500_1748500_5426500", "parcels": 331, "rating_units": 1720, "parcel_land_m2": 144644.99934937712, "land_value": 577203600, "capital_value": 1148062600, "rates_now": 6932443.2723145997, "rates_lv": 7895854.5682567311, "median_parcel_lv_m2": 4380.5440202747686, "lv_per_m2_land": 3990.4843070711081, "land_share_of_cv": 0.50276317685115779, "lv_per_ha_block": 23088144.0, "rates_now_per_ha_block": 277297.73089258396, "rates_lv_per_ha_block": 315834.18273026927, "rates_lv_per_m2_land": 54.587815712764446, "rates_change_%": 13.897139263866887 }, "geometry": { "type": "Polygon", "coordinates": [ [ [ 174.77970325199712, -41.299204402158225 ], [ 174.779580851007609, -41.294702692627247 ], [ 174.77361185000774, -41.29479484029028 ], [ 174.773733840970209, -41.29929656432784 ], [ 174.77970325199712, -41.299204402158225 ] ] ] } },
{ "type": "Feature", "properties": { "block_id": "g500_1748500_5427000", "parcels": 304, "rating_units": 3081, "parcel_land_m2": 185522.40692946478, "land_value": 887104200, "capital_value": 2039757000, "rates_now": 12222987.564588601, "rates_lv": 11248535.49455695, "median_parcel_lv_m2": 4369.8854508703644, "lv_per_m2_land": 4781.6552980431907, "land_share_of_cv": 0.43490680507531043, "lv_per_ha_block": 35484168.0, "rates_now_per_ha_block": 488919.502583544, "rates_lv_per_ha_block": 449941.41978227801, "rates_lv_per_m2_land": 60.631681535015979, "rates_change_%": -7.9722904476705043 }, "geometry": { "type": "Polygon", "coordinates": [ [ [ 174.779580851007609, -41.294702692627247 ], [ 174.779458477794151, -41.290200979265848 ], [ 174.773489886728356, -41.290293112424251 ], [ 174.77361185000774, -41.29479484029028 ], [ 174.779580851007609, -41.294702692627247 ] ] ] } },
{ "type": "Feature", "properties": { "block_id": "g500_1748500_5427500", "parcels": 128, "rating_units": 937, "parcel_land_m2": 277167.52495324146, "land_value": 816545900, "capital_value": 2354529900, "rates_now": 22578724.543002002, "rates_lv": 15211431.927334521, "median_parcel_lv_m2": 4932.8786333733633, "lv_per_m2_land": 2946.0374195633217, "land_share_of_cv": 0.34679784699272664, "lv_per_ha_block": 32661836.0, "rates_now_per_ha_block": 903148.98172008013, "rates_lv_per_ha_block": 608457.27709338081, "rates_lv_per_m2_land": 54.881725158460434, "rates_change_%": -32.629356904710029 }, "geometry": { "type": "Polygon", "coordinates": [ [ [ 174.779458477794151, -41.290200979265848 ], [ 174.779336132349471, -41.285699262074161 ], [ 174.77336795112484, -41.285791380729918 ], [ 174.773489886728356, -41.290293112424251 ], [ 174.779458477794151, -41.290200979265848 ] ] ] } },
{ "type": "Feature", "properties": { "block_id": "g500_1748500_5428000", "parcels": 133, "rating_units": 1248, "parcel_land_m2": 138451.65481303583, "land_value": 961023500, "capital_value": 3272824500, "rates_now": 33347990.586486001, "rates_lv": 18524062.862144027, "median_parcel_lv_m2": 7830.8734915299001, "lv_per_m2_land": 6941.2207553442358, "land_share_of_cv": 0.29363734596829133, "lv_per_ha_block": 38440940.0, "rates_now_per_ha_block": 1333919.62345944, "rates_lv_per_ha_block": 740962.51448576106, "rates_lv_per_m2_land": 133.79444895157661, "rates_change_%": -44.452236742411841 }, "geometry": { "type": "Polygon", "coordinates": [ [ [ 174.779336132349471, -41.285699262074161 ], [ 174.779213814666349, -41.281197541052364 ], [ 174.773246043190056, -41.281289645207437 ], [ 174.77336795112484, -41.285791380729918 ], [ 174.779336132349471, -41.285699262074161 ] ] ] } },
{ "type": "Feature", "properties": { "block_id": "g500_1748500_5428500", "parcels": 77, "rating_units": 525, "parcel_land_m2": 91974.368569090788, "land_value": 547625000, "capital_value": 1867520000, "rates_now": 19258258.823364999, "rates_lv": 10776750.870808663, "median_parcel_lv_m2": 6688.6079932215525, "lv_per_m2_land": 5954.1044806263199, "land_share_of_cv": 0.29323648474982866, "lv_per_ha_block": 21905000.0, "rates_now_per_ha_block": 770330.35293459997, "rates_lv_per_ha_block": 431070.03483234649, "rates_lv_per_m2_land": 117.17124062355708, "rates_change_%": -44.040886719552155 }, "geometry": { "type": "Polygon", "coordinates": [ [ [ 174.779213814666349, -41.281197541052364 ], [ 174.779091524737623, -41.276695816200601 ], [ 174.77312416291673, -41.276787905856963 ], [ 174.773246043190056, -41.281289645207437 ], [ 174.779213814666349, -41.281197541052364 ] ] ] } },
{ "type": "Feature", "properties": { "block_id": "g500_1748500_5429000", "parcels": 174, "rating_units": 548, "parcel_land_m2": 156131.46420012633, "land_value": 476353500, "capital_value": 935716500, "rates_now": 7881751.6584254997, "rates_lv": 7975236.2886637393, "median_parcel_lv_m2": 3208.5971086464851, "lv_per_m2_land": 3050.9769599638107, "land_share_of_cv": 0.50907887164541821, "lv_per_ha_block": 19054140.0, "rates_now_per_ha_block": 315270.06633701996, "rates_lv_per_ha_block": 319009.45154654956, "rates_lv_per_m2_land": 51.080263222544524, "rates_change_%": 1.1860895177825848 }, "geometry": { "type": "Polygon", "coordinates": [ [ [ 174.779091524737623, -41.276695816200601 ], [ 174.778969262556018, -41.27219408751904 ], [ 174.773002310297755, -41.272286162678647 ], [ 174.77312416291673, -41.276787905856963 ], [ 174.779091524737623, -41.276695816200601 ] ] ] } },
{ "type": "Feature", "properties": { "block_id": "g500_1748500_5429500", "parcels": 140, "rating_units": 152, "parcel_land_m2": 58836.794030952144, "land_value": 145166000, "capital_value": 234101000, "rates_now": 705798.12792999996, "rates_lv": 866943.58425652492, "median_parcel_lv_m2": 2824.939817174326, "lv_per_m2_land": 2467.2656352355439, "land_share_of_cv": 0.62009987142301826, "lv_per_ha_block": 5806640.0, "rates_now_per_ha_block": 28231.925117199997, "rates_lv_per_ha_block": 34677.743370261, "rates_lv_per_m2_land": 14.734718275106115, "rates_change_%": 22.831663892215246 }, "geometry": { "type": "Polygon", "coordinates": [ [ [ 174.778969262556018, -41.27219408751904 ], [ 174.77884702811437, -41.26769235500781 ], [ 174.772880485325857, -41.267784415672644 ], [ 174.773002310297755, -41.272286162678647 ], [ 174.778969262556018, -41.27219408751904 ] ] ] } },
{ "type": "Feature", "properties": { "block_id": "g500_1748500_5430000", "parcels": 150, "rating_units": 160, "parcel_land_m2": 95034.690324068186, "land_value": 165210000, "capital_value": 243750000, "rates_now": 734889.1875, "rates_lv": 986648.04124258086, "median_parcel_lv_m2": 1933.4505238690822, "lv_per_m2_land": 1738.4178286542956, "land_share_of_cv": 0.67778461538461543, "lv_per_ha_block": 6608400.0, "rates_now_per_ha_block": 29395.5675, "rates_lv_per_ha_block": 39465.921649703232, "rates_lv_per_m2_land": 10.381977758628055, "rates_change_%": 34.258070199540235 }, "geometry": { "type": "Polygon", "coordinates": [ [ [ 174.77884702811437, -41.26769235500781 ], [ 174.778724821405461, -41.263190618667096 ], [ 174.772758687993928, -41.263282664839124 ], [ 174.772880485325857, -41.267784415672644 ], [ 174.77884702811437, -41.26769235500781 ] ] ] } },
{ "type": "Feature", "properties": { "block_id": "g500_1748500_5430500", "parcels": 286, "rating_units": 313, "parcel_land_m2": 164089.50850974425, "land_value": 212710000, "capital_value": 351624000, "rates_now": 1112349.9816960001, "rates_lv": 1320759.8786382647, "median_parcel_lv_m2": 1515.497722315564, "lv_per_m2_land": 1296.3046932849365, "land_share_of_cv": 0.60493595431483627, "lv_per_ha_block": 8508400.0, "rates_now_per_ha_block": 44493.999267840001, "rates_lv_per_ha_block": 52830.395145530587, "rates_lv_per_m2_land": 8.0490208705807245, "rates_change_%": 18.736000393014972 }, "geometry": { "type": "Polygon", "coordinates": [ [ [ 174.778724821405461, -41.263190618667096 ], [ 174.778602642422072, -41.25868887849704 ], [ 174.772636918294779, -41.258780910178224 ], [ 174.772758687993928, -41.263282664839124 ], [ 174.778724821405461, -41.263190618667096 ] ] ] } },
{ "type": "Feature", "properties": { "block_id": "g500_1748500_5431000", "parcels": 123, "rating_units": 135, "parcel_land_m2": 117502.4919150706, "land_value": 77516000, "capital_value": 128916000, "rates_now": 388672.71588000003, "rates_lv": 462932.08380219055, "median_parcel_lv_m2": 986.97668933108696, "lv_per_m2_land": 659.69664759133479, "land_share_of_cv": 0.60129076297744266, "lv_per_ha_block": 3100640.0, "rates_now_per_ha_block": 15546.908635200001, "rates_lv_per_ha_block": 18517.283352087623, "rates_lv_per_m2_land": 3.939763968042417, "rates_change_%": 19.10588649220173 }, "geometry": { "type": "Polygon", "coordinates": [ [ [ 174.778602642422072, -41.25868887849704 ], [ 174.77848049115704, -41.254187134497805 ], [ 174.772515176221191, -41.254279151690113 ], [ 174.772636918294779, -41.258780910178224 ], [ 174.778602642422072, -41.25868887849704 ] ] ] } },
{ "type": "Feature", "properties": { "block_id": "g500_1748500_5431500", "parcels": 301, "rating_units": 350, "parcel_land_m2": 202044.30987618503, "land_value": 199234000, "capital_value": 349729000, "rates_now": 1054408.4539699999, "rates_lv": 1189842.2362382687, "median_parcel_lv_m2": 1038.381385692923, "lv_per_m2_land": 986.09062597255411, "land_share_of_cv": 0.56968109593428051, "lv_per_ha_block": 7969360.0, "rates_now_per_ha_block": 42176.338158799997, "rates_lv_per_ha_block": 47593.68944953075, "rates_lv_per_m2_land": 5.889016310171848, "rates_change_%": 12.844527351648317 }, "geometry": { "type": "Polygon", "coordinates": [ [ [ 174.77848049115704, -41.254187134497805 ], [ 174.778358367603147, -41.24968538666954 ], [ 174.772393461766057, -41.249777389374948 ], [ 174.772515176221191, -41.254279151690113 ], [ 174.77848049115704, -41.254187134497805 ] ] ] } },
{ "type": "Feature", "properties": { "block_id": "g500_1748500_5432000", "parcels": 235, "rating_units": 255, "parcel_land_m2": 165775.79341321581, "land_value": 140488000, "capital_value": 246430000, "rates_now": 757214.74415000004, "rates_lv": 856694.89045120811, "median_parcel_lv_m2": 1076.6324946662933, "lv_per_m2_land": 847.4578652735928, "land_share_of_cv": 0.57009292699752467, "lv_per_ha_block": 5619520.0, "rates_now_per_ha_block": 30288.589766000001, "rates_lv_per_ha_block": 34267.795618048323, "rates_lv_per_m2_land": 5.1677924310444681, "rates_change_%": 13.13763989274641 }, "geometry": { "type": "Polygon", "coordinates": [ [ [ 174.778358367603147, -41.24968538666954 ], [ 174.778236271753201, -41.245183635012424 ], [ 174.772271774922132, -41.245275623232885 ], [ 174.772393461766057, -41.249777389374948 ], [ 174.778358367603147, -41.24968538666954 ] ] ] } },
{ "type": "Feature", "properties": { "block_id": "g500_1748500_5432500", "parcels": 240, "rating_units": 282, "parcel_land_m2": 177240.31677771037, "land_value": 116675000, "capital_value": 244100000, "rates_now": 735944.413, "rates_lv": 696792.93149311852, "median_parcel_lv_m2": 732.67112917060081, "lv_per_m2_land": 658.28702025132566, "land_share_of_cv": 0.4779803359278984, "lv_per_ha_block": 4667000.0, "rates_now_per_ha_block": 29437.77652, "rates_lv_per_ha_block": 27871.717259724741, "rates_lv_per_m2_land": 3.931345554787153, "rates_change_%": -5.3198965594812524 }, "geometry": { "type": "Polygon", "coordinates": [ [ [ 174.778236271753201, -41.245183635012424 ], [ 174.778114203599955, -41.240681879526591 ], [ 174.77215011568228, -41.240773853264059 ], [ 174.772271774922132, -41.245275623232885 ], [ 174.778236271753201, -41.245183635012424 ] ] ] } },
{ "type": "Feature", "properties": { "block_id": "g500_1748500_5433000", "parcels": 15, "rating_units": 19, "parcel_land_m2": 23898.383457261087, "land_value": 8430000, "capital_value": 19130000, "rates_now": 57675.6109, "rates_lv": 50344.670344863851, "median_parcel_lv_m2": 663.37054149612266, "lv_per_m2_land": 352.74352405784578, "land_share_of_cv": 0.44066910611604809, "lv_per_ha_block": 337200.0, "rates_now_per_ha_block": 2307.024436, "rates_lv_per_ha_block": 2013.7868137945541, "rates_lv_per_m2_land": 2.1066140492263106, "rates_change_%": -12.710642229428293 }, "geometry": { "type": "Polygon", "coordinates": [ [ [ 174.778114203599955, -41.240681879526591 ], [ 174.777992163136304, -41.236180120212204 ], [ 174.772028484039367, -41.236272079468648 ], [ 174.77215011568228, -41.240773853264059 ], [ 174.778114203599955, -41.240681879526591 ] ] ] } },
{ "type": "Feature", "properties": { "block_id": "g500_1748500_5435500", "parcels": 3, "rating_units": 3, "parcel_land_m2": 250889.02429292849, "land_value": 3610000, "capital_value": 4710000, "rates_now": 14200.3203, "rates_lv": 21559.224192759015, "median_parcel_lv_m2": 20.548759026661145, "lv_per_m2_land": 14.388831915520949, "land_share_of_cv": 0.76645435244161364, "lv_per_ha_block": 144400.0, "rates_now_per_ha_block": 568.012812, "rates_lv_per_ha_block": 862.36896771036061, "rates_lv_per_m2_land": 0.085931316658903675, "rates_change_%": 51.822097933657282 }, "geometry": { "type": "Polygon", "coordinates": [ [ [ 174.777504278033632, -41.218173044672234 ], [ 174.777382375910037, -41.213671266217411 ], [ 174.771420739527827, -41.213763153098213 ], [ 174.771542233293559, -41.218264946024235 ], [ 174.777504278033632, -41.218173044672234 ] ] ] } },
{ "type": "Feature", "properties": { "block_id": "g500_1748500_5436000", "parcels": 12, "rating_units": 12, "parcel_land_m2": 177123.79482924883, "land_value": 10200000, "capital_value": 20050000, "rates_now": 60449.3465, "rates_lv": 60915.25949200608, "median_parcel_lv_m2": 62.16994012919956, "lv_per_m2_land": 57.586842071857262, "land_share_of_cv": 0.50872817955112215, "lv_per_ha_block": 408000.0, "rates_now_per_ha_block": 2417.97386, "rates_lv_per_ha_block": 2436.6103796802431, "rates_lv_per_m2_land": 0.34391347334630962, "rates_change_%": 0.77074942738393215 }, "geometry": { "type": "Polygon", "coordinates": [ [ [ 174.777382375910037, -41.213671266217411 ], [ 174.77726050143292, -41.209169483935007 ], [ 174.771299273316032, -41.209261356346545 ], [ 174.771420739527827, -41.213763153098213 ], [ 174.777382375910037, -41.213671266217411 ] ] ] } },
{ "type": "Feature", "properties": { "block_id": "g500_1748500_5436500", "parcels": 12, "rating_units": 12, "parcel_land_m2": 147116.10299742332, "land_value": 9160000, "capital_value": 17020000, "rates_now": 51314.1086, "rates_lv": 54704.291857527031, "median_parcel_lv_m2": 105.06611252536794, "lv_per_m2_land": 62.263748246243537, "land_share_of_cv": 0.53819036427732081, "lv_per_ha_block": 366400.0, "rates_now_per_ha_block": 2052.564344, "rates_lv_per_ha_block": 2188.1716743010811, "rates_lv_per_m2_land": 0.37184435111420233, "rates_change_%": 6.606727369959664 }, "geometry": { "type": "Polygon", "coordinates": [ [ [ 174.77726050143292, -41.209169483935007 ], [ 174.77713865459512, -41.204667697825109 ], [ 174.771177834651098, -41.204759555769371 ], [ 174.771299273316032, -41.209261356346545 ], [ 174.77726050143292, -41.209169483935007 ] ] ] } },
{ "type": "Feature", "properties": { "block_id": "g500_1748500_5437000", "parcels": 6, "rating_units": 6, "parcel_land_m2": 149962.08983034099, "land_value": 5030000, "capital_value": 8221000, "rates_now": 24785.73953, "rates_lv": 30039.583847528491, "median_parcel_lv_m2": 89.410434149501157, "lv_per_m2_land": 33.541810504846062, "land_share_of_cv": 0.61184770709159475, "lv_per_ha_block": 201200.0, "rates_now_per_ha_block": 991.4295812, "rates_lv_per_ha_block": 1201.5833539011396, "rates_lv_per_m2_land": 0.20031451869945033, "rates_change_%": 21.197044821557085 }, "geometry": { "type": "Polygon", "coordinates": [ [ [ 174.77713865459512, -41.204667697825109 ], [ 174.777016835389446, -41.200165907887943 ], [ 174.771056423525835, -41.200257751366863 ], [ 174.771177834651098, -41.204759555769371 ], [ 174.77713865459512, -41.204667697825109 ] ] ] } },
{ "type": "Feature", "properties": { "block_id": "g500_1748500_5437500", "parcels": 2, "rating_units": 2, "parcel_land_m2": 447982.79168283788, "land_value": 2470000, "capital_value": 5340000, "rates_now": 16099.7262, "rates_lv": 14751.048131887746, "median_parcel_lv_m2": 5.5141176951624562, "lv_per_m2_land": 5.5136046425388292, "land_share_of_cv": 0.46254681647940077, "lv_per_ha_block": 98800.0, "rates_now_per_ha_block": 643.989048, "rates_lv_per_ha_block": 590.04192527550981, "rates_lv_per_m2_land": 0.032927711523194333, "rates_change_%": -8.3770248720891551 }, "geometry": { "type": "Polygon", "coordinates": [ [ [ 174.777016835389446, -41.200165907887943 ], [ 174.776895043808764, -41.195664114123616 ], [ 174.770935039933107, -41.195755943139169 ], [ 174.771056423525835, -41.200257751366863 ], [ 174.777016835389446, -41.200165907887943 ] ] ] } },
{ "type": "Feature", "properties": { "block_id": "g500_1748500_5439500", "parcels": 2, "rating_units": 2, "parcel_land_m2": 245689.67741800484, "land_value": 1630000, "capital_value": 2470000, "rates_now": 7446.8771, "rates_lv": 9734.4973501931272, "median_parcel_lv_m2": 6.7328795414830314, "lv_per_m2_land": 6.6343853642120862, "land_share_of_cv": 0.65991902834008098, "lv_per_ha_block": 65200.0, "rates_now_per_ha_block": 297.875084, "rates_lv_per_ha_block": 389.37989400772511, "rates_lv_per_m2_land": 0.039621108434406513, "rates_change_%": 30.719188989880443 }, "geometry": { "type": "Polygon", "coordinates": [ [ [ 174.776529834744963, -41.182158709869398 ], [ 174.776408153592598, -41.177656900798091 ], [ 174.770449780744912, -41.177748671979721 ], [ 174.770571054278832, -41.18225049550658 ], [ 174.776529834744963, -41.182158709869398 ] ] ] } },
{ "type": "Feature", "properties": { "block_id": "g500_1748500_5440500", "parcels": 2, "rating_units": 2, "parcel_land_m2": 66505.0960317102, "land_value": 1520000, "capital_value": 2820000, "rates_now": 8502.1026, "rates_lv": 9077.5680811616912, "median_parcel_lv_m2": 23.894102731378677, "lv_per_m2_land": 22.855391401513817, "land_share_of_cv": 0.53900709219858156, "lv_per_ha_block": 60800.0, "rates_now_per_ha_block": 340.084104, "rates_lv_per_ha_block": 363.10272324646763, "rates_lv_per_m2_land": 0.13649432333476264, "rates_change_%": 6.768507841362581 }, "geometry": { "type": "Polygon", "coordinates": [ [ [ 174.776286500029386, -41.173155087900426 ], [ 174.776164874048249, -41.168653271176574 ], [ 174.770207316160622, -41.168745013452991 ], [ 174.770328534707886, -41.17324684462848 ], [ 174.776286500029386, -41.173155087900426 ] ] ] } },
{ "type": "Feature", "properties": { "block_id": "g500_1748500_5441000", "parcels": 1, "rating_units": 1, "parcel_land_m2": 45437.110924553665, "land_value": 660000, "capital_value": 665000, "rates_now": 2004.92845, "rates_lv": 3941.5756141886286, "median_parcel_lv_m2": 14.525571423233778, "lv_per_m2_land": 14.525571423233778, "land_share_of_cv": 0.99248120300751874, "lv_per_ha_block": 26400.0, "rates_now_per_ha_block": 80.197138, "rates_lv_per_ha_block": 157.66302456754514, "rates_lv_per_m2_land": 0.086747936521171923, "rates_change_%": 96.594328051388985 }, "geometry": { "type": "Polygon", "coordinates": [ [ [ 174.776164874048249, -41.168653271176574 ], [ 174.776043275641996, -41.164151450626676 ], [ 174.770086125095958, -41.164243178453418 ], [ 174.770207316160622, -41.168745013452991 ], [ 174.776164874048249, -41.168653271176574 ] ] ] } },
{ "type": "Feature", "properties": { "block_id": "g500_1748500_5442500", "parcels": 1, "rating_units": 1, "parcel_land_m2": 789507.53394020395, "land_value": 1650000, "capital_value": 4290000, "rates_now": 12934.0497, "rates_lv": 9853.9390354715706, "median_parcel_lv_m2": 2.0899103923243478, "lv_per_m2_land": 2.0899103923243478, "land_share_of_cv": 0.38461538461538464, "lv_per_ha_block": 66000.0, "rates_now_per_ha_block": 517.361988, "rates_lv_per_ha_block": 394.15756141886283, "rates_lv_per_m2_land": 0.012481120967007634, "rates_change_%": -23.813969607124907 }, "geometry": { "type": "Polygon", "coordinates": [ [ [ 174.775800161525609, -41.15514779804942 ], [ 174.775678645801236, -41.15064596602236 ], [ 174.769722716726619, -41.150737650511758 ], [ 174.76984382538609, -41.155239496982645 ], [ 174.775800161525609, -41.15514779804942 ] ] ] } },
{ "type": "Feature", "properties": { "block_id": "g500_1749000_5421500", "parcels": 104, "rating_units": 109, "parcel_land_m2": 81667.148903605092, "land_value": 65440000, "capital_value": 105645000, "rates_now": 318512.27985, "rates_lv": 390813.19423106645, "median_parcel_lv_m2": 959.59995588886989, "lv_per_m2_land": 801.30139081065965, "land_share_of_cv": 0.61943300676794921, "lv_per_ha_block": 2617600.0, "rates_now_per_ha_block": 12740.491194, "rates_lv_per_ha_block": 15632.527769242657, "rates_lv_per_m2_land": 4.785439426719285, "rates_change_%": 22.699568887929789 }, "geometry": { "type": "Polygon", "coordinates": [ [ [ 174.786902279721687, -41.344128669550813 ], [ 174.7867791896239, -41.339627012907783 ], [ 174.780806112015824, -41.339719615541789 ], [ 174.78092879116312, -41.344221286759868 ], [ 174.786902279721687, -41.344128669550813 ] ] ] } },
{ "type": "Feature", "properties": { "block_id": "g500_1749000_5422000", "parcels": 120, "rating_units": 126, "parcel_land_m2": 74724.756853301806, "land_value": 78230000, "capital_value": 124755000, "rates_now": 376127.59215000004, "rates_lv": 467196.15196663095, "median_parcel_lv_m2": 1069.3391333085167, "lv_per_m2_land": 1046.9087260274346, "land_share_of_cv": 0.62706905534848301, "lv_per_ha_block": 3129200.0, "rates_now_per_ha_block": 15045.103686000002, "rates_lv_per_ha_block": 18687.846078665239, "rates_lv_per_m2_land": 6.2522271284712421, "rates_change_%": 24.212145483948611 }, "geometry": { "type": "Polygon", "coordinates": [ [ [ 174.7867791896239, -41.339627012907783 ], [ 174.786656127467637, -41.335125352430779 ], [ 174.780683460716858, -41.335217940491724 ], [ 174.780806112015824, -41.339719615541789 ], [ 174.7867791896239, -41.339627012907783 ] ] ] } },
{ "type": "Feature", "properties": { "block_id": "g500_1749000_5422500", "parcels": 142, "rating_units": 162, "parcel_land_m2": 99015.240747964825, "land_value": 93189000, "capital_value": 157559000, "rates_now": 475029.35587000003, "rates_lv": 556532.56047064264, "median_parcel_lv_m2": 1053.5118016598331, "lv_per_m2_land": 941.15814187843023, "land_share_of_cv": 0.5914546296942732, "lv_per_ha_block": 3727560.0, "rates_now_per_ha_block": 19001.174234800001, "rates_lv_per_ha_block": 22261.302418825704, "rates_lv_per_m2_land": 5.6206757289743976, "rates_change_%": 17.15750902412594 }, "geometry": { "type": "Polygon", "coordinates": [ [ [ 174.786656127467637, -41.335125352430779 ], [ 174.786533093245623, -41.330623688119971 ], [ 174.780560837259031, -41.33071626160983 ], [ 174.780683460716858, -41.335217940491724 ], [ 174.786656127467637, -41.335125352430779 ] ] ] } },
{ "type": "Feature", "properties": { "block_id": "g500_1749000_5423000", "parcels": 40, "rating_units": 41, "parcel_land_m2": 24437.127925954544, "land_value": 21350000, "capital_value": 35740000, "rates_now": 107753.5982, "rates_lv": 127503.99903473821, "median_parcel_lv_m2": 937.74153732492948, "lv_per_m2_land": 873.67059110593266, "land_share_of_cv": 0.59736989367655291, "lv_per_ha_block": 854000.0, "rates_now_per_ha_block": 4310.143928, "rates_lv_per_ha_block": 5100.1599613895287, "rates_lv_per_m2_land": 5.2176343889953163, "rates_change_%": 18.329226276119105 }, "geometry": { "type": "Polygon", "coordinates": [ [ [ 174.786533093245623, -41.330623688119971 ], [ 174.78641008695061, -41.326122019975493 ], [ 174.780438241635068, -41.326214578896241 ], [ 174.780560837259031, -41.33071626160983 ], [ 174.786533093245623, -41.330623688119971 ] ] ] } },
{ "type": "Feature", "properties": { "block_id": "g500_1749000_5424000", "parcels": 139, "rating_units": 211, "parcel_land_m2": 96317.578322246802, "land_value": 162000000, "capital_value": 258796000, "rates_now": 791778.50465600006, "rates_lv": 986504.71122024674, "median_parcel_lv_m2": 2059.2095710211256, "lv_per_m2_land": 1681.9359749473924, "land_share_of_cv": 0.62597567195783554, "lv_per_ha_block": 6480000.0, "rates_now_per_ha_block": 31671.140186240002, "rates_lv_per_ha_block": 39460.188448809873, "rates_lv_per_m2_land": 10.242208415163095, "rates_change_%": 24.593520210408883 }, "geometry": { "type": "Polygon", "coordinates": [ [ [ 174.786287108575323, -41.321620347997516 ], [ 174.786164158112513, -41.317118672186183 ], [ 174.78019313385974, -41.317211201974672 ], [ 174.780315673837691, -41.321712892351144 ], [ 174.786287108575323, -41.321620347997516 ] ] ] } },
{ "type": "Feature", "properties": { "block_id": "g500_1749000_5424500", "parcels": 455, "rating_units": 700, "parcel_land_m2": 188349.97924785895, "land_value": 418781000, "capital_value": 659998000, "rates_now": 2555672.6474390002, "rates_lv": 3160815.1779447645, "median_parcel_lv_m2": 2303.9311942045033, "lv_per_m2_land": 2223.4194114187057, "land_share_of_cv": 0.63451858945027106, "lv_per_ha_block": 16751240.0, "rates_now_per_ha_block": 102226.90589756001, "rates_lv_per_ha_block": 126432.60711779058, "rates_lv_per_m2_land": 16.781606191659268, "rates_change_%": 23.678405413626358 }, "geometry": { "type": "Polygon", "coordinates": [ [ [ 174.786164158112513, -41.317118672186183 ], [ 174.786041235554933, -41.312616992541663 ], [ 174.780070621693937, -41.312709507766989 ], [ 174.78019313385974, -41.317211201974672 ], [ 174.786164158112513, -41.317118672186183 ] ] ] } },
{ "type": "Feature", "properties": { "block_id": "g500_1749000_5425000", "parcels": 305, "rating_units": 422, "parcel_land_m2": 126544.59255225262, "land_value": 286400000, "capital_value": 434555000, "rates_now": 1311699.5652400001, "rates_lv": 1712678.5056665831, "median_parcel_lv_m2": 2701.5193830750286, "lv_per_m2_land": 2263.2338073374417, "land_share_of_cv": 0.65906502053825178, "lv_per_ha_block": 11456000.0, "rates_now_per_ha_block": 52467.982609600003, "rates_lv_per_ha_block": 68507.140226663323, "rates_lv_per_m2_land": 13.534189577949656, "rates_change_%": 30.569419328367033 }, "geometry": { "type": "Polygon", "coordinates": [ [ [ 174.786041235554933, -41.312616992541663 ], [ 174.785918340895279, -41.308115309064107 ], [ 174.779948137333065, -41.308207809728245 ], [ 174.780070621693937, -41.312709507766989 ], [ 174.786041235554933, -41.312616992541663 ] ] ] } },
{ "type": "Feature", "properties": { "block_id": "g500_1749000_5425500", "parcels": 1, "rating_units": 1, "parcel_land_m2": 238572.1569519836, "land_value": 3410000, "capital_value": 3410000, "rates_now": 10280.9113, "rates_lv": 20364.807339974581, "median_parcel_lv_m2": 14.293369534678416, "lv_per_m2_land": 14.293369534678416, "land_share_of_cv": 1.0, "lv_per_ha_block": 136400.0, "rates_now_per_ha_block": 411.236452, "rates_lv_per_ha_block": 814.59229359898325, "rates_lv_per_m2_land": 0.085361207276477447, "rates_change_%": 98.083679021475277 }, "geometry": { "type": "Polygon", "coordinates": [ [ [ 174.785918340895279, -41.308115309064107 ], [ 174.785795474126303, -41.303613621753669 ], [ 174.779825680769846, -41.303706107858609 ], [ 174.779948137333065, -41.308207809728245 ], [ 174.785918340895279, -41.308115309064107 ] ] ] } },
{ "type": "Feature", "properties": { "block_id": "g500_1749000_5426000", "parcels": 187, "rating_units": 384, "parcel_land_m2": 128689.00935713177, "land_value": 285463000, "capital_value": 469041000, "rates_now": 1830738.7587989999, "rates_lv": 2090752.0497458507, "median_parcel_lv_m2": 3305.4985284266954, "lv_per_m2_land": 2218.2391598632662, "land_share_of_cv": 0.60860990830225925, "lv_per_ha_block": 11418520.0, "rates_now_per_ha_block": 73229.550351960002, "rates_lv_per_ha_block": 83630.081989834027, "rates_lv_per_m2_land": 16.24654708424783, "rates_change_%": 14.202643042168649 }, "geometry": { "type": "Polygon", "coordinates": [ [ [ 174.785795474126303, -41.303613621753669 ], [ 174.785672635240815, -41.299111930610501 ], [ 174.77970325199712, -41.299204402158225 ], [ 174.779825680769846, -41.303706107858609 ], [ 174.785795474126303, -41.303613621753669 ] ] ] } },
{ "type": "Feature", "properties": { "block_id": "g500_1749000_5426500", "parcels": 310, "rating_units": 1258, "parcel_land_m2": 182046.54900226719, "land_value": 677946000, "capital_value": 1139929000, "rates_now": 6297303.2850590004, "rates_lv": 8618695.8202421144, "median_parcel_lv_m2": 3698.602965308276, "lv_per_m2_land": 3724.0255512427038, "land_share_of_cv": 0.59472651366883378, "lv_per_ha_block": 27117840.0, "rates_now_per_ha_block": 251892.13140236001, "rates_lv_per_ha_block": 344747.83280968457, "rates_lv_per_m2_land": 47.343362823838966, "rates_change_%": 36.863279885071698 }, "geometry": { "type": "Polygon", "coordinates": [ [ [ 174.785672635240815, -41.299111930610501 ], [ 174.785549824231509, -41.294610235634792 ], [ 174.779580851007609, -41.294702692627247 ], [ 174.77970325199712, -41.299204402158225 ], [ 174.785672635240815, -41.299111930610501 ] ] ] } },
{ "type": "Feature", "properties": { "block_id": "g500_1749000_5427000", "parcels": 153, "rating_units": 1751, "parcel_land_m2": 196493.10868393953, "land_value": 789857000, "capital_value": 1964303000, "rates_now": 16063272.681369999, "rates_lv": 12288588.779887969, "median_parcel_lv_m2": 4539.2234472781856, "lv_per_m2_land": 4019.7694732922682, "land_share_of_cv": 0.40210547965359722, "lv_per_ha_block": 31594280.0, "rates_now_per_ha_block": 642530.90725479997, "rates_lv_per_ha_block": 491543.55119551875, "rates_lv_per_m2_land": 62.539540761473958, "rates_change_%": -23.498847192327542 }, "geometry": { "type": "Polygon", "coordinates": [ [ [ 174.785549824231509, -41.294610235634792 ], [ 174.78542704109114, -41.290108536826651 ], [ 174.779458477794151, -41.290200979265848 ], [ 174.779580851007609, -41.294702692627247 ], [ 174.785549824231509, -41.294610235634792 ] ] ] } },
{ "type": "Feature", "properties": { "block_id": "g500_1749000_5427500", "parcels": 4, "rating_units": 19, "parcel_land_m2": 127709.10551348662, "land_value": 35979000, "capital_value": 71277000, "rates_now": 670264.16295000003, "rates_lv": 571868.87286039477, "median_parcel_lv_m2": 2764.0899579139832, "lv_per_m2_land": 281.72619215628652, "land_share_of_cv": 0.50477713708489413, "lv_per_ha_block": 1439160.0, "rates_now_per_ha_block": 26810.566518, "rates_lv_per_ha_block": 22874.754914415789, "rates_lv_per_m2_land": 4.4779021085540611, "rates_change_%": -14.680076233905003 }, "geometry": { "type": "Polygon", "coordinates": [ [ [ 174.78542704109114, -41.290108536826651 ], [ 174.785304285812487, -41.285606834186261 ], [ 174.779336132349471, -41.285699262074161 ], [ 174.779458477794151, -41.290200979265848 ], [ 174.78542704109114, -41.290108536826651 ] ] ] } },
{ "type": "Feature", "properties": { "block_id": "g500_1749000_5428000", "parcels": 3, "rating_units": 3, "parcel_land_m2": 47866.206674191548, "land_value": 25950000, "capital_value": 117600000, "rates_now": 1242663.6981, "rates_lv": 440381.49362162041, "median_parcel_lv_m2": 366.60747771262936, "lv_per_m2_land": 542.13612907813092, "land_share_of_cv": 0.22066326530612246, "lv_per_ha_block": 1038000.0, "rates_now_per_ha_block": 49706.547924, "rates_lv_per_ha_block": 17615.259744864816, "rates_lv_per_m2_land": 9.2002588928582227, "rates_change_%": -64.561490426174672 }, "geometry": { "type": "Polygon", "coordinates": [ [ [ 174.785304285812487, -41.285606834186261 ], [ 174.785181558388274, -41.281105127713779 ], [ 174.779213814666349, -41.281197541052364 ], [ 174.779336132349471, -41.285699262074161 ], [ 174.785304285812487, -41.285606834186261 ] ] ] } },
{ "type": "Feature", "properties": { "block_id": "g500_1749000_5428500", "parcels": 32, "rating_units": 198, "parcel_land_m2": 116826.66782672676, "land_value": 229364000, "capital_value": 694433000, "rates_now": 7247077.9903929997, "rates_lv": 4642419.4104379658, "median_parcel_lv_m2": 2451.1202308468737, "lv_per_m2_land": 1963.2846187155205, "land_share_of_cv": 0.33028960317266026, "lv_per_ha_block": 9174560.0, "rates_now_per_ha_block": 289883.11961572, "rates_lv_per_ha_block": 185696.77641751862, "rates_lv_per_m2_land": 39.737668605967947, "rates_change_%": -35.940810674424469 }, "geometry": { "type": "Polygon", "coordinates": [ [ [ 174.785181558388274, -41.281105127713779 ], [ 174.78505885881134, -41.276603417409362 ], [ 174.779091524737623, -41.276695816200601 ], [ 174.779213814666349, -41.281197541052364 ], [ 174.785181558388274, -41.281105127713779 ] ] ] } },
{ "type": "Feature", "properties": { "block_id": "g500_1749000_5429000", "parcels": 124, "rating_units": 707, "parcel_land_m2": 134354.74987294979, "land_value": 428323000, "capital_value": 848168000, "rates_now": 5070309.0826479997, "rates_lv": 4975852.8190612681, "median_parcel_lv_m2": 3523.3055679299814, "lv_per_m2_land": 3188.0004272646565, "land_share_of_cv": 0.50499783061846237, "lv_per_ha_block": 17132920.0, "rates_now_per_ha_block": 202812.36330591998, "rates_lv_per_ha_block": 199034.11276245074, "rates_lv_per_m2_land": 37.035183525454784, "rates_change_%": -1.8629291044600649 }, "geometry": { "type": "Polygon", "coordinates": [ [ [ 174.78505885881134, -41.276603417409362 ], [ 174.784936187074351, -41.272101703273151 ], [ 174.778969262556018, -41.27219408751904 ], [ 174.779091524737623, -41.276695816200601 ], [ 174.78505885881134, -41.276603417409362 ] ] ] } },
{ "type": "Feature", "properties": { "block_id": "g500_1749000_5429500", "parcels": 95, "rating_units": 244, "parcel_land_m2": 70508.735315508413, "land_value": 208172000, "capital_value": 344157000, "rates_now": 1621766.1216810001, "rates_lv": 1883707.0548167862, "median_parcel_lv_m2": 2826.7133960587757, "lv_per_m2_land": 2952.4285050424455, "land_share_of_cv": 0.60487510060815264, "lv_per_ha_block": 8326880.0, "rates_now_per_ha_block": 64870.644867240007, "rates_lv_per_ha_block": 75348.282192671453, "rates_lv_per_m2_land": 26.715938761171685, "rates_change_%": 16.151584968631472 }, "geometry": { "type": "Polygon", "coordinates": [ [ [ 174.784936187074351, -41.272101703273151 ], [ 174.784813543170145, -41.267599985305331 ], [ 174.77884702811437, -41.26769235500781 ], [ 174.778969262556018, -41.27219408751904 ], [ 174.784936187074351, -41.272101703273151 ] ] ] } },
{ "type": "Feature", "properties": { "block_id": "g500_1749000_5430000", "parcels": 175, "rating_units": 191, "parcel_land_m2": 127197.9409058906, "land_value": 165726000, "capital_value": 270491000, "rates_now": 1116548.2717210001, "rates_lv": 1286696.9016221317, "median_parcel_lv_m2": 1424.994526398639, "lv_per_m2_land": 1302.8984496110279, "land_share_of_cv": 0.61268581949122147, "lv_per_ha_block": 6629040.0, "rates_now_per_ha_block": 44661.930868840005, "rates_lv_per_ha_block": 51467.876064885269, "rates_lv_per_m2_land": 10.115705430908781, "rates_change_%": 15.238806436811881 }, "geometry": { "type": "Polygon", "coordinates": [ [ [ 174.784813543170145, -41.267599985305331 ], [ 174.784690927091447, -41.263098263506031 ], [ 174.778724821405461, -41.263190618667096 ], [ 174.77884702811437, -41.26769235500781 ], [ 174.784813543170145, -41.267599985305331 ] ] ] } },
{ "type": "Feature", "properties": { "block_id": "g500_1749000_5430500", "parcels": 237, "rating_units": 252, "parcel_land_m2": 180611.05053179845, "land_value": 161916000, "capital_value": 278568000, "rates_now": 839863.02023999998, "rates_lv": 966975.99567722122, "median_parcel_lv_m2": 981.92488709737165, "lv_per_m2_land": 896.48999617270374, "land_share_of_cv": 0.58124407685017665, "lv_per_ha_block": 6476640.0, "rates_now_per_ha_block": 33594.520809599999, "rates_lv_per_ha_block": 38679.039827088847, "rates_lv_per_m2_land": 5.3539137989066461, "rates_change_%": 15.134965151924096 }, "geometry": { "type": "Polygon", "coordinates": [ [ [ 174.784690927091447, -41.263098263506031 ], [ 174.784568338831065, -41.25859653787542 ], [ 174.778602642422072, -41.25868887849704 ], [ 174.778724821405461, -41.263190618667096 ], [ 174.784690927091447, -41.263098263506031 ] ] ] } },
{ "type": "Feature", "properties": { "block_id": "g500_1749000_5431000", "parcels": 76, "rating_units": 79, "parcel_land_m2": 133035.28263220022, "land_value": 47579000, "capital_value": 93044000, "rates_now": 313733.6158, "rates_lv": 314460.09691682161, "median_parcel_lv_m2": 476.45160487594734, "lv_per_m2_land": 357.64196578993739, "land_share_of_cv": 0.51136021667168219, "lv_per_ha_block": 1903160.0, "rates_now_per_ha_block": 12549.344632, "rates_lv_per_ha_block": 12578.403876672864, "rates_lv_per_m2_land": 2.3637345724758045, "rates_change_%": 0.23155985850260574 }, "geometry": { "type": "Polygon", "coordinates": [ [ [ 174.784568338831065, -41.25859653787542 ], [ 174.784445778381752, -41.254094808413669 ], [ 174.77848049115704, -41.254187134497805 ], [ 174.778602642422072, -41.25868887849704 ], [ 174.784568338831065, -41.25859653787542 ] ] ] } },
{ "type": "Feature", "properties": { "block_id": "g500_1749000_5431500", "parcels": 224, "rating_units": 265, "parcel_land_m2": 154760.30773683923, "land_value": 151470000, "capital_value": 260430000, "rates_now": 785178.2199, "rates_lv": 904591.60345629032, "median_parcel_lv_m2": 1002.6218154586259, "lv_per_m2_land": 978.7393306141895, "land_share_of_cv": 0.58161502131090892, "lv_per_ha_block": 6058800.0, "rates_now_per_ha_block": 31407.128796000001, "rates_lv_per_ha_block": 36183.66413825161, "rates_lv_per_m2_land": 5.8451137548427141, "rates_change_%": 15.208443195418585 }, "geometry": { "type": "Polygon", "coordinates": [ [ [ 174.784445778381752, -41.254094808413669 ], [ 174.784323245736317, -41.249593075120899 ], [ 174.778358367603147, -41.24968538666954 ], [ 174.77848049115704, -41.254187134497805 ], [ 174.784445778381752, -41.254094808413669 ] ] ] } },
{ "type": "Feature", "properties": { "block_id": "g500_1749000_5432000", "parcels": 273, "rating_units": 311, "parcel_land_m2": 183256.79507479953, "land_value": 199480000, "capital_value": 331325000, "rates_now": 1005840.9466, "rates_lv": 1202437.3619508804, "median_parcel_lv_m2": 1179.4207497209413, "lv_per_m2_land": 1088.5271671294845, "land_share_of_cv": 0.6020674564249604, "lv_per_ha_block": 7979200.0, "rates_now_per_ha_block": 40233.637864000004, "rates_lv_per_ha_block": 48097.494478035216, "rates_lv_per_m2_land": 6.5614885464961015, "rates_change_%": 19.545477445059944 }, "geometry": { "type": "Polygon", "coordinates": [ [ [ 174.784323245736317, -41.249593075120899 ], [ 174.784200740887513, -41.245091337997316 ], [ 174.778236271753201, -41.245183635012424 ], [ 174.778358367603147, -41.24968538666954 ], [ 174.784323245736317, -41.249593075120899 ] ] ] } },
{ "type": "Feature", "properties": { "block_id": "g500_1749000_5432500", "parcels": 152, "rating_units": 171, "parcel_land_m2": 112041.21038304137, "land_value": 93115000, "capital_value": 179060000, "rates_now": 539853.3658, "rates_lv": 556090.62623511232, "median_parcel_lv_m2": 927.41682718303764, "lv_per_m2_land": 831.07813349804678, "land_share_of_cv": 0.52002122193678102, "lv_per_ha_block": 3724600.0, "rates_now_per_ha_block": 21594.134632000001, "rates_lv_per_ha_block": 22243.625049404494, "rates_lv_per_m2_land": 4.9632686431534889, "rates_change_%": 3.0077168104806651 }, "geometry": { "type": "Polygon", "coordinates": [ [ [ 174.784200740887513, -41.245091337997316 ], [ 174.784078263828093, -41.240589597043034 ], [ 174.778114203599955, -41.240681879526591 ], [ 174.778236271753201, -41.245183635012424 ], [ 174.784200740887513, -41.245091337997316 ] ] ] } },
{ "type": "Feature", "properties": { "block_id": "g500_1749000_5435500", "parcels": 4, "rating_units": 4, "parcel_land_m2": 208182.21302911485, "land_value": 5090000, "capital_value": 7520000, "rates_now": 22672.2736, "rates_lv": 30397.908903363819, "median_parcel_lv_m2": 35.094850627264393, "lv_per_m2_land": 24.449735286886156, "land_share_of_cv": 0.67686170212765961, "lv_per_ha_block": 203600.0, "rates_now_per_ha_block": 906.890944, "rates_lv_per_ha_block": 1215.9163561345529, "rates_lv_per_m2_land": 0.14601587936387528, "rates_change_%": 34.075256146184742 }, "geometry": { "type": "Polygon", "coordinates": [ [ [ 174.783466295120036, -41.218080834816931 ], [ 174.783343984645768, -41.213579070881856 ], [ 174.777382375910037, -41.213671266217411 ], [ 174.777504278033632, -41.218173044672234 ], [ 174.783466295120036, -41.218080834816931 ] ] ] } },
{ "type": "Feature", "properties": { "block_id": "g500_1749000_5436000", "parcels": 5, "rating_units": 5, "parcel_land_m2": 63053.098353132227, "land_value": 4080000, "capital_value": 7710000, "rates_now": 23245.1103, "rates_lv": 24366.103796802432, "median_parcel_lv_m2": 69.307188986155396, "lv_per_m2_land": 64.707367386607132, "land_share_of_cv": 0.52918287937743191, "lv_per_ha_block": 163200.0, "rates_now_per_ha_block": 929.804412, "rates_lv_per_ha_block": 974.64415187209727, "rates_lv_per_m2_land": 0.38643785052938673, "rates_change_%": 4.8224916222592951 }, "geometry": { "type": "Polygon", "coordinates": [ [ [ 174.783343984645768, -41.213579070881856 ], [ 174.783221701910492, -41.209077303117219 ], [ 174.77726050143292, -41.209169483935007 ], [ 174.777382375910037, -41.213671266217411 ], [ 174.783343984645768, -41.213579070881856 ] ] ] } },
{ "type": "Feature", "properties": { "block_id": "g500_1749000_5436500", "parcels": 1, "rating_units": 1, "parcel_land_m2": 614171.52739657357, "land_value": 2500000, "capital_value": 2550000, "rates_now": 7688.0715, "rates_lv": 14930.210659805412, "median_parcel_lv_m2": 4.0705240938102589, "lv_per_m2_land": 4.0705240938102589, "land_share_of_cv": 0.98039215686274506, "lv_per_ha_block": 100000.0, "rates_now_per_ha_block": 307.52286, "rates_lv_per_ha_block": 597.20842639221655, "rates_lv_per_m2_land": 0.024309512886560275, "rates_change_%": 94.199685315171848 }, "geometry": { "type": "Polygon", "coordinates": [ [ [ 174.783221701910492, -41.209077303117219 ], [ 174.783099446906988, -41.204575531523155 ], [ 174.77713865459512, -41.204667697825109 ], [ 174.77726050143292, -41.209169483935007 ], [ 174.783221701910492, -41.209077303117219 ] ] ] } },
{ "type": "Feature", "properties": { "block_id": "g500_1749000_5437000", "parcels": 2, "rating_units": 2, "parcel_land_m2": 35632.306180895044, "land_value": 1960000, "capital_value": 2590000, "rates_now": 7808.6687, "rates_lv": 11705.285157287442, "median_parcel_lv_m2": 59.799085398208391, "lv_per_m2_land": 55.006262857353093, "land_share_of_cv": 0.7567567567567568, "lv_per_ha_block": 78400.0, "rates_now_per_ha_block": 312.346748, "rates_lv_per_ha_block": 468.21140629149772, "rates_lv_per_m2_land": 0.32850203682756463, "rates_change_%": 49.901162502738018 }, "geometry": { "type": "Polygon", "coordinates": [ [ [ 174.783099446906988, -41.204575531523155 ], [ 174.782977219628094, -41.20007375609984 ], [ 174.777016835389446, -41.200165907887943 ], [ 174.77713865459512, -41.204667697825109 ], [ 174.783099446906988, -41.204575531523155 ] ] ] } },
{ "type": "Feature", "properties": { "block_id": "g500_1749000_5437500", "parcels": 6, "rating_units": 6, "parcel_land_m2": 55549.892639337195, "land_value": 4900000, "capital_value": 10590000, "rates_now": 31928.1087, "rates_lv": 29263.21289321861, "median_parcel_lv_m2": 125.94723541043247, "lv_per_m2_land": 88.208991362300239, "land_share_of_cv": 0.46270066100094431, "lv_per_ha_block": 196000.0, "rates_now_per_ha_block": 1277.124348, "rates_lv_per_ha_block": 1170.5285157287444, "rates_lv_per_m2_land": 0.5267915292512394, "rates_change_%": -8.3465507832644938 }, "geometry": { "type": "Polygon", "coordinates": [ [ [ 174.782977219628094, -41.20007375609984 ], [ 174.78285502006662, -41.19557197684739 ], [ 174.776895043808764, -41.195664114123616 ], [ 174.777016835389446, -41.200165907887943 ], [ 174.782977219628094, -41.20007375609984 ] ] ] } },
{ "type": "Feature", "properties": { "block_id": "g500_1749000_5438000", "parcels": 1, "rating_units": 1, "parcel_land_m2": 393585.43814074597, "land_value": 1460000, "capital_value": 1980000, "rates_now": 5969.5614, "rates_lv": 8719.2430253263592, "median_parcel_lv_m2": 3.7094868318728413, "lv_per_m2_land": 3.7094868318728413, "land_share_of_cv": 0.73737373737373735, "lv_per_ha_block": 58400.0, "rates_now_per_ha_block": 238.782456, "rates_lv_per_ha_block": 348.76972101305438, "rates_lv_per_m2_land": 0.022153367935854276, "rates_change_%": 46.061702712804966 }, "geometry": { "type": "Polygon", "coordinates": [ [ [ 174.78285502006662, -41.19557197684739 ], [ 174.782732848215346, -41.191070193766016 ], [ 174.776773279845884, -41.191162316532321 ], [ 174.776895043808764, -41.195664114123616 ], [ 174.78285502006662, -41.19557197684739 ] ] ] } },
{ "type": "Feature", "properties": { "block_id": "g500_1749000_5439000", "parcels": 1, "rating_units": 1, "parcel_land_m2": 8458.8745760937036, "land_value": 630000, "capital_value": 2250000, "rates_now": 6783.5925, "rates_lv": 3762.413086270964, "median_parcel_lv_m2": 74.477992826669038, "lv_per_m2_land": 74.477992826669038, "land_share_of_cv": 0.28, "lv_per_ha_block": 25200.0, "rates_now_per_ha_block": 271.3437, "rates_lv_per_ha_block": 150.49652345083857, "rates_lv_per_m2_land": 0.44478884896865806, "rates_change_%": -44.53656987398692 }, "geometry": { "type": "Polygon", "coordinates": [ [ [ 174.78261070406711, -41.186568406855855 ], [ 174.78248858761475, -41.182066616117041 ], [ 174.776529834744963, -41.182158709869398 ], [ 174.776651543493671, -41.186660515114198 ], [ 174.78261070406711, -41.186568406855855 ] ] ] } },
{ "type": "Feature", "properties": { "block_id": "g500_1749000_5439500", "parcels": 2, "rating_units": 2, "parcel_land_m2": 78686.157802533344, "land_value": 981500, "capital_value": 991500, "rates_now": 2989.303095, "rates_lv": 5861.6007050396047, "median_parcel_lv_m2": 6.7283014014081717, "lv_per_m2_land": 12.473604346816895, "land_share_of_cv": 0.98991427130610188, "lv_per_ha_block": 39260.0, "rates_now_per_ha_block": 119.5721238, "rates_lv_per_ha_block": 234.4640282015842, "rates_lv_per_m2_land": 0.074493416234016285, "rates_change_%": 96.085860776175466 }, "geometry": { "type": "Polygon", "coordinates": [ [ [ 174.78248858761475, -41.182066616117041 ], [ 174.782366498851019, -41.177564821549765 ], [ 174.776408153592598, -41.177656900798091 ], [ 174.776529834744963, -41.182158709869398 ], [ 174.78248858761475, -41.182066616117041 ] ] ] } },
{ "type": "Feature", "properties": { "block_id": "g500_1749500_5421500", "parcels": 22, "rating_units": 37, "parcel_land_m2": 45049.014922687034, "land_value": 22240000, "capital_value": 34260000, "rates_now": 115615.932654, "rates_lv": 156957.72141597595, "median_parcel_lv_m2": 746.48165239676428, "lv_per_m2_land": 493.6844909520932, "land_share_of_cv": 0.64915353181552826, "lv_per_ha_block": 889600.0, "rates_now_per_ha_block": 4624.6373061599998, "rates_lv_per_ha_block": 6278.3088566390379, "rates_lv_per_m2_land": 3.4841543524391434, "rates_change_%": 35.757864693007456 }, "geometry": { "type": "Polygon", "coordinates": [ [ [ 174.792875740331453, -41.344035742480855 ], [ 174.792752239290422, -41.339534100461613 ], [ 174.7867791896239, -41.339627012907783 ], [ 174.786902279721687, -41.344128669550813 ], [ 174.792875740331453, -41.344035742480855 ] ] ] } },
{ "type": "Feature", "properties": { "block_id": "g500_1749500_5422000", "parcels": 223, "rating_units": 229, "parcel_land_m2": 136934.49131236292, "land_value": 137876000, "capital_value": 222834000, "rates_now": 671828.91162000003, "rates_lv": 823407.08997253235, "median_parcel_lv_m2": 1091.7551775406941, "lv_per_m2_land": 1006.875613869185, "land_share_of_cv": 0.61873861259951357, "lv_per_ha_block": 5515040.0, "rates_now_per_ha_block": 26873.156464800002, "rates_lv_per_ha_block": 32936.283598901297, "rates_lv_per_m2_land": 6.013146009315129, "rates_change_%": 22.562020736354981 }, "geometry": { "type": "Polygon", "coordinates": [ [ [ 174.792752239290422, -41.339534100461613 ], [ 174.792628766284082, -41.335032454606392 ], [ 174.786656127467637, -41.335125352430779 ], [ 174.7867791896239, -41.339627012907783 ], [ 174.792752239290422, -41.339534100461613 ] ] ] } },
{ "type": "Feature", "properties": { "block_id": "g500_1749500_5422500", "parcels": 188, "rating_units": 203, "parcel_land_m2": 127135.04799324238, "land_value": 133980000, "capital_value": 213656000, "rates_now": 646192.96183000004, "rates_lv": 803364.77518280956, "median_parcel_lv_m2": 1262.4176132134012, "lv_per_m2_land": 1053.8400080449999, "land_share_of_cv": 0.62708278728423261, "lv_per_ha_block": 5359200.0, "rates_now_per_ha_block": 25847.718473200002, "rates_lv_per_ha_block": 32134.591007312381, "rates_lv_per_m2_land": 6.318987469336629, "rates_change_%": 24.322736804143364 }, "geometry": { "type": "Polygon", "coordinates": [ [ [ 174.792628766284082, -41.335032454606392 ], [ 174.792505321305214, -41.330530804915369 ], [ 174.786533093245623, -41.330623688119971 ], [ 174.786656127467637, -41.335125352430779 ], [ 174.792628766284082, -41.335032454606392 ] ] ] } },
{ "type": "Feature", "properties": { "block_id": "g500_1749500_5423000", "parcels": 245, "rating_units": 363, "parcel_land_m2": 231563.02597955352, "land_value": 180776500, "capital_value": 304261500, "rates_now": 920094.82993500005, "rates_lv": 1084369.2560531392, "median_parcel_lv_m2": 1029.2084234570327, "lv_per_m2_land": 780.67946830148151, "land_share_of_cv": 0.59414845453664034, "lv_per_ha_block": 7231060.0, "rates_now_per_ha_block": 36803.793197400002, "rates_lv_per_ha_block": 43374.770242125567, "rates_lv_per_m2_land": 4.6828255567401618, "rates_change_%": 17.854075555423378 }, "geometry": { "type": "Polygon", "coordinates": [ [ [ 174.792505321305214, -41.330530804915369 ], [ 174.792381904346456, -41.32602915138871 ], [ 174.78641008695061, -41.326122019975493 ], [ 174.786533093245623, -41.330623688119971 ], [ 174.792505321305214, -41.330530804915369 ] ] ] } },
{ "type": "Feature", "properties": { "block_id": "g500_1749500_5423500", "parcels": 299, "rating_units": 311, "parcel_land_m2": 175590.39237339911, "land_value": 192065000, "capital_value": 306310000, "rates_now": 923503.2083000001, "rates_lv": 1147028.3641502105, "median_parcel_lv_m2": 1250.6601274859654, "lv_per_m2_land": 1093.8240834473852, "land_share_of_cv": 0.6270281740720185, "lv_per_ha_block": 7682600.0, "rates_now_per_ha_block": 36940.128332, "rates_lv_per_ha_block": 45881.134566008419, "rates_lv_per_m2_land": 6.5324095962552127, "rates_change_%": 24.204047570303434 }, "geometry": { "type": "Polygon", "coordinates": [ [ [ 174.792381904346456, -41.32602915138871 ], [ 174.792258515400476, -41.32152749402654 ], [ 174.786287108575323, -41.321620347997516 ], [ 174.78641008695061, -41.326122019975493 ], [ 174.792381904346456, -41.32602915138871 ] ] ] } },
{ "type": "Feature", "properties": { "block_id": "g500_1749500_5424000", "parcels": 179, "rating_units": 195, "parcel_land_m2": 131708.44352273943, "land_value": 135488000, "capital_value": 208489000, "rates_now": 628579.74077000003, "rates_lv": 809145.75275028625, "median_parcel_lv_m2": 1393.0798053180724, "lv_per_m2_land": 1028.696387081729, "land_share_of_cv": 0.64985682697888136, "lv_per_ha_block": 5419520.0, "rates_now_per_ha_block": 25143.1896308, "rates_lv_per_ha_block": 32365.830110011451, "rates_lv_per_m2_land": 6.1434615056443773, "rates_change_%": 28.726031125199135 }, "geometry": { "type": "Polygon", "coordinates": [ [ [ 174.792258515400476, -41.32152749402654 ], [ 174.792135154460084, -41.317025832829053 ], [ 174.786164158112513, -41.317118672186183 ], [ 174.786287108575323, -41.321620347997516 ], [ 174.792258515400476, -41.32152749402654 ] ] ] } },
{ "type": "Feature", "properties": { "block_id": "g500_1749500_5424500", "parcels": 231, "rating_units": 282, "parcel_land_m2": 132878.67947423356, "land_value": 194945000, "capital_value": 297353000, "rates_now": 896498.48028999998, "rates_lv": 1164227.9668303065, "median_parcel_lv_m2": 1626.2821044615343, "lv_per_m2_land": 1467.0901364413521, "land_share_of_cv": 0.65560125507393574, "lv_per_ha_block": 7797800.0, "rates_now_per_ha_block": 35859.939211600002, "rates_lv_per_ha_block": 46569.118673212259, "rates_lv_per_m2_land": 8.76158591759682, "rates_change_%": 29.863908576141828 }, "geometry": { "type": "Polygon", "coordinates": [ [ [ 174.792135154460084, -41.317025832829053 ], [ 174.792011821517946, -41.312524167796361 ], [ 174.786041235554933, -41.312616992541663 ], [ 174.786164158112513, -41.317118672186183 ], [ 174.792135154460084, -41.317025832829053 ] ] ] } },
{ "type": "Feature", "properties": { "block_id": "g500_1749500_5425000", "parcels": 131, "rating_units": 147, "parcel_land_m2": 60052.322875499252, "land_value": 113000000, "capital_value": 167410000, "rates_now": 504729.4313, "rates_lv": 674845.52182320459, "median_parcel_lv_m2": 2205.4299664236728, "lv_per_m2_land": 1881.6924073740181, "land_share_of_cv": 0.67498954662206556, "lv_per_ha_block": 4520000.0, "rates_now_per_ha_block": 20189.177252000001, "rates_lv_per_ha_block": 26993.820872928183, "rates_lv_per_m2_land": 11.237625615620187, "rates_change_%": 33.704412695936355 }, "geometry": { "type": "Polygon", "coordinates": [ [ [ 174.792011821517946, -41.312524167796361 ], [ 174.791888516566786, -41.308022498928665 ], [ 174.785918340895279, -41.308115309064107 ], [ 174.786041235554933, -41.312616992541663 ], [ 174.792011821517946, -41.312524167796361 ] ] ] } },
{ "type": "Feature", "properties": { "block_id": "g500_1749500_5426000", "parcels": 124, "rating_units": 160, "parcel_land_m2": 43951.471572558949, "land_value": 142155000, "capital_value": 206755000, "rates_now": 623351.85215000005, "rates_lv": 848961.63853785535, "median_parcel_lv_m2": 3662.4384428640242, "lv_per_m2_land": 3234.362693984388, "land_share_of_cv": 0.68755290077628106, "lv_per_ha_block": 5686200.0, "rates_now_per_ha_block": 24934.074086000001, "rates_lv_per_ha_block": 33958.465541514212, "rates_lv_per_m2_land": 19.315886548561064, "rates_change_%": 36.193008107653114 }, "geometry": { "type": "Polygon", "coordinates": [ [ [ 174.791765239599329, -41.303520826226098 ], [ 174.791641990608298, -41.299019149688831 ], [ 174.785672635240815, -41.299111930610501 ], [ 174.785795474126303, -41.303613621753669 ], [ 174.791765239599329, -41.303520826226098 ] ] ] } },
{ "type": "Feature", "properties": { "block_id": "g500_1749500_5426500", "parcels": 369, "rating_units": 507, "parcel_land_m2": 132881.68063768317, "land_value": 423826000, "capital_value": 651786000, "rates_now": 1973701.614018, "rates_lv": 2543201.931248005, "median_parcel_lv_m2": 3570.9865704688718, "lv_per_m2_land": 3189.4990939767627, "land_share_of_cv": 0.65025330399855163, "lv_per_ha_block": 16953040.0, "rates_now_per_ha_block": 78948.064560719999, "rates_lv_per_ha_block": 101728.0772499202, "rates_lv_per_m2_land": 19.138845317454486, "rates_change_%": 28.854428307966671 }, "geometry": { "type": "Polygon", "coordinates": [ [ [ 174.791641990608298, -41.299019149688831 ], [ 174.791518769586418, -41.294517469317007 ], [ 174.785549824231509, -41.294610235634792 ], [ 174.785672635240815, -41.299111930610501 ], [ 174.791641990608298, -41.299019149688831 ] ] ] } },
{ "type": "Feature", "properties": { "block_id": "g500_1749500_5427000", "parcels": 309, "rating_units": 562, "parcel_land_m2": 148456.22592322933, "land_value": 588988000, "capital_value": 911204000, "rates_now": 3029912.9961280003, "rates_lv": 3983939.1911231871, "median_parcel_lv_m2": 4207.1053282935109, "lv_per_m2_land": 3967.4186537961796, "land_share_of_cv": 0.64638434423027114, "lv_per_ha_block": 23559520.0, "rates_now_per_ha_block": 121196.51984512001, "rates_lv_per_ha_block": 159357.56764492748, "rates_lv_per_m2_land": 26.835783857144449, "rates_change_%": 31.486917156181061 }, "geometry": { "type": "Polygon", "coordinates": [ [ [ 174.791518769586418, -41.294517469317007 ], [ 174.791395576526412, -41.290015785110789 ], [ 174.78542704109114, -41.290108536826651 ], [ 174.785549824231509, -41.294610235634792 ], [ 174.791518769586418, -41.294517469317007 ] ] ] } },
{ "type": "Feature", "properties": { "block_id": "g500_1749500_5427500", "parcels": 1, "rating_units": 201, "parcel_land_m2": 4632.6339007800661, "land_value": 95326000, "capital_value": 211315000, "rates_now": 637099.93295000005, "rates_lv": 569294.90454264428, "median_parcel_lv_m2": 20577.063079374464, "lv_per_m2_land": 20577.063079374464, "land_share_of_cv": 0.45110853465205974, "lv_per_ha_block": 3813040.0, "rates_now_per_ha_block": 25483.997318000002, "rates_lv_per_ha_block": 22771.796181705769, "rates_lv_per_m2_land": 122.88795461406599, "rates_change_%": -10.642761818133351 }, "geometry": { "type": "Polygon", "coordinates": [ [ [ 174.791395576526412, -41.290015785110789 ], [ 174.791272411421033, -41.28551409707034 ], [ 174.785304285812487, -41.285606834186261 ], [ 174.78542704109114, -41.290108536826651 ], [ 174.791395576526412, -41.290015785110789 ] ] ] } },
{ "type": "Feature", "properties": { "block_id": "g500_1749500_5428500", "parcels": 3, "rating_units": 3, "parcel_land_m2": 38174.356368786262, "land_value": 14500000, "capital_value": 21100000, "rates_now": 235375.5851, "rates_lv": 320402.32075942412, "median_parcel_lv_m2": 580.13766021856793, "lv_per_m2_land": 379.83613554401944, "land_share_of_cv": 0.6872037914691943, "lv_per_ha_block": 580000.0, "rates_now_per_ha_block": 9415.023404, "rates_lv_per_ha_block": 12816.092830376965, "rates_lv_per_m2_land": 8.3931296094203454, "rates_change_%": 36.12385525172472 }, "geometry": { "type": "Polygon", "coordinates": [ [ [ 174.791149274263006, -41.281012405195803 ], [ 174.791026165045054, -41.276510709487354 ], [ 174.78505885881134, -41.276603417409362 ], [ 174.785181558388274, -41.281105127713779 ], [ 174.791149274263006, -41.281012405195803 ] ] ] } },
{ "type": "Feature", "properties": { "block_id": "g500_1749500_5429000", "parcels": 1, "rating_units": 1, "parcel_land_m2": 64805.282587245209, "land_value": 25500000, "capital_value": 108900000, "rates_now": 1214805.7449, "rates_lv": 563466.15030105622, "median_parcel_lv_m2": 393.48644094978204, "lv_per_m2_land": 393.48644094978204, "land_share_of_cv": 0.23415977961432508, "lv_per_ha_block": 1020000.0, "rates_now_per_ha_block": 48592.229796, "rates_lv_per_ha_block": 22538.646012042249, "rates_lv_per_m2_land": 8.6947564736328466, "rates_change_%": -53.616769375136641 }, "geometry": { "type": "Polygon", "coordinates": [ [ [ 174.791026165045054, -41.276510709487354 ], [ 174.790903083759929, -41.272009009945144 ], [ 174.784936187074351, -41.272101703273151 ], [ 174.78505885881134, -41.276603417409362 ], [ 174.791026165045054, -41.276510709487354 ] ] ] } },
{ "type": "Feature", "properties": { "block_id": "g500_1749500_5429500", "parcels": 1, "rating_units": 2, "parcel_land_m2": 469398.93507028947, "land_value": 47950000, "capital_value": 65880000, "rates_now": 734907.27708000003, "rates_lv": 1059537.3296837509, "median_parcel_lv_m2": 102.15191475204304, "lv_per_m2_land": 102.15191475204304, "land_share_of_cv": 0.72783849423193681, "lv_per_ha_block": 1918000.0, "rates_now_per_ha_block": 29396.291083200002, "rates_lv_per_ha_block": 42381.493187350032, "rates_lv_per_m2_land": 2.2572214176947205, "rates_change_%": 44.172926670912858 }, "geometry": { "type": "Polygon", "coordinates": [ [ [ 174.790903083759929, -41.272009009945144 ], [ 174.790780030400384, -41.267507306569328 ], [ 174.784813543170145, -41.267599985305331 ], [ 174.784936187074351, -41.272101703273151 ], [ 174.790903083759929, -41.272009009945144 ] ] ] } },
{ "type": "Feature", "properties": { "block_id": "g500_1749500_5430000", "parcels": 2, "rating_units": 2, "parcel_land_m2": 6249.767286180595, "land_value": 4890000, "capital_value": 6600000, "rates_now": 73624.5906, "rates_lv": 108052.92058714373, "median_parcel_lv_m2": 764.9696312519161, "lv_per_m2_land": 782.42913313151757, "land_share_of_cv": 0.74090909090909096, "lv_per_ha_block": 195600.0, "rates_now_per_ha_block": 2944.983624, "rates_lv_per_ha_block": 4322.1168234857496, "rates_lv_per_m2_land": 17.289111040353287, "rates_change_%": 46.761998547729419 }, "geometry": { "type": "Polygon", "coordinates": [ [ [ 174.790780030400384, -41.267507306569328 ], [ 174.790657004959144, -41.263005599360056 ], [ 174.784690927091447, -41.263098263506031 ], [ 174.784813543170145, -41.267599985305331 ], [ 174.790780030400384, -41.267507306569328 ] ] ] } },
{ "type": "Feature", "properties": { "block_id": "g500_1749500_5430500", "parcels": 108, "rating_units": 144, "parcel_land_m2": 100027.31353907943, "land_value": 90809000, "capital_value": 161392000, "rates_now": 891362.54703500005, "rates_lv": 1022929.6475627607, "median_parcel_lv_m2": 1086.196767160603, "lv_per_m2_land": 907.84203621066013, "land_share_of_cv": 0.56266109844354117, "lv_per_ha_block": 3632360.0, "rates_now_per_ha_block": 35654.5018814, "rates_lv_per_ha_block": 40917.185902510428, "rates_lv_per_m2_land": 10.226503255664412, "rates_change_%": 14.760223095013503 }, "geometry": { "type": "Polygon", "coordinates": [ [ [ 174.790657004959144, -41.263005599360056 ], [ 174.790534007428988, -41.258503888317499 ], [ 174.784568338831065, -41.25859653787542 ], [ 174.784690927091447, -41.263098263506031 ], [ 174.790657004959144, -41.263005599360056 ] ] ] } },
{ "type": "Feature", "properties": { "block_id": "g500_1749500_5431000", "parcels": 125, "rating_units": 132, "parcel_land_m2": 178791.22762542794, "land_value": 134075000, "capital_value": 229325000, "rates_now": 842605.09907500003, "rates_lv": 1001781.3027673597, "median_parcel_lv_m2": 1378.5761468632127, "lv_per_m2_land": 749.89697078925178, "land_share_of_cv": 0.58465060503652022, "lv_per_ha_block": 5363000.0, "rates_now_per_ha_block": 33704.203963, "rates_lv_per_ha_block": 40071.25211069439, "rates_lv_per_m2_land": 5.6030786077833543, "rates_change_%": 18.890961361033899 }, "geometry": { "type": "Polygon", "coordinates": [ [ [ 174.790534007428988, -41.258503888317499 ], [ 174.790411037802613, -41.254002173441805 ], [ 174.784445778381752, -41.254094808413669 ], [ 174.784568338831065, -41.25859653787542 ], [ 174.790534007428988, -41.258503888317499 ] ] ] } },
{ "type": "Feature", "properties": { "block_id": "g500_1749500_5431500", "parcels": 265, "rating_units": 281, "parcel_land_m2": 213966.81410320278, "land_value": 218130000, "capital_value": 369750000, "rates_now": 1114770.3675, "rates_lv": 1302690.7404893418, "median_parcel_lv_m2": 1323.9225445248978, "lv_per_m2_land": 1019.4571570093538, "land_share_of_cv": 0.58993914807302228, "lv_per_ha_block": 8725200.0, "rates_now_per_ha_block": 44590.8147, "rates_lv_per_ha_block": 52107.629619573672, "rates_lv_per_m2_land": 6.0882840451183888, "rates_change_%": 16.857316849099146 }, "geometry": { "type": "Polygon", "coordinates": [ [ [ 174.790411037802613, -41.254002173441805 ], [ 174.790288096072828, -41.249500454733145 ], [ 174.784323245736317, -41.249593075120899 ], [ 174.784445778381752, -41.254094808413669 ], [ 174.790411037802613, -41.254002173441805 ] ] ] } },
{ "type": "Feature", "properties": { "block_id": "g500_1749500_5432000", "parcels": 257, "rating_units": 278, "parcel_land_m2": 174690.64430099123, "land_value": 228278000, "capital_value": 381260000, "rates_now": 1149472.2118, "rates_lv": 1363295.4515996238, "median_parcel_lv_m2": 1407.5871338138984, "lv_per_m2_land": 1306.7557276088467, "land_share_of_cv": 0.59874626239311757, "lv_per_ha_block": 9131120.0, "rates_now_per_ha_block": 45978.888472, "rates_lv_per_ha_block": 54531.818063984952, "rates_lv_per_m2_land": 7.8040553176429501, "rates_change_%": 18.601862455186314 }, "geometry": { "type": "Polygon", "coordinates": [ [ [ 174.790288096072828, -41.249500454733145 ], [ 174.790165182232386, -41.244998732191654 ], [ 174.784200740887513, -41.245091337997316 ], [ 174.784323245736317, -41.249593075120899 ], [ 174.790288096072828, -41.249500454733145 ] ] ] } },
{ "type": "Feature", "properties": { "block_id": "g500_1749500_5432500", "parcels": 103, "rating_units": 109, "parcel_land_m2": 91222.396536340311, "land_value": 94415000, "capital_value": 160595000, "rates_now": 484182.68335000001, "rates_lv": 563854.33577821124, "median_parcel_lv_m2": 1221.8453780850605, "lv_per_m2_land": 1034.9980222498084, "land_share_of_cv": 0.58790746909928704, "lv_per_ha_block": 3776600.0, "rates_now_per_ha_block": 19367.307334000001, "rates_lv_per_ha_block": 22554.173431128449, "rates_lv_per_m2_land": 6.1810954018686441, "rates_change_%": 16.454874403391084 }, "geometry": { "type": "Polygon", "coordinates": [ [ [ 174.790165182232386, -41.244998732191654 ], [ 174.790042296274009, -41.240497005817502 ], [ 174.784078263828093, -41.240589597043034 ], [ 174.784200740887513, -41.245091337997316 ], [ 174.790165182232386, -41.244998732191654 ] ] ] } },
{ "type": "Feature", "properties": { "block_id": "g500_1749500_5435000", "parcels": 4, "rating_units": 4, "parcel_land_m2": 1459.6041147453545, "land_value": 1465000, "capital_value": 2770000, "rates_now": 8351.3561, "rates_lv": 8749.1034466459714, "median_parcel_lv_m2": 1358.7472365646809, "lv_per_m2_land": 1003.6968142252647, "land_share_of_cv": 0.52888086642599275, "lv_per_ha_block": 58600.0, "rates_now_per_ha_block": 334.054244, "rates_lv_per_ha_block": 349.96413786583884, "rates_lv_per_m2_land": 5.9941619499835115, "rates_change_%": 4.7626677857261157 }, "geometry": { "type": "Polygon", "coordinates": [ [ [ 174.789551031116702, -41.222490061997512 ], [ 174.789428284460257, -41.217988316462453 ], [ 174.783466295120036, -41.218080834816931 ], [ 174.783588633340486, -41.222582594922251 ], [ 174.789551031116702, -41.222490061997512 ] ] ] } },
{ "type": "Feature", "properties": { "block_id": "g500_1749500_5435500", "parcels": 3, "rating_units": 3, "parcel_land_m2": 168721.01887689717, "land_value": 3550000, "capital_value": 6890000, "rates_now": 20772.8677, "rates_lv": 21200.899136923683, "median_parcel_lv_m2": 24.660816660838364, "lv_per_m2_land": 21.040650558127339, "land_share_of_cv": 0.51523947750362842, "lv_per_ha_block": 142000.0, "rates_now_per_ha_block": 830.914708, "rates_lv_per_ha_block": 848.03596547694735, "rates_lv_per_m2_land": 0.1256565381008774, "rates_change_%": 2.0605312810213716 }, "geometry": { "type": "Polygon", "coordinates": [ [ [ 174.789428284460257, -41.217988316462453 ], [ 174.789305565642536, -41.213486567095671 ], [ 174.783343984645768, -41.213579070881856 ], [ 174.783466295120036, -41.218080834816931 ], [ 174.789428284460257, -41.217988316462453 ] ] ] } },
{ "type": "Feature", "properties": { "block_id": "g500_1749500_5436000", "parcels": 4, "rating_units": 4, "parcel_land_m2": 60966.892160427313, "land_value": 3740000, "capital_value": 6950000, "rates_now": 20953.7635, "rates_lv": 22335.595147068896, "median_parcel_lv_m2": 60.017644681555609, "lv_per_m2_land": 61.344770374035527, "land_share_of_cv": 0.53812949640287766, "lv_per_ha_block": 149600.0, "rates_now_per_ha_block": 838.15054, "rates_lv_per_ha_block": 893.4238058827558, "rates_lv_per_m2_land": 0.36635613782469617, "rates_change_%": 6.594670437455763 }, "geometry": { "type": "Polygon", "coordinates": [ [ [ 174.789305565642536, -41.213486567095671 ], [ 174.789182874656262, -41.208984813897338 ], [ 174.783221701910492, -41.209077303117219 ], [ 174.783343984645768, -41.213579070881856 ], [ 174.789305565642536, -41.213486567095671 ] ] ] } },
{ "type": "Feature", "properties": { "block_id": "g500_1749500_5436500", "parcels": 1, "rating_units": 1, "parcel_land_m2": 391099.6447686234, "land_value": 1660000, "capital_value": 2520000, "rates_now": 7597.6236, "rates_lv": 9913.6598781107932, "median_parcel_lv_m2": 4.2444426176404857, "lv_per_m2_land": 4.2444426176404857, "land_share_of_cv": 0.65873015873015872, "lv_per_ha_block": 66400.0, "rates_now_per_ha_block": 303.904944, "rates_lv_per_ha_block": 396.54639512443174, "rates_lv_per_m2_land": 0.025348168965931346, "rates_change_%": 30.483693323670202 }, "geometry": { "type": "Polygon", "coordinates": [ [ [ 174.789182874656262, -41.208984813897338 ], [ 174.789060211494274, -41.204483056867602 ], [ 174.783099446906988, -41.204575531523155 ], [ 174.783221701910492, -41.209077303117219 ], [ 174.789182874656262, -41.208984813897338 ] ] ] } },
{ "type": "Feature", "properties": { "block_id": "g500_1749500_5437000", "parcels": 2, "rating_units": 2, "parcel_land_m2": 344718.25123661687, "land_value": 2260000, "capital_value": 3780000, "rates_now": 11396.4354, "rates_lv": 13496.910436464092, "median_parcel_lv_m2": 13.69398331253454, "lv_per_m2_land": 6.5560787451567837, "land_share_of_cv": 0.59788359788359791, "lv_per_ha_block": 90400.0, "rates_now_per_ha_block": 455.857416, "rates_lv_per_ha_block": 539.87641745856365, "rates_lv_per_m2_land": 0.039153454706985398, "rates_change_%": 18.430982695379416 }, "geometry": { "type": "Polygon", "coordinates": [ [ [ 174.789060211494274, -41.204483056867602 ], [ 174.788937576149351, -41.199981296006648 ], [ 174.782977219628094, -41.20007375609984 ], [ 174.783099446906988, -41.204575531523155 ], [ 174.789060211494274, -41.204483056867602 ] ] ] } },
{ "type": "Feature", "properties": { "block_id": "g500_1749500_5437500", "parcels": 2, "rating_units": 2, "parcel_land_m2": 32611.244260043721, "land_value": 1560000, "capital_value": 2390000, "rates_now": 7205.6827, "rates_lv": 9316.4514517185762, "median_parcel_lv_m2": 53.80750978918627, "lv_per_m2_land": 47.836261246595825, "land_share_of_cv": 0.65271966527196656, "lv_per_ha_block": 62400.0, "rates_now_per_ha_block": 288.227308, "rates_lv_per_ha_block": 372.65805806874306, "rates_lv_per_m2_land": 0.28568218303566456, "rates_change_%": 29.293112666736974 }, "geometry": { "type": "Polygon", "coordinates": [ [ [ 174.788937576149351, -41.199981296006648 ], [ 174.788814968614247, -41.195479531314611 ], [ 174.78285502006662, -41.19557197684739 ], [ 174.782977219628094, -41.20007375609984 ], [ 174.788937576149351, -41.199981296006648 ] ] ] } },
{ "type": "Feature", "properties": { "block_id": "g500_1749500_5438000", "parcels": 4, "rating_units": 4, "parcel_land_m2": 240067.19865533506, "land_value": 3410000, "capital_value": 6340000, "rates_now": 19114.6562, "rates_lv": 20364.807339974581, "median_parcel_lv_m2": 45.019923415846733, "lv_per_m2_land": 14.204356193182992, "land_share_of_cv": 0.53785488958990535, "lv_per_ha_block": 136400.0, "rates_now_per_ha_block": 764.586248, "rates_lv_per_ha_block": 814.59229359898325, "rates_lv_per_m2_land": 0.084829612100453478, "rates_change_%": 6.5402753096578392 }, "geometry": { "type": "Polygon", "coordinates": [ [ [ 174.788814968614247, -41.195479531314611 ], [ 174.788692388881742, -41.190977762791647 ], [ 174.782732848215346, -41.191070193766016 ], [ 174.78285502006662, -41.19557197684739 ], [ 174.788814968614247, -41.195479531314611 ] ] ] } },
{ "type": "Feature", "properties": { "block_id": "g500_1749500_5438500", "parcels": 2, "rating_units": 2, "parcel_land_m2": 369226.4438029282, "land_value": 2100000, "capital_value": 2830000, "rates_now": 8532.2519, "rates_lv": 12541.376954236546, "median_parcel_lv_m2": 22.932862817274092, "lv_per_m2_land": 5.6875666281390691, "land_share_of_cv": 0.74204946996466437, "lv_per_ha_block": 84000.0, "rates_now_per_ha_block": 341.290076, "rates_lv_per_ha_block": 501.65507816946183, "rates_lv_per_m2_land": 0.033966627159918182, "rates_change_%": 46.987889026536408 }, "geometry": { "type": "Polygon", "coordinates": [ [ [ 174.788692388881742, -41.190977762791647 ], [ 174.788569836944703, -41.186475990437941 ], [ 174.78261070406711, -41.186568406855855 ], [ 174.782732848215346, -41.191070193766016 ], [ 174.788692388881742, -41.190977762791647 ] ] ] } },
{ "type": "Feature", "properties": { "block_id": "g500_1749500_5439000", "parcels": 4, "rating_units": 4, "parcel_land_m2": 1085428.7291285906, "land_value": 3910000, "capital_value": 7330000, "rates_now": 22099.4369, "rates_lv": 23350.849471935664, "median_parcel_lv_m2": 3.6358121723699486, "lv_per_m2_land": 3.6022632302528477, "land_share_of_cv": 0.5334242837653479, "lv_per_ha_block": 156400.0, "rates_now_per_ha_block": 883.977476, "rates_lv_per_ha_block": 934.03397887742653, "rates_lv_per_m2_land": 0.021513019551898459, "rates_change_%": 5.6626446076355252 }, "geometry": { "type": "Polygon", "coordinates": [ [ [ 174.788569836944703, -41.186475990437941 ], [ 174.788447312795853, -41.181974214253621 ], [ 174.78248858761475, -41.182066616117041 ], [ 174.78261070406711, -41.186568406855855 ], [ 174.788569836944703, -41.186475990437941 ] ] ] } },
{ "type": "Feature", "properties": { "block_id": "g500_1749500_5440000", "parcels": 1, "rating_units": 1, "parcel_land_m2": 530788.22339923005, "land_value": 1030000, "capital_value": 1050000, "rates_now": 3165.6765, "rates_lv": 6151.2467918398297, "median_parcel_lv_m2": 1.9405102724468135, "lv_per_m2_land": 1.9405102724468135, "land_share_of_cv": 0.98095238095238091, "lv_per_ha_block": 41200.0, "rates_now_per_ha_block": 126.62706, "rates_lv_per_ha_block": 246.0498716735932, "rates_lv_per_m2_land": 0.011588890862058927, "rates_change_%": 94.310656563923374 }, "geometry": { "type": "Polygon", "coordinates": [ [ [ 174.788324816428002, -41.177472434238851 ], [ 174.788202347833959, -41.172970650393815 ], [ 174.782244437768838, -41.173063023154171 ], [ 174.782366498851019, -41.177564821549765 ], [ 174.788324816428002, -41.177472434238851 ] ] ] } },
{ "type": "Feature", "properties": { "block_id": "g500_1749500_5440500", "parcels": 2, "rating_units": 2, "parcel_land_m2": 1124530.8362980413, "land_value": 2070000, "capital_value": 2660000, "rates_now": 8019.7138, "rates_lv": 12362.214426318882, "median_parcel_lv_m2": 1.9797151942422946, "lv_per_m2_land": 1.8407676634412675, "land_share_of_cv": 0.77819548872180455, "lv_per_ha_block": 82800.0, "rates_now_per_ha_block": 320.788552, "rates_lv_per_ha_block": 494.48857705275526, "rates_lv_per_m2_land": 0.010993219596374367, "rates_change_%": 54.147825403930042 }, "geometry": { "type": "Polygon", "coordinates": [ [ [ 174.788202347833959, -41.172970650393815 ], [ 174.788079907006562, -41.16846886271864 ], [ 174.78212240436099, -41.168561220930421 ], [ 174.782244437768838, -41.173063023154171 ], [ 174.788202347833959, -41.172970650393815 ] ] ] } },
{ "type": "Feature", "properties": { "block_id": "g500_1750000_5422500", "parcels": 1, "rating_units": 1, "parcel_land_m2": 523.75675036440646, "land_value": 950000, "capital_value": 1190000, "rates_now": 3587.7667, "rates_lv": 5673.480050726057, "median_parcel_lv_m2": 1813.8191046493102, "lv_per_m2_land": 1813.8191046493102, "land_share_of_cv": 0.79831932773109249, "lv_per_ha_block": 38000.0, "rates_now_per_ha_block": 143.510668, "rates_lv_per_ha_block": 226.93920202904229, "rates_lv_per_m2_land": 10.832280532477537, "rates_change_%": 58.134029470925654 }, "geometry": { "type": "Polygon", "coordinates": [ [ [ 174.798601377073197, -41.334939247022717 ], [ 174.798477521344694, -41.330437612000196 ], [ 174.792505321305214, -41.330530804915369 ], [ 174.792628766284082, -41.335032454606392 ], [ 174.798601377073197, -41.334939247022717 ] ] ] } },
{ "type": "Feature", "properties": { "block_id": "g500_1750000_5423000", "parcels": 308, "rating_units": 468, "parcel_land_m2": 149925.79567731862, "land_value": 248880000, "capital_value": 401284000, "rates_now": 1221093.0799219999, "rates_lv": 1501586.2292318584, "median_parcel_lv_m2": 1650.9476324106131, "lv_per_m2_land": 1660.0212049943557, "land_share_of_cv": 0.62020912869688305, "lv_per_ha_block": 9955200.0, "rates_now_per_ha_block": 48843.723196879997, "rates_lv_per_ha_block": 60063.449169274332, "rates_lv_per_m2_land": 10.015529498764064, "rates_change_%": 22.970660789247589 }, "geometry": { "type": "Polygon", "coordinates": [ [ [ 174.798477521344694, -41.330437612000196 ], [ 174.798353693729439, -41.32593597314002 ], [ 174.792381904346456, -41.32602915138871 ], [ 174.792505321305214, -41.330530804915369 ], [ 174.798477521344694, -41.330437612000196 ] ] ] } },
{ "type": "Feature", "properties": { "block_id": "g500_1750000_5423500", "parcels": 398, "rating_units": 428, "parcel_land_m2": 175100.60402438065, "land_value": 280478000, "capital_value": 419917000, "rates_now": 1436926.190255, "rates_lv": 1999739.8743973826, "median_parcel_lv_m2": 1694.4231498789916, "lv_per_m2_land": 1601.8105794823348, "land_share_of_cv": 0.66793675893093163, "lv_per_ha_block": 11219120.0, "rates_now_per_ha_block": 57477.047610200003, "rates_lv_per_ha_block": 79989.594975895307, "rates_lv_per_m2_land": 11.420519566676896, "rates_change_%": 39.167891013421105 }, "geometry": { "type": "Polygon", "coordinates": [ [ [ 174.798353693729439, -41.32593597314002 ], [ 174.7982298942201, -41.321434330442379 ], [ 174.792258515400476, -41.32152749402654 ], [ 174.792381904346456, -41.32602915138871 ], [ 174.798353693729439, -41.32593597314002 ] ] ] } },
{ "type": "Feature", "properties": { "block_id": "g500_1750000_5424000", "parcels": 242, "rating_units": 571, "parcel_land_m2": 174756.59796507587, "land_value": 308093000, "capital_value": 485390000, "rates_now": 2481191.8167190002, "rates_lv": 3264777.818019548, "median_parcel_lv_m2": 1832.6073369063915, "lv_per_m2_land": 1762.9835072754775, "land_share_of_cv": 0.63473289519767606, "lv_per_ha_block": 12323720.0, "rates_now_per_ha_block": 99247.672668760002, "rates_lv_per_ha_block": 130591.11272078192, "rates_lv_per_m2_land": 18.681857257669868, "rates_change_%": 31.581032793213115 }, "geometry": { "type": "Polygon", "coordinates": [ [ [ 174.7982298942201, -41.321434330442379 ], [ 174.798106122809401, -41.316932683907396 ], [ 174.792135154460084, -41.317025832829053 ], [ 174.792258515400476, -41.32152749402654 ], [ 174.7982298942201, -41.321434330442379 ] ] ] } },
{ "type": "Feature", "properties": { "block_id": "g500_1750000_5424500", "parcels": 104, "rating_units": 173, "parcel_land_m2": 199792.54426470597, "land_value": 124134000, "capital_value": 258332000, "rates_now": 791999.49902500003, "rates_lv": 751045.73378029303, "median_parcel_lv_m2": 1604.098588101167, "lv_per_m2_land": 621.31447625760427, "land_share_of_cv": 0.48052118978678598, "lv_per_ha_block": 4965360.0, "rates_now_per_ha_block": 31679.979961000001, "rates_lv_per_ha_block": 30041.82935121172, "rates_lv_per_m2_land": 3.7591279321476052, "rates_change_%": -5.1709332259835534 }, "geometry": { "type": "Polygon", "coordinates": [ [ [ 174.798106122809401, -41.316932683907396 ], [ 174.797982379490008, -41.312431033535248 ], [ 174.792011821517946, -41.312524167796361 ], [ 174.792135154460084, -41.317025832829053 ], [ 174.798106122809401, -41.316932683907396 ] ] ] } },
{ "type": "Feature", "properties": { "block_id": "g500_1750000_5425000", "parcels": 294, "rating_units": 314, "parcel_land_m2": 173096.58574066029, "land_value": 228329000, "capital_value": 364070000, "rates_now": 1100934.2507440001, "rates_lv": 1369550.0154492296, "median_parcel_lv_m2": 1462.6140833991312, "lv_per_m2_land": 1319.0843656621337, "land_share_of_cv": 0.62715686543796523, "lv_per_ha_block": 9133160.0, "rates_now_per_ha_block": 44037.370029760001, "rates_lv_per_ha_block": 54782.000617969185, "rates_lv_per_m2_land": 7.9120567837261691, "rates_change_%": 24.398892533655104 }, "geometry": { "type": "Polygon", "coordinates": [ [ [ 174.797982379490008, -41.312431033535248 ], [ 174.797858664254619, -41.307929379326076 ], [ 174.791888516566786, -41.308022498928665 ], [ 174.792011821517946, -41.312524167796361 ], [ 174.797982379490008, -41.312431033535248 ] ] ] } },
{ "type": "Feature", "properties": { "block_id": "g500_1750000_5425500", "parcels": 359, "rating_units": 450, "parcel_land_m2": 172631.21631973496, "land_value": 307069000, "capital_value": 485443000, "rates_now": 1516439.843624, "rates_lv": 1907628.2383359263, "median_parcel_lv_m2": 1799.72318416492, "lv_per_m2_land": 1778.7570900923804, "land_share_of_cv": 0.63255418246838457, "lv_per_ha_block": 12282760.0, "rates_now_per_ha_block": 60657.593744960002, "rates_lv_per_ha_block": 76305.129533437052, "rates_lv_per_m2_land": 11.050308739079705, "rates_change_%": 25.796499370331837 }, "geometry": { "type": "Polygon", "coordinates": [ [ [ 174.797858664254619, -41.307929379326076 ], [ 174.797734977095928, -41.303427721280045 ], [ 174.791765239599329, -41.303520826226098 ], [ 174.791888516566786, -41.308022498928665 ], [ 174.797858664254619, -41.307929379326076 ] ] ] } },
{ "type": "Feature", "properties": { "block_id": "g500_1750000_5426000", "parcels": 317, "rating_units": 374, "parcel_land_m2": 170994.55992920988, "land_value": 228989000, "capital_value": 376564000, "rates_now": 1135314.1005200001, "rates_lv": 1367541.6035112725, "median_parcel_lv_m2": 1299.2398847263235, "lv_per_m2_land": 1339.1595621217382, "land_share_of_cv": 0.60810114615311073, "lv_per_ha_block": 9159560.0, "rates_now_per_ha_block": 45412.564020800004, "rates_lv_per_ha_block": 54701.664140450899, "rates_lv_per_m2_land": 7.9975737478281275, "rates_change_%": 20.454912247184009 }, "geometry": { "type": "Polygon", "coordinates": [ [ [ 174.797734977095928, -41.303427721280045 ], [ 174.797611318006631, -41.298926059397317 ], [ 174.791641990608298, -41.299019149688831 ], [ 174.791765239599329, -41.303520826226098 ], [ 174.797734977095928, -41.303427721280045 ] ] ] } },
{ "type": "Feature", "properties": { "block_id": "g500_1750000_5426500", "parcels": 136, "rating_units": 143, "parcel_land_m2": 75300.893834601346, "land_value": 101835000, "capital_value": 176245000, "rates_now": 531366.33785000001, "rates_lv": 608167.20101651363, "median_parcel_lv_m2": 1254.1658573907164, "lv_per_m2_land": 1352.3743851391844, "land_share_of_cv": 0.57780362563476984, "lv_per_ha_block": 4073400.0, "rates_now_per_ha_block": 21254.653514000001, "rates_lv_per_ha_block": 24326.688040660545, "rates_lv_per_m2_land": 8.0764937844211371, "rates_change_%": 14.453467917682406 }, "geometry": { "type": "Polygon", "coordinates": [ [ [ 174.797611318006631, -41.298926059397317 ], [ 174.797487686979451, -41.294424393678064 ], [ 174.791518769586418, -41.294517469317007 ], [ 174.791641990608298, -41.299019149688831 ], [ 174.797611318006631, -41.298926059397317 ] ] ] } },
{ "type": "Feature", "properties": { "block_id": "g500_1750000_5427000", "parcels": 172, "rating_units": 263, "parcel_land_m2": 99612.900128843321, "land_value": 439859000, "capital_value": 639902000, "rates_now": 1959004.433254, "rates_lv": 2680957.0129217659, "median_parcel_lv_m2": 4545.5177383305127, "lv_per_m2_land": 4415.6831036047415, "land_share_of_cv": 0.68738494331944577, "lv_per_ha_block": 17594360.0, "rates_now_per_ha_block": 78360.177330160004, "rates_lv_per_ha_block": 107238.28051687064, "rates_lv_per_m2_land": 26.913753233307219, "rates_change_%": 36.853034501232251 }, "geometry": { "type": "Polygon", "coordinates": [ [ [ 174.797487686979451, -41.294424393678064 ], [ 174.797364084007114, -41.289922724122405 ], [ 174.791395576526412, -41.290015785110789 ], [ 174.791518769586418, -41.294517469317007 ], [ 174.797487686979451, -41.294424393678064 ] ] ] } },
{ "type": "Feature", "properties": { "block_id": "g500_1750000_5430500", "parcels": 6, "rating_units": 6, "parcel_land_m2": 14973.840423022695, "land_value": 18535000, "capital_value": 24685000, "rates_now": 264947.52600499999, "rates_lv": 399081.5448944667, "median_parcel_lv_m2": 1282.3586619838734, "lv_per_m2_land": 1237.8253992544173, "land_share_of_cv": 0.750860846668017, "lv_per_ha_block": 741400.0, "rates_now_per_ha_block": 10597.9010402, "rates_lv_per_ha_block": 15963.261795778668, "rates_lv_per_m2_land": 26.651916517079197, "rates_change_%": 50.626635738782255 }, "geometry": { "type": "Polygon", "coordinates": [ [ [ 174.796623054915756, -41.262912626233302 ], [ 174.796499648123074, -41.258410929827399 ], [ 174.790534007428988, -41.258503888317499 ], [ 174.790657004959144, -41.263005599360056 ], [ 174.796623054915756, -41.262912626233302 ] ] ] } },
{ "type": "Feature", "properties": { "block_id": "g500_1750000_5431000", "parcels": 130, "rating_units": 136, "parcel_land_m2": 94390.803652778151, "land_value": 117836000, "capital_value": 224076000, "rates_now": 938586.90309000004, "rates_lv": 989777.41339687607, "median_parcel_lv_m2": 1504.9918817500084, "lv_per_m2_land": 1248.3843281329218, "land_share_of_cv": 0.52587514950284719, "lv_per_ha_block": 4713440.0, "rates_now_per_ha_block": 37543.476123600005, "rates_lv_per_ha_block": 39591.09653587504, "rates_lv_per_m2_land": 10.485951756887541, "rates_change_%": 5.4539979343785294 }, "geometry": { "type": "Polygon", "coordinates": [ [ [ 174.796499648123074, -41.258410929827399 ], [ 174.796376269326885, -41.253909229586363 ], [ 174.790411037802613, -41.254002173441805 ], [ 174.790534007428988, -41.258503888317499 ], [ 174.796499648123074, -41.258410929827399 ] ] ] } },
{ "type": "Feature", "properties": { "block_id": "g500_1750000_5431500", "parcels": 210, "rating_units": 223, "parcel_land_m2": 165308.79186282749, "land_value": 165240000, "capital_value": 298265000, "rates_now": 899248.09645000007, "rates_lv": 986827.20377049851, "median_parcel_lv_m2": 1208.5317931781728, "lv_per_m2_land": 999.5838584139882, "land_share_of_cv": 0.55400398974066689, "lv_per_ha_block": 6609600.0, "rates_now_per_ha_block": 35969.923858000002, "rates_lv_per_ha_block": 39473.088150819938, "rates_lv_per_m2_land": 5.9695990313047798, "rates_change_%": 9.7391484804069339 }, "geometry": { "type": "Polygon", "coordinates": [ [ [ 174.796376269326885, -41.253909229586363 ], [ 174.796252918520025, -41.249407525510364 ], [ 174.790288096072828, -41.249500454733145 ], [ 174.790411037802613, -41.254002173441805 ], [ 174.796376269326885, -41.253909229586363 ] ] ] } },
{ "type": "Feature", "properties": { "block_id": "g500_1750000_5432000", "parcels": 286, "rating_units": 315, "parcel_land_m2": 196146.48793451375, "land_value": 306600000, "capital_value": 478771000, "rates_now": 1637143.4706530001, "rates_lv": 2085681.1529973545, "median_parcel_lv_m2": 1630.82502979008, "lv_per_m2_land": 1563.1174599586138, "land_share_of_cv": 0.64038966436981359, "lv_per_ha_block": 12264000.0, "rates_now_per_ha_block": 65485.738826120003, "rates_lv_per_ha_block": 83427.246119894175, "rates_lv_per_m2_land": 10.633283190335217, "rates_change_%": 27.397579404903858 }, "geometry": { "type": "Polygon", "coordinates": [ [ [ 174.796252918520025, -41.249407525510364 ], [ 174.796129595695163, -41.244905817599602 ], [ 174.790165182232386, -41.244998732191654 ], [ 174.790288096072828, -41.249500454733145 ], [ 174.796252918520025, -41.249407525510364 ] ] ] } },
{ "type": "Feature", "properties": { "block_id": "g500_1750000_5432500", "parcels": 247, "rating_units": 300, "parcel_land_m2": 196417.39499989097, "land_value": 203030000, "capital_value": 349935000, "rates_now": 1057854.217467, "rates_lv": 1216882.0421600288, "median_parcel_lv_m2": 1072.3019355640224, "lv_per_m2_land": 1033.6660864487726, "land_share_of_cv": 0.58019346450055009, "lv_per_ha_block": 8121200.0, "rates_now_per_ha_block": 42314.168698679998, "rates_lv_per_ha_block": 48675.281686401155, "rates_lv_per_m2_land": 6.1953883573331394, "rates_change_%": 15.033056735720752 }, "geometry": { "type": "Polygon", "coordinates": [ [ [ 174.796129595695163, -41.244905817599602 ], [ 174.796006300845079, -41.240404105854161 ], [ 174.790042296274009, -41.240497005817502 ], [ 174.790165182232386, -41.244998732191654 ], [ 174.796129595695163, -41.244905817599602 ] ] ] } },
{ "type": "Feature", "properties": { "block_id": "g500_1750000_5433000", "parcels": 183, "rating_units": 213, "parcel_land_m2": 148247.2217810794, "land_value": 88380000, "capital_value": 197555000, "rates_now": 595614.49615000002, "rates_lv": 527812.8072454409, "median_parcel_lv_m2": 713.30652525415667, "lv_per_m2_land": 596.1663155516876, "land_share_of_cv": 0.44736908708967121, "lv_per_ha_block": 3535200.0, "rates_now_per_ha_block": 23824.579846000001, "rates_lv_per_ha_block": 21112.512289817634, "rates_lv_per_m2_land": 3.5603554717866892, "rates_change_%": -11.38348534879915 }, "geometry": { "type": "Polygon", "coordinates": [ [ [ 174.796006300845079, -41.240404105854161 ], [ 174.795883033962468, -41.235902390274255 ], [ 174.789919438190481, -41.235995275610875 ], [ 174.790042296274009, -41.240497005817502 ], [ 174.796006300845079, -41.240404105854161 ] ] ] } },
{ "type": "Feature", "properties": { "block_id": "g500_1750000_5433500", "parcels": 231, "rating_units": 259, "parcel_land_m2": 152568.74022057783, "land_value": 87175000, "capital_value": 213230000, "rates_now": 642873.5239, "rates_lv": 520616.44570741471, "median_parcel_lv_m2": 643.33588640133678, "lv_per_m2_land": 571.38179075193148, "land_share_of_cv": 0.40883083993809499, "lv_per_ha_block": 3487000.0, "rates_now_per_ha_block": 25714.940956000002, "rates_lv_per_ha_block": 20824.657828296589, "rates_lv_per_m2_land": 3.4123402012412773, "rates_change_%": -19.017283127622253 }, "geometry": { "type": "Polygon", "coordinates": [ [ [ 174.795883033962468, -41.235902390274255 ], [ 174.795759795040084, -41.231400670860012 ], [ 174.78979660797458, -41.231493541571886 ], [ 174.789919438190481, -41.235995275610875 ], [ 174.795883033962468, -41.235902390274255 ] ] ] } },
{ "type": "Feature", "properties": { "block_id": "g500_1750000_5434000", "parcels": 213, "rating_units": 238, "parcel_land_m2": 133665.54333664809, "land_value": 107278000, "capital_value": 194318000, "rates_now": 585855.16774000006, "rates_lv": 640673.25566504197, "median_parcel_lv_m2": 889.90843493717273, "lv_per_m2_land": 802.58529851489993, "land_share_of_cv": 0.55207443468952955, "lv_per_ha_block": 4291120.0, "rates_now_per_ha_block": 23434.206709600003, "rates_lv_per_ha_block": 25626.930226601678, "rates_lv_per_m2_land": 4.7931070317161071, "rates_change_%": 9.3569351170031734 }, "geometry": { "type": "Polygon", "coordinates": [ [ [ 174.795759795040084, -41.231400670860012 ], [ 174.795636584070678, -41.226898947611588 ], [ 174.789673805619088, -41.226991803700706 ], [ 174.78979660797458, -41.231493541571886 ], [ 174.795759795040084, -41.231400670860012 ] ] ] } },
{ "type": "Feature", "properties": { "block_id": "g500_1750000_5434500", "parcels": 162, "rating_units": 183, "parcel_land_m2": 119361.29250672228, "land_value": 87155000, "capital_value": 158150000, "rates_now": 476811.1795, "rates_lv": 520497.00402213627, "median_parcel_lv_m2": 849.45821921696984, "lv_per_m2_land": 730.17808511994406, "land_share_of_cv": 0.55109073664242803, "lv_per_ha_block": 3486200.0, "rates_now_per_ha_block": 19072.44718, "rates_lv_per_ha_block": 20819.880160885452, "rates_lv_per_m2_land": 4.3606850520056364, "rates_change_%": 9.1620805887870915 }, "geometry": { "type": "Polygon", "coordinates": [ [ [ 174.795636584070678, -41.226898947611588 ], [ 174.795513401047003, -41.222397220529174 ], [ 174.789551031116702, -41.222490061997512 ], [ 174.789673805619088, -41.226991803700706 ], [ 174.795636584070678, -41.226898947611588 ] ] ] } },
{ "type": "Feature", "properties": { "block_id": "g500_1750000_5435000", "parcels": 237, "rating_units": 263, "parcel_land_m2": 155415.33574483456, "land_value": 125778000, "capital_value": 242248000, "rates_now": 730360.76263999997, "rates_lv": 751156.81454760209, "median_parcel_lv_m2": 1002.6208804927713, "lv_per_m2_land": 809.30237287847831, "land_share_of_cv": 0.51921171691819956, "lv_per_ha_block": 5031120.0, "rates_now_per_ha_block": 29214.430505599998, "rates_lv_per_ha_block": 30046.272581904082, "rates_lv_per_m2_land": 4.8332219658224291, "rates_change_%": 2.8473670782137361 }, "geometry": { "type": "Polygon", "coordinates": [ [ [ 174.795513401047003, -41.222397220529174 ], [ 174.795390245961784, -41.217895489612914 ], [ 174.789428284460257, -41.217988316462453 ], [ 174.789551031116702, -41.222490061997512 ], [ 174.795513401047003, -41.222397220529174 ] ] ] } },
{ "type": "Feature", "properties": { "block_id": "g500_1750000_5435500", "parcels": 98, "rating_units": 100, "parcel_land_m2": 147325.94166860619, "land_value": 47800000, "capital_value": 105480000, "rates_now": 318014.8164, "rates_lv": 285465.62781547947, "median_parcel_lv_m2": 1124.6387118927285, "lv_per_m2_land": 324.45066672318268, "land_share_of_cv": 0.45316647705726204, "lv_per_ha_block": 1912000.0, "rates_now_per_ha_block": 12720.592656000001, "rates_lv_per_ha_block": 11418.625112619178, "rates_lv_per_m2_land": 1.937646721156574, "rates_change_%": -10.235117015296568 }, "geometry": { "type": "Polygon", "coordinates": [ [ [ 174.795390245961784, -41.217895489612914 ], [ 174.7952671188078, -41.213393754862942 ], [ 174.789305565642536, -41.213486567095671 ], [ 174.789428284460257, -41.217988316462453 ], [ 174.795390245961784, -41.217895489612914 ] ] ] } },
{ "type": "Feature", "properties": { "block_id": "g500_1750000_5436000", "parcels": 4, "rating_units": 4, "parcel_land_m2": 97783.982382602539, "land_value": 3460000, "capital_value": 5210000, "rates_now": 15707.7853, "rates_lv": 20663.411553170688, "median_parcel_lv_m2": 41.975916723177789, "lv_per_m2_land": 35.384118295181992, "land_share_of_cv": 0.66410748560460653, "lv_per_ha_block": 138400.0, "rates_now_per_ha_block": 628.311412, "rates_lv_per_ha_block": 826.53646212682759, "rates_lv_per_m2_land": 0.21131693606341673, "rates_change_%": 31.548854014261885 }, "geometry": { "type": "Polygon", "coordinates": [ [ [ 174.7952671188078, -41.213393754862942 ], [ 174.795144019577805, -41.208892016279457 ], [ 174.789182874656262, -41.208984813897338 ], [ 174.789305565642536, -41.213486567095671 ], [ 174.7952671188078, -41.213393754862942 ] ] ] } },
{ "type": "Feature", "properties": { "block_id": "g500_1750000_5437000", "parcels": 1, "rating_units": 1, "parcel_land_m2": 336974.50196051766, "land_value": 1360000, "capital_value": 1400000, "rates_now": 4220.902, "rates_lv": 8122.0345989341431, "median_parcel_lv_m2": 4.0359136732527832, "lv_per_m2_land": 4.0359136732527832, "land_share_of_cv": 0.97142857142857142, "lv_per_ha_block": 54400.0, "rates_now_per_ha_block": 168.83608, "rates_lv_per_ha_block": 324.8813839573657, "rates_lv_per_m2_land": 0.024102816538581245, "rates_change_%": 92.424145335147401 }, "geometry": { "type": "Polygon", "coordinates": [ [ [ 174.79502094826455, -41.204390273862586 ], [ 174.794897904860761, -41.199888527612522 ], [ 174.788937576149351, -41.199981296006648 ], [ 174.789060211494274, -41.204483056867602 ], [ 174.79502094826455, -41.204390273862586 ] ] ] } },
{ "type": "Feature", "properties": { "block_id": "g500_1750000_5437500", "parcels": 1, "rating_units": 1, "parcel_land_m2": 775842.36398686387, "land_value": 1700000, "capital_value": 1750000, "rates_now": 5276.1275, "rates_lv": 10152.54324866768, "median_parcel_lv_m2": 2.1911667613303769, "lv_per_m2_land": 2.1911667613303769, "land_share_of_cv": 0.97142857142857142, "lv_per_ha_block": 68000.0, "rates_now_per_ha_block": 211.0451, "rates_lv_per_ha_block": 406.10172994670722, "rates_lv_per_m2_land": 0.013085832534970438, "rates_change_%": 92.424145335147429 }, "geometry": { "type": "Polygon", "coordinates": [ [ [ 174.794897904860761, -41.199888527612522 ], [ 174.794774889359246, -41.195386777529379 ], [ 174.788814968614247, -41.195479531314611 ], [ 174.788937576149351, -41.199981296006648 ], [ 174.794897904860761, -41.199888527612522 ] ] ] } },
{ "type": "Feature", "properties": { "block_id": "g500_1750000_5438000", "parcels": 1, "rating_units": 1, "parcel_land_m2": 55270.496506320196, "land_value": 1190000, "capital_value": 1510000, "rates_now": 4552.5443, "rates_lv": 7106.780274067376, "median_parcel_lv_m2": 21.530474217178838, "lv_per_m2_land": 21.530474217178838, "land_share_of_cv": 0.78807947019867552, "lv_per_ha_block": 47600.0, "rates_now_per_ha_block": 182.101772, "rates_lv_per_ha_block": 284.27121096269502, "rates_lv_per_m2_land": 0.12858180626719562, "rates_change_%": 56.105680818248715 }, "geometry": { "type": "Polygon", "coordinates": [ [ [ 174.794774889359246, -41.195386777529379 ], [ 174.794651901752758, -41.190885023613347 ], [ 174.788692388881742, -41.190977762791647 ], [ 174.788814968614247, -41.195479531314611 ], [ 174.794774889359246, -41.195386777529379 ] ] ] } },
{ "type": "Feature", "properties": { "block_id": "g500_1750000_5438500", "parcels": 2, "rating_units": 2, "parcel_land_m2": 65628.696857518953, "land_value": 1980000, "capital_value": 2390000, "rates_now": 7205.6827, "rates_lv": 11824.726842565888, "median_parcel_lv_m2": 41.465154182339269, "lv_per_m2_land": 30.169729018063769, "land_share_of_cv": 0.82845188284518834, "lv_per_ha_block": 79200.0, "rates_now_per_ha_block": 288.227308, "rates_lv_per_ha_block": 472.98907370263549, "rates_lv_per_m2_land": 0.18017616391557456, "rates_change_%": 64.102796846243166 }, "geometry": { "type": "Polygon", "coordinates": [ [ [ 174.794651901752758, -41.190885023613347 ], [ 174.794528942034077, -41.186383265864592 ], [ 174.788569836944703, -41.186475990437941 ], [ 174.788692388881742, -41.190977762791647 ], [ 174.794651901752758, -41.190885023613347 ] ] ] } },
{ "type": "Feature", "properties": { "block_id": "g500_1750000_5439000", "parcels": 2, "rating_units": 2, "parcel_land_m2": 30265.772970370941, "land_value": 1570000, "capital_value": 4730000, "rates_now": 14260.6189, "rates_lv": 9376.1722943577988, "median_parcel_lv_m2": 63.935205512229601, "lv_per_m2_land": 51.873778394391948, "land_share_of_cv": 0.33192389006342493, "lv_per_ha_block": 62800.0, "rates_now_per_ha_block": 570.424756, "rates_lv_per_ha_block": 375.04689177431197, "rates_lv_per_m2_land": 0.30979457565933377, "rates_change_%": -34.251294701117082 }, "geometry": { "type": "Polygon", "coordinates": [ [ [ 174.794528942034077, -41.186383265864592 ], [ 174.794406010195956, -41.18188150428324 ], [ 174.788447312795853, -41.181974214253621 ], [ 174.788569836944703, -41.186475990437941 ], [ 174.794528942034077, -41.186383265864592 ] ] ] } },
{ "type": "Feature", "properties": { "block_id": "g500_1750000_5440000", "parcels": 2, "rating_units": 2, "parcel_land_m2": 1194748.5704011391, "land_value": 2810000, "capital_value": 3460000, "rates_now": 10431.6578, "rates_lv": 16781.556781621282, "median_parcel_lv_m2": 2.3106626495783953, "lv_per_m2_land": 2.3519592905279953, "land_share_of_cv": 0.81213872832369938, "lv_per_ha_block": 112400.0, "rates_now_per_ha_block": 417.266312, "rates_lv_per_ha_block": 671.26227126485128, "rates_lv_per_m2_land": 0.01404609906834778, "rates_change_%": 60.871427182180767 }, "geometry": { "type": "Polygon", "coordinates": [ [ [ 174.794283106231177, -41.177379738869483 ], [ 174.794160230132491, -41.17287796962345 ], [ 174.788202347833959, -41.172970650393815 ], [ 174.788324816428002, -41.177472434238851 ], [ 174.794283106231177, -41.177379738869483 ] ] ] } },
{ "type": "Feature", "properties": { "block_id": "g500_1750000_5442000", "parcels": 1, "rating_units": 1, "parcel_land_m2": 3896948.7989624362, "land_value": 3860000, "capital_value": 4130000, "rates_now": 12451.6609, "rates_lv": 23052.245258739553, "median_parcel_lv_m2": 0.9905185310691601, "lv_per_m2_land": 0.9905185310691601, "land_share_of_cv": 0.93462469733656173, "lv_per_ha_block": 154400.0, "rates_now_per_ha_block": 498.066436, "rates_lv_per_ha_block": 922.08981034958208, "rates_lv_per_m2_land": 0.0059154601325214278, "rates_change_%": 85.13389855275895 }, "geometry": { "type": "Polygon", "coordinates": [ [ [ 174.793791768961, -41.15937263889343 ], [ 174.793669004254639, -41.15487085431996 ], [ 174.787712751052084, -41.154963476713959 ], [ 174.787835108622801, -41.159465275878567 ], [ 174.793791768961, -41.15937263889343 ] ] ] } },
{ "type": "Feature", "properties": { "block_id": "g500_1750500_5423000", "parcels": 44, "rating_units": 113, "parcel_land_m2": 77753.611479336774, "land_value": 165950000, "capital_value": 213899000, "rates_now": 1903496.557024, "rates_lv": 3220103.6416832786, "median_parcel_lv_m2": 2235.6208308805985, "lv_per_m2_land": 2134.306006404624, "land_share_of_cv": 0.77583345410684479, "lv_per_ha_block": 6638000.0, "rates_now_per_ha_block": 76139.862280960006, "rates_lv_per_ha_block": 128804.14566733115, "rates_lv_per_m2_land": 41.414200323531333, "rates_change_%": 69.167820650945288 }, "geometry": { "type": "Polygon", "coordinates": [ [ [ 174.804449693270897, -41.330344109378586 ], [ 174.804325455006477, -41.325842485233629 ], [ 174.798353693729439, -41.32593597314002 ], [ 174.798477521344694, -41.330437612000196 ], [ 174.804449693270897, -41.330344109378586 ] ] ] } },
{ "type": "Feature", "properties": { "block_id": "g500_1750500_5423500", "parcels": 146, "rating_units": 163, "parcel_land_m2": 97436.126097870292, "land_value": 175032000, "capital_value": 221360000, "rates_now": 1377423.531775, "rates_lv": 2436135.5989812613, "median_parcel_lv_m2": 1506.4910558736667, "lv_per_m2_land": 1796.3768369053187, "land_share_of_cv": 0.79071196241416697, "lv_per_ha_block": 7001280.0, "rates_now_per_ha_block": 55096.941271000003, "rates_lv_per_ha_block": 97445.423959250445, "rates_lv_per_m2_land": 25.002385629887115, "rates_change_%": 76.861767116898676 }, "geometry": { "type": "Polygon", "coordinates": [ [ [ 174.804325455006477, -41.325842485233629 ], [ 174.804201244941083, -41.32134085724919 ], [ 174.7982298942201, -41.321434330442379 ], [ 174.798353693729439, -41.32593597314002 ], [ 174.804325455006477, -41.325842485233629 ] ] ] } },
{ "type": "Feature", "properties": { "block_id": "g500_1750500_5424000", "parcels": 330, "rating_units": 379, "parcel_land_m2": 183785.87853964209, "land_value": 242494000, "capital_value": 438469000, "rates_now": 2014376.336141, "rates_lv": 1813385.1654006762, "median_parcel_lv_m2": 1770.0648960760209, "lv_per_m2_land": 1319.4376081930295, "land_share_of_cv": 0.55304707972513445, "lv_per_ha_block": 9699760.0, "rates_now_per_ha_block": 80575.053445640006, "rates_lv_per_ha_block": 72535.406616027045, "rates_lv_per_m2_land": 9.8668362325211731, "rates_change_%": -9.9778361736202914 }, "geometry": { "type": "Polygon", "coordinates": [ [ [ 174.804201244941083, -41.32134085724919 ], [ 174.804077063067382, -41.316839225425404 ], [ 174.798106122809401, -41.316932683907396 ], [ 174.7982298942201, -41.321434330442379 ], [ 174.804201244941083, -41.32134085724919 ] ] ] } },
{ "type": "Feature", "properties": { "block_id": "g500_1750500_5424500", "parcels": 9, "rating_units": 82, "parcel_land_m2": 45660.292962248597, "land_value": 91760000, "capital_value": 118587000, "rates_now": 875499.49283999996, "rates_lv": 1514669.871437259, "median_parcel_lv_m2": 1714.9613130402472, "lv_per_m2_land": 2009.6235491933026, "land_share_of_cv": 0.77377790145631475, "lv_per_ha_block": 3670400.0, "rates_now_per_ha_block": 35019.979713599998, "rates_lv_per_ha_block": 60586.794857490364, "rates_lv_per_m2_land": 33.17258329221783, "rates_change_%": 73.006367659206546 }, "geometry": { "type": "Polygon", "coordinates": [ [ [ 174.804077063067382, -41.316839225425404 ], [ 174.80395290937804, -41.312337589762457 ], [ 174.797982379490008, -41.312431033535248 ], [ 174.798106122809401, -41.316932683907396 ], [ 174.804077063067382, -41.316839225425404 ] ] ] } },
{ "type": "Feature", "properties": { "block_id": "g500_1750500_5425000", "parcels": 2, "rating_units": 3, "parcel_land_m2": 34770.5569036706, "land_value": 16465000, "capital_value": 20350000, "rates_now": 61353.8255, "rates_lv": 98330.36740547845, "median_parcel_lv_m2": 1064.9887162235098, "lv_per_m2_land": 473.53282392384835, "land_share_of_cv": 0.80909090909090908, "lv_per_ha_block": 658600.0, "rates_now_per_ha_block": 2454.15302, "rates_lv_per_ha_block": 3933.2146962191382, "rates_lv_per_m2_land": 2.8279779262062403, "rates_change_%": 60.267703935557272 }, "geometry": { "type": "Polygon", "coordinates": [ [ [ 174.80395290937804, -41.312337589762457 ], [ 174.803828783865725, -41.30783595026049 ], [ 174.797858664254619, -41.307929379326076 ], [ 174.797982379490008, -41.312431033535248 ], [ 174.80395290937804, -41.312337589762457 ] ] ] } },
{ "type": "Feature", "properties": { "block_id": "g500_1750500_5425500", "parcels": 127, "rating_units": 179, "parcel_land_m2": 75645.872559491589, "land_value": 133480000, "capital_value": 220920000, "rates_now": 666058.3356, "rates_lv": 797153.80754833051, "median_parcel_lv_m2": 2058.7820078983664, "lv_per_m2_land": 1764.5377795731663, "land_share_of_cv": 0.60420061560745975, "lv_per_ha_block": 5339200.0, "rates_now_per_ha_block": 26642.333424, "rates_lv_per_ha_block": 31886.15230193322, "rates_lv_per_m2_land": 10.537968306485064, "rates_change_%": 19.682280806565821 }, "geometry": { "type": "Polygon", "coordinates": [ [ [ 174.803828783865725, -41.30783595026049 ], [ 174.803704686523105, -41.303334306919666 ], [ 174.797734977095928, -41.303427721280045 ], [ 174.797858664254619, -41.307929379326076 ], [ 174.803828783865725, -41.30783595026049 ] ] ] } },
{ "type": "Feature", "properties": { "block_id": "g500_1750500_5426000", "parcels": 344, "rating_units": 380, "parcel_land_m2": 183380.27358810385, "land_value": 295283000, "capital_value": 461408000, "rates_now": 1391112.8214400001, "rates_lv": 1763454.9577037285, "median_parcel_lv_m2": 1786.5836002033011, "lv_per_m2_land": 1610.222267762804, "land_share_of_cv": 0.63996072889936884, "lv_per_ha_block": 11811320.0, "rates_now_per_ha_block": 55644.512857600006, "rates_lv_per_ha_block": 70538.198308149134, "rates_lv_per_m2_land": 9.6163830667233032, "rates_change_%": 26.765775609651943 }, "geometry": { "type": "Polygon", "coordinates": [ [ [ 174.803704686523105, -41.303334306919666 ], [ 174.803580617342874, -41.29883265974015 ], [ 174.797611318006631, -41.298926059397317 ], [ 174.797734977095928, -41.303427721280045 ], [ 174.803704686523105, -41.303334306919666 ] ] ] } },
{ "type": "Feature", "properties": { "block_id": "g500_1750500_5426500", "parcels": 277, "rating_units": 315, "parcel_land_m2": 187566.69644645505, "land_value": 226278500, "capital_value": 369094500, "rates_now": 1125940.6831499999, "rates_lv": 1369671.8459682136, "median_parcel_lv_m2": 1371.0515345626459, "lv_per_m2_land": 1206.3895365593116, "land_share_of_cv": 0.61306386304862304, "lv_per_ha_block": 9051140.0, "rates_now_per_ha_block": 45037.627325999994, "rates_lv_per_ha_block": 54786.873838728548, "rates_lv_per_m2_land": 7.3023189719568151, "rates_change_%": 21.646891924744782 }, "geometry": { "type": "Polygon", "coordinates": [ [ [ 174.803580617342874, -41.29883265974015 ], [ 174.8034565763177, -41.294331008722096 ], [ 174.797487686979451, -41.294424393678064 ], [ 174.797611318006631, -41.298926059397317 ], [ 174.803580617342874, -41.29883265974015 ] ] ] } },
{ "type": "Feature", "properties": { "block_id": "g500_1750500_5427000", "parcels": 289, "rating_units": 340, "parcel_land_m2": 173082.60269950729, "land_value": 349792000, "capital_value": 536266000, "rates_now": 1616804.45138, "rates_lv": 2088987.2988458618, "median_parcel_lv_m2": 1833.579198139453, "lv_per_m2_land": 2020.9541256279927, "land_share_of_cv": 0.65227331212495288, "lv_per_ha_block": 13991680.0, "rates_now_per_ha_block": 64672.178055199998, "rates_lv_per_ha_block": 83559.491953834469, "rates_lv_per_m2_land": 12.069308331771513, "rates_change_%": 29.204697393233726 }, "geometry": { "type": "Polygon", "coordinates": [ [ [ 174.8034565763177, -41.294331008722096 ], [ 174.803332563440222, -41.289829353865656 ], [ 174.797364084007114, -41.289922724122405 ], [ 174.797487686979451, -41.294424393678064 ], [ 174.8034565763177, -41.294331008722096 ] ] ] } },
{ "type": "Feature", "properties": { "block_id": "g500_1750500_5427500", "parcels": 113, "rating_units": 220, "parcel_land_m2": 59726.954576529366, "land_value": 236200000, "capital_value": 386420000, "rates_now": 1165029.2506, "rates_lv": 1410606.3031384153, "median_parcel_lv_m2": 3432.6218653131641, "lv_per_m2_land": 3954.6633789498192, "land_share_of_cv": 0.61125200558977277, "lv_per_ha_block": 9448000.0, "rates_now_per_ha_block": 46601.170024, "rates_lv_per_ha_block": 56424.252125536615, "rates_lv_per_m2_land": 23.617582934535474, "rates_change_%": 21.079046076477571 }, "geometry": { "type": "Polygon", "coordinates": [ [ [ 174.803332563440222, -41.289829353865656 ], [ 174.80320857870322, -41.285327695170992 ], [ 174.797240509082258, -41.285421050730527 ], [ 174.797364084007114, -41.289922724122405 ], [ 174.803332563440222, -41.289829353865656 ] ] ] } },
{ "type": "Feature", "properties": { "block_id": "g500_1750500_5431000", "parcels": 32, "rating_units": 32, "parcel_land_m2": 39925.75273144184, "land_value": 19265500, "capital_value": 39965500, "rates_now": 135389.95404499999, "rates_lv": 144563.25773463189, "median_parcel_lv_m2": 535.00540300596265, "lv_per_m2_land": 482.5331692451291, "land_share_of_cv": 0.4820532709461911, "lv_per_ha_block": 770620.0, "rates_now_per_ha_block": 5415.5981617999996, "rates_lv_per_ha_block": 5782.5303093852754, "rates_lv_per_m2_land": 3.620802310404212, "rates_change_%": 6.7754685008482474 }, "geometry": { "type": "Polygon", "coordinates": [ [ [ 174.802465260820583, -41.258317662409262 ], [ 174.802341472861912, -41.253815976851499 ], [ 174.796376269326885, -41.253909229586363 ], [ 174.796499648123074, -41.258410929827399 ], [ 174.802465260820583, -41.258317662409262 ] ] ] } },
{ "type": "Feature", "properties": { "block_id": "g500_1750500_5431500", "parcels": 147, "rating_units": 178, "parcel_land_m2": 200756.38954180988, "land_value": 110707000, "capital_value": 207007000, "rates_now": 635508.04991000006, "rates_lv": 672438.77186484402, "median_parcel_lv_m2": 851.92236045777781, "lv_per_m2_land": 551.44944702715907, "land_share_of_cv": 0.53479834015274841, "lv_per_ha_block": 4428280.0, "rates_now_per_ha_block": 25420.321996400002, "rates_lv_per_ha_block": 26897.550874593762, "rates_lv_per_m2_land": 3.3495261266630854, "rates_change_%": 5.8112122985812809 }, "geometry": { "type": "Polygon", "coordinates": [ [ [ 174.802341472861912, -41.253815976851499 ], [ 174.802217712985197, -41.249314287456777 ], [ 174.796252918520025, -41.249407525510364 ], [ 174.796376269326885, -41.253909229586363 ], [ 174.802341472861912, -41.253815976851499 ] ] ] } },
{ "type": "Feature", "properties": { "block_id": "g500_1750500_5432000", "parcels": 240, "rating_units": 246, "parcel_land_m2": 166792.21273967472, "land_value": 155160000, "capital_value": 305640000, "rates_now": 921483.2052, "rates_lv": 926628.59439016308, "median_parcel_lv_m2": 1103.6436574290528, "lv_per_m2_land": 930.25925761995859, "land_share_of_cv": 0.50765606595995294, "lv_per_ha_block": 6206400.0, "rates_now_per_ha_block": 36859.328208, "rates_lv_per_ha_block": 37065.143775606521, "rates_lv_per_m2_land": 5.5555866738000699, "rates_change_%": 0.5583812229162044 }, "geometry": { "type": "Polygon", "coordinates": [ [ [ 174.802217712985197, -41.249314287456777 ], [ 174.802093981183219, -41.244812594225266 ], [ 174.796129595695163, -41.244905817599602 ], [ 174.796252918520025, -41.249407525510364 ], [ 174.802217712985197, -41.249314287456777 ] ] ] } },
{ "type": "Feature", "properties": { "block_id": "g500_1750500_5432500", "parcels": 245, "rating_units": 277, "parcel_land_m2": 166493.42436278434, "land_value": 127750000, "capital_value": 282920000, "rates_now": 852983.9956, "rates_lv": 762933.76471605652, "median_parcel_lv_m2": 776.06578398766646, "lv_per_m2_land": 767.29757039314939, "land_share_of_cv": 0.45154107168104057, "lv_per_ha_block": 5110000.0, "rates_now_per_ha_block": 34119.359824, "rates_lv_per_ha_block": 30517.350588642261, "rates_lv_per_m2_land": 4.5823657458906366, "rates_change_%": -10.557083292119795 }, "geometry": { "type": "Polygon", "coordinates": [ [ [ 174.802093981183219, -41.244812594225266 ], [ 174.801970277448646, -41.240310897157116 ], [ 174.796006300845079, -41.240404105854161 ], [ 174.796129595695163, -41.244905817599602 ], [ 174.802093981183219, -41.244812594225266 ] ] ] } },
{ "type": "Feature", "properties": { "block_id": "g500_1750500_5433000", "parcels": 109, "rating_units": 116, "parcel_land_m2": 87616.035561361175, "land_value": 49349500, "capital_value": 102649500, "rates_now": 309481.05703500001, "rates_lv": 294719.37238242687, "median_parcel_lv_m2": 708.46181821683649, "lv_per_m2_land": 563.24735174120588, "land_share_of_cv": 0.48075733442442486, "lv_per_ha_block": 1973980.0, "rates_now_per_ha_block": 12379.2422814, "rates_lv_per_ha_block": 11788.774895297074, "rates_lv_per_m2_land": 3.3637606460294882, "rates_change_%": -4.7698184806521766 }, "geometry": { "type": "Polygon", "coordinates": [ [ [ 174.801970277448646, -41.240310897157116 ], [ 174.801846601774201, -41.235809196252504 ], [ 174.795883033962468, -41.235902390274255 ], [ 174.796006300845079, -41.240404105854161 ], [ 174.801970277448646, -41.240310897157116 ] ] ] } },
{ "type": "Feature", "properties": { "block_id": "g500_1750500_5433500", "parcels": 106, "rating_units": 347, "parcel_land_m2": 172120.09799829128, "land_value": 116803000, "capital_value": 260930000, "rates_now": 813467.30808999995, "rates_lv": 750526.75965775817, "median_parcel_lv_m2": 669.26989084151523, "lv_per_m2_land": 678.61337146786639, "land_share_of_cv": 0.44764112980492854, "lv_per_ha_block": 4672120.0, "rates_now_per_ha_block": 32538.692323599997, "rates_lv_per_ha_block": 30021.070386310326, "rates_lv_per_m2_land": 4.3604829905756208, "rates_change_%": -7.7373175057304451 }, "geometry": { "type": "Polygon", "coordinates": [ [ [ 174.801846601774201, -41.235809196252504 ], [ 174.801722954152609, -41.231307491511558 ], [ 174.795759795040084, -41.231400670860012 ], [ 174.795883033962468, -41.235902390274255 ], [ 174.801846601774201, -41.235809196252504 ] ] ] } },
{ "type": "Feature", "properties": { "block_id": "g500_1750500_5434000", "parcels": 208, "rating_units": 238, "parcel_land_m2": 102584.01674885296, "land_value": 104593000, "capital_value": 189973000, "rates_now": 575930.01818000001, "rates_lv": 630926.81414632103, "median_parcel_lv_m2": 1051.6869158915606, "lv_per_m2_land": 1019.5837842464821, "land_share_of_cv": 0.5505677122538466, "lv_per_ha_block": 4183720.0, "rates_now_per_ha_block": 23037.200727200001, "rates_lv_per_ha_block": 25237.072565852843, "rates_lv_per_m2_land": 6.1503422671678116, "rates_change_%": 9.5492150487513694 }, "geometry": { "type": "Polygon", "coordinates": [ [ [ 174.801722954152609, -41.231307491511558 ], [ 174.801599334576565, -41.22680578293447 ], [ 174.795636584070678, -41.226898947611588 ], [ 174.795759795040084, -41.231400670860012 ], [ 174.801722954152609, -41.231307491511558 ] ] ] } },
{ "type": "Feature", "properties": { "block_id": "g500_1750500_5434500", "parcels": 270, "rating_units": 302, "parcel_land_m2": 159766.6032213268, "land_value": 148075000, "capital_value": 246115000, "rates_now": 742019.49695000006, "rates_lv": 884316.37738027459, "median_parcel_lv_m2": 933.39804388690607, "lv_per_m2_land": 926.82073108151224, "land_share_of_cv": 0.60164963533307603, "lv_per_ha_block": 5923000.0, "rates_now_per_ha_block": 29680.779878000001, "rates_lv_per_ha_block": 35372.655095210983, "rates_lv_per_m2_land": 5.5350515035687362, "rates_change_%": 19.176973248704687 }, "geometry": { "type": "Polygon", "coordinates": [ [ [ 174.801599334576565, -41.22680578293447 ], [ 174.801475743038822, -41.222304070521368 ], [ 174.795513401047003, -41.222397220529174 ], [ 174.795636584070678, -41.226898947611588 ], [ 174.801599334576565, -41.22680578293447 ] ] ] } },
{ "type": "Feature", "properties": { "block_id": "g500_1750500_5435000", "parcels": 348, "rating_units": 386, "parcel_land_m2": 222370.75402673075, "land_value": 177664000, "capital_value": 323334000, "rates_now": 974829.37662, "rates_lv": 1061024.3786654675, "median_parcel_lv_m2": 903.89965627825359, "lv_per_m2_land": 798.9539846532308, "land_share_of_cv": 0.54947515572132843, "lv_per_ha_block": 7106560.0, "rates_now_per_ha_block": 38993.175064800002, "rates_lv_per_ha_block": 42440.975146618701, "rates_lv_per_m2_land": 4.7714205193454706, "rates_change_%": 8.8420603761787611 }, "geometry": { "type": "Polygon", "coordinates": [ [ [ 174.801475743038822, -41.222304070521368 ], [ 174.801352179532074, -41.21780235427245 ], [ 174.795390245961784, -41.217895489612914 ], [ 174.795513401047003, -41.222397220529174 ], [ 174.801475743038822, -41.222304070521368 ] ] ] } },
{ "type": "Feature", "properties": { "block_id": "g500_1750500_5435500", "parcels": 270, "rating_units": 291, "parcel_land_m2": 187908.79602959054, "land_value": 138721000, "capital_value": 265721000, "rates_now": 801130.21453, "rates_lv": 828453.50117554667, "median_parcel_lv_m2": 892.64996715970483, "lv_per_m2_land": 738.23579806320083, "land_share_of_cv": 0.52205508785530685, "lv_per_ha_block": 5548840.0, "rates_now_per_ha_block": 32045.2085812, "rates_lv_per_ha_block": 33138.140047021865, "rates_lv_per_m2_land": 4.4088063926772634, "rates_change_%": 3.4105924542586985 }, "geometry": { "type": "Polygon", "coordinates": [ [ [ 174.801352179532074, -41.21780235427245 ], [ 174.801228644049104, -41.213300634187846 ], [ 174.7952671188078, -41.213393754862942 ], [ 174.795390245961784, -41.217895489612914 ], [ 174.801352179532074, -41.21780235427245 ] ] ] } },
{ "type": "Feature", "properties": { "block_id": "g500_1750500_5436000", "parcels": 113, "rating_units": 113, "parcel_land_m2": 245842.45360208748, "land_value": 66100000, "capital_value": 144850000, "rates_now": 436712.6105, "rates_lv": 394754.76984525507, "median_parcel_lv_m2": 872.0310376468268, "lv_per_m2_land": 268.87138096574358, "land_share_of_cv": 0.45633413876423889, "lv_per_ha_block": 2644000.0, "rates_now_per_ha_block": 17468.50442, "rates_lv_per_ha_block": 15790.190793810203, "rates_lv_per_m2_land": 1.6057225432845386, "rates_change_%": -9.6076549304831556 }, "geometry": { "type": "Polygon", "coordinates": [ [ [ 174.801228644049104, -41.213300634187846 ], [ 174.801105136582578, -41.208798910267724 ], [ 174.795144019577805, -41.208892016279457 ], [ 174.7952671188078, -41.213393754862942 ], [ 174.801228644049104, -41.213300634187846 ] ] ] } },
{ "type": "Feature", "properties": { "block_id": "g500_1750500_5436500", "parcels": 13, "rating_units": 13, "parcel_land_m2": 98415.153549825758, "land_value": 9830000, "capital_value": 17050000, "rates_now": 51404.5565, "rates_lv": 58705.588314354885, "median_parcel_lv_m2": 727.29870198512219, "lv_per_m2_land": 99.882992053893958, "land_share_of_cv": 0.57653958944281525, "lv_per_ha_block": 393200.0, "rates_now_per_ha_block": 2056.18226, "rates_lv_per_ha_block": 2348.2235325741954, "rates_lv_per_m2_land": 0.59650964507852278, "rates_change_%": 14.203082978363746 }, "geometry": { "type": "Polygon", "coordinates": [ [ [ 174.801105136582578, -41.208798910267724 ], [ 174.800981657125277, -41.204297182512242 ], [ 174.79502094826455, -41.204390273862586 ], [ 174.795144019577805, -41.208892016279457 ], [ 174.801105136582578, -41.208798910267724 ] ] ] } },
{ "type": "Feature", "properties": { "block_id": "g500_1750500_5437000", "parcels": 143, "rating_units": 143, "parcel_land_m2": 79523.92363644969, "land_value": 64227000, "capital_value": 151887000, "rates_now": 457928.67291000002, "rates_lv": 383569.05601892888, "median_parcel_lv_m2": 861.85589214824495, "lv_per_m2_land": 807.64375125175081, "land_share_of_cv": 0.42286041596713347, "lv_per_ha_block": 2569080.0, "rates_now_per_ha_block": 18317.146916400001, "rates_lv_per_ha_block": 15342.762240757154, "rates_lv_per_m2_land": 4.8233165377056482, "rates_change_%": -16.238253092678811 }, "geometry": { "type": "Polygon", "coordinates": [ [ [ 174.800981657125277, -41.204297182512242 ], [ 174.800858205669897, -41.199795450921563 ], [ 174.794897904860761, -41.199888527612522 ], [ 174.79502094826455, -41.204390273862586 ], [ 174.800981657125277, -41.204297182512242 ] ] ] } },
{ "type": "Feature", "properties": { "block_id": "g500_1750500_5437500", "parcels": 37, "rating_units": 37, "parcel_land_m2": 22970.029829470983, "land_value": 15855000, "capital_value": 36780000, "rates_now": 110889.1254, "rates_lv": 94687.396004485927, "median_parcel_lv_m2": 920.54983565462589, "lv_per_m2_land": 690.24725338657311, "land_share_of_cv": 0.43107667210440459, "lv_per_ha_block": 634200.0, "rates_now_per_ha_block": 4435.565016, "rates_lv_per_ha_block": 3787.495840179437, "rates_lv_per_m2_land": 4.1222147601654484, "rates_change_%": -14.610746849225375 }, "geometry": { "type": "Polygon", "coordinates": [ [ [ 174.800858205669897, -41.199795450921563 ], [ 174.800734782209219, -41.195293715495836 ], [ 174.794774889359246, -41.195386777529379 ], [ 174.794897904860761, -41.199888527612522 ], [ 174.800858205669897, -41.199795450921563 ] ] ] } },
{ "type": "Feature", "properties": { "block_id": "g500_1750500_5438000", "parcels": 1, "rating_units": 1, "parcel_land_m2": 746800.834457302, "land_value": 1730000, "capital_value": 2070000, "rates_now": 6240.9051, "rates_lv": 10331.705776585344, "median_parcel_lv_m2": 2.3165480275034587, "lv_per_m2_land": 2.3165480275034587, "land_share_of_cv": 0.83574879227053145, "lv_per_ha_block": 69200.0, "rates_now_per_ha_block": 249.636204, "rates_lv_per_ha_block": 413.26823106341379, "rates_lv_per_m2_land": 0.013834620021673336, "rates_change_%": 65.548195510701547 }, "geometry": { "type": "Polygon", "coordinates": [ [ [ 174.800734782209219, -41.195293715495836 ], [ 174.800611386735966, -41.190791976235239 ], [ 174.794651901752758, -41.190885023613347 ], [ 174.794774889359246, -41.195386777529379 ], [ 174.800734782209219, -41.195293715495836 ] ] ] } },
{ "type": "Feature", "properties": { "block_id": "g500_1750500_5438500", "parcels": 1, "rating_units": 1, "parcel_land_m2": 336544.00155613117, "land_value": 1400000, "capital_value": 1410000, "rates_now": 4251.0513, "rates_lv": 8360.9179694910308, "median_parcel_lv_m2": 4.1599315201774534, "lv_per_m2_land": 4.1599315201774534, "land_share_of_cv": 0.99290780141843971, "lv_per_ha_block": 56000.0, "rates_now_per_ha_block": 170.042052, "rates_lv_per_ha_block": 334.43671877964124, "rates_lv_per_m2_land": 0.02484346157064558, "rates_change_%": 96.678830234088935 }, "geometry": { "type": "Polygon", "coordinates": [ [ [ 174.800611386735966, -41.190791976235239 ], [ 174.800488019242891, -41.186290233139914 ], [ 174.794528942034077, -41.186383265864592 ], [ 174.794651901752758, -41.190885023613347 ], [ 174.800611386735966, -41.190791976235239 ] ] ] } },
{ "type": "Feature", "properties": { "block_id": "g500_1750500_5439000", "parcels": 3, "rating_units": 3, "parcel_land_m2": 116915.40032032707, "land_value": 2970000, "capital_value": 4270000, "rates_now": 12873.7511, "rates_lv": 17737.09026384883, "median_parcel_lv_m2": 25.214811177515504, "lv_per_m2_land": 25.402983626303605, "land_share_of_cv": 0.6955503512880562, "lv_per_ha_block": 118800.0, "rates_now_per_ha_block": 514.950044, "rates_lv_per_ha_block": 709.48361055395321, "rates_lv_per_m2_land": 0.15170875877132017, "rates_change_%": 37.777172527817712 }, "geometry": { "type": "Polygon", "coordinates": [ [ [ 174.800488019242891, -41.186290233139914 ], [ 174.800364679722719, -41.181788486210031 ], [ 174.794406010195956, -41.18188150428324 ], [ 174.794528942034077, -41.186383265864592 ], [ 174.800488019242891, -41.186290233139914 ] ] ] } },
{ "type": "Feature", "properties": { "block_id": "g500_1750500_5439500", "parcels": 5, "rating_units": 5, "parcel_land_m2": 176538.64136976836, "land_value": 4940000, "capital_value": 8040000, "rates_now": 24240.0372, "rates_lv": 29502.096263775493, "median_parcel_lv_m2": 26.36002490450489, "lv_per_m2_land": 27.982542301619628, "land_share_of_cv": 0.61442786069651745, "lv_per_ha_block": 197600.0, "rates_now_per_ha_block": 969.601488, "rates_lv_per_ha_block": 1180.0838505510196, "rates_lv_per_m2_land": 0.16711410054403888, "rates_change_%": 21.708131140060694 }, "geometry": { "type": "Polygon", "coordinates": [ [ [ 174.800364679722719, -41.181788486210031 ], [ 174.800241368168201, -41.177286735445747 ], [ 174.794283106231177, -41.177379738869483 ], [ 174.794406010195956, -41.18188150428324 ], [ 174.800364679722719, -41.181788486210031 ] ] ] } },
{ "type": "Feature", "properties": { "block_id": "g500_1750500_5440000", "parcels": 1, "rating_units": 1, "parcel_land_m2": 40599.204181151559, "land_value": 740000, "capital_value": 1720000, "rates_now": 5185.6796, "rates_lv": 4419.3423553024022, "median_parcel_lv_m2": 18.226958260022982, "lv_per_m2_land": 18.226958260022982, "land_share_of_cv": 0.43023255813953487, "lv_per_ha_block": 29600.0, "rates_now_per_ha_block": 207.427184, "rates_lv_per_ha_block": 176.77369421209607, "rates_lv_per_m2_land": 0.10885293060384937, "rates_change_%": -14.777952048900167 }, "geometry": { "type": "Polygon", "coordinates": [ [ [ 174.800241368168201, -41.177286735445747 ], [ 174.800118084572119, -41.172784980847226 ], [ 174.794160230132491, -41.17287796962345 ], [ 174.794283106231177, -41.177379738869483 ], [ 174.800241368168201, -41.177286735445747 ] ] ] } },
{ "type": "Feature", "properties": { "block_id": "g500_1750500_5440500", "parcels": 3, "rating_units": 3, "parcel_land_m2": 230675.731596072, "land_value": 3020000, "capital_value": 4970000, "rates_now": 14984.2021, "rates_lv": 18035.694477044937, "median_parcel_lv_m2": 17.02200180308882, "lv_per_m2_land": 13.09197105002885, "land_share_of_cv": 0.60764587525150904, "lv_per_ha_block": 120800.0, "rates_now_per_ha_block": 599.368084, "rates_lv_per_ha_block": 721.42777908179744, "rates_lv_per_m2_land": 0.078186354291601839, "rates_change_%": 20.364730512043351 }, "geometry": { "type": "Polygon", "coordinates": [ [ [ 174.800118084572119, -41.172784980847226 ], [ 174.799994828927197, -41.168283222414622 ], [ 174.794037381892707, -41.168376196545324 ], [ 174.794160230132491, -41.17287796962345 ], [ 174.800118084572119, -41.172784980847226 ] ] ] } },
{ "type": "Feature", "properties": { "block_id": "g500_1750500_5441000", "parcels": 1, "rating_units": 1, "parcel_land_m2": 30798.246636807453, "land_value": 860000, "capital_value": 1480000, "rates_now": 4462.0964, "rates_lv": 5135.9924669730617, "median_parcel_lv_m2": 27.923667543210104, "lv_per_m2_land": 27.923667543210104, "land_share_of_cv": 0.58108108108108103, "lv_per_ha_block": 34400.0, "rates_now_per_ha_block": 178.483856, "rates_lv_per_ha_block": 205.43969867892247, "rates_lv_per_m2_land": 0.16676249552579916, "rates_change_%": 15.102678350316712 }, "geometry": { "type": "Polygon", "coordinates": [ [ [ 174.799994828927197, -41.168283222414622 ], [ 174.799871601226215, -41.163781460148101 ], [ 174.793914561504636, -41.16387441963527 ], [ 174.794037381892707, -41.168376196545324 ], [ 174.799994828927197, -41.168283222414622 ] ] ] } },
{ "type": "Feature", "properties": { "block_id": "g500_1751000_5422000", "parcels": 3, "rating_units": 6, "parcel_land_m2": 3203.5305564891351, "land_value": 3120000, "capital_value": 4190000, "rates_now": 12632.5567, "rates_lv": 18632.902903437156, "median_parcel_lv_m2": 928.54011253259876, "lv_per_m2_land": 973.92546909848136, "land_share_of_cv": 0.74463007159904537, "lv_per_ha_block": 124800.0, "rates_now_per_ha_block": 505.302268, "rates_lv_per_ha_block": 745.31611613748623, "rates_lv_per_m2_land": 5.8163649682360541, "rates_change_%": 47.499064092363461 }, "geometry": { "type": "Polygon", "coordinates": [ [ [ 174.810671219709064, -41.33925350429174 ], [ 174.810546514196488, -41.334751902594135 ], [ 174.804573959741703, -41.334845729683899 ], [ 174.804698254426199, -41.33934734614941 ], [ 174.810671219709064, -41.33925350429174 ] ] ] } },
{ "type": "Feature", "properties": { "block_id": "g500_1751000_5423000", "parcels": 1, "rating_units": 3, "parcel_land_m2": 997818.18314738281, "land_value": 243300000, "capital_value": 513870000, "rates_now": 5732343.6926700007, "rates_lv": 5376129.9752253722, "median_parcel_lv_m2": 243.83199675973771, "lv_per_m2_land": 243.83199675973771, "land_share_of_cv": 0.4734660517251445, "lv_per_ha_block": 9732000.0, "rates_now_per_ha_block": 229293.74770680003, "rates_lv_per_ha_block": 215045.19900901488, "rates_lv_per_m2_land": 5.3878853542913347, "rates_change_%": -6.2141025825112717 }, "geometry": { "type": "Polygon", "coordinates": [ [ [ 174.81042183699077, -41.330250297054747 ], [ 174.810297188084519, -41.325748687673688 ], [ 174.804325455006477, -41.325842485233629 ], [ 174.804449693270897, -41.330344109378586 ], [ 174.81042183699077, -41.330250297054747 ] ] ] } },
{ "type": "Feature", "properties": { "block_id": "g500_1751000_5423500", "parcels": 134, "rating_units": 144, "parcel_land_m2": 63971.444334385298, "land_value": 79980000, "capital_value": 111086000, "rates_now": 526905.748915, "rates_lv": 856543.79671933095, "median_parcel_lv_m2": 1299.2159633230985, "lv_per_m2_land": 1250.245337309196, "land_share_of_cv": 0.71998271609383724, "lv_per_ha_block": 3199200.0, "rates_now_per_ha_block": 21076.2299566, "rates_lv_per_ha_block": 34261.751868773237, "rates_lv_per_m2_land": 13.389470968360332, "rates_change_%": 62.561102907515973 }, "geometry": { "type": "Polygon", "coordinates": [ [ [ 174.810297188084519, -41.325748687673688 ], [ 174.810172567470403, -41.321247074451144 ], [ 174.804201244941083, -41.32134085724919 ], [ 174.804325455006477, -41.325842485233629 ], [ 174.810297188084519, -41.325748687673688 ] ] ] } },
{ "type": "Feature", "properties": { "block_id": "g500_1751000_5424000", "parcels": 89, "rating_units": 106, "parcel_land_m2": 68410.258521342272, "land_value": 88998000, "capital_value": 123511000, "rates_now": 835918.88881400006, "rates_lv": 1258143.7695478937, "median_parcel_lv_m2": 1281.0340397160962, "lv_per_m2_land": 1300.9452372151886, "land_share_of_cv": 0.72056739885516274, "lv_per_ha_block": 3559920.0, "rates_now_per_ha_block": 33436.755552560004, "rates_lv_per_ha_block": 50325.750781915747, "rates_lv_per_m2_land": 18.39115648357599, "rates_change_%": 50.51026916414645 }, "geometry": { "type": "Polygon", "coordinates": [ [ [ 174.810172567470403, -41.321247074451144 ], [ 174.810047975141003, -41.316745457387256 ], [ 174.804077063067382, -41.316839225425404 ], [ 174.804201244941083, -41.32134085724919 ], [ 174.810172567470403, -41.321247074451144 ] ] ] } },
{ "type": "Feature", "properties": { "block_id": "g500_1751000_5424500", "parcels": 1, "rating_units": 1, "parcel_land_m2": 58344.736782887427, "land_value": 385000, "capital_value": 385000, "rates_now": 1160.74805, "rates_lv": 2299.2524416100332, "median_parcel_lv_m2": 6.5987100333087954, "lv_per_m2_land": 6.5987100333087954, "land_share_of_cv": 1.0, "lv_per_ha_block": 15400.0, "rates_now_per_ha_block": 46.429922, "rates_lv_per_ha_block": 91.970097664401322, "rates_lv_per_m2_land": 0.039408052352108758, "rates_change_%": 98.083679021475277 }, "geometry": { "type": "Polygon", "coordinates": [ [ [ 174.810047975141003, -41.316745457387256 ], [ 174.809923411089045, -41.312243836482182 ], [ 174.80395290937804, -41.312337589762457 ], [ 174.804077063067382, -41.316839225425404 ], [ 174.810047975141003, -41.316745457387256 ] ] ] } },
{ "type": "Feature", "properties": { "block_id": "g500_1751000_5425500", "parcels": 2, "rating_units": 2, "parcel_land_m2": 877476.55272324046, "land_value": 3250000, "capital_value": 4660000, "rates_now": 14049.5738, "rates_lv": 19409.273857747037, "median_parcel_lv_m2": 1457.7533317037371, "lv_per_m2_land": 3.7038026713234156, "land_share_of_cv": 0.69742489270386265, "lv_per_ha_block": 130000.0, "rates_now_per_ha_block": 561.982952, "rates_lv_per_ha_block": 776.37095430988154, "rates_lv_per_m2_land": 0.022119421650083449, "rates_change_%": 38.148488587938779 }, "geometry": { "type": "Polygon", "coordinates": [ [ [ 174.809798875307138, -41.307742211736084 ], [ 174.80967436778792, -41.30324058314914 ], [ 174.803704686523105, -41.303334306919666 ], [ 174.803828783865725, -41.30783595026049 ], [ 174.809798875307138, -41.307742211736084 ] ] ] } },
{ "type": "Feature", "properties": { "block_id": "g500_1751000_5426000", "parcels": 47, "rating_units": 141, "parcel_land_m2": 74040.555827977878, "land_value": 97666000, "capital_value": 137068000, "rates_now": 637743.92199800001, "rates_lv": 958038.17436783528, "median_parcel_lv_m2": 1172.4084944594595, "lv_per_m2_land": 1319.0878824155818, "land_share_of_cv": 0.71253684302681886, "lv_per_ha_block": 3906640.0, "rates_now_per_ha_block": 25509.756879920002, "rates_lv_per_ha_block": 38321.526974713408, "rates_lv_per_m2_land": 12.939370371471727, "rates_change_%": 50.223019196541976 }, "geometry": { "type": "Polygon", "coordinates": [ [ [ 174.80967436778792, -41.30324058314914 ], [ 174.809549888524032, -41.298738950721486 ], [ 174.803580617342874, -41.29883265974015 ], [ 174.803704686523105, -41.303334306919666 ], [ 174.80967436778792, -41.30324058314914 ] ] ] } },
{ "type": "Feature", "properties": { "block_id": "g500_1751000_5426500", "parcels": 37, "rating_units": 46, "parcel_land_m2": 43027.587598610313, "land_value": 35448000, "capital_value": 55658000, "rates_now": 167804.97394, "rates_lv": 211698.44298751288, "median_parcel_lv_m2": 1404.6504207596911, "lv_per_m2_land": 823.84353802686542, "land_share_of_cv": 0.636889575622552, "lv_per_ha_block": 1417920.0, "rates_now_per_ha_block": 6712.1989575999996, "rates_lv_per_ha_block": 8467.9377195005145, "rates_lv_per_m2_land": 4.9200630293842043, "rates_change_%": 26.157430269741198 }, "geometry": { "type": "Polygon", "coordinates": [ [ [ 174.809549888524032, -41.298738950721486 ], [ 174.809425437508168, -41.294237314453291 ], [ 174.8034565763177, -41.294331008722096 ], [ 174.803580617342874, -41.29883265974015 ], [ 174.809549888524032, -41.298738950721486 ] ] ] } },
{ "type": "Feature", "properties": { "block_id": "g500_1751000_5427000", "parcels": 4, "rating_units": 4, "parcel_land_m2": 1488.7381548221165, "land_value": 2490000, "capital_value": 3410000, "rates_now": 10280.9113, "rates_lv": 14870.48981716619, "median_parcel_lv_m2": 1603.6358068833879, "lv_per_m2_land": 1672.5573882383101, "land_share_of_cv": 0.73020527859237538, "lv_per_ha_block": 99600.0, "rates_now_per_ha_block": 411.236452, "rates_lv_per_ha_block": 594.81959268664764, "rates_lv_per_m2_land": 9.9886536588047665, "rates_change_%": 44.641748024479021 }, "geometry": { "type": "Polygon", "coordinates": [ [ [ 174.809425437508168, -41.294237314453291 ], [ 174.809301014732966, -41.289735674344712 ], [ 174.803332563440222, -41.289829353865656 ], [ 174.8034565763177, -41.294331008722096 ], [ 174.809425437508168, -41.294237314453291 ] ] ] } },
{ "type": "Feature", "properties": { "block_id": "g500_1751000_5427500", "parcels": 9, "rating_units": 10, "parcel_land_m2": 6635.5418366437934, "land_value": 5411500, "capital_value": 9481500, "rates_now": 28586.058794999997, "rates_lv": 32317.933994214793, "median_parcel_lv_m2": 858.15466230115055, "lv_per_m2_land": 815.53249654998717, "land_share_of_cv": 0.57074302589252757, "lv_per_ha_block": 216460.0, "rates_now_per_ha_block": 1143.4423518, "rates_lv_per_ha_block": 1292.7173597685917, "rates_lv_per_m2_land": 4.8704287893633351, "rates_change_%": 13.054878344640986 }, "geometry": { "type": "Polygon", "coordinates": [ [ [ 174.809301014732966, -41.289735674344712 ], [ 174.809176620191067, -41.285234030395905 ], [ 174.80320857870322, -41.285327695170992 ], [ 174.803332563440222, -41.289829353865656 ], [ 174.809301014732966, -41.289735674344712 ] ] ] } },
{ "type": "Feature", "properties": { "block_id": "g500_1751000_5431500", "parcels": 84, "rating_units": 84, "parcel_land_m2": 73612.63560489779, "land_value": 49900600, "capital_value": 97860600, "rates_now": 295042.85875800002, "rates_lv": 298010.58802027436, "median_parcel_lv_m2": 848.20296057862538, "lv_per_m2_land": 677.88090441201211, "land_share_of_cv": 0.50991512416641627, "lv_per_ha_block": 1996024.0, "rates_now_per_ha_block": 11801.71435032, "rates_lv_per_ha_block": 11920.423520810975, "rates_lv_per_m2_land": 4.0483618820523022, "rates_change_%": 1.0058637835761219 }, "geometry": { "type": "Polygon", "coordinates": [ [ [ 174.808306648314925, -41.253722415241356 ], [ 174.808182479375688, -41.24922074057649 ], [ 174.802217712985197, -41.249314287456777 ], [ 174.802341472861912, -41.253815976851499 ], [ 174.808306648314925, -41.253722415241356 ] ] ] } },
{ "type": "Feature", "properties": { "block_id": "g500_1751000_5432000", "parcels": 288, "rating_units": 327, "parcel_land_m2": 152672.00448562196, "land_value": 161760000, "capital_value": 333160000, "rates_now": 1004454.0788, "rates_lv": 966044.35053204931, "median_parcel_lv_m2": 1030.8322534442145, "lv_per_m2_land": 1059.5262736282075, "land_share_of_cv": 0.48553247688798173, "lv_per_ha_block": 6470400.0, "rates_now_per_ha_block": 40178.163152000001, "rates_lv_per_ha_block": 38641.77402128197, "rates_lv_per_m2_land": 6.3275801859471068, "rates_change_%": -3.8239406936191656 }, "geometry": { "type": "Polygon", "coordinates": [ [ [ 174.808182479375688, -41.24922074057649 ], [ 174.808058338603871, -41.244719062072839 ], [ 174.802093981183219, -41.244812594225266 ], [ 174.802217712985197, -41.249314287456777 ], [ 174.808182479375688, -41.24922074057649 ] ] ] } },
{ "type": "Feature", "properties": { "block_id": "g500_1751000_5432500", "parcels": 22, "rating_units": 25, "parcel_land_m2": 160797.78714243887, "land_value": 19170000, "capital_value": 36550000, "rates_now": 187121.63045, "rates_lv": 227840.9867528945, "median_parcel_lv_m2": 834.29884728991999, "lv_per_m2_land": 119.21805853595929, "land_share_of_cv": 0.5244870041039672, "lv_per_ha_block": 766800.0, "rates_now_per_ha_block": 7484.865218, "rates_lv_per_ha_block": 9113.6394701157806, "rates_lv_per_m2_land": 1.4169410587166043, "rates_change_%": 21.760902897741129 }, "geometry": { "type": "Polygon", "coordinates": [ [ [ 174.808058338603871, -41.244719062072839 ], [ 174.807934225992085, -41.240217379730538 ], [ 174.801970277448646, -41.240310897157116 ], [ 174.802093981183219, -41.244812594225266 ], [ 174.808058338603871, -41.244719062072839 ] ] ] } },
{ "type": "Feature", "properties": { "block_id": "g500_1751000_5433000", "parcels": 14, "rating_units": 14, "parcel_land_m2": 131812.11881090852, "land_value": 12895000, "capital_value": 19630000, "rates_now": 138958.1237, "rates_lv": 195687.28507593757, "median_parcel_lv_m2": 287.35041592243118, "lv_per_m2_land": 97.828637581484912, "land_share_of_cv": 0.65690269994905759, "lv_per_ha_block": 515800.0, "rates_now_per_ha_block": 5558.324948, "rates_lv_per_ha_block": 7827.491403037503, "rates_lv_per_m2_land": 1.4845925157812034, "rates_change_%": 40.824645487018451 }, "geometry": { "type": "Polygon", "coordinates": [ [ [ 174.807934225992085, -41.240217379730538 ], [ 174.807810141533082, -41.235715693549785 ], [ 174.801846601774201, -41.235809196252504 ], [ 174.801970277448646, -41.240310897157116 ], [ 174.807934225992085, -41.240217379730538 ] ] ] } },
{ "type": "Feature", "properties": { "block_id": "g500_1751000_5433500", "parcels": 144, "rating_units": 157, "parcel_land_m2": 173497.05020252429, "land_value": 68373000, "capital_value": 120793000, "rates_now": 364182.43949000002, "rates_lv": 408329.31737715018, "median_parcel_lv_m2": 690.18868494919161, "lv_per_m2_land": 394.08739180399743, "land_share_of_cv": 0.56603445563898569, "lv_per_ha_block": 2734920.0, "rates_now_per_ha_block": 14567.297579600001, "rates_lv_per_ha_block": 16333.172695086007, "rates_lv_per_m2_land": 2.3535231112027817, "rates_change_%": 12.122187425888331 }, "geometry": { "type": "Polygon", "coordinates": [ [ [ 174.807810141533082, -41.235715693549785 ], [ 174.807686085219558, -41.23121400353071 ], [ 174.801722954152609, -41.231307491511558 ], [ 174.801846601774201, -41.235809196252504 ], [ 174.807810141533082, -41.235715693549785 ] ] ] } },
{ "type": "Feature", "properties": { "block_id": "g500_1751000_5434000", "parcels": 315, "rating_units": 373, "parcel_land_m2": 181232.91884173706, "land_value": 163855000, "capital_value": 285310000, "rates_now": 863934.22135999997, "rates_lv": 981619.54629235843, "median_parcel_lv_m2": 921.31348073148285, "lv_per_m2_land": 904.11279058572984, "land_share_of_cv": 0.57430514177561254, "lv_per_ha_block": 6554200.0, "rates_now_per_ha_block": 34557.368854399996, "rates_lv_per_ha_block": 39264.781851694337, "rates_lv_per_m2_land": 5.4163424203831569, "rates_change_%": 13.622023763232693 }, "geometry": { "type": "Polygon", "coordinates": [ [ [ 174.807686085219558, -41.23121400353071 ], [ 174.807562057044152, -41.226712309673495 ], [ 174.801599334576565, -41.22680578293447 ], [ 174.801722954152609, -41.231307491511558 ], [ 174.807686085219558, -41.23121400353071 ] ] ] } },
{ "type": "Feature", "properties": { "block_id": "g500_1751000_5434500", "parcels": 182, "rating_units": 253, "parcel_land_m2": 210727.3439353428, "land_value": 194415000, "capital_value": 318072000, "rates_now": 1741948.768806, "rates_lv": 2102821.6320432373, "median_parcel_lv_m2": 1185.3431718269271, "lv_per_m2_land": 922.59028358299861, "land_share_of_cv": 0.61122953293593907, "lv_per_ha_block": 7776600.0, "rates_now_per_ha_block": 69677.950752239994, "rates_lv_per_ha_block": 84112.865281729493, "rates_lv_per_m2_land": 9.9788740880653979, "rates_change_%": 20.716617486092524 }, "geometry": { "type": "Polygon", "coordinates": [ [ [ 174.807562057044152, -41.226712309673495 ], [ 174.807438056999615, -41.222210611978269 ], [ 174.801475743038822, -41.222304070521368 ], [ 174.801599334576565, -41.22680578293447 ], [ 174.807562057044152, -41.226712309673495 ] ] ] } },
{ "type": "Feature", "properties": { "block_id": "g500_1751000_5435000", "parcels": 300, "rating_units": 450, "parcel_land_m2": 181736.1124497772, "land_value": 225565000, "capital_value": 366870000, "rates_now": 1254078.2230799999, "rates_lv": 1547683.5532482208, "median_parcel_lv_m2": 1218.5268115515441, "lv_per_m2_land": 1241.1677401888683, "land_share_of_cv": 0.61483631804181316, "lv_per_ha_block": 9022600.0, "rates_now_per_ha_block": 50163.128923199998, "rates_lv_per_ha_block": 61907.342129928831, "rates_lv_per_m2_land": 8.5161035546852215, "rates_change_%": 23.412042786863019 }, "geometry": { "type": "Polygon", "coordinates": [ [ [ 174.807438056999615, -41.222210611978269 ], [ 174.807314085078644, -41.217708910445232 ], [ 174.801352179532074, -41.21780235427245 ], [ 174.801475743038822, -41.222304070521368 ], [ 174.807438056999615, -41.222210611978269 ] ] ] } },
{ "type": "Feature", "properties": { "block_id": "g500_1751000_5435500", "parcels": 288, "rating_units": 334, "parcel_land_m2": 186537.60199583392, "land_value": 149385000, "capital_value": 281370000, "rates_now": 848310.8541, "rates_lv": 892139.80776601261, "median_parcel_lv_m2": 836.2512451640489, "lv_per_m2_land": 800.83049423641853, "land_share_of_cv": 0.53092014073995097, "lv_per_ha_block": 5975400.0, "rates_now_per_ha_block": 33932.434163999998, "rates_lv_per_ha_block": 35685.592310640503, "rates_lv_per_m2_land": 4.7826271926983246, "rates_change_%": 5.1666147443689248 }, "geometry": { "type": "Polygon", "coordinates": [ [ [ 174.807314085078644, -41.217708910445232 ], [ 174.807190141273907, -41.213207205074518 ], [ 174.801228644049104, -41.213300634187846 ], [ 174.801352179532074, -41.21780235427245 ], [ 174.807314085078644, -41.217708910445232 ] ] ] } },
{ "type": "Feature", "properties": { "block_id": "g500_1751000_5436000", "parcels": 248, "rating_units": 323, "parcel_land_m2": 177033.25541819356, "land_value": 122580000, "capital_value": 262870000, "rates_now": 792534.6491, "rates_lv": 732058.08907157893, "median_parcel_lv_m2": 710.16512485456042, "lv_per_m2_land": 692.41227988740104, "land_share_of_cv": 0.46631414767755924, "lv_per_ha_block": 4903200.0, "rates_now_per_ha_block": 31701.385964000001, "rates_lv_per_ha_block": 29282.323562863156, "rates_lv_per_m2_land": 4.1351444808620172, "rates_change_%": -7.6307780482655403 }, "geometry": { "type": "Polygon", "coordinates": [ [ [ 174.807190141273907, -41.213207205074518 ], [ 174.807066225578154, -41.208705495866283 ], [ 174.801105136582578, -41.208798910267724 ], [ 174.801228644049104, -41.213300634187846 ], [ 174.807190141273907, -41.213207205074518 ] ] ] } },
{ "type": "Feature", "properties": { "block_id": "g500_1751000_5436500", "parcels": 220, "rating_units": 241, "parcel_land_m2": 135051.73192278104, "land_value": 107950000, "capital_value": 242760000, "rates_now": 731904.4068, "rates_lv": 644686.49629039771, "median_parcel_lv_m2": 839.23954728096692, "lv_per_m2_land": 799.32332938701529, "land_share_of_cv": 0.44467787114845936, "lv_per_ha_block": 4318000.0, "rates_now_per_ha_block": 29276.176272000001, "rates_lv_per_ha_block": 25787.459851615909, "rates_lv_per_m2_land": 4.7736262772180673, "rates_change_%": -11.916571303475621 }, "geometry": { "type": "Polygon", "coordinates": [ [ [ 174.807066225578154, -41.208705495866283 ], [ 174.806942337984083, -41.204203782820706 ], [ 174.800981657125277, -41.204297182512242 ], [ 174.801105136582578, -41.208798910267724 ], [ 174.807066225578154, -41.208705495866283 ] ] ] } },
{ "type": "Feature", "properties": { "block_id": "g500_1751000_5437000", "parcels": 244, "rating_units": 248, "parcel_land_m2": 157574.03714194128, "land_value": 122444000, "capital_value": 275524000, "rates_now": 830685.57331999997, "rates_lv": 731245.88561168557, "median_parcel_lv_m2": 820.86748770810573, "lv_per_m2_land": 777.05694555317848, "land_share_of_cv": 0.44440411724568457, "lv_per_ha_block": 4897760.0, "rates_now_per_ha_block": 33227.4229328, "rates_lv_per_ha_block": 29249.835424467423, "rates_lv_per_m2_land": 4.64064955670956, "rates_change_%": -11.970797483683738 }, "geometry": { "type": "Polygon", "coordinates": [ [ [ 174.806942337984083, -41.204203782820706 ], [ 174.806818478484388, -41.199702065937942 ], [ 174.800858205669897, -41.199795450921563 ], [ 174.800981657125277, -41.204297182512242 ], [ 174.806942337984083, -41.204203782820706 ] ] ] } },
{ "type": "Feature", "properties": { "block_id": "g500_1751000_5437500", "parcels": 178, "rating_units": 178, "parcel_land_m2": 114899.01846666219, "land_value": 90850000, "capital_value": 218400000, "rates_now": 658460.712, "rates_lv": 542563.8553773287, "median_parcel_lv_m2": 855.9236930993344, "lv_per_m2_land": 790.69430890186425, "land_share_of_cv": 0.4159798534798535, "lv_per_ha_block": 3634000.0, "rates_now_per_ha_block": 26338.42848, "rates_lv_per_ha_block": 21702.554215093147, "rates_lv_per_m2_land": 4.7220930397656353, "rates_change_%": -17.601180223896385 }, "geometry": { "type": "Polygon", "coordinates": [ [ [ 174.806818478484388, -41.199702065937942 ], [ 174.806694647071765, -41.195200345218126 ], [ 174.800734782209219, -41.195293715495836 ], [ 174.800858205669897, -41.199795450921563 ], [ 174.806818478484388, -41.199702065937942 ] ] ] } },
{ "type": "Feature", "properties": { "block_id": "g500_1751000_5438000", "parcels": 183, "rating_units": 183, "parcel_land_m2": 144624.847105049, "land_value": 92325000, "capital_value": 227190000, "rates_now": 684961.9467, "rates_lv": 551372.67966661381, "median_parcel_lv_m2": 830.85216950314941, "lv_per_m2_land": 638.37578291743512, "land_share_of_cv": 0.4063779215634491, "lv_per_ha_block": 3693000.0, "rates_now_per_ha_block": 27398.477867999998, "rates_lv_per_ha_block": 22054.907186664554, "rates_lv_per_m2_land": 3.8124339676302053, "rates_change_%": -19.50316622361149 }, "geometry": { "type": "Polygon", "coordinates": [ [ [ 174.806694647071765, -41.195200345218126 ], [ 174.806570843738996, -41.190698620661458 ], [ 174.800611386735966, -41.190791976235239 ], [ 174.800734782209219, -41.195293715495836 ], [ 174.806694647071765, -41.195200345218126 ] ] ] } },
{ "type": "Feature", "properties": { "block_id": "g500_1751000_5438500", "parcels": 26, "rating_units": 26, "parcel_land_m2": 17509.610118857854, "land_value": 12770000, "capital_value": 33880000, "rates_now": 102145.8284, "rates_lv": 76263.516050286038, "median_parcel_lv_m2": 750.46068523989379, "lv_per_m2_land": 729.31378330615757, "land_share_of_cv": 0.37691853600944508, "lv_per_ha_block": 510800.0, "rates_now_per_ha_block": 4085.833136, "rates_lv_per_ha_block": 3050.5406420114414, "rates_lv_per_m2_land": 4.355523368744243, "rates_change_%": -25.338589695860701 }, "geometry": { "type": "Polygon", "coordinates": [ [ [ 174.806570843738996, -41.190698620661458 ], [ 174.806447068478747, -41.186196892268079 ], [ 174.800488019242891, -41.186290233139914 ], [ 174.800611386735966, -41.190791976235239 ], [ 174.806570843738996, -41.190698620661458 ] ] ] } },
{ "type": "Feature", "properties": { "block_id": "g500_1751000_5439500", "parcels": 3, "rating_units": 3, "parcel_land_m2": 369693.91225161706, "land_value": 3420000, "capital_value": 4750000, "rates_now": 14320.9175, "rates_lv": 20424.528182613802, "median_parcel_lv_m2": 25.40555397889073, "lv_per_m2_land": 9.250896178329052, "land_share_of_cv": 0.72, "lv_per_ha_block": 136800.0, "rates_now_per_ha_block": 572.8367, "rates_lv_per_ha_block": 816.98112730455205, "rates_lv_per_m2_land": 0.055247131493776615, "rates_change_%": 42.62024889546219 }, "geometry": { "type": "Polygon", "coordinates": [ [ [ 174.806323321283799, -41.181695160038153 ], [ 174.806199602146819, -41.177193423971829 ], [ 174.800241368168201, -41.177286735445747 ], [ 174.800364679722719, -41.181788486210031 ], [ 174.806323321283799, -41.181695160038153 ] ] ] } },
{ "type": "Feature", "properties": { "block_id": "g500_1751000_5440000", "parcels": 5, "rating_units": 5, "parcel_land_m2": 177034.55987817983, "land_value": 4950000, "capital_value": 7410000, "rates_now": 22340.6313, "rates_lv": 29561.817106414714, "median_parcel_lv_m2": 26.519585583967711, "lv_per_m2_land": 27.96064228027663, "land_share_of_cv": 0.66801619433198378, "lv_per_ha_block": 198000.0, "rates_now_per_ha_block": 893.625252, "rates_lv_per_ha_block": 1182.4726842565885, "rates_lv_per_m2_land": 0.16698331177119682, "rates_change_%": 32.323105419204111 }, "geometry": { "type": "Polygon", "coordinates": [ [ [ 174.806199602146819, -41.177193423971829 ], [ 174.80607591106056, -41.172691684069271 ], [ 174.800118084572119, -41.172784980847226 ], [ 174.800241368168201, -41.177286735445747 ], [ 174.806199602146819, -41.177193423971829 ] ] ] } },
{ "type": "Feature", "properties": { "block_id": "g500_1751000_5441000", "parcels": 1, "rating_units": 1, "parcel_land_m2": 33245.997328397461, "land_value": 770000, "capital_value": 770000, "rates_now": 2321.4961, "rates_lv": 4598.5048832200664, "median_parcel_lv_m2": 23.160682845338961, "lv_per_m2_land": 23.160682845338961, "land_share_of_cv": 1.0, "lv_per_ha_block": 30800.0, "rates_now_per_ha_block": 92.859844, "rates_lv_per_ha_block": 183.94019532880264, "rates_lv_per_m2_land": 0.13831754956234082, "rates_change_%": 98.083679021475277 }, "geometry": { "type": "Polygon", "coordinates": [ [ [ 174.805952248017775, -41.168189940330656 ], [ 174.80582861301113, -41.163688192756133 ], [ 174.799871601226215, -41.163781460148101 ], [ 174.799994828927197, -41.168283222414622 ], [ 174.805952248017775, -41.168189940330656 ] ] ] } },
{ "type": "Feature", "properties": { "block_id": "g500_1751000_5441500", "parcels": 1, "rating_units": 1, "parcel_land_m2": 1181046.4211331832, "land_value": 1600000, "capital_value": 1640000, "rates_now": 4944.4852, "rates_lv": 9555.334822275463, "median_parcel_lv_m2": 1.3547308313798891, "lv_per_m2_land": 1.3547308313798891, "land_share_of_cv": 0.97560975609756095, "lv_per_ha_block": 64000.0, "rates_now_per_ha_block": 197.779408, "rates_lv_per_ha_block": 382.21339289101854, "rates_lv_per_m2_land": 0.0080905666799340279, "rates_change_%": 93.252369777049054 }, "geometry": { "type": "Polygon", "coordinates": [ [ [ 174.80582861301113, -41.163688192756133 ], [ 174.805705006033435, -41.159186441345867 ], [ 174.799748401461954, -41.159279694047818 ], [ 174.799871601226215, -41.163781460148101 ], [ 174.80582861301113, -41.163688192756133 ] ] ] } },
{ "type": "Feature", "properties": { "block_id": "g500_1751500_5422000", "parcels": 82, "rating_units": 82, "parcel_land_m2": 106890.11211776637, "land_value": 66520000, "capital_value": 141945000, "rates_now": 1051502.0614499999, "rates_lv": 760067.16426937387, "median_parcel_lv_m2": 808.07297316542076, "lv_per_m2_land": 622.32136052688827, "land_share_of_cv": 0.46863221670365285, "lv_per_ha_block": 2660800.0, "rates_now_per_ha_block": 42060.082457999997, "rates_lv_per_ha_block": 30402.686570774953, "rates_lv_per_m2_land": 7.1107340914000403, "rates_change_%": -27.716055713551647 }, "geometry": { "type": "Polygon", "coordinates": [ [ [ 174.816644156677768, -41.339159352638603 ], [ 174.816519040344474, -41.334657765757647 ], [ 174.810546514196488, -41.334751902594135 ], [ 174.810671219709064, -41.33925350429174 ], [ 174.816644156677768, -41.339159352638603 ] ] ] } },
{ "type": "Feature", "properties": { "block_id": "g500_1751500_5422500", "parcels": 43, "rating_units": 43, "parcel_land_m2": 155926.20462291755, "land_value": 34800000, "capital_value": 51545000, "rates_now": 261635.6254, "rates_lv": 418254.92142378882, "median_parcel_lv_m2": 800.39689816047314, "lv_per_m2_land": 223.18249895300283, "land_share_of_cv": 0.67513822873217577, "lv_per_ha_block": 1392000.0, "rates_now_per_ha_block": 10465.425016000001, "rates_lv_per_ha_block": 16730.196856951552, "rates_lv_per_m2_land": 2.6823901885848573, "rates_change_%": 59.861609360094725 }, "geometry": { "type": "Polygon", "coordinates": [ [ [ 174.816519040344474, -41.334657765757647 ], [ 174.816393952411147, -41.330156175032847 ], [ 174.81042183699077, -41.330250297054747 ], [ 174.810546514196488, -41.334751902594135 ], [ 174.816519040344474, -41.334657765757647 ] ] ] } },
{ "type": "Feature", "properties": { "block_id": "g500_1751500_5423000", "parcels": 4, "rating_units": 4, "parcel_land_m2": 1355.3350855925326, "land_value": 2320000, "capital_value": 4235000, "rates_now": 12768.22855, "rates_lv": 13855.235492299422, "median_parcel_lv_m2": 1737.7306778564302, "lv_per_m2_land": 1711.7538125162089, "land_share_of_cv": 0.5478158205430933, "lv_per_ha_block": 92800.0, "rates_now_per_ha_block": 510.729142, "rates_lv_per_ha_block": 554.2094196919769, "rates_lv_per_m2_land": 10.222738007436822, "rates_change_%": 8.5133731593441944 }, "geometry": { "type": "Polygon", "coordinates": [ [ [ 174.816393952411147, -41.330156175032847 ], [ 174.816268892870454, -41.325654580464402 ], [ 174.810297188084519, -41.325748687673688 ], [ 174.81042183699077, -41.330250297054747 ], [ 174.816393952411147, -41.330156175032847 ] ] ] } },
{ "type": "Feature", "properties": { "block_id": "g500_1751500_5423500", "parcels": 337, "rating_units": 372, "parcel_land_m2": 176651.21269888501, "land_value": 237150000, "capital_value": 372734000, "rates_now": 1273223.0285799999, "rates_lv": 1673951.3308403271, "median_parcel_lv_m2": 1403.53071723726, "lv_per_m2_land": 1342.4759240359115, "land_share_of_cv": 0.63624461412159883, "lv_per_ha_block": 9486000.0, "rates_now_per_ha_block": 50928.921143199994, "rates_lv_per_ha_block": 66958.053233613085, "rates_lv_per_m2_land": 9.4760251303437144, "rates_change_%": 31.473535528747966 }, "geometry": { "type": "Polygon", "coordinates": [ [ [ 174.816268892870454, -41.325654580464402 ], [ 174.816143861714949, -41.321152982052439 ], [ 174.810172567470403, -41.321247074451144 ], [ 174.810297188084519, -41.325748687673688 ], [ 174.816268892870454, -41.325654580464402 ] ] ] } },
{ "type": "Feature", "properties": { "block_id": "g500_1751500_5424000", "parcels": 239, "rating_units": 275, "parcel_land_m2": 188016.22077702766, "land_value": 225530000, "capital_value": 339246000, "rates_now": 1634636.857851, "rates_lv": 2474479.3659977736, "median_parcel_lv_m2": 1408.5026414268748, "lv_per_m2_land": 1199.5241637553215, "land_share_of_cv": 0.66479781633386981, "lv_per_ha_block": 9021200.0, "rates_now_per_ha_block": 65385.474314040002, "rates_lv_per_ha_block": 98979.17463991094, "rates_lv_per_m2_land": 13.160988747520408, "rates_change_%": 51.377925568794836 }, "geometry": { "type": "Polygon", "coordinates": [ [ [ 174.816143861714949, -41.321152982052439 ], [ 174.816018858937269, -41.316651379797108 ], [ 174.810047975141003, -41.316745457387256 ], [ 174.810172567470403, -41.321247074451144 ], [ 174.816143861714949, -41.321152982052439 ] ] ] } },
{ "type": "Feature", "properties": { "block_id": "g500_1751500_5424500", "parcels": 99, "rating_units": 198, "parcel_land_m2": 182180.34764378666, "land_value": 189060000, "capital_value": 266263000, "rates_now": 1769247.1509980001, "rates_lv": 2666565.4842625661, "median_parcel_lv_m2": 1423.1590068573673, "lv_per_m2_land": 1037.7628676484082, "land_share_of_cv": 0.71004983794218501, "lv_per_ha_block": 7562400.0, "rates_now_per_ha_block": 70769.886039920006, "rates_lv_per_ha_block": 106662.61937050264, "rates_lv_per_m2_land": 14.63695463726112, "rates_change_%": 50.71752314301623 }, "geometry": { "type": "Polygon", "coordinates": [ [ [ 174.816018858937269, -41.316651379797108 ], [ 174.815893884530027, -41.312149773698607 ], [ 174.809923411089045, -41.312243836482182 ], [ 174.810047975141003, -41.316745457387256 ], [ 174.816018858937269, -41.316651379797108 ] ] ] } },
{ "type": "Feature", "properties": { "block_id": "g500_1751500_5425000", "parcels": 103, "rating_units": 134, "parcel_land_m2": 124442.01604658816, "land_value": 76660000, "capital_value": 140945000, "rates_now": 491282.8435, "rates_lv": 589235.6938998804, "median_parcel_lv_m2": 766.30676030719712, "lv_per_m2_land": 616.02987829528809, "land_share_of_cv": 0.54390010287700874, "lv_per_ha_block": 3066400.0, "rates_now_per_ha_block": 19651.31374, "rates_lv_per_ha_block": 23569.427755995217, "rates_lv_per_m2_land": 4.7350220819251625, "rates_change_%": 19.938178525031347 }, "geometry": { "type": "Polygon", "coordinates": [ [ [ 174.815893884530027, -41.312149773698607 ], [ 174.81576893848586, -41.307648163757058 ], [ 174.809798875307138, -41.307742211736084 ], [ 174.809923411089045, -41.312243836482182 ], [ 174.815893884530027, -41.312149773698607 ] ] ] } },
{ "type": "Feature", "properties": { "block_id": "g500_1751500_5431500", "parcels": 1, "rating_units": 1, "parcel_land_m2": 5565.3499170862478, "land_value": 4220000, "capital_value": 7950000, "rates_now": 88684.16595000001, "rates_lv": 93248.123696880677, "median_parcel_lv_m2": 758.26319330688034, "lv_per_m2_land": 758.26319330688034, "land_share_of_cv": 0.53081761006289307, "lv_per_ha_block": 168800.0, "rates_now_per_ha_block": 3547.366638, "rates_lv_per_ha_block": 3729.9249478752272, "rates_lv_per_m2_land": 16.755123233239743, "rates_change_%": 5.1463050906447316 }, "geometry": { "type": "Polygon", "coordinates": [ [ [ 174.814271795593214, -41.253628544760133 ], [ 174.814147217598787, -41.249126884873689 ], [ 174.808182479375688, -41.24922074057649 ], [ 174.808306648314925, -41.253722415241356 ], [ 174.814271795593214, -41.253628544760133 ] ] ] } },
{ "type": "Feature", "properties": { "block_id": "g500_1751500_5432000", "parcels": 59, "rating_units": 74, "parcel_land_m2": 61111.843233868261, "land_value": 62877000, "capital_value": 128247000, "rates_now": 869905.290225, "rates_lv": 900460.11556250893, "median_parcel_lv_m2": 1318.7680469844026, "lv_per_m2_land": 1028.8840374095194, "land_share_of_cv": 0.49028047439706191, "lv_per_ha_block": 2515080.0, "rates_now_per_ha_block": 34796.211608999998, "rates_lv_per_ha_block": 36018.404622500355, "rates_lv_per_m2_land": 14.734625367402971, "rates_change_%": 3.5124312589944084 }, "geometry": { "type": "Polygon", "coordinates": [ [ [ 174.814147217598787, -41.249126884873689 ], [ 174.814022667864407, -41.244625221146464 ], [ 174.808058338603871, -41.244719062072839 ], [ 174.808182479375688, -41.24922074057649 ], [ 174.814147217598787, -41.249126884873689 ] ] ] } },
{ "type": "Feature", "properties": { "block_id": "g500_1751500_5432500", "parcels": 25, "rating_units": 56, "parcel_land_m2": 129536.22770199298, "land_value": 38925000, "capital_value": 96626000, "rates_now": 846408.43327000004, "rates_lv": 668795.80046385142, "median_parcel_lv_m2": 507.71787176488084, "lv_per_m2_land": 300.49508689993388, "land_share_of_cv": 0.40284188520688013, "lv_per_ha_block": 1557000.0, "rates_now_per_ha_block": 33856.337330800001, "rates_lv_per_ha_block": 26751.832018554058, "rates_lv_per_m2_land": 5.163001982753908, "rates_change_%": -20.984270220461177 }, "geometry": { "type": "Polygon", "coordinates": [ [ [ 174.814022667864407, -41.244625221146464 ], [ 174.813898146382769, -41.240123553578606 ], [ 174.807934225992085, -41.240217379730538 ], [ 174.808058338603871, -41.244719062072839 ], [ 174.814022667864407, -41.244625221146464 ] ] ] } },
{ "type": "Feature", "properties": { "block_id": "g500_1751500_5433000", "parcels": 73, "rating_units": 74, "parcel_land_m2": 241224.10261249304, "land_value": 41967000, "capital_value": 74607000, "rates_now": 257251.91718, "rates_lv": 281106.00630281627, "median_parcel_lv_m2": 973.3793742219375, "lv_per_m2_land": 173.97515233963409, "land_share_of_cv": 0.56250753950701682, "lv_per_ha_block": 1678680.0, "rates_now_per_ha_block": 10290.0766872, "rates_lv_per_ha_block": 11244.240252112651, "rates_lv_per_m2_land": 1.1653313381971215, "rates_change_%": 9.2726574729958156 }, "geometry": { "type": "Polygon", "coordinates": [ [ [ 174.813898146382769, -41.240123553578606 ], [ 174.813773653146512, -41.235621882170278 ], [ 174.807810141533082, -41.235715693549785 ], [ 174.807934225992085, -41.240217379730538 ], [ 174.813898146382769, -41.240123553578606 ] ] ] } },
{ "type": "Feature", "properties": { "block_id": "g500_1751500_5433500", "parcels": 101, "rating_units": 102, "parcel_land_m2": 153577.60285319641, "land_value": 63370000, "capital_value": 121136000, "rates_now": 687434.49079300009, "rates_lv": 664824.36442834325, "median_parcel_lv_m2": 959.61612905536049, "lv_per_m2_land": 412.62527102063751, "land_share_of_cv": 0.52313102628450669, "lv_per_ha_block": 2534800.0, "rates_now_per_ha_block": 27497.379631720003, "rates_lv_per_ha_block": 26592.974577133729, "rates_lv_per_m2_land": 4.3289148422497741, "rates_change_%": -3.2890590547143717 }, "geometry": { "type": "Polygon", "coordinates": [ [ [ 174.813773653146512, -41.235621882170278 ], [ 174.813649188148361, -41.231120206921624 ], [ 174.807686085219558, -41.23121400353071 ], [ 174.807810141533082, -41.235715693549785 ], [ 174.813773653146512, -41.235621882170278 ] ] ] } },
{ "type": "Feature", "properties": { "block_id": "g500_1751500_5434000", "parcels": 215, "rating_units": 250, "parcel_land_m2": 163569.80559708542, "land_value": 106130000, "capital_value": 206565000, "rates_now": 622779.01545000006, "rates_lv": 633817.30293005938, "median_parcel_lv_m2": 853.97947375608692, "lv_per_m2_land": 648.83613214914214, "land_share_of_cv": 0.51378500714060948, "lv_per_ha_block": 4245200.0, "rates_now_per_ha_block": 24911.160618000002, "rates_lv_per_ha_block": 25352.692117202376, "rates_lv_per_m2_land": 3.8749040546720139, "rates_change_%": 1.7724244404868639 }, "geometry": { "type": "Polygon", "coordinates": [ [ [ 174.813649188148361, -41.231120206921624 ], [ 174.813524751380925, -41.226618527832827 ], [ 174.807562057044152, -41.226712309673495 ], [ 174.807686085219558, -41.23121400353071 ], [ 174.813649188148361, -41.231120206921624 ] ] ] } },
{ "type": "Feature", "properties": { "block_id": "g500_1751500_5434500", "parcels": 222, "rating_units": 282, "parcel_land_m2": 194837.61398822273, "land_value": 177096000, "capital_value": 281286000, "rates_now": 1367808.317019, "rates_lv": 1751700.7014554769, "median_parcel_lv_m2": 907.55099604284214, "lv_per_m2_land": 908.94153533775489, "land_share_of_cv": 0.6295940786246027, "lv_per_ha_block": 7083840.0, "rates_now_per_ha_block": 54712.332680759995, "rates_lv_per_ha_block": 70068.028058219075, "rates_lv_per_m2_land": 8.9905674043070611, "rates_change_%": 28.066241421395333 }, "geometry": { "type": "Polygon", "coordinates": [ [ [ 174.813524751380925, -41.226618527832827 ], [ 174.813400342836871, -41.222116844904029 ], [ 174.807438056999615, -41.222210611978269 ], [ 174.807562057044152, -41.226712309673495 ], [ 174.813524751380925, -41.226618527832827 ] ] ] } },
{ "type": "Feature", "properties": { "block_id": "g500_1751500_5435000", "parcels": 203, "rating_units": 246, "parcel_land_m2": 146236.89010973048, "land_value": 139300000, "capital_value": 232200000, "rates_now": 828870.88695299998, "rates_lv": 952249.43309081555, "median_parcel_lv_m2": 1004.3678323250318, "lv_per_m2_land": 952.56402057972309, "land_share_of_cv": 0.59991386735572783, "lv_per_ha_block": 5572000.0, "rates_now_per_ha_block": 33154.835478119996, "rates_lv_per_ha_block": 38089.977323632622, "rates_lv_per_m2_land": 6.5116909445782429, "rates_change_%": 14.885134473882378 }, "geometry": { "type": "Polygon", "coordinates": [ [ [ 174.813400342836871, -41.222116844904029 ], [ 174.813275962508925, -41.217615158135409 ], [ 174.807314085078644, -41.217708910445232 ], [ 174.807438056999615, -41.222210611978269 ], [ 174.813400342836871, -41.222116844904029 ] ] ] } },
{ "type": "Feature", "properties": { "block_id": "g500_1751500_5435500", "parcels": 273, "rating_units": 341, "parcel_land_m2": 179350.94528819289, "land_value": 146932000, "capital_value": 275485000, "rates_now": 835452.17764999997, "rates_lv": 881682.68821988488, "median_parcel_lv_m2": 886.29798509911154, "lv_per_m2_land": 819.24296392137774, "land_share_of_cv": 0.53335753307802602, "lv_per_ha_block": 5877280.0, "rates_now_per_ha_block": 33418.087106, "rates_lv_per_ha_block": 35267.307528795398, "rates_lv_per_m2_land": 4.915963430263159, "rates_change_%": 5.5335914857417956 }, "geometry": { "type": "Polygon", "coordinates": [ [ [ 174.813275962508925, -41.217615158135409 ], [ 174.813151610389781, -41.213113467527116 ], [ 174.807190141273907, -41.213207205074518 ], [ 174.807314085078644, -41.217708910445232 ], [ 174.813275962508925, -41.217615158135409 ] ] ] } },
{ "type": "Feature", "properties": { "block_id": "g500_1751500_5436000", "parcels": 186, "rating_units": 220, "parcel_land_m2": 152737.83356767186, "land_value": 91265000, "capital_value": 184860000, "rates_now": 557339.9598, "rates_lv": 545042.27034685633, "median_parcel_lv_m2": 732.19087923974666, "lv_per_m2_land": 597.52713435970156, "land_share_of_cv": 0.49369793357135128, "lv_per_ha_block": 3650600.0, "rates_now_per_ha_block": 22293.598392, "rates_lv_per_ha_block": 21801.690813874255, "rates_lv_per_m2_land": 3.5684823963760786, "rates_change_%": -2.2064969928868194 }, "geometry": { "type": "Polygon", "coordinates": [ [ [ 174.813151610389781, -41.213113467527116 ], [ 174.81302728647205, -41.208611773079312 ], [ 174.807066225578154, -41.208705495866283 ], [ 174.807190141273907, -41.213207205074518 ], [ 174.813151610389781, -41.213113467527116 ] ] ] } },
{ "type": "Feature", "properties": { "block_id": "g500_1751500_5436500", "parcels": 202, "rating_units": 337, "parcel_land_m2": 175639.49691100657, "land_value": 131451000, "capital_value": 275319000, "rates_now": 849604.25907000003, "rates_lv": 823735.55460704805, "median_parcel_lv_m2": 726.16598695157472, "lv_per_m2_land": 748.41366726644571, "land_share_of_cv": 0.47744979460189818, "lv_per_ha_block": 5258040.0, "rates_now_per_ha_block": 33984.170362800003, "rates_lv_per_ha_block": 32949.422184281924, "rates_lv_per_m2_land": 4.689922079567447, "rates_change_%": -3.0447945836887147 }, "geometry": { "type": "Polygon", "coordinates": [ [ [ 174.81302728647205, -41.208611773079312 ], [ 174.812902990748483, -41.204110074792155 ], [ 174.806942337984083, -41.204203782820706 ], [ 174.807066225578154, -41.208705495866283 ], [ 174.81302728647205, -41.208611773079312 ] ] ] } },
{ "type": "Feature", "properties": { "block_id": "g500_1751500_5437000", "parcels": 177, "rating_units": 179, "parcel_land_m2": 197301.68959586424, "land_value": 89065000, "capital_value": 196570000, "rates_now": 687072.3977, "rates_lv": 588501.12753541791, "median_parcel_lv_m2": 716.92742530596854, "lv_per_m2_land": 451.41529290718728, "land_share_of_cv": 0.45309558935748079, "lv_per_ha_block": 3562600.0, "rates_now_per_ha_block": 27482.895908, "rates_lv_per_ha_block": 23540.045101416716, "rates_lv_per_m2_land": 2.9827475311582625, "rates_change_%": -14.34656238477241 }, "geometry": { "type": "Polygon", "coordinates": [ [ [ 174.812902990748483, -41.204110074792155 ], [ 174.812778723211721, -41.199608372665807 ], [ 174.806818478484388, -41.199702065937942 ], [ 174.806942337984083, -41.204203782820706 ], [ 174.812902990748483, -41.204110074792155 ] ] ] } },
{ "type": "Feature", "properties": { "block_id": "g500_1751500_5437500", "parcels": 148, "rating_units": 148, "parcel_land_m2": 196445.06989468925, "land_value": 89525000, "capital_value": 205700000, "rates_now": 620171.101, "rates_lv": 534650.84372763184, "median_parcel_lv_m2": 960.00439493615545, "lv_per_m2_land": 455.72535899217416, "land_share_of_cv": 0.43522119591638309, "lv_per_ha_block": 3581000.0, "rates_now_per_ha_block": 24806.84404, "rates_lv_per_ha_block": 21386.033749105274, "rates_lv_per_m2_land": 2.721630245107443, "rates_change_%": -13.78978432475656 }, "geometry": { "type": "Polygon", "coordinates": [ [ [ 174.812778723211721, -41.199608372665807 ], [ 174.812654483854516, -41.195106666700433 ], [ 174.806694647071765, -41.195200345218126 ], [ 174.806818478484388, -41.199702065937942 ], [ 174.812778723211721, -41.199608372665807 ] ] ] } },
{ "type": "Feature", "properties": { "block_id": "g500_1751500_5438000", "parcels": 159, "rating_units": 159, "parcel_land_m2": 144965.74771169003, "land_value": 88610000, "capital_value": 161090000, "rates_now": 485675.0737, "rates_lv": 529186.38662614301, "median_parcel_lv_m2": 889.47527655347346, "lv_per_m2_land": 611.24783887728324, "land_share_of_cv": 0.55006518095474577, "lv_per_ha_block": 3544400.0, "rates_now_per_ha_block": 19427.002948000001, "rates_lv_per_ha_block": 21167.455465045721, "rates_lv_per_m2_land": 3.6504235999154542, "rates_change_%": 8.9589347451295875 }, "geometry": { "type": "Polygon", "coordinates": [ [ [ 174.812654483854516, -41.195106666700433 ], [ 174.812530272669477, -41.190604956896181 ], [ 174.806570843738996, -41.190698620661458 ], [ 174.806694647071765, -41.195200345218126 ], [ 174.812654483854516, -41.195106666700433 ] ] ] } },
{ "type": "Feature", "properties": { "block_id": "g500_1751500_5438500", "parcels": 20, "rating_units": 20, "parcel_land_m2": 11764.124444324396, "land_value": 9705000, "capital_value": 28430000, "rates_now": 85714.4599, "rates_lv": 57959.077781364613, "median_parcel_lv_m2": 880.13771622842035, "lv_per_m2_land": 824.96577165011024, "land_share_of_cv": 0.34136475553992263, "lv_per_ha_block": 388200.0, "rates_now_per_ha_block": 3428.578396, "rates_lv_per_ha_block": 2318.3631112545845, "rates_lv_per_m2_land": 4.92676510314603, "rates_change_%": -32.381213334385585 }, "geometry": { "type": "Polygon", "coordinates": [ [ [ 174.812530272669477, -41.190604956896181 ], [ 174.812406089649386, -41.186103243253243 ], [ 174.806447068478747, -41.186196892268079 ], [ 174.806570843738996, -41.190698620661458 ], [ 174.812530272669477, -41.190604956896181 ] ] ] } },
{ "type": "Feature", "properties": { "block_id": "g500_1751500_5440000", "parcels": 56, "rating_units": 56, "parcel_land_m2": 108434.32116502967, "land_value": 27810000, "capital_value": 54235000, "rates_now": 163514.72855, "rates_lv": 166083.66337967539, "median_parcel_lv_m2": 750.60161214042671, "lv_per_m2_land": 256.46861345380739, "land_share_of_cv": 0.51276850742140689, "lv_per_ha_block": 1112400.0, "rates_now_per_ha_block": 6540.589142, "rates_lv_per_ha_block": 6643.3465351870154, "rates_lv_per_m2_land": 1.5316521705974193, "rates_change_%": 1.5710724363829032 }, "geometry": { "type": "Polygon", "coordinates": [ [ [ 174.812157808074716, -41.177099804451871 ], [ 174.812033709505556, -41.172598079293763 ], [ 174.80607591106056, -41.172691684069271 ], [ 174.806199602146819, -41.177193423971829 ], [ 174.812157808074716, -41.177099804451871 ] ] ] } },
{ "type": "Feature", "properties": { "block_id": "g500_1752000_5421500", "parcels": 8, "rating_units": 8, "parcel_land_m2": 8251.4597846167035, "land_value": 7690000, "capital_value": 10520000, "rates_now": 31717.0636, "rates_lv": 45925.327989561447, "median_parcel_lv_m2": 1064.667592435118, "lv_per_m2_land": 931.95630842636604, "land_share_of_cv": 0.73098859315589348, "lv_per_ha_block": 307600.0, "rates_now_per_ha_block": 1268.682544, "rates_lv_per_ha_block": 1837.0131195824579, "rates_lv_per_m2_land": 5.5657216042160922, "rates_change_%": 44.796909855051801 }, "geometry": { "type": "Polygon", "coordinates": [ [ [ 174.822742620886231, -41.343566459363828 ], [ 174.822617065239058, -41.339064891194212 ], [ 174.816644156677768, -41.339159352638603 ], [ 174.816769301418447, -41.343660935675565 ], [ 174.822742620886231, -41.343566459363828 ] ] ] } },
{ "type": "Feature", "properties": { "block_id": "g500_1752000_5422000", "parcels": 134, "rating_units": 148, "parcel_land_m2": 76255.757754172533, "land_value": 74710000, "capital_value": 123155000, "rates_now": 371303.70415000001, "rates_lv": 446174.41535762494, "median_parcel_lv_m2": 1028.6048464743803, "lv_per_m2_land": 979.72929783013069, "land_share_of_cv": 0.60663391660915111, "lv_per_ha_block": 2988400.0, "rates_now_per_ha_block": 14852.148166000001, "rates_lv_per_ha_block": 17846.976614304996, "rates_lv_per_m2_land": 5.8510259224748351, "rates_change_%": 20.164278021147485 }, "geometry": { "type": "Polygon", "coordinates": [ [ [ 174.822617065239058, -41.339064891194212 ], [ 174.822491538092436, -41.334563319178585 ], [ 174.816519040344474, -41.334657765757647 ], [ 174.816644156677768, -41.339159352638603 ], [ 174.822617065239058, -41.339064891194212 ] ] ] } },
{ "type": "Feature", "properties": { "block_id": "g500_1752000_5422500", "parcels": 256, "rating_units": 269, "parcel_land_m2": 172971.18314451788, "land_value": 134115000, "capital_value": 219610000, "rates_now": 663460.06892600004, "rates_lv": 803397.02443783474, "median_parcel_lv_m2": 854.1209788807962, "lv_per_m2_land": 775.36036674933632, "land_share_of_cv": 0.61069623423341379, "lv_per_ha_block": 5364600.0, "rates_now_per_ha_block": 26538.402757040003, "rates_lv_per_ha_block": 32135.880977513389, "rates_lv_per_m2_land": 4.6446871081791379, "rates_change_%": 21.091993635481732 }, "geometry": { "type": "Polygon", "coordinates": [ [ [ 174.822491538092436, -41.334563319178585 ], [ 174.822366039438947, -41.330061743317131 ], [ 174.816393952411147, -41.330156175032847 ], [ 174.816519040344474, -41.334657765757647 ], [ 174.822491538092436, -41.334563319178585 ] ] ] } },
{ "type": "Feature", "properties": { "block_id": "g500_1752000_5423000", "parcels": 169, "rating_units": 185, "parcel_land_m2": 157658.7494780893, "land_value": 112195000, "capital_value": 180325000, "rates_now": 543667.25225000002, "rates_lv": 670037.99399074726, "median_parcel_lv_m2": 1139.7109204604515, "lv_per_m2_land": 711.6319289059968, "land_share_of_cv": 0.62218217107999441, "lv_per_ha_block": 4487800.0, "rates_now_per_ha_block": 21746.69009, "rates_lv_per_ha_block": 26801.519759629889, "rates_lv_per_m2_land": 4.2499258443240802, "rates_change_%": 23.24413346909424 }, "geometry": { "type": "Polygon", "coordinates": [ [ [ 174.822366039438947, -41.330061743317131 ], [ 174.822240569271173, -41.325560163609971 ], [ 174.816268892870454, -41.325654580464402 ], [ 174.816393952411147, -41.330156175032847 ], [ 174.822366039438947, -41.330061743317131 ] ] ] } },
{ "type": "Feature", "properties": { "block_id": "g500_1752000_5423500", "parcels": 315, "rating_units": 340, "parcel_land_m2": 174788.11086801335, "land_value": 223870000, "capital_value": 365582000, "rates_now": 1102204.1392600001, "rates_lv": 1336970.504164255, "median_parcel_lv_m2": 1391.1609748994326, "lv_per_m2_land": 1280.8079387564842, "land_share_of_cv": 0.61236603552691327, "lv_per_ha_block": 8954800.0, "rates_now_per_ha_block": 44088.1655704, "rates_lv_per_ha_block": 53478.8201665702, "rates_lv_per_m2_land": 7.6490929361541822, "rates_change_%": 21.299717224966397 }, "geometry": { "type": "Polygon", "coordinates": [ [ [ 174.822240569271173, -41.325560163609971 ], [ 174.82211512758164, -41.321058580057276 ], [ 174.816143861714949, -41.321152982052439 ], [ 174.816268892870454, -41.325654580464402 ], [ 174.822240569271173, -41.325560163609971 ] ] ] } },
{ "type": "Feature", "properties": { "block_id": "g500_1752000_5424000", "parcels": 308, "rating_units": 367, "parcel_land_m2": 179635.5658653641, "land_value": 218250000, "capital_value": 368875000, "rates_now": 1119043.4277890001, "rates_lv": 1312227.561850399, "median_parcel_lv_m2": 1397.7689625082025, "lv_per_m2_land": 1214.9598491179481, "land_share_of_cv": 0.59166384276516437, "lv_per_ha_block": 8730000.0, "rates_now_per_ha_block": 44761.737111560004, "rates_lv_per_ha_block": 52489.102474015963, "rates_lv_per_m2_land": 7.30494295786563, "rates_change_%": 17.263327701507624 }, "geometry": { "type": "Polygon", "coordinates": [ [ [ 174.82211512758164, -41.321058580057276 ], [ 174.82198971436307, -41.316556992659208 ], [ 174.816018858937269, -41.316651379797108 ], [ 174.816143861714949, -41.321152982052439 ], [ 174.82211512758164, -41.321058580057276 ] ] ] } },
{ "type": "Feature", "properties": { "block_id": "g500_1752000_5424500", "parcels": 256, "rating_units": 355, "parcel_land_m2": 170930.04262587553, "land_value": 215860000, "capital_value": 342245000, "rates_now": 1106149.4766579999, "rates_lv": 1352197.5274119773, "median_parcel_lv_m2": 1502.2722693889405, "lv_per_m2_land": 1262.8558250141273, "land_share_of_cv": 0.63071776066852692, "lv_per_ha_block": 8634400.0, "rates_now_per_ha_block": 44245.979066319996, "rates_lv_per_ha_block": 54087.901096479094, "rates_lv_per_m2_land": 7.9108242567493541, "rates_change_%": 22.243652955237138 }, "geometry": { "type": "Polygon", "coordinates": [ [ [ 174.82198971436307, -41.316556992659208 ], [ 174.821864329607934, -41.312055401415947 ], [ 174.815893884530027, -41.312149773698607 ], [ 174.816018858937269, -41.316651379797108 ], [ 174.82198971436307, -41.316556992659208 ] ] ] } },
{ "type": "Feature", "properties": { "block_id": "g500_1752000_5425000", "parcels": 255, "rating_units": 366, "parcel_land_m2": 169537.14719438693, "land_value": 213130000, "capital_value": 363797000, "rates_now": 1531726.7446960001, "rates_lv": 1774225.6116737123, "median_parcel_lv_m2": 1259.8400884394114, "lv_per_m2_land": 1257.1286206416498, "land_share_of_cv": 0.58584870133618472, "lv_per_ha_block": 8525200.0, "rates_now_per_ha_block": 61269.069787840002, "rates_lv_per_ha_block": 70969.024466948496, "rates_lv_per_m2_land": 10.465114230331073, "rates_change_%": 15.831731594256437 }, "geometry": { "type": "Polygon", "coordinates": [ [ [ 174.821864329607934, -41.312055401415947 ], [ 174.821738973308896, -41.307553806327604 ], [ 174.81576893848586, -41.307648163757058 ], [ 174.815893884530027, -41.312149773698607 ], [ 174.821864329607934, -41.312055401415947 ] ] ] } },
{ "type": "Feature", "properties": { "block_id": "g500_1752000_5425500", "parcels": 175, "rating_units": 259, "parcel_land_m2": 119997.51908600036, "land_value": 130715000, "capital_value": 228816000, "rates_now": 749296.63349100004, "rates_lv": 898350.77540049166, "median_parcel_lv_m2": 1012.28584547867, "lv_per_m2_land": 1089.3141874568139, "land_share_of_cv": 0.57126686944968885, "lv_per_ha_block": 5228600.0, "rates_now_per_ha_block": 29971.86533964, "rates_lv_per_ha_block": 35934.031016019668, "rates_lv_per_m2_land": 7.4864112378578227, "rates_change_%": 19.892541250992025 }, "geometry": { "type": "Polygon", "coordinates": [ [ [ 174.821738973308896, -41.307553806327604 ], [ 174.821613645458513, -41.303052207394394 ], [ 174.815644020797379, -41.303146549972645 ], [ 174.81576893848586, -41.307648163757058 ], [ 174.821738973308896, -41.307553806327604 ] ] ] } },
{ "type": "Feature", "properties": { "block_id": "g500_1752000_5426000", "parcels": 53, "rating_units": 95, "parcel_land_m2": 38597.373175465793, "land_value": 51810000, "capital_value": 90920000, "rates_now": 274117.4356, "rates_lv": 309413.68571380735, "median_parcel_lv_m2": 1362.0950120829339, "lv_per_m2_land": 1342.3193273922782, "land_share_of_cv": 0.56984161900571928, "lv_per_ha_block": 2072400.0, "rates_now_per_ha_block": 10964.697424000002, "rates_lv_per_ha_block": 12376.547428552294, "rates_lv_per_m2_land": 8.0164441322780089, "rates_change_%": 12.876324352206691 }, "geometry": { "type": "Polygon", "coordinates": [ [ [ 174.821613645458513, -41.303052207394394 ], [ 174.821488346049421, -41.298550604616437 ], [ 174.815519131457222, -41.298644932345518 ], [ 174.815644020797379, -41.303146549972645 ], [ 174.821613645458513, -41.303052207394394 ] ] ] } },
{ "type": "Feature", "properties": { "block_id": "g500_1752000_5432000", "parcels": 10, "rating_units": 40, "parcel_land_m2": 7576.8719464921805, "land_value": 11457000, "capital_value": 24583000, "rates_now": 131016.79808000001, "rates_lv": 120262.84686473259, "median_parcel_lv_m2": 898.76939593380939, "lv_per_m2_land": 1512.1015744900083, "land_share_of_cv": 0.4660537770003661, "lv_per_ha_block": 458280.0, "rates_now_per_ha_block": 5240.6719232000005, "rates_lv_per_ha_block": 4810.5138745893037, "rates_lv_per_m2_land": 15.872361010457617, "rates_change_%": -8.2080705473361988 }, "geometry": { "type": "Polygon", "coordinates": [ [ [ 174.820111927561811, -41.249032720352574 ], [ 174.819986968872229, -41.244531071450368 ], [ 174.814022667864407, -41.244625221146464 ], [ 174.814147217598787, -41.249126884873689 ], [ 174.820111927561811, -41.249032720352574 ] ] ] } },
{ "type": "Feature", "properties": { "block_id": "g500_1752000_5432500", "parcels": 27, "rating_units": 49, "parcel_land_m2": 61615.969074152214, "land_value": 34220000, "capital_value": 73337000, "rates_now": 595153.21186000004, "rates_lv": 499042.29130399594, "median_parcel_lv_m2": 518.44354844211045, "lv_per_m2_land": 555.37550596368419, "land_share_of_cv": 0.4666130329847144, "lv_per_ha_block": 1368800.0, "rates_now_per_ha_block": 23806.1284744, "rates_lv_per_ha_block": 19961.691652159836, "rates_lv_per_m2_land": 8.0992362662253949, "rates_change_%": -16.148937557714572 }, "geometry": { "type": "Polygon", "coordinates": [ [ [ 174.819986968872229, -41.244531071450368 ], [ 174.819862038528044, -41.240029418705504 ], [ 174.813898146382769, -41.240123553578606 ], [ 174.814022667864407, -41.244625221146464 ], [ 174.819986968872229, -41.244531071450368 ] ] ] } },
{ "type": "Feature", "properties": { "block_id": "g500_1752000_5433000", "parcels": 1, "rating_units": 7, "parcel_land_m2": 32119.766787780212, "land_value": 8720000, "capital_value": 21660000, "rates_now": 241622.52006000001, "rates_lv": 192683.32669118472, "median_parcel_lv_m2": 271.48391386569705, "lv_per_m2_land": 271.48391386569705, "land_share_of_cv": 0.40258541089566019, "lv_per_ha_block": 348800.0, "rates_now_per_ha_block": 9664.9008023999995, "rates_lv_per_ha_block": 7707.3330676473888, "rates_lv_per_m2_land": 5.9989017966497196, "rates_change_%": -20.254400689415309 }, "geometry": { "type": "Polygon", "coordinates": [ [ [ 174.819862038528044, -41.240029418705504 ], [ 174.819737136521894, -41.23552776211816 ], [ 174.813773653146512, -41.235621882170278 ], [ 174.813898146382769, -41.240123553578606 ], [ 174.819862038528044, -41.240029418705504 ] ] ] } },
{ "type": "Feature", "properties": { "block_id": "g500_1752000_5433500", "parcels": 123, "rating_units": 125, "parcel_land_m2": 272727.25556588185, "land_value": 47535000, "capital_value": 101260000, "rates_now": 305291.8118, "rates_lv": 283883.0254855401, "median_parcel_lv_m2": 462.29104072626177, "lv_per_m2_land": 174.29501096753097, "land_share_of_cv": 0.46943511751925737, "lv_per_ha_block": 1901400.0, "rates_now_per_ha_block": 12211.672472, "rates_lv_per_ha_block": 11355.321019421604, "rates_lv_per_m2_land": 1.0409044922793329, "rates_change_%": -7.0125648599069006 }, "geometry": { "type": "Polygon", "coordinates": [ [ [ 174.819737136521894, -41.23552776211816 ], [ 174.81961226284642, -41.231026101688499 ], [ 174.813649188148361, -41.231120206921624 ], [ 174.813773653146512, -41.235621882170278 ], [ 174.819737136521894, -41.23552776211816 ] ] ] } },
{ "type": "Feature", "properties": { "block_id": "g500_1752000_5434000", "parcels": 251, "rating_units": 284, "parcel_land_m2": 173210.31667083621, "land_value": 107320000, "capital_value": 217266000, "rates_now": 655041.78138000006, "rates_lv": 640924.08320412668, "median_parcel_lv_m2": 648.31533684311103, "lv_per_m2_land": 619.59357885100906, "land_share_of_cv": 0.49395671665147789, "lv_per_ha_block": 4292800.0, "rates_now_per_ha_block": 26201.671255200003, "rates_lv_per_ha_block": 25636.963328165068, "rates_lv_per_m2_land": 3.7002650622833277, "rates_change_%": -2.1552362883068499 }, "geometry": { "type": "Polygon", "coordinates": [ [ [ 174.81961226284642, -41.231026101688499 ], [ 174.81948741749423, -41.226524437416664 ], [ 174.813524751380925, -41.226618527832827 ], [ 174.813649188148361, -41.231120206921624 ], [ 174.81961226284642, -41.231026101688499 ] ] ] } },
{ "type": "Feature", "properties": { "block_id": "g500_1752000_5434500", "parcels": 342, "rating_units": 355, "parcel_land_m2": 196470.99372946579, "land_value": 147215000, "capital_value": 282165000, "rates_now": 850707.72345000005, "rates_lv": 879180.38491330144, "median_parcel_lv_m2": 824.60265805192978, "lv_per_m2_land": 749.29635772449092, "land_share_of_cv": 0.52173373735225848, "lv_per_ha_block": 5888600.0, "rates_now_per_ha_block": 34028.308938000002, "rates_lv_per_ha_block": 35167.215396532061, "rates_lv_per_m2_land": 4.4748609869806248, "rates_change_%": 3.3469381643594476 }, "geometry": { "type": "Polygon", "coordinates": [ [ [ 174.81948741749423, -41.226524437416664 ], [ 174.819362600458049, -41.222022769302839 ], [ 174.813400342836871, -41.222116844904029 ], [ 174.813524751380925, -41.226618527832827 ], [ 174.81948741749423, -41.226524437416664 ] ] ] } },
{ "type": "Feature", "properties": { "block_id": "g500_1752000_5435000", "parcels": 246, "rating_units": 260, "parcel_land_m2": 179398.82139256064, "land_value": 113660000, "capital_value": 229230000, "rates_now": 691112.4039, "rates_lv": 678787.09743739327, "median_parcel_lv_m2": 821.86945583700617, "lv_per_m2_land": 633.56046108736189, "land_share_of_cv": 0.49583387863717665, "lv_per_ha_block": 4546400.0, "rates_now_per_ha_block": 27644.496156000001, "rates_lv_per_ha_block": 27151.483897495731, "rates_lv_per_m2_land": 3.7836764599031052, "rates_change_%": -1.7834011360603697 }, "geometry": { "type": "Polygon", "coordinates": [ [ [ 174.819362600458049, -41.222022769302839 ], [ 174.81923781173046, -41.217521097347181 ], [ 174.813275962508925, -41.217615158135409 ], [ 174.813400342836871, -41.222116844904029 ], [ 174.819362600458049, -41.222022769302839 ] ] ] } },
{ "type": "Feature", "properties": { "block_id": "g500_1752000_5435500", "parcels": 279, "rating_units": 282, "parcel_land_m2": 169676.60195233574, "land_value": 120855000, "capital_value": 236090000, "rates_now": 711794.8237000001, "rates_lv": 721756.24371631327, "median_parcel_lv_m2": 828.29248112715788, "lv_per_m2_land": 712.26673925229636, "land_share_of_cv": 0.5119022406709306, "lv_per_ha_block": 4834200.0, "rates_now_per_ha_block": 28471.792948000002, "rates_lv_per_ha_block": 28870.249748652532, "rates_lv_per_m2_land": 4.2537169852037913, "rates_change_%": 1.3994791314346111 }, "geometry": { "type": "Polygon", "coordinates": [ [ [ 174.81923781173046, -41.217521097347181 ], [ 174.819113051304186, -41.213019421549838 ], [ 174.813151610389781, -41.213113467527116 ], [ 174.813275962508925, -41.217615158135409 ], [ 174.81923781173046, -41.217521097347181 ] ] ] } },
{ "type": "Feature", "properties": { "block_id": "g500_1752000_5436000", "parcels": 141, "rating_units": 148, "parcel_land_m2": 87553.988612211528, "land_value": 61135000, "capital_value": 125290000, "rates_now": 377740.5797, "rates_lv": 365103.37147488154, "median_parcel_lv_m2": 780.43933365470127, "lv_per_m2_land": 698.25488214791892, "land_share_of_cv": 0.48794796073110386, "lv_per_ha_block": 2445400.0, "rates_now_per_ha_block": 15109.623188, "rates_lv_per_ha_block": 14604.134858995261, "rates_lv_per_m2_land": 4.1700369938824124, "rates_change_%": -3.3454727673566054 }, "geometry": { "type": "Polygon", "coordinates": [ [ [ 174.819113051304186, -41.213019421549838 ], [ 174.818988319171837, -41.208517741910981 ], [ 174.81302728647205, -41.208611773079312 ], [ 174.813151610389781, -41.213113467527116 ], [ 174.819113051304186, -41.213019421549838 ] ] ] } },
{ "type": "Feature", "properties": { "block_id": "g500_1752000_5436500", "parcels": 16, "rating_units": 25, "parcel_land_m2": 70328.423014438245, "land_value": 16665000, "capital_value": 30050000, "rates_now": 183398.1919, "rates_lv": 222878.18472957518, "median_parcel_lv_m2": 755.02847972360291, "lv_per_m2_land": 236.95967129219886, "land_share_of_cv": 0.55457570715474214, "lv_per_ha_block": 666600.0, "rates_now_per_ha_block": 7335.927676, "rates_lv_per_ha_block": 8915.1273891830078, "rates_lv_per_m2_land": 3.1691053940427309, "rates_change_%": 21.526925876729528 }, "geometry": { "type": "Polygon", "coordinates": [ [ [ 174.818988319171837, -41.208517741910981 ], [ 174.818863615326052, -41.204016058430753 ], [ 174.812902990748483, -41.204110074792155 ], [ 174.81302728647205, -41.208611773079312 ], [ 174.818988319171837, -41.208517741910981 ] ] ] } },
{ "type": "Feature", "properties": { "block_id": "g500_1752000_5437000", "parcels": 53, "rating_units": 53, "parcel_land_m2": 268053.6123720773, "land_value": 29990000, "capital_value": 59415000, "rates_now": 179132.06595, "rates_lv": 179102.80707502572, "median_parcel_lv_m2": 793.41622634004113, "lv_per_m2_land": 111.88060378896057, "land_share_of_cv": 0.50475469157620134, "lv_per_ha_block": 1199600.0, "rates_now_per_ha_block": 7165.282638, "rates_lv_per_ha_block": 7164.112283001029, "rates_lv_per_m2_land": 0.66816039332616195, "rates_change_%": -0.016333689235981108 }, "geometry": { "type": "Polygon", "coordinates": [ [ [ 174.818863615326052, -41.204016058430753 ], [ 174.818738939759584, -41.199514371109352 ], [ 174.812778723211721, -41.199608372665807 ], [ 174.812902990748483, -41.204110074792155 ], [ 174.818863615326052, -41.204016058430753 ] ] ] } },
{ "type": "Feature", "properties": { "block_id": "g500_1752000_5439000", "parcels": 48, "rating_units": 48, "parcel_land_m2": 118613.00255601435, "land_value": 22890000, "capital_value": 49165000, "rates_now": 148229.03345, "rates_lv": 136701.00880117834, "median_parcel_lv_m2": 655.25502351833802, "lv_per_m2_land": 192.98052917251059, "land_share_of_cv": 0.46557510424082171, "lv_per_ha_block": 915600.0, "rates_now_per_ha_block": 5929.161338, "rates_lv_per_ha_block": 5468.0403520471336, "rates_lv_per_m2_land": 1.1524959815145226, "rates_change_%": -7.7771704911711819 }, "geometry": { "type": "Polygon", "coordinates": [ [ [ 174.81836508266241, -41.186009286099576 ], [ 174.818240520139682, -41.181507583414998 ], [ 174.81228193478691, -41.181601525771747 ], [ 174.812406089649386, -41.186103243253243 ], [ 174.81836508266241, -41.186009286099576 ] ] ] } },
{ "type": "Feature", "properties": { "block_id": "g500_1752000_5439500", "parcels": 139, "rating_units": 141, "parcel_land_m2": 97485.912112017482, "land_value": 65105000, "capital_value": 142685000, "rates_now": 430185.28704999998, "rates_lv": 388812.5460026525, "median_parcel_lv_m2": 715.53475824726127, "lv_per_m2_land": 667.84008673161134, "land_share_of_cv": 0.45628482321197045, "lv_per_ha_block": 2604200.0, "rates_now_per_ha_block": 17207.411482, "rates_lv_per_ha_block": 15552.501840106101, "rates_lv_per_m2_land": 3.9883972727862695, "rates_change_%": -9.6174235365094614 }, "geometry": { "type": "Polygon", "coordinates": [ [ [ 174.818240520139682, -41.181507583414998 ], [ 174.818115985859606, -41.177005876890043 ], [ 174.812157808074716, -41.177099804451871 ], [ 174.81228193478691, -41.181601525771747 ], [ 174.818240520139682, -41.181507583414998 ] ] ] } },
{ "type": "Feature", "properties": { "block_id": "g500_1752000_5440000", "parcels": 218, "rating_units": 228, "parcel_land_m2": 172196.81668031315, "land_value": 94655000, "capital_value": 199115000, "rates_now": 600317.78694999998, "rates_lv": 565287.63600155246, "median_parcel_lv_m2": 604.94050912815192, "lv_per_m2_land": 549.69076562970918, "land_share_of_cv": 0.47537855008412222, "lv_per_ha_block": 3786200.0, "rates_now_per_ha_block": 24012.711477999997, "rates_lv_per_ha_block": 22611.505440062097, "rates_lv_per_m2_land": 3.2827995714405125, "rates_change_%": -5.8352678714424178 }, "geometry": { "type": "Polygon", "coordinates": [ [ [ 174.818115985859606, -41.177005876890043 ], [ 174.817991479814822, -41.172504166524853 ], [ 174.812033709505556, -41.172598079293763 ], [ 174.812157808074716, -41.177099804451871 ], [ 174.818115985859606, -41.177005876890043 ] ] ] } },
{ "type": "Feature", "properties": { "block_id": "g500_1752000_5440500", "parcels": 118, "rating_units": 120, "parcel_land_m2": 139144.00925477609, "land_value": 45630000, "capital_value": 96660000, "rates_now": 291423.1338, "rates_lv": 272506.20496276836, "median_parcel_lv_m2": 499.91150230998744, "lv_per_m2_land": 327.93362965738862, "land_share_of_cv": 0.47206703910614523, "lv_per_ha_block": 1825200.0, "rates_now_per_ha_block": 11656.925352, "rates_lv_per_ha_block": 10900.248198510735, "rates_lv_per_m2_land": 1.9584472692877695, "rates_change_%": -6.4912241490801108 }, "geometry": { "type": "Polygon", "coordinates": [ [ [ 174.817991479814822, -41.172504166524853 ], [ 174.817867001998025, -41.168002452319612 ], [ 174.811909639072127, -41.168096350297596 ], [ 174.812033709505556, -41.172598079293763 ], [ 174.817991479814822, -41.172504166524853 ] ] ] } },
{ "type": "Feature", "properties": { "block_id": "g500_1752000_5441000", "parcels": 30, "rating_units": 30, "parcel_land_m2": 146592.8328547604, "land_value": 11500000, "capital_value": 26055000, "rates_now": 78554.00115, "rates_lv": 68678.969035104892, "median_parcel_lv_m2": 516.35163308365713, "lv_per_m2_land": 78.448582894866632, "land_share_of_cv": 0.44137401650355018, "lv_per_ha_block": 460000.0, "rates_now_per_ha_block": 3142.160046, "rates_lv_per_ha_block": 2747.1587614041955, "rates_lv_per_m2_land": 0.46850154743342648, "rates_change_%": -12.571010986491427 }, "geometry": { "type": "Polygon", "coordinates": [ [ [ 174.817867001998025, -41.168002452319612 ], [ 174.817742552401938, -41.163500734274464 ], [ 174.811785596767123, -41.163594617463538 ], [ 174.811909639072127, -41.168096350297596 ], [ 174.817867001998025, -41.168002452319612 ] ] ] } },
{ "type": "Feature", "properties": { "block_id": "g500_1752500_5421500", "parcels": 22, "rating_units": 22, "parcel_land_m2": 18665.293697467612, "land_value": 16890000, "capital_value": 25535000, "rates_now": 76986.23755000001, "rates_lv": 100868.50321764537, "median_parcel_lv_m2": 942.76165139077852, "lv_per_m2_land": 904.88798482134393, "land_share_of_cv": 0.66144507538672415, "lv_per_ha_block": 675600.0, "rates_now_per_ha_block": 3079.449502, "rates_lv_per_ha_block": 4034.7401287058146, "rates_lv_per_m2_land": 5.4040672947637871, "rates_change_%": 31.02147400323938 }, "geometry": { "type": "Polygon", "coordinates": [ [ [ 174.828715911846075, -41.343471673216335 ], [ 174.828589945299854, -41.338970119962802 ], [ 174.822617065239058, -41.339064891194212 ], [ 174.822742620886231, -41.343566459363828 ], [ 174.828715911846075, -41.343471673216335 ] ] ] } },
{ "type": "Feature", "properties": { "block_id": "g500_1752500_5422000", "parcels": 45, "rating_units": 48, "parcel_land_m2": 41835.231987239815, "land_value": 34490000, "capital_value": 50865000, "rates_now": 153354.41445000001, "rates_lv": 205977.18626267547, "median_parcel_lv_m2": 857.30866483579166, "lv_per_m2_land": 824.42473393047783, "land_share_of_cv": 0.67806939939054356, "lv_per_ha_block": 1379600.0, "rates_now_per_ha_block": 6134.176578000001, "rates_lv_per_ha_block": 8239.0874505070187, "rates_lv_per_m2_land": 4.9235339802944242, "rates_change_%": 34.314481263160971 }, "geometry": { "type": "Polygon", "coordinates": [ [ [ 174.828589945299854, -41.338970119962802 ], [ 174.828464007347321, -41.334468562861232 ], [ 174.822491538092436, -41.334563319178585 ], [ 174.822617065239058, -41.339064891194212 ], [ 174.828589945299854, -41.338970119962802 ] ] ] } },
{ "type": "Feature", "properties": { "block_id": "g500_1752500_5422500", "parcels": 94, "rating_units": 98, "parcel_land_m2": 74549.402978405022, "land_value": 57950000, "capital_value": 92860000, "rates_now": 279966.3998, "rates_lv": 346082.28309428948, "median_parcel_lv_m2": 869.71900165667523, "lv_per_m2_land": 777.33687574649753, "land_share_of_cv": 0.62405772130088299, "lv_per_ha_block": 2318000.0, "rates_now_per_ha_block": 11198.655992, "rates_lv_per_ha_block": 13843.291323771578, "rates_lv_per_m2_land": 4.6423213234120775, "rates_change_%": 23.615649357037395 }, "geometry": { "type": "Polygon", "coordinates": [ [ [ 174.828464007347321, -41.334468562861232 ], [ 174.828338097981032, -41.329967001911783 ], [ 174.822366039438947, -41.330061743317131 ], [ 174.822491538092436, -41.334563319178585 ], [ 174.828464007347321, -41.334468562861232 ] ] ] } },
{ "type": "Feature", "properties": { "block_id": "g500_1752500_5423000", "parcels": 247, "rating_units": 260, "parcel_land_m2": 169549.36710850941, "land_value": 146785000, "capital_value": 240465000, "rates_now": 724985.14245000004, "rates_lv": 876612.38867981487, "median_parcel_lv_m2": 879.02388004644899, "lv_per_m2_land": 865.73605377163983, "land_share_of_cv": 0.61042147505874034, "lv_per_ha_block": 5871400.0, "rates_now_per_ha_block": 28999.405698000002, "rates_lv_per_ha_block": 35064.495547192593, "rates_lv_per_m2_land": 5.1702486634396827, "rates_change_%": 20.914531533350988 }, "geometry": { "type": "Polygon", "coordinates": [ [ [ 174.828338097981032, -41.329967001911783 ], [ 174.828212217193567, -41.325465437114616 ], [ 174.822240569271173, -41.325560163609971 ], [ 174.822366039438947, -41.330061743317131 ], [ 174.828338097981032, -41.329967001911783 ] ] ] } },
{ "type": "Feature", "properties": { "block_id": "g500_1752500_5423500", "parcels": 292, "rating_units": 312, "parcel_land_m2": 194929.03235118499, "land_value": 229175000, "capital_value": 383603000, "rates_now": 1156536.19279, "rates_lv": 1368652.4111843621, "median_parcel_lv_m2": 1282.8341240439254, "lv_per_m2_land": 1175.6842848689535, "land_share_of_cv": 0.59742754879393545, "lv_per_ha_block": 9167000.0, "rates_now_per_ha_block": 46261.447711599998, "rates_lv_per_ha_block": 54746.096447374483, "rates_lv_per_m2_land": 7.0212856170064599, "rates_change_%": 18.340646813884653 }, "geometry": { "type": "Polygon", "coordinates": [ [ [ 174.828212217193567, -41.325465437114616 ], [ 174.82808636497748, -41.320963868469896 ], [ 174.82211512758164, -41.321058580057276 ], [ 174.822240569271173, -41.325560163609971 ], [ 174.828212217193567, -41.325465437114616 ] ] ] } },
{ "type": "Feature", "properties": { "block_id": "g500_1752500_5424000", "parcels": 236, "rating_units": 267, "parcel_land_m2": 185049.46342261907, "land_value": 202710000, "capital_value": 361580000, "rates_now": 1090138.3894, "rates_lv": 1210601.2011396619, "median_parcel_lv_m2": 1200.2463381912612, "lv_per_m2_land": 1095.4368429431622, "land_share_of_cv": 0.56062282205874214, "lv_per_ha_block": 8108400.0, "rates_now_per_ha_block": 43605.535576000002, "rates_lv_per_ha_block": 48424.048045586474, "rates_lv_per_m2_land": 6.542041131861434, "rates_change_%": 11.050231136797528 }, "geometry": { "type": "Polygon", "coordinates": [ [ [ 174.82808636497748, -41.320963868469896 ], [ 174.827960541325353, -41.316462295977757 ], [ 174.82198971436307, -41.316556992659208 ], [ 174.82211512758164, -41.321058580057276 ], [ 174.82808636497748, -41.320963868469896 ] ] ] } },
{ "type": "Feature", "properties": { "block_id": "g500_1752500_5424500", "parcels": 270, "rating_units": 289, "parcel_land_m2": 175484.16373737916, "land_value": 185375000, "capital_value": 318000000, "rates_now": 964641.32516400004, "rates_lv": 1114782.6923755892, "median_parcel_lv_m2": 1111.9212389196296, "lv_per_m2_land": 1056.3631273157102, "land_share_of_cv": 0.58294025157232709, "lv_per_ha_block": 7415000.0, "rates_now_per_ha_block": 38585.653006560002, "rates_lv_per_ha_block": 44591.30769502357, "rates_lv_per_m2_land": 6.3526113618087914, "rates_change_%": 15.564475965827329 }, "geometry": { "type": "Polygon", "coordinates": [ [ [ 174.827960541325353, -41.316462295977757 ], [ 174.827834746229769, -41.311960719638385 ], [ 174.821864329607934, -41.312055401415947 ], [ 174.82198971436307, -41.316556992659208 ], [ 174.827960541325353, -41.316462295977757 ] ] ] } },
{ "type": "Feature", "properties": { "block_id": "g500_1752500_5425000", "parcels": 269, "rating_units": 326, "parcel_land_m2": 221492.77350098704, "land_value": 203575000, "capital_value": 328293000, "rates_now": 1222015.3470089999, "rates_lv": 1671771.5200839955, "median_parcel_lv_m2": 1106.8936798510711, "lv_per_m2_land": 919.10447813816734, "land_share_of_cv": 0.62010155562256886, "lv_per_ha_block": 8143000.0, "rates_now_per_ha_block": 48880.613880359997, "rates_lv_per_ha_block": 66870.860803359828, "rates_lv_per_m2_land": 7.5477474666980306, "rates_change_%": 36.804461922333218 }, "geometry": { "type": "Polygon", "coordinates": [ [ [ 174.827834746229769, -41.311960719638385 ], [ 174.827708979683223, -41.307459139451943 ], [ 174.821738973308896, -41.307553806327604 ], [ 174.821864329607934, -41.312055401415947 ], [ 174.827834746229769, -41.311960719638385 ] ] ] } },
{ "type": "Feature", "properties": { "block_id": "g500_1752500_5425500", "parcels": 276, "rating_units": 315, "parcel_land_m2": 181533.52290277867, "land_value": 169580000, "capital_value": 303990000, "rates_now": 1066477.5202530001, "rates_lv": 1229074.052184826, "median_parcel_lv_m2": 958.23633462900364, "lv_per_m2_land": 934.15253165565207, "land_share_of_cv": 0.55784729760847396, "lv_per_ha_block": 6783200.0, "rates_now_per_ha_block": 42659.100810120006, "rates_lv_per_ha_block": 49162.96208739304, "rates_lv_per_m2_land": 6.7705073560604214, "rates_change_%": 15.246128384708314 }, "geometry": { "type": "Polygon", "coordinates": [ [ [ 174.827708979683223, -41.307459139451943 ], [ 174.827583241678383, -41.302957555418587 ], [ 174.821613645458513, -41.303052207394394 ], [ 174.821738973308896, -41.307553806327604 ], [ 174.827708979683223, -41.307459139451943 ] ] ] } },
{ "type": "Feature", "properties": { "block_id": "g500_1752500_5426000", "parcels": 63, "rating_units": 72, "parcel_land_m2": 41096.905735261382, "land_value": 37260000, "capital_value": 68950000, "rates_now": 207879.4235, "rates_lv": 222519.85967373985, "median_parcel_lv_m2": 930.26270563053538, "lv_per_m2_land": 906.63760040772866, "land_share_of_cv": 0.54039158810732413, "lv_per_ha_block": 1490400.0, "rates_now_per_ha_block": 8315.17694, "rates_lv_per_ha_block": 8900.7943869495939, "rates_lv_per_m2_land": 5.4145161464751475, "rates_change_%": 7.042753884556463 }, "geometry": { "type": "Polygon", "coordinates": [ [ [ 174.827583241678383, -41.302957555418587 ], [ 174.827457532207774, -41.298455967538473 ], [ 174.821488346049421, -41.298550604616437 ], [ 174.821613645458513, -41.303052207394394 ], [ 174.827583241678383, -41.302957555418587 ] ] ] } },
{ "type": "Feature", "properties": { "block_id": "g500_1752500_5426500", "parcels": 2, "rating_units": 2, "parcel_land_m2": 19663.056687169388, "land_value": 4960000, "capital_value": 7460000, "rates_now": 83218.09786000001, "rates_lv": 109599.69041149957, "median_parcel_lv_m2": 288.26091626599811, "lv_per_m2_land": 252.24969235004636, "land_share_of_cv": 0.66487935656836461, "lv_per_ha_block": 198400.0, "rates_now_per_ha_block": 3328.7239144000005, "rates_lv_per_ha_block": 4383.9876164599827, "rates_lv_per_m2_land": 5.5738887475728012, "rates_change_%": 31.701749054492943 }, "geometry": { "type": "Polygon", "coordinates": [ [ [ 174.827457532207774, -41.298455967538473 ], [ 174.827331851264006, -41.293954375811765 ], [ 174.82136307507426, -41.294048997993926 ], [ 174.821488346049421, -41.298550604616437 ], [ 174.827457532207774, -41.298455967538473 ] ] ] } },
{ "type": "Feature", "properties": { "block_id": "g500_1752500_5427000", "parcels": 6, "rating_units": 6, "parcel_land_m2": 22717.555827223106, "land_value": 15970000, "capital_value": 15971000, "rates_now": 178160.35401100002, "rates_lv": 352884.48707089684, "median_parcel_lv_m2": 672.2959617736301, "lv_per_m2_land": 702.98055483868052, "land_share_of_cv": 0.99993738651305486, "lv_per_ha_block": 638800.0, "rates_now_per_ha_block": 7126.4141604400011, "rates_lv_per_ha_block": 14115.379482835873, "rates_lv_per_m2_land": 15.533558704762822, "rates_change_%": 98.071276311624842 }, "geometry": { "type": "Polygon", "coordinates": [ [ [ 174.827331851264006, -41.293954375811765 ], [ 174.827206198839662, -41.289452780238612 ], [ 174.821237832525583, -41.289547387526987 ], [ 174.82136307507426, -41.294048997993926 ], [ 174.827331851264006, -41.293954375811765 ] ] ] } },
{ "type": "Feature", "properties": { "block_id": "g500_1752500_5433000", "parcels": 2, "rating_units": 2, "parcel_land_m2": 21181.233634990764, "land_value": 1410000, "capital_value": 3180000, "rates_now": 9587.4774, "rates_lv": 8420.6388121302516, "median_parcel_lv_m2": 66.50176155164749, "lv_per_m2_land": 66.568360667658297, "land_share_of_cv": 0.44339622641509435, "lv_per_ha_block": 56400.0, "rates_now_per_ha_block": 383.499096, "rates_lv_per_ha_block": 336.82555248521004, "rates_lv_per_m2_land": 0.39755185921841724, "rates_change_%": -12.170444207459074 }, "geometry": { "type": "Polygon", "coordinates": [ [ [ 174.825825902335311, -41.239934975115425 ], [ 174.825700591566601, -41.235433333397644 ], [ 174.819737136521894, -41.23552776211816 ], [ 174.819862038528044, -41.240029418705504 ], [ 174.825825902335311, -41.239934975115425 ] ] ] } },
{ "type": "Feature", "properties": { "block_id": "g500_1752500_5433500", "parcels": 153, "rating_units": 174, "parcel_land_m2": 200282.01461106501, "land_value": 66055000, "capital_value": 134200000, "rates_now": 404603.606, "rates_lv": 394486.02605337859, "median_parcel_lv_m2": 608.41991394825516, "lv_per_m2_land": 329.80994388474983, "land_share_of_cv": 0.49221311475409835, "lv_per_ha_block": 2642200.0, "rates_now_per_ha_block": 16184.14424, "rates_lv_per_ha_block": 15779.441042135144, "rates_lv_per_m2_land": 1.9696527759591667, "rates_change_%": -2.5006153668886033 }, "geometry": { "type": "Polygon", "coordinates": [ [ [ 174.825700591566601, -41.235433333397644 ], [ 174.825575309221165, -41.230931687835515 ], [ 174.81961226284642, -41.231026101688499 ], [ 174.819737136521894, -41.23552776211816 ], [ 174.825700591566601, -41.235433333397644 ] ] ] } },
{ "type": "Feature", "properties": { "block_id": "g500_1752500_5434000", "parcels": 347, "rating_units": 385, "parcel_land_m2": 199921.95181784406, "land_value": 145332000, "capital_value": 303855000, "rates_now": 916101.55515000003, "rates_lv": 867934.95024433604, "median_parcel_lv_m2": 792.52041090712521, "lv_per_m2_land": 726.9436831650039, "land_share_of_cv": 0.47829392308831514, "lv_per_ha_block": 5813280.0, "rates_now_per_ha_block": 36644.062206000002, "rates_lv_per_ha_block": 34717.398009773438, "rates_lv_per_m2_land": 4.3413689309873389, "rates_change_%": -5.2577800610519976 }, "geometry": { "type": "Polygon", "coordinates": [ [ [ 174.825575309221165, -41.230931687835515 ], [ 174.825450055291611, -41.226430038429214 ], [ 174.81948741749423, -41.226524437416664 ], [ 174.81961226284642, -41.231026101688499 ], [ 174.825575309221165, -41.230931687835515 ] ] ] } },
{ "type": "Feature", "properties": { "block_id": "g500_1752500_5434500", "parcels": 191, "rating_units": 236, "parcel_land_m2": 168940.84994422368, "land_value": 105812000, "capital_value": 200063000, "rates_now": 749099.15557599999, "rates_lv": 717475.45371593384, "median_parcel_lv_m2": 834.99064021275694, "lv_per_m2_land": 626.32572308553051, "land_share_of_cv": 0.5288933985794475, "lv_per_ha_block": 4232480.0, "rates_now_per_ha_block": 29963.966223039999, "rates_lv_per_ha_block": 28699.018148637355, "rates_lv_per_m2_land": 4.246903303450944, "rates_change_%": -4.2215642114494134 }, "geometry": { "type": "Polygon", "coordinates": [ [ [ 174.825450055291611, -41.226430038429214 ], [ 174.82532482977058, -41.221928385178884 ], [ 174.819362600458049, -41.222022769302839 ], [ 174.81948741749423, -41.226524437416664 ], [ 174.825450055291611, -41.226430038429214 ] ] ] } },
{ "type": "Feature", "properties": { "block_id": "g500_1752500_5435000", "parcels": 217, "rating_units": 265, "parcel_land_m2": 367319.32529837854, "land_value": 112212000, "capital_value": 233157000, "rates_now": 702952.03401000006, "rates_lv": 670139.51942323393, "median_parcel_lv_m2": 843.76829742574523, "lv_per_m2_land": 305.48896361183461, "land_share_of_cv": 0.4812722757626835, "lv_per_ha_block": 4488480.0, "rates_now_per_ha_block": 28118.081360400003, "rates_lv_per_ha_block": 26805.580776929357, "rates_lv_per_m2_land": 1.8244058323881283, "rates_change_%": -4.667817005889674 }, "geometry": { "type": "Polygon", "coordinates": [ [ [ 174.82532482977058, -41.221928385178884 ], [ 174.825199632650708, -41.217426728084725 ], [ 174.81923781173046, -41.217521097347181 ], [ 174.819362600458049, -41.222022769302839 ], [ 174.82532482977058, -41.221928385178884 ] ] ] } },
{ "type": "Feature", "properties": { "block_id": "g500_1752500_5435500", "parcels": 147, "rating_units": 154, "parcel_land_m2": 103832.79271708487, "land_value": 63080000, "capital_value": 128810000, "rates_now": 388353.1333, "rates_lv": 376719.07536821015, "median_parcel_lv_m2": 773.06513093927344, "lv_per_m2_land": 607.51520159796951, "land_share_of_cv": 0.48971353155810882, "lv_per_ha_block": 2523200.0, "rates_now_per_ha_block": 15534.125332, "rates_lv_per_ha_block": 15068.763014728405, "rates_lv_per_m2_land": 3.6281319755567356, "rates_change_%": -2.9957420023704606 }, "geometry": { "type": "Polygon", "coordinates": [ [ [ 174.825199632650708, -41.217426728084725 ], [ 174.825074463924636, -41.212925067146863 ], [ 174.819113051304186, -41.213019421549838 ], [ 174.81923781173046, -41.217521097347181 ], [ 174.825199632650708, -41.217426728084725 ] ] ] } },
{ "type": "Feature", "properties": { "block_id": "g500_1752500_5436000", "parcels": 123, "rating_units": 131, "parcel_land_m2": 99770.854467359284, "land_value": 55200000, "capital_value": 109560000, "rates_now": 330315.7308, "rates_lv": 329659.05136850348, "median_parcel_lv_m2": 730.0310309932845, "lv_per_m2_land": 553.2677884207061, "land_share_of_cv": 0.50383351588170866, "lv_per_ha_block": 2208000.0, "rates_now_per_ha_block": 13212.629232000001, "rates_lv_per_ha_block": 13186.362054740139, "rates_lv_per_m2_land": 3.3041618529623165, "rates_change_%": -0.19880355982626607 }, "geometry": { "type": "Polygon", "coordinates": [ [ [ 174.825074463924636, -41.212925067146863 ], [ 174.824949323584974, -41.208423402365476 ], [ 174.818988319171837, -41.208517741910981 ], [ 174.819113051304186, -41.213019421549838 ], [ 174.825074463924636, -41.212925067146863 ] ] ] } },
{ "type": "Feature", "properties": { "block_id": "g500_1752500_5436500", "parcels": 192, "rating_units": 205, "parcel_land_m2": 143166.10768483923, "land_value": 85555000, "capital_value": 168725000, "rates_now": 508694.06425, "rates_lv": 510941.66919986077, "median_parcel_lv_m2": 706.68317461042409, "lv_per_m2_land": 597.59255443570294, "land_share_of_cv": 0.50706771373536819, "lv_per_ha_block": 3422200.0, "rates_now_per_ha_block": 20347.76257, "rates_lv_per_ha_block": 20437.666767994429, "rates_lv_per_m2_land": 3.5688730905825112, "rates_change_%": 0.44183824970998042 }, "geometry": { "type": "Polygon", "coordinates": [ [ [ 174.824949323584974, -41.208423402365476 ], [ 174.824824211624389, -41.203921733740714 ], [ 174.818863615326052, -41.204016058430753 ], [ 174.818988319171837, -41.208517741910981 ], [ 174.824949323584974, -41.208423402365476 ] ] ] } },
{ "type": "Feature", "properties": { "block_id": "g500_1752500_5437000", "parcels": 5, "rating_units": 6, "parcel_land_m2": 100889.8319130192, "land_value": 4130000, "capital_value": 7720000, "rates_now": 33043.6328, "rates_lv": 33372.006866797055, "median_parcel_lv_m2": 41.490830567282565, "lv_per_m2_land": 40.935740715284602, "land_share_of_cv": 0.53497409326424872, "lv_per_ha_block": 165200.0, "rates_now_per_ha_block": 1321.745312, "rates_lv_per_ha_block": 1334.8802746718823, "rates_lv_per_m2_land": 0.33077671192443137, "rates_change_%": 0.99375897554778714 }, "geometry": { "type": "Polygon", "coordinates": [ [ [ 174.824824211624389, -41.203921733740714 ], [ 174.824699128035491, -41.199420061272754 ], [ 174.818738939759584, -41.199514371109352 ], [ 174.818863615326052, -41.204016058430753 ], [ 174.824824211624389, -41.203921733740714 ] ] ] } },
{ "type": "Feature", "properties": { "block_id": "g500_1752500_5437500", "parcels": 4, "rating_units": 4, "parcel_land_m2": 49191.360345269655, "land_value": 2700000, "capital_value": 5370000, "rates_now": 16190.1741, "rates_lv": 16124.627512589843, "median_parcel_lv_m2": 85.777936787739748, "lv_per_m2_land": 54.88768720866728, "land_share_of_cv": 0.5027932960893855, "lv_per_ha_block": 108000.0, "rates_now_per_ha_block": 647.606964, "rates_lv_per_ha_block": 644.98510050359369, "rates_lv_per_m2_land": 0.32779389306196371, "rates_change_%": -0.40485412328059578 }, "geometry": { "type": "Polygon", "coordinates": [ [ [ 174.824699128035491, -41.199420061272754 ], [ 174.824574072810947, -41.194918384961738 ], [ 174.818614292465043, -41.195012679946906 ], [ 174.818738939759584, -41.199514371109352 ], [ 174.824699128035491, -41.199420061272754 ] ] ] } },
{ "type": "Feature", "properties": { "block_id": "g500_1752500_5438000", "parcels": 2, "rating_units": 2, "parcel_land_m2": 397698.92394413415, "land_value": 1550000, "capital_value": 1970000, "rates_now": 5939.4121, "rates_lv": 9256.7306090793554, "median_parcel_lv_m2": 11.689092318343945, "lv_per_m2_land": 3.8974206533627251, "land_share_of_cv": 0.78680203045685282, "lv_per_ha_block": 62000.0, "rates_now_per_ha_block": 237.576484, "rates_lv_per_ha_block": 370.2692243631742, "rates_lv_per_m2_land": 0.023275724553832772, "rates_change_%": 55.852640854460269 }, "geometry": { "type": "Polygon", "coordinates": [ [ [ 174.824574072810947, -41.194918384961738 ], [ 174.824449045943396, -41.190416704807866 ], [ 174.818489673435067, -41.190510984943593 ], [ 174.818614292465043, -41.195012679946906 ], [ 174.824574072810947, -41.194918384961738 ] ] ] } },
{ "type": "Feature", "properties": { "block_id": "g500_1752500_5438500", "parcels": 1, "rating_units": 1, "parcel_land_m2": 242631.26358143619, "land_value": 1420000, "capital_value": 1730000, "rates_now": 5215.8289, "rates_lv": 8480.3596547694742, "median_parcel_lv_m2": 5.8525021839297908, "lv_per_m2_land": 5.8525021839297908, "land_share_of_cv": 0.82080924855491333, "lv_per_ha_block": 56800.0, "rates_now_per_ha_block": 208.633156, "rates_lv_per_ha_block": 339.21438619077895, "rates_lv_per_m2_land": 0.034951636197217209, "rates_change_%": 62.588915728609784 }, "geometry": { "type": "Polygon", "coordinates": [ [ [ 174.824449045943396, -41.190416704807866 ], [ 174.824324047425478, -41.185915020811251 ], [ 174.81836508266241, -41.186009286099576 ], [ 174.818489673435067, -41.190510984943593 ], [ 174.824449045943396, -41.190416704807866 ] ] ] } },
{ "type": "Feature", "properties": { "block_id": "g500_1752500_5439000", "parcels": 167, "rating_units": 180, "parcel_land_m2": 135320.29549969145, "land_value": 84015000, "capital_value": 171130000, "rates_now": 515944.9709, "rates_lv": 501744.65943342063, "median_parcel_lv_m2": 710.30487836690565, "lv_per_m2_land": 620.86030546830693, "land_share_of_cv": 0.49094255828902006, "lv_per_ha_block": 3360600.0, "rates_now_per_ha_block": 20637.798836000002, "rates_lv_per_ha_block": 20069.786377336826, "rates_lv_per_m2_land": 3.707830060381184, "rates_change_%": -2.7522918658958395 }, "geometry": { "type": "Polygon", "coordinates": [ [ [ 174.824324047425478, -41.185915020811251 ], [ 174.824199077249858, -41.181413332972085 ], [ 174.818240520139682, -41.181507583414998 ], [ 174.81836508266241, -41.186009286099576 ], [ 174.824324047425478, -41.185915020811251 ] ] ] } },
{ "type": "Feature", "properties": { "block_id": "g500_1752500_5439500", "parcels": 241, "rating_units": 247, "parcel_land_m2": 204202.706311869, "land_value": 109005000, "capital_value": 222840000, "rates_now": 671847.0012000001, "rates_lv": 650987.04518883559, "median_parcel_lv_m2": 706.01860604298599, "lv_per_m2_land": 533.80781268159046, "land_share_of_cv": 0.48916262789445342, "lv_per_ha_block": 4360200.0, "rates_now_per_ha_block": 26873.880048000003, "rates_lv_per_ha_block": 26039.481807553424, "rates_lv_per_m2_land": 3.1879452380744371, "rates_change_%": -3.1048670268537415 }, "geometry": { "type": "Polygon", "coordinates": [ [ [ 174.824199077249858, -41.181413332972085 ], [ 174.824074135409148, -41.17691164129053 ], [ 174.818115985859606, -41.177005876890043 ], [ 174.818240520139682, -41.181507583414998 ], [ 174.824199077249858, -41.181413332972085 ] ] ] } },
{ "type": "Feature", "properties": { "block_id": "g500_1752500_5440000", "parcels": 277, "rating_units": 292, "parcel_land_m2": 195842.66754553816, "land_value": 110775000, "capital_value": 241560000, "rates_now": 728286.4908, "rates_lv": 661557.63433597784, "median_parcel_lv_m2": 552.65732278685982, "lv_per_m2_land": 565.63261411991402, "land_share_of_cv": 0.45858171882762044, "lv_per_ha_block": 4431000.0, "rates_now_per_ha_block": 29131.459632000002, "rates_lv_per_ha_block": 26462.305373439114, "rates_lv_per_m2_land": 3.3780056339466968, "rates_change_%": -9.162446002633196 }, "geometry": { "type": "Polygon", "coordinates": [ [ [ 174.824074135409148, -41.17691164129053 ], [ 174.8239492218961, -41.172409945766731 ], [ 174.817991479814822, -41.172504166524853 ], [ 174.818115985859606, -41.177005876890043 ], [ 174.824074135409148, -41.17691164129053 ] ] ] } },
{ "type": "Feature", "properties": { "block_id": "g500_1752500_5440500", "parcels": 238, "rating_units": 255, "parcel_land_m2": 192990.10017160766, "land_value": 99890000, "capital_value": 201987500, "rates_now": 608978.17337500001, "rates_lv": 596551.49712318508, "median_parcel_lv_m2": 520.52603808212734, "lv_per_m2_land": 517.59131640005035, "land_share_of_cv": 0.49453555294263257, "lv_per_ha_block": 3995600.0, "rates_now_per_ha_block": 24359.126935, "rates_lv_per_ha_block": 23862.059884927403, "rates_lv_per_m2_land": 3.0910989558154993, "rates_change_%": -2.040578266203763 }, "geometry": { "type": "Polygon", "coordinates": [ [ [ 174.8239492218961, -41.172409945766731 ], [ 174.823824336703296, -41.16790824640087 ], [ 174.817867001998025, -41.168002452319612 ], [ 174.817991479814822, -41.172504166524853 ], [ 174.8239492218961, -41.172409945766731 ] ] ] } },
{ "type": "Feature", "properties": { "block_id": "g500_1752500_5441000", "parcels": 204, "rating_units": 209, "parcel_land_m2": 186317.73473139349, "land_value": 76715000, "capital_value": 165735000, "rates_now": 499679.42355000001, "rates_lv": 458148.44430678885, "median_parcel_lv_m2": 533.53405336238222, "lv_per_m2_land": 411.74287627850788, "land_share_of_cv": 0.46287748514194349, "lv_per_ha_block": 3068600.0, "rates_now_per_ha_block": 19987.176942000002, "rates_lv_per_ha_block": 18325.937772271554, "rates_lv_per_m2_land": 2.4589631522049276, "rates_change_%": -8.3115248068755818 }, "geometry": { "type": "Polygon", "coordinates": [ [ [ 174.823824336703296, -41.16790824640087 ], [ 174.823699479823404, -41.163406543193112 ], [ 174.817742552401938, -41.163500734274464 ], [ 174.817867001998025, -41.168002452319612 ], [ 174.823824336703296, -41.16790824640087 ] ] ] } },
{ "type": "Feature", "properties": { "block_id": "g500_1752500_5441500", "parcels": 127, "rating_units": 127, "parcel_land_m2": 91284.338368012832, "land_value": 45210000, "capital_value": 95890000, "rates_now": 289101.6377, "rates_lv": 269997.92957192106, "median_parcel_lv_m2": 567.21144222373925, "lv_per_m2_land": 495.26568092914113, "land_share_of_cv": 0.47147773490457817, "lv_per_ha_block": 1808400.0, "rates_now_per_ha_block": 11564.065508000002, "rates_lv_per_ha_block": 10799.917182876843, "rates_lv_per_m2_land": 2.9577683795376197, "rates_change_%": -6.607955693389334 }, "geometry": { "type": "Polygon", "coordinates": [ [ [ 174.823699479823404, -41.163406543193112 ], [ 174.823574651249118, -41.158904836143606 ], [ 174.817618131019231, -41.158999012389579 ], [ 174.817742552401938, -41.163500734274464 ], [ 174.823699479823404, -41.163406543193112 ] ] ] } },
{ "type": "Feature", "properties": { "block_id": "g500_1752500_5442000", "parcels": 3, "rating_units": 4, "parcel_land_m2": 2602.1680804192915, "land_value": 1275000, "capital_value": 3340000, "rates_now": 10069.8662, "rates_lv": 7614.40743650076, "median_parcel_lv_m2": 547.56410050722707, "lv_per_m2_land": 489.97603559665413, "land_share_of_cv": 0.38173652694610777, "lv_per_ha_block": 51000.0, "rates_now_per_ha_block": 402.794648, "rates_lv_per_ha_block": 304.57629746003039, "rates_lv_per_m2_land": 2.9261781718857449, "rates_change_%": -24.384224325634442 }, "geometry": { "type": "Polygon", "coordinates": [ [ [ 174.823574651249118, -41.158904836143606 ], [ 174.823449850973105, -41.154403125252493 ], [ 174.817493737842568, -41.154497286665119 ], [ 174.817618131019231, -41.158999012389579 ], [ 174.823574651249118, -41.158904836143606 ] ] ] } },
{ "type": "Feature", "properties": { "block_id": "g500_1753000_5422500", "parcels": 14, "rating_units": 14, "parcel_land_m2": 64738.543272412811, "land_value": 11640000, "capital_value": 19430000, "rates_now": 58580.0899, "rates_lv": 69515.060832054005, "median_parcel_lv_m2": 1104.2659550943902, "lv_per_m2_land": 179.80015322587866, "land_share_of_cv": 0.59907359752959344, "lv_per_ha_block": 465600.0, "rates_now_per_ha_block": 2343.203596, "rates_lv_per_ha_block": 2780.6024332821603, "rates_lv_per_m2_land": 1.0737816657310641, "rates_change_%": 18.666702203292473 }, "geometry": { "type": "Polygon", "coordinates": [ [ [ 174.834436448015907, -41.334373496809782 ], [ 174.83431012794432, -41.329871950821051 ], [ 174.828338097981032, -41.329967001911783 ], [ 174.828464007347321, -41.334468562861232 ], [ 174.834436448015907, -41.334373496809782 ] ] ] } },
{ "type": "Feature", "properties": { "block_id": "g500_1753000_5423000", "parcels": 169, "rating_units": 176, "parcel_land_m2": 141496.89397381505, "land_value": 181618000, "capital_value": 278588000, "rates_now": 839923.31883999996, "rates_lv": 1084637.9998450158, "median_parcel_lv_m2": 1768.8753861763294, "lv_per_m2_land": 1283.5476094168514, "land_share_of_cv": 0.6519232702054647, "lv_per_ha_block": 7264720.0, "rates_now_per_ha_block": 33596.932753599998, "rates_lv_per_ha_block": 43385.519993800634, "rates_lv_per_m2_land": 7.6654544801932918, "rates_change_%": 29.135359802009788 }, "geometry": { "type": "Polygon", "coordinates": [ [ [ 174.83431012794432, -41.329871950821051 ], [ 174.834183836544611, -41.325370400982571 ], [ 174.828212217193567, -41.325465437114616 ], [ 174.828338097981032, -41.329967001911783 ], [ 174.83431012794432, -41.329871950821051 ] ] ] } },
{ "type": "Feature", "properties": { "block_id": "g500_1753000_5423500", "parcels": 257, "rating_units": 283, "parcel_land_m2": 157697.96923448655, "land_value": 321058000, "capital_value": 504862000, "rates_now": 1543793.097542, "rates_lv": 1951956.630993315, "median_parcel_lv_m2": 2295.9717332348027, "lv_per_m2_land": 2035.9044669916314, "land_share_of_cv": 0.63593219533258594, "lv_per_ha_block": 12842320.0, "rates_now_per_ha_block": 61751.723901680001, "rates_lv_per_ha_block": 78078.265239732602, "rates_lv_per_m2_land": 12.377817168278707, "rates_change_%": 26.439004948343523 }, "geometry": { "type": "Polygon", "coordinates": [ [ [ 174.834183836544611, -41.325370400982571 ], [ 174.834057573809361, -41.320868847294491 ], [ 174.82808636497748, -41.320963868469896 ], [ 174.828212217193567, -41.325465437114616 ], [ 174.834183836544611, -41.325370400982571 ] ] ] } },
{ "type": "Feature", "properties": { "block_id": "g500_1753000_5424000", "parcels": 70, "rating_units": 74, "parcel_land_m2": 45209.749408221192, "land_value": 84270000, "capital_value": 123665000, "rates_now": 372841.31845000002, "rates_lv": 503267.54092072084, "median_parcel_lv_m2": 2373.4580754584522, "lv_per_m2_land": 1863.9784803734362, "land_share_of_cv": 0.68143775522581163, "lv_per_ha_block": 3370800.0, "rates_now_per_ha_block": 14913.652738000001, "rates_lv_per_ha_block": 20130.701636828835, "rates_lv_per_m2_land": 11.131836550927749, "rates_change_%": 34.981697579264328 }, "geometry": { "type": "Polygon", "coordinates": [ [ [ 174.834057573809361, -41.320868847294491 ], [ 174.833931339731151, -41.31636728975699 ], [ 174.827960541325353, -41.316462295977757 ], [ 174.82808636497748, -41.320963868469896 ], [ 174.834057573809361, -41.320868847294491 ] ] ] } },
{ "type": "Feature", "properties": { "block_id": "g500_1753000_5424500", "parcels": 13, "rating_units": 23, "parcel_land_m2": 8947.2082687938109, "land_value": 15645000, "capital_value": 23785000, "rates_now": 71710.11005, "rates_lv": 93433.258309062265, "median_parcel_lv_m2": 1812.7955599800162, "lv_per_m2_land": 1748.5901221911681, "land_share_of_cv": 0.65776750052554134, "lv_per_ha_block": 625800.0, "rates_now_per_ha_block": 2868.404402, "rates_lv_per_ha_block": 3737.3303323624905, "rates_lv_per_m2_land": 10.442727552787611, "rates_change_%": 30.293006444859394 }, "geometry": { "type": "Polygon", "coordinates": [ [ [ 174.833931339731151, -41.31636728975699 ], [ 174.83380513430248, -41.311865728370201 ], [ 174.827834746229769, -41.311960719638385 ], [ 174.827960541325353, -41.316462295977757 ], [ 174.833931339731151, -41.31636728975699 ] ] ] } },
{ "type": "Feature", "properties": { "block_id": "g500_1753000_5425000", "parcels": 111, "rating_units": 121, "parcel_land_m2": 100499.27843832057, "land_value": 110199000, "capital_value": 174612000, "rates_now": 526442.95716, "rates_lv": 658117.71379995858, "median_parcel_lv_m2": 1173.7891148914152, "lv_per_m2_land": 1096.5153353576807, "land_share_of_cv": 0.63110782764071194, "lv_per_ha_block": 4407960.0, "rates_now_per_ha_block": 21057.718286399999, "rates_lv_per_ha_block": 26324.708551998345, "rates_lv_per_m2_land": 6.5484819794389386, "rates_change_%": 25.012160358323321 }, "geometry": { "type": "Polygon", "coordinates": [ [ [ 174.83380513430248, -41.311865728370201 ], [ 174.8336789575159, -41.307364163134302 ], [ 174.827708979683223, -41.307459139451943 ], [ 174.827834746229769, -41.311960719638385 ], [ 174.83380513430248, -41.311865728370201 ] ] ] } },
{ "type": "Feature", "properties": { "block_id": "g500_1753000_5425500", "parcels": 191, "rating_units": 207, "parcel_land_m2": 116454.74639798245, "land_value": 153642000, "capital_value": 248734000, "rates_now": 749915.59862000006, "rates_lv": 917562.97047752922, "median_parcel_lv_m2": 1432.491766400243, "lv_per_m2_land": 1319.327934259808, "land_share_of_cv": 0.61769601260784612, "lv_per_ha_block": 6145680.0, "rates_now_per_ha_block": 29996.623944800001, "rates_lv_per_ha_block": 36702.518819101169, "rates_lv_per_m2_land": 7.8791375951459353, "rates_change_%": 22.355498694257726 }, "geometry": { "type": "Polygon", "coordinates": [ [ [ 174.8336789575159, -41.307364163134302 ], [ 174.833552809363994, -41.302862594049472 ], [ 174.827583241678383, -41.302957555418587 ], [ 174.827708979683223, -41.307459139451943 ], [ 174.8336789575159, -41.307364163134302 ] ] ] } },
{ "type": "Feature", "properties": { "block_id": "g500_1753000_5426000", "parcels": 112, "rating_units": 113, "parcel_land_m2": 86344.595354096964, "land_value": 96595000, "capital_value": 148205000, "rates_now": 446827.70065000001, "rates_lv": 576873.47947356151, "median_parcel_lv_m2": 1280.787039539, "lv_per_m2_land": 1118.715069586769, "land_share_of_cv": 0.65176613474579126, "lv_per_ha_block": 3863800.0, "rates_now_per_ha_block": 17873.108026000002, "rates_lv_per_ha_block": 23074.939178942459, "rates_lv_per_m2_land": 6.6810606628917331, "rates_change_%": 29.104233832052941 }, "geometry": { "type": "Polygon", "coordinates": [ [ [ 174.833552809363994, -41.302862594049472 ], [ 174.833426689839285, -41.298361021115845 ], [ 174.827457532207774, -41.298455967538473 ], [ 174.827583241678383, -41.302957555418587 ], [ 174.833552809363994, -41.302862594049472 ] ] ] } },
{ "type": "Feature", "properties": { "block_id": "g500_1753000_5426500", "parcels": 12, "rating_units": 14, "parcel_land_m2": 20780.039433913749, "land_value": 13175000, "capital_value": 17545000, "rates_now": 55697.213834000002, "rates_lv": 84229.082041505433, "median_parcel_lv_m2": 1114.8084992958356, "lv_per_m2_land": 634.02189595934738, "land_share_of_cv": 0.75092618979766312, "lv_per_ha_block": 527000.0, "rates_now_per_ha_block": 2227.8885533600001, "rates_lv_per_ha_block": 3369.1632816602173, "rates_lv_per_m2_land": 4.0533648797624817, "rates_change_%": 51.226742315229302 }, "geometry": { "type": "Polygon", "coordinates": [ [ [ 174.833426689839285, -41.298361021115845 ], [ 174.833300598934329, -41.293859444333599 ], [ 174.827331851264006, -41.293954375811765 ], [ 174.827457532207774, -41.298455967538473 ], [ 174.833426689839285, -41.298361021115845 ] ] ] } },
{ "type": "Feature", "properties": { "block_id": "g500_1753000_5433000", "parcels": 2, "rating_units": 2, "parcel_land_m2": 20105.343000793706, "land_value": 1800000, "capital_value": 3010000, "rates_now": 9074.9393, "rates_lv": 10749.751675059897, "median_parcel_lv_m2": 89.528461858233726, "lv_per_m2_land": 89.528440272266963, "land_share_of_cv": 0.59800664451827246, "lv_per_ha_block": 72000.0, "rates_now_per_ha_block": 362.997572, "rates_lv_per_ha_block": 429.9900670023959, "rates_lv_per_m2_land": 0.534671389323501, "rates_change_%": 18.455356225466947 }, "geometry": { "type": "Polygon", "coordinates": [ [ [ 174.831789737711915, -41.239840222812589 ], [ 174.831664018188008, -41.235338596012916 ], [ 174.825700591566601, -41.235433333397644 ], [ 174.825825902335311, -41.239934975115425 ], [ 174.831789737711915, -41.239840222812589 ] ] ] } },
{ "type": "Feature", "properties": { "block_id": "g500_1753000_5433500", "parcels": 11, "rating_units": 11, "parcel_land_m2": 159485.7786438101, "land_value": 6105000, "capital_value": 9845000, "rates_now": 29681.98585, "rates_lv": 36459.574431244815, "median_parcel_lv_m2": 69.073780433757634, "lv_per_m2_land": 38.279275129820142, "land_share_of_cv": 0.62011173184357538, "lv_per_ha_block": 244200.0, "rates_now_per_ha_block": 1187.279434, "rates_lv_per_ha_block": 1458.3829772497927, "rates_lv_per_m2_land": 0.22860705663714592, "rates_change_%": 22.834013247953934 }, "geometry": { "type": "Polygon", "coordinates": [ [ [ 174.831664018188008, -41.235338596012916 ], [ 174.831538327179999, -41.230836965366876 ], [ 174.825575309221165, -41.230931687835515 ], [ 174.825700591566601, -41.235433333397644 ], [ 174.831664018188008, -41.235338596012916 ] ] ] } },
{ "type": "Feature", "properties": { "block_id": "g500_1753000_5434000", "parcels": 271, "rating_units": 276, "parcel_land_m2": 278425.34455581568, "land_value": 120280000, "capital_value": 237390000, "rates_now": 715714.2327000001, "rates_lv": 718322.29526455794, "median_parcel_lv_m2": 707.43608116439918, "lv_per_m2_land": 432.00090204391421, "land_share_of_cv": 0.50667677661232569, "lv_per_ha_block": 4811200.0, "rates_now_per_ha_block": 28628.569308000002, "rates_lv_per_ha_block": 28732.891810582318, "rates_lv_per_m2_land": 2.5799457890966404, "rates_change_%": 0.36439998611164093 }, "geometry": { "type": "Polygon", "coordinates": [ [ [ 174.831538327179999, -41.230836965366876 ], [ 174.831412664680443, -41.226335330874662 ], [ 174.825450055291611, -41.226430038429214 ], [ 174.825575309221165, -41.230931687835515 ], [ 174.831538327179999, -41.230836965366876 ] ] ] } },
{ "type": "Feature", "properties": { "block_id": "g500_1753000_5434500", "parcels": 336, "rating_units": 350, "parcel_land_m2": 186686.68680955243, "land_value": 142020000, "capital_value": 279200000, "rates_now": 841768.456, "rates_lv": 848155.40716222581, "median_parcel_lv_m2": 794.91954558496809, "lv_per_m2_land": 760.73983864141883, "land_share_of_cv": 0.50866762177650426, "lv_per_ha_block": 5680800.0, "rates_now_per_ha_block": 33670.73824, "rates_lv_per_ha_block": 33926.216286489034, "rates_lv_per_m2_land": 4.5432024192891038, "rates_change_%": 0.75875392059425728 }, "geometry": { "type": "Polygon", "coordinates": [ [ [ 174.831412664680443, -41.226335330874662 ], [ 174.831287030681949, -41.221833692536386 ], [ 174.82532482977058, -41.221928385178884 ], [ 174.825450055291611, -41.226430038429214 ], [ 174.831412664680443, -41.226335330874662 ] ] ] } },
{ "type": "Feature", "properties": { "block_id": "g500_1753000_5435000", "parcels": 150, "rating_units": 226, "parcel_land_m2": 109552.71668936237, "land_value": 82666000, "capital_value": 159801000, "rates_now": 481788.82893000002, "rates_lv": 493688.31776138966, "median_parcel_lv_m2": 806.13182090537111, "lv_per_m2_land": 754.57736237066695, "land_share_of_cv": 0.51730589921214509, "lv_per_ha_block": 3306640.0, "rates_now_per_ha_block": 19271.5531572, "rates_lv_per_ha_block": 19747.532710455587, "rates_lv_per_m2_land": 4.5063995917257529, "rates_change_%": 2.4698556954541928 }, "geometry": { "type": "Polygon", "coordinates": [ [ [ 174.831287030681949, -41.221833692536386 ], [ 174.831161425177186, -41.217332050352255 ], [ 174.825199632650708, -41.217426728084725 ], [ 174.82532482977058, -41.221928385178884 ], [ 174.831287030681949, -41.221833692536386 ] ] ] } },
{ "type": "Feature", "properties": { "block_id": "g500_1753000_5435500", "parcels": 116, "rating_units": 129, "parcel_land_m2": 97549.95095851073, "land_value": 57817000, "capital_value": 117847000, "rates_now": 355300.45571000001, "rates_lv": 345287.99588718778, "median_parcel_lv_m2": 976.13788618774947, "lv_per_m2_land": 592.69122569410956, "land_share_of_cv": 0.49061070710327798, "lv_per_ha_block": 2312680.0, "rates_now_per_ha_block": 14212.0182284, "rates_lv_per_ha_block": 13811.51983548751, "rates_lv_per_m2_land": 3.5396019423325313, "rates_change_%": -2.8180261696552744 }, "geometry": { "type": "Polygon", "coordinates": [ [ [ 174.831161425177186, -41.217332050352255 ], [ 174.831035848158677, -41.212830404322418 ], [ 174.825074463924636, -41.212925067146863 ], [ 174.825199632650708, -41.217426728084725 ], [ 174.831161425177186, -41.217332050352255 ] ] ] } },
{ "type": "Feature", "properties": { "block_id": "g500_1753000_5436000", "parcels": 18, "rating_units": 18, "parcel_land_m2": 10842.153031013977, "land_value": 8780000, "capital_value": 18300000, "rates_now": 55173.219, "rates_lv": 52434.899837236604, "median_parcel_lv_m2": 919.61902733989791, "lv_per_m2_land": 809.80225743768892, "land_share_of_cv": 0.47978142076502733, "lv_per_ha_block": 351200.0, "rates_now_per_ha_block": 2206.92876, "rates_lv_per_ha_block": 2097.3959934894642, "rates_lv_per_m2_land": 4.836207318532268, "rates_change_%": -4.963131048712965 }, "geometry": { "type": "Polygon", "coordinates": [ [ [ 174.831035848158677, -41.212830404322418 ], [ 174.830910299619092, -41.20832875444701 ], [ 174.824949323584974, -41.208423402365476 ], [ 174.825074463924636, -41.212925067146863 ], [ 174.831035848158677, -41.212830404322418 ] ] ] } },
{ "type": "Feature", "properties": { "block_id": "g500_1753000_5436500", "parcels": 97, "rating_units": 99, "parcel_land_m2": 52417.554542121004, "land_value": 50200000, "capital_value": 105780000, "rates_now": 318919.2954, "rates_lv": 299798.63004889269, "median_parcel_lv_m2": 1084.856790339966, "lv_per_m2_land": 957.69442963351048, "land_share_of_cv": 0.47456986197768952, "lv_per_ha_block": 2008000.0, "rates_now_per_ha_block": 12756.771816, "rates_lv_per_ha_block": 11991.945201955708, "rates_lv_per_m2_land": 5.7194318328602014, "rates_change_%": -5.9954557867455076 }, "geometry": { "type": "Polygon", "coordinates": [ [ [ 174.830910299619092, -41.20832875444701 ], [ 174.83078477955101, -41.203827100726222 ], [ 174.824824211624389, -41.203921733740714 ], [ 174.824949323584974, -41.208423402365476 ], [ 174.830910299619092, -41.20832875444701 ] ] ] } },
{ "type": "Feature", "properties": { "block_id": "g500_1753000_5437000", "parcels": 101, "rating_units": 101, "parcel_land_m2": 103005.90015263611, "land_value": 56087000, "capital_value": 132717000, "rates_now": 608280.21707999997, "rates_lv": 453794.79487838963, "median_parcel_lv_m2": 931.06278212420523, "lv_per_m2_land": 544.50278980999349, "land_share_of_cv": 0.42260599621751549, "lv_per_ha_block": 2243480.0, "rates_now_per_ha_block": 24331.208683199999, "rates_lv_per_ha_block": 18151.791795135585, "rates_lv_per_m2_land": 4.4055223458651191, "rates_change_%": -25.397081454202986 }, "geometry": { "type": "Polygon", "coordinates": [ [ [ 174.83078477955101, -41.203827100726222 ], [ 174.830659287947071, -41.19932544316022 ], [ 174.824699128035491, -41.199420061272754 ], [ 174.824824211624389, -41.203921733740714 ], [ 174.83078477955101, -41.203827100726222 ] ] ] } },
{ "type": "Feature", "properties": { "block_id": "g500_1753000_5437500", "parcels": 8, "rating_units": 8, "parcel_land_m2": 155591.93509523416, "land_value": 18251000, "capital_value": 41252000, "rates_now": 460176.00173200003, "rates_lv": 403287.08663312072, "median_parcel_lv_m2": 167.64924894169667, "lv_per_m2_land": 117.30042427217704, "land_share_of_cv": 0.44242703384078347, "lv_per_ha_block": 730040.0, "rates_now_per_ha_block": 18407.040069280003, "rates_lv_per_ha_block": 16131.483465324829, "rates_lv_per_m2_land": 2.5919536664048697, "rates_change_%": -12.362425438258862 }, "geometry": { "type": "Polygon", "coordinates": [ [ [ 174.830659287947071, -41.19932544316022 ], [ 174.830533824799886, -41.19482378174915 ], [ 174.824574072810947, -41.194918384961738 ], [ 174.824699128035491, -41.199420061272754 ], [ 174.830659287947071, -41.19932544316022 ] ] ] } },
{ "type": "Feature", "properties": { "block_id": "g500_1753000_5438000", "parcels": 11, "rating_units": 11, "parcel_land_m2": 153791.88377533836, "land_value": 6450000, "capital_value": 10430000, "rates_now": 31445.7199, "rates_lv": 38519.94350229796, "median_parcel_lv_m2": 231.72771112984614, "lv_per_m2_land": 41.939794491510767, "land_share_of_cv": 0.61840843720038352, "lv_per_ha_block": 258000.0, "rates_now_per_ha_block": 1257.828796, "rates_lv_per_ha_block": 1540.7977400919183, "rates_lv_per_m2_land": 0.25046798671488091, "rates_change_%": 22.496618378572908 }, "geometry": { "type": "Polygon", "coordinates": [ [ [ 174.830533824799886, -41.19482378174915 ], [ 174.830408390102065, -41.190322116493185 ], [ 174.824449045943396, -41.190416704807866 ], [ 174.824574072810947, -41.194918384961738 ], [ 174.830533824799886, -41.19482378174915 ] ] ] } },
{ "type": "Feature", "properties": { "block_id": "g500_1753000_5438500", "parcels": 37, "rating_units": 132, "parcel_land_m2": 59065.010306066295, "land_value": 39095000, "capital_value": 95725000, "rates_now": 297477.11323999998, "rates_lv": 251054.47828675996, "median_parcel_lv_m2": 284.05940915912697, "lv_per_m2_land": 661.8977935907468, "land_share_of_cv": 0.40840950639853746, "lv_per_ha_block": 1563800.0, "rates_now_per_ha_block": 11899.084529599999, "rates_lv_per_ha_block": 10042.179131470399, "rates_lv_per_m2_land": 4.2504771773649432, "rates_change_%": -15.605447574646503 }, "geometry": { "type": "Polygon", "coordinates": [ [ [ 174.830408390102065, -41.190322116493185 ], [ 174.830282983846246, -41.18582044739248 ], [ 174.824324047425478, -41.185915020811251 ], [ 174.824449045943396, -41.190416704807866 ], [ 174.830408390102065, -41.190322116493185 ] ] ] } },
{ "type": "Feature", "properties": { "block_id": "g500_1753000_5439000", "parcels": 135, "rating_units": 170, "parcel_land_m2": 131527.8522019872, "land_value": 63780000, "capital_value": 147320000, "rates_now": 588063.90545800002, "rates_lv": 479807.99951518176, "median_parcel_lv_m2": 631.29974442743367, "lv_per_m2_land": 484.91630428248089, "land_share_of_cv": 0.43293510724952483, "lv_per_ha_block": 2551200.0, "rates_now_per_ha_block": 23522.556218320002, "rates_lv_per_ha_block": 19192.31998060727, "rates_lv_per_m2_land": 3.6479573830365681, "rates_change_%": -18.408867631232294 }, "geometry": { "type": "Polygon", "coordinates": [ [ [ 174.830282983846246, -41.18582044739248 ], [ 174.83015760602504, -41.181318774447206 ], [ 174.824199077249858, -41.181413332972085 ], [ 174.824324047425478, -41.185915020811251 ], [ 174.830282983846246, -41.18582044739248 ] ] ] } },
{ "type": "Feature", "properties": { "block_id": "g500_1753000_5439500", "parcels": 112, "rating_units": 188, "parcel_land_m2": 159405.46123329113, "land_value": 67155000, "capital_value": 151771000, "rates_now": 519722.07520399999, "rates_lv": 453363.61039453442, "median_parcel_lv_m2": 529.96129747887812, "lv_per_m2_land": 421.28418612783997, "land_share_of_cv": 0.44247583530450479, "lv_per_ha_block": 2686200.0, "rates_now_per_ha_block": 20788.883008159999, "rates_lv_per_ha_block": 18134.544415781376, "rates_lv_per_m2_land": 2.8440908290527966, "rates_change_%": -12.768067391291527 }, "geometry": { "type": "Polygon", "coordinates": [ [ [ 174.83015760602504, -41.181318774447206 ], [ 174.830032256631142, -41.176817097657533 ], [ 174.824074135409148, -41.17691164129053 ], [ 174.824199077249858, -41.181413332972085 ], [ 174.83015760602504, -41.181318774447206 ] ] ] } },
{ "type": "Feature", "properties": { "block_id": "g500_1753000_5440000", "parcels": 171, "rating_units": 194, "parcel_land_m2": 176445.67354517779, "land_value": 84947000, "capital_value": 181903000, "rates_now": 756865.61525599996, "rates_lv": 687342.10814546177, "median_parcel_lv_m2": 620.93200349333199, "lv_per_m2_land": 481.4343037901117, "land_share_of_cv": 0.46699064886230574, "lv_per_ha_block": 3397880.0, "rates_now_per_ha_block": 30274.62461024, "rates_lv_per_ha_block": 27493.684325818471, "rates_lv_per_m2_land": 3.8954885905404315, "rates_change_%": -9.185713514944494 }, "geometry": { "type": "Polygon", "coordinates": [ [ [ 174.830032256631142, -41.176817097657533 ], [ 174.829906935657107, -41.172315417023604 ], [ 174.8239492218961, -41.172409945766731 ], [ 174.824074135409148, -41.17691164129053 ], [ 174.830032256631142, -41.176817097657533 ] ] ] } },
{ "type": "Feature", "properties": { "block_id": "g500_1753000_5440500", "parcels": 197, "rating_units": 255, "parcel_land_m2": 166640.3221151277, "land_value": 118065000, "capital_value": 244112000, "rates_now": 1172480.3486019999, "rates_lv": 1132235.5114284754, "median_parcel_lv_m2": 845.95358734828312, "lv_per_m2_land": 708.50199100330474, "land_share_of_cv": 0.48365094710624629, "lv_per_ha_block": 4722600.0, "rates_now_per_ha_block": 46899.213944079995, "rates_lv_per_ha_block": 45289.420457139015, "rates_lv_per_m2_land": 6.794487054857238, "rates_change_%": -3.4324530233287298 }, "geometry": { "type": "Polygon", "coordinates": [ [ [ 174.829906935657107, -41.172315417023604 ], [ 174.8297816430956, -41.167813732545596 ], [ 174.823824336703296, -41.16790824640087 ], [ 174.8239492218961, -41.172409945766731 ], [ 174.829906935657107, -41.172315417023604 ] ] ] } },
{ "type": "Feature", "properties": { "block_id": "g500_1753000_5441000", "parcels": 175, "rating_units": 240, "parcel_land_m2": 151630.2026495983, "land_value": 85051000, "capital_value": 170824000, "rates_now": 518889.05004499998, "rates_lv": 512366.01129680622, "median_parcel_lv_m2": 593.90564236005991, "lv_per_m2_land": 560.91067949400588, "land_share_of_cv": 0.49788671381070576, "lv_per_ha_block": 3402040.0, "rates_now_per_ha_block": 20755.562001800001, "rates_lv_per_ha_block": 20494.640451872248, "rates_lv_per_m2_land": 3.3790498353473222, "rates_change_%": -1.2571162848065587 }, "geometry": { "type": "Polygon", "coordinates": [ [ [ 174.8297816430956, -41.167813732545596 ], [ 174.829656378939262, -41.163312044223652 ], [ 174.823699479823404, -41.163406543193112 ], [ 174.823824336703296, -41.16790824640087 ], [ 174.8297816430956, -41.167813732545596 ] ] ] } },
{ "type": "Feature", "properties": { "block_id": "g500_1753000_5441500", "parcels": 239, "rating_units": 257, "parcel_land_m2": 162586.34114358542, "land_value": 97103000, "capital_value": 202093000, "rates_now": 609296.24849000003, "rates_lv": 579907.29827963398, "median_parcel_lv_m2": 589.91438650700491, "lv_per_m2_land": 597.23959169635964, "land_share_of_cv": 0.48048670661527121, "lv_per_ha_block": 3884120.0, "rates_now_per_ha_block": 24371.849939600001, "rates_lv_per_ha_block": 23196.291931185358, "rates_lv_per_m2_land": 3.5667651673611283, "rates_change_%": -4.8234254327348625 }, "geometry": { "type": "Polygon", "coordinates": [ [ [ 174.829656378939262, -41.163312044223652 ], [ 174.829531143180759, -41.158810352057962 ], [ 174.823574651249118, -41.158904836143606 ], [ 174.823699479823404, -41.163406543193112 ], [ 174.829656378939262, -41.163312044223652 ] ] ] } },
{ "type": "Feature", "properties": { "block_id": "g500_1753000_5442000", "parcels": 153, "rating_units": 159, "parcel_land_m2": 105439.45268171783, "land_value": 62785000, "capital_value": 132575000, "rates_now": 399704.34475, "rates_lv": 374957.31051035313, "median_parcel_lv_m2": 679.1589361213222, "lv_per_m2_land": 595.46022293499925, "land_share_of_cv": 0.47358099189138225, "lv_per_ha_block": 2511400.0, "rates_now_per_ha_block": 15988.17379, "rates_lv_per_ha_block": 14998.292420414125, "rates_lv_per_m2_land": 3.556138627181693, "rates_change_%": -6.1913348115155475 }, "geometry": { "type": "Polygon", "coordinates": [ [ [ 174.829531143180759, -41.158810352057962 ], [ 174.829405935812673, -41.154308656048663 ], [ 174.823449850973105, -41.154403125252493 ], [ 174.823574651249118, -41.158904836143606 ], [ 174.829531143180759, -41.158810352057962 ] ] ] } },
{ "type": "Feature", "properties": { "block_id": "g500_1753500_5423000", "parcels": 115, "rating_units": 123, "parcel_land_m2": 68981.972768145206, "land_value": 139060000, "capital_value": 234170000, "rates_now": 706006.1581, "rates_lv": 830478.03774101625, "median_parcel_lv_m2": 2207.6609147709087, "lv_per_m2_land": 2015.8889985271012, "land_share_of_cv": 0.59384208053977883, "lv_per_ha_block": 5562400.0, "rates_now_per_ha_block": 28240.246324, "rates_lv_per_ha_block": 33219.121509640652, "rates_lv_per_m2_land": 12.039058965917512, "rates_change_%": 17.630424071086615 }, "geometry": { "type": "Polygon", "coordinates": [ [ [ 174.840282129235646, -41.329776590049192 ], [ 174.840155427231167, -41.325275055218093 ], [ 174.834183836544611, -41.325370400982571 ], [ 174.83431012794432, -41.329871950821051 ], [ 174.840282129235646, -41.329776590049192 ] ] ] } },
{ "type": "Feature", "properties": { "block_id": "g500_1753500_5423500", "parcels": 88, "rating_units": 93, "parcel_land_m2": 49011.883154998955, "land_value": 109220000, "capital_value": 195540000, "rates_now": 589539.4122, "rates_lv": 652271.04330557887, "median_parcel_lv_m2": 2368.8771471132213, "lv_per_m2_land": 2228.4391655508166, "land_share_of_cv": 0.55855579421090318, "lv_per_ha_block": 4368800.0, "rates_now_per_ha_block": 23581.576488000002, "rates_lv_per_ha_block": 26090.841732223154, "rates_lv_per_m2_land": 13.308426473693872, "rates_change_%": 10.640786656057744 }, "geometry": { "type": "Polygon", "coordinates": [ [ [ 174.840155427231167, -41.325275055218093 ], [ 174.840028753984257, -41.320773516535347 ], [ 174.834057573809361, -41.320868847294491 ], [ 174.834183836544611, -41.325370400982571 ], [ 174.840155427231167, -41.325275055218093 ] ] ] } },
{ "type": "Feature", "properties": { "block_id": "g500_1753500_5434000", "parcels": 162, "rating_units": 169, "parcel_land_m2": 117988.95208115071, "land_value": 81335000, "capital_value": 165765000, "rates_now": 499769.87144999998, "rates_lv": 485739.47360610927, "median_parcel_lv_m2": 836.1166526001964, "lv_per_m2_land": 689.34420185424847, "land_share_of_cv": 0.49066449491750369, "lv_per_ha_block": 3253400.0, "rates_now_per_ha_block": 19990.794857999997, "rates_lv_per_ha_block": 19429.578944244371, "rates_lv_per_m2_land": 4.1168216603197409, "rates_change_%": -2.8073716815269045 }, "geometry": { "type": "Polygon", "coordinates": [ [ [ 174.837501316630352, -41.230741934286847 ], [ 174.837375245568211, -41.226240314757234 ], [ 174.831412664680443, -41.226335330874662 ], [ 174.831538327179999, -41.230836965366876 ], [ 174.837501316630352, -41.230741934286847 ] ] ] } },
{ "type": "Feature", "properties": { "block_id": "g500_1753500_5434500", "parcels": 84, "rating_units": 102, "parcel_land_m2": 59795.036500837516, "land_value": 35705000, "capital_value": 71490000, "rates_now": 215537.3457, "rates_lv": 213233.26864334088, "median_parcel_lv_m2": 649.29576626530184, "lv_per_m2_land": 597.12314080617546, "land_share_of_cv": 0.4994404811861799, "lv_per_ha_block": 1428200.0, "rates_now_per_ha_block": 8621.493828000001, "rates_lv_per_ha_block": 8529.3307457336359, "rates_lv_per_m2_land": 3.5660697128323391, "rates_change_%": -1.0689920343855852 }, "geometry": { "type": "Polygon", "coordinates": [ [ [ 174.837375245568211, -41.226240314757234 ], [ 174.837249203099674, -41.221738691379564 ], [ 174.831287030681949, -41.221833692536386 ], [ 174.831412664680443, -41.226335330874662 ], [ 174.837375245568211, -41.226240314757234 ] ] ] } },
{ "type": "Feature", "properties": { "block_id": "g500_1753500_5435000", "parcels": 136, "rating_units": 187, "parcel_land_m2": 151878.49261472173, "land_value": 74923000, "capital_value": 152050000, "rates_now": 458420.1065, "rates_lv": 447446.46930584032, "median_parcel_lv_m2": 838.85001728498025, "lv_per_m2_land": 493.30882016363677, "land_share_of_cv": 0.49275238408418282, "lv_per_ha_block": 2996920.0, "rates_now_per_ha_block": 18336.80426, "rates_lv_per_ha_block": 17897.858772233612, "rates_lv_per_m2_land": 2.946081842153264, "rates_change_%": -2.3937949140020232 }, "geometry": { "type": "Polygon", "coordinates": [ [ [ 174.837249203099674, -41.221738691379564 ], [ 174.837123189217351, -41.217237064153998 ], [ 174.831161425177186, -41.217332050352255 ], [ 174.831287030681949, -41.221833692536386 ], [ 174.837249203099674, -41.221738691379564 ] ] ] } },
{ "type": "Feature", "properties": { "block_id": "g500_1753500_5435500", "parcels": 300, "rating_units": 301, "parcel_land_m2": 200928.90885045726, "land_value": 132596000, "capital_value": 308136000, "rates_now": 929008.47048000002, "rates_lv": 791874.48505902337, "median_parcel_lv_m2": 906.01297361438753, "lv_per_m2_land": 659.91499560018758, "land_share_of_cv": 0.43031648363060465, "lv_per_ha_block": 5303840.0, "rates_now_per_ha_block": 37160.338819199998, "rates_lv_per_ha_block": 31674.979402360936, "rates_lv_per_m2_land": 3.9410679607501451, "rates_change_%": -14.761327778865386 }, "geometry": { "type": "Polygon", "coordinates": [ [ [ 174.837123189217351, -41.217237064153998 ], [ 174.836997203913796, -41.212735433080695 ], [ 174.831035848158677, -41.212830404322418 ], [ 174.831161425177186, -41.217332050352255 ], [ 174.837123189217351, -41.217237064153998 ] ] ] } },
{ "type": "Feature", "properties": { "block_id": "g500_1753500_5436000", "parcels": 1, "rating_units": 1, "parcel_land_m2": 457327.15637558757, "land_value": 9920000, "capital_value": 10020000, "rates_now": 111775.51482, "rates_lv": 219199.38082299914, "median_parcel_lv_m2": 21.691255071354288, "lv_per_m2_land": 21.691255071354288, "land_share_of_cv": 0.99001996007984028, "lv_per_ha_block": 396800.0, "rates_now_per_ha_block": 4471.0205927999996, "rates_lv_per_ha_block": 8767.9752329199655, "rates_lv_per_m2_land": 0.4793054113825202, "rates_change_%": 96.106795997308865 }, "geometry": { "type": "Polygon", "coordinates": [ [ [ 174.836997203913796, -41.212735433080695 ], [ 174.836871247181676, -41.208233798159803 ], [ 174.830910299619092, -41.20832875444701 ], [ 174.831035848158677, -41.212830404322418 ], [ 174.836997203913796, -41.212735433080695 ] ] ] } },
{ "type": "Feature", "properties": { "block_id": "g500_1753500_5436500", "parcels": 13, "rating_units": 13, "parcel_land_m2": 9093.9663075853587, "land_value": 7810000, "capital_value": 15460000, "rates_now": 46610.8178, "rates_lv": 46641.978101232104, "median_parcel_lv_m2": 872.78966759689001, "lv_per_m2_land": 858.81118709287603, "land_share_of_cv": 0.50517464424320824, "lv_per_ha_block": 312400.0, "rates_now_per_ha_block": 1864.432712, "rates_lv_per_ha_block": 1865.6791240492842, "rates_lv_per_m2_land": 5.1288927761176781, "rates_change_%": 0.06685208005960952 }, "geometry": { "type": "Polygon", "coordinates": [ [ [ 174.836871247181676, -41.208233798159803 ], [ 174.836745319013488, -41.203732159391507 ], [ 174.83078477955101, -41.203827100726222 ], [ 174.830910299619092, -41.20832875444701 ], [ 174.836871247181676, -41.208233798159803 ] ] ] } },
{ "type": "Feature", "properties": { "block_id": "g500_1753500_5437000", "parcels": 93, "rating_units": 93, "parcel_land_m2": 91127.31209974685, "land_value": 49100000, "capital_value": 109540000, "rates_now": 330255.4322, "rates_lv": 293229.33735857828, "median_parcel_lv_m2": 768.97566660659493, "lv_per_m2_land": 538.8066307305952, "land_share_of_cv": 0.44823808654372832, "lv_per_ha_block": 1964000.0, "rates_now_per_ha_block": 13210.217288, "rates_lv_per_ha_block": 11729.173494343131, "rates_lv_per_m2_land": 3.2177986006831083, "rates_change_%": -11.211350739871861 }, "geometry": { "type": "Polygon", "coordinates": [ [ [ 174.836745319013488, -41.203732159391507 ], [ 174.83661941940187, -41.19923051677597 ], [ 174.830659287947071, -41.19932544316022 ], [ 174.83078477955101, -41.203827100726222 ], [ 174.836745319013488, -41.203732159391507 ] ] ] } },
{ "type": "Feature", "properties": { "block_id": "g500_1753500_5437500", "parcels": 30, "rating_units": 30, "parcel_land_m2": 182916.40194239633, "land_value": 24475000, "capital_value": 38615000, "rates_now": 192859.04224000001, "rates_lv": 295158.32057582511, "median_parcel_lv_m2": 700.25145386021563, "lv_per_m2_land": 133.8042938746828, "land_share_of_cv": 0.63382105399456168, "lv_per_ha_block": 979000.0, "rates_now_per_ha_block": 7714.3616896000003, "rates_lv_per_ha_block": 11806.332823033004, "rates_lv_per_m2_land": 1.6136241334376116, "rates_change_%": 53.043547840769946 }, "geometry": { "type": "Polygon", "coordinates": [ [ [ 174.83661941940187, -41.19923051677597 ], [ 174.836493548339433, -41.194728870313334 ], [ 174.830533824799886, -41.19482378174915 ], [ 174.830659287947071, -41.19932544316022 ], [ 174.83661941940187, -41.19923051677597 ] ] ] } },
{ "type": "Feature", "properties": { "block_id": "g500_1753500_5438000", "parcels": 10, "rating_units": 10, "parcel_land_m2": 103756.22704069053, "land_value": 5500000, "capital_value": 5500000, "rates_now": 16582.115, "rates_lv": 32846.463451571908, "median_parcel_lv_m2": 55.377803901200032, "lv_per_m2_land": 53.008866618126362, "land_share_of_cv": 1.0, "lv_per_ha_block": 220000.0, "rates_now_per_ha_block": 663.2846, "rates_lv_per_ha_block": 1313.8585380628763, "rates_lv_per_m2_land": 0.31657341817846141, "rates_change_%": 98.083679021475277 }, "geometry": { "type": "Polygon", "coordinates": [ [ [ 174.836493548339433, -41.194728870313334 ], [ 174.836367705818731, -41.190227220003791 ], [ 174.830408390102065, -41.190322116493185 ], [ 174.830533824799886, -41.19482378174915 ], [ 174.836493548339433, -41.194728870313334 ] ] ] } },
{ "type": "Feature", "properties": { "block_id": "g500_1753500_5438500", "parcels": 132, "rating_units": 133, "parcel_land_m2": 183620.61339155032, "land_value": 43136000, "capital_value": 87900000, "rates_now": 434249.41268999997, "rates_lv": 473359.34292699862, "median_parcel_lv_m2": 462.47757155733268, "lv_per_m2_land": 234.91915860240226, "land_share_of_cv": 0.49073947667804324, "lv_per_ha_block": 1725440.0, "rates_now_per_ha_block": 17369.9765076, "rates_lv_per_ha_block": 18934.373717079943, "rates_lv_per_m2_land": 2.5779204969630127, "rates_change_%": 9.0063288732455504 }, "geometry": { "type": "Polygon", "coordinates": [ [ [ 174.836367705818731, -41.190227220003791 ], [ 174.836241891832373, -41.185725565847491 ], [ 174.830282983846246, -41.18582044739248 ], [ 174.830408390102065, -41.190322116493185 ], [ 174.836367705818731, -41.190227220003791 ] ] ] } },
{ "type": "Feature", "properties": { "block_id": "g500_1753500_5439000", "parcels": 12, "rating_units": 54, "parcel_land_m2": 160386.70130998973, "land_value": 38486000, "capital_value": 78877000, "rates_now": 654348.34748, "rates_lv": 660046.69701720553, "median_parcel_lv_m2": 315.52866116831262, "lv_per_m2_land": 239.95755063018362, "land_share_of_cv": 0.48792423646943978, "lv_per_ha_block": 1539440.0, "rates_now_per_ha_block": 26173.933899200001, "rates_lv_per_ha_block": 26401.86788068822, "rates_lv_per_m2_land": 4.1153455468947557, "rates_change_%": 0.87084342142083049 }, "geometry": { "type": "Polygon", "coordinates": [ [ [ 174.836241891832373, -41.185725565847491 ], [ 174.836116106373026, -41.18122390784459 ], [ 174.83015760602504, -41.181318774447206 ], [ 174.830282983846246, -41.18582044739248 ], [ 174.836241891832373, -41.185725565847491 ] ] ] } },
{ "type": "Feature", "properties": { "block_id": "g500_1753500_5439500", "parcels": 19, "rating_units": 20, "parcel_land_m2": 216814.87284944393, "land_value": 20868000, "capital_value": 34058000, "rates_now": 201326.774638, "rates_lv": 296900.97476403764, "median_parcel_lv_m2": 63.345861756880147, "lv_per_m2_land": 96.248009768641296, "land_share_of_cv": 0.61271947853661402, "lv_per_ha_block": 834720.0, "rates_now_per_ha_block": 8053.0709855200002, "rates_lv_per_ha_block": 11876.038990561507, "rates_lv_per_m2_land": 1.3693754993007581, "rates_change_%": 47.472175669573467 }, "geometry": { "type": "Polygon", "coordinates": [ [ [ 174.836116106373026, -41.18122390784459 ], [ 174.835990349433217, -41.176722245995258 ], [ 174.830032256631142, -41.176817097657533 ], [ 174.83015760602504, -41.181318774447206 ], [ 174.836116106373026, -41.18122390784459 ] ] ] } },
{ "type": "Feature", "properties": { "block_id": "g500_1753500_5440000", "parcels": 63, "rating_units": 63, "parcel_land_m2": 180455.16415485542, "land_value": 32180000, "capital_value": 78380000, "rates_now": 236310.2134, "rates_lv": 192181.67161301526, "median_parcel_lv_m2": 560.43997955941779, "lv_per_m2_land": 178.3268445140485, "land_share_of_cv": 0.4105639193671855, "lv_per_ha_block": 1287200.0, "rates_now_per_ha_block": 9452.408536000001, "rates_lv_per_ha_block": 7687.2668645206104, "rates_lv_per_m2_land": 1.0649829419572436, "rates_change_%": -18.673988378271567 }, "geometry": { "type": "Polygon", "coordinates": [ [ [ 174.835990349433217, -41.176722245995258 ], [ 174.835864621005555, -41.172220580299651 ], [ 174.829906935657107, -41.172315417023604 ], [ 174.830032256631142, -41.176817097657533 ], [ 174.835990349433217, -41.176722245995258 ] ] ] } },
{ "type": "Feature", "properties": { "block_id": "g500_1753500_5440500", "parcels": 143, "rating_units": 144, "parcel_land_m2": 128724.3896344496, "land_value": 62310000, "capital_value": 132225000, "rates_now": 398649.11925, "rates_lv": 372120.57048499008, "median_parcel_lv_m2": 580.94985770535754, "lv_per_m2_land": 484.05745155947056, "land_share_of_cv": 0.47124220079410095, "lv_per_ha_block": 2492400.0, "rates_now_per_ha_block": 15945.96477, "rates_lv_per_ha_block": 14884.822819399604, "rates_lv_per_m2_land": 2.8908318892925795, "rates_change_%": -6.6546111565277011 }, "geometry": { "type": "Polygon", "coordinates": [ [ [ 174.835864621005555, -41.172220580299651 ], [ 174.835738921082736, -41.167718910757955 ], [ 174.8297816430956, -41.167813732545596 ], [ 174.829906935657107, -41.172315417023604 ], [ 174.835864621005555, -41.172220580299651 ] ] ] } },
{ "type": "Feature", "properties": { "block_id": "g500_1753500_5441000", "parcels": 59, "rating_units": 64, "parcel_land_m2": 51750.494253765944, "land_value": 24020000, "capital_value": 49880000, "rates_now": 150384.7084, "rates_lv": 143449.4640194104, "median_parcel_lv_m2": 536.59769032286874, "lv_per_m2_land": 464.15015636786961, "land_share_of_cv": 0.48155573376102645, "lv_per_ha_block": 960800.0, "rates_now_per_ha_block": 6015.388336, "rates_lv_per_ha_block": 5737.9785607764161, "rates_lv_per_m2_land": 2.7719438449415663, "rates_change_%": -4.6116686027298233 }, "geometry": { "type": "Polygon", "coordinates": [ [ [ 174.835738921082736, -41.167718910757955 ], [ 174.835613249657314, -41.163217237370326 ], [ 174.829656378939262, -41.163312044223652 ], [ 174.8297816430956, -41.167813732545596 ], [ 174.835738921082736, -41.167718910757955 ] ] ] } },
{ "type": "Feature", "properties": { "block_id": "g500_1753500_5441500", "parcels": 269, "rating_units": 324, "parcel_land_m2": 174986.97474583032, "land_value": 114440000, "capital_value": 244830000, "rates_now": 738145.3119, "rates_lv": 683445.32316325256, "median_parcel_lv_m2": 689.51841432399635, "lv_per_m2_land": 653.99153374829655, "land_share_of_cv": 0.46742637748641913, "lv_per_ha_block": 4577600.0, "rates_now_per_ha_block": 29525.812476, "rates_lv_per_ha_block": 27337.812926530103, "rates_lv_per_m2_land": 3.9056925474365229, "rates_change_%": -7.4104634758092036 }, "geometry": { "type": "Polygon", "coordinates": [ [ [ 174.835613249657314, -41.163217237370326 ], [ 174.835487606721927, -41.158715560136905 ], [ 174.829531143180759, -41.158810352057962 ], [ 174.829656378939262, -41.163312044223652 ], [ 174.835613249657314, -41.163217237370326 ] ] ] } },
{ "type": "Feature", "properties": { "block_id": "g500_1753500_5442000", "parcels": 220, "rating_units": 288, "parcel_land_m2": 163641.57287391779, "land_value": 101656000, "capital_value": 209146000, "rates_now": 659336.54916499997, "rates_lv": 623109.95305327326, "median_parcel_lv_m2": 621.183091110227, "lv_per_m2_land": 621.21133532689578, "land_share_of_cv": 0.48605280521740796, "lv_per_ha_block": 4066240.0, "rates_now_per_ha_block": 26373.4619666, "rates_lv_per_ha_block": 24924.39812213093, "rates_lv_per_m2_land": 3.8077729400301332, "rates_change_%": -5.4944013277596904 }, "geometry": { "type": "Polygon", "coordinates": [ [ [ 174.835487606721927, -41.158715560136905 ], [ 174.835361992269156, -41.154213879057863 ], [ 174.829405935812673, -41.154308656048663 ], [ 174.829531143180759, -41.158810352057962 ], [ 174.835487606721927, -41.158715560136905 ] ] ] } },
{ "type": "Feature", "properties": { "block_id": "g500_1753500_5442500", "parcels": 99, "rating_units": 104, "parcel_land_m2": 76893.347280773, "land_value": 35176000, "capital_value": 79311000, "rates_now": 239117.11323000002, "rates_lv": 210074.03606772606, "median_parcel_lv_m2": 477.1802310601783, "lv_per_m2_land": 457.46480344464959, "land_share_of_cv": 0.44351981440153321, "lv_per_ha_block": 1407040.0, "rates_now_per_ha_block": 9564.6845291999998, "rates_lv_per_ha_block": 8402.9614427090419, "rates_lv_per_m2_land": 2.7320183539500378, "rates_change_%": -12.145963444422414 }, "geometry": { "type": "Polygon", "coordinates": [ [ [ 174.835361992269156, -41.154213879057863 ], [ 174.835236406291699, -41.149712194133393 ], [ 174.8292807568277, -41.149806956195967 ], [ 174.829405935812673, -41.154308656048663 ], [ 174.835361992269156, -41.154213879057863 ] ] ] } },
{ "type": "Feature", "properties": { "block_id": "g500_1753500_5443000", "parcels": 3, "rating_units": 3, "parcel_land_m2": 1971.5212061326683, "land_value": 1110000, "capital_value": 2980000, "rates_now": 8984.4914, "rates_lv": 6629.0135329536024, "median_parcel_lv_m2": 630.73793654095107, "lv_per_m2_land": 563.0170228690431, "land_share_of_cv": 0.37248322147651008, "lv_per_ha_block": 44400.0, "rates_now_per_ha_block": 359.379656, "rates_lv_per_ha_block": 265.16054131814411, "rates_lv_per_m2_land": 3.3623851025965177, "rates_change_%": -26.217153116161906 }, "geometry": { "type": "Polygon", "coordinates": [ [ [ 174.835236406291699, -41.149712194133393 ], [ 174.835110848782108, -41.145210505363615 ], [ 174.829155606218507, -41.145305252499966 ], [ 174.8292807568277, -41.149806956195967 ], [ 174.835236406291699, -41.149712194133393 ] ] ] } },
{ "type": "Feature", "properties": { "block_id": "g500_1754000_5434000", "parcels": 30, "rating_units": 30, "parcel_land_m2": 36181.220615078026, "land_value": 14290000, "capital_value": 39950000, "rates_now": 120446.4535, "rates_lv": 85341.084131447729, "median_parcel_lv_m2": 831.3681453201217, "lv_per_m2_land": 394.95627170866754, "land_share_of_cv": 0.35769712140175219, "lv_per_ha_block": 571600.0, "rates_now_per_ha_block": 4817.85814, "rates_lv_per_ha_block": 3413.643365257909, "rates_lv_per_m2_land": 2.3587121352086999, "rates_change_%": -29.146038217349645 }, "geometry": { "type": "Polygon", "coordinates": [ [ [ 174.843464277479683, -41.230646594599634 ], [ 174.843337797862347, -41.226144990081195 ], [ 174.837375245568211, -41.226240314757234 ], [ 174.837501316630352, -41.230741934286847 ], [ 174.843464277479683, -41.230646594599634 ] ] ] } },
{ "type": "Feature", "properties": { "block_id": "g500_1754000_5435000", "parcels": 3, "rating_units": 3, "parcel_land_m2": 2421.6967975320945, "land_value": 1455000, "capital_value": 3650000, "rates_now": 11004.4945, "rates_lv": 8689.3826040067506, "median_parcel_lv_m2": 601.71273577838838, "lv_per_m2_land": 600.8184019910185, "land_share_of_cv": 0.39863013698630134, "lv_per_ha_block": 58200.0, "rates_now_per_ha_block": 440.17978, "rates_lv_per_ha_block": 347.57530416027004, "rates_lv_per_m2_land": 3.5881381240054231, "rates_change_%": -21.037875896918756 }, "geometry": { "type": "Polygon", "coordinates": [ [ [ 174.843211346931184, -41.221643381712653 ], [ 174.84308492467872, -41.217141769494191 ], [ 174.837123189217351, -41.217237064153998 ], [ 174.837249203099674, -41.221738691379564 ], [ 174.843211346931184, -41.221643381712653 ] ] ] } },
{ "type": "Feature", "properties": { "block_id": "g500_1754000_5435500", "parcels": 37, "rating_units": 40, "parcel_land_m2": 301429.50676764845, "land_value": 20675000, "capital_value": 38300000, "rates_now": 115471.819, "rates_lv": 123472.84215659075, "median_parcel_lv_m2": 79.859126284096888, "lv_per_m2_land": 68.589834557692967, "land_share_of_cv": 0.53981723237597912, "lv_per_ha_block": 827000.0, "rates_now_per_ha_block": 4618.87276, "rates_lv_per_ha_block": 4938.9136862636296, "rates_lv_per_m2_land": 0.40962427162702286, "rates_change_%": 6.9289833882245633 }, "geometry": { "type": "Polygon", "coordinates": [ [ [ 174.84308492467872, -41.217141769494191 ], [ 174.842958531097565, -41.212640153425937 ], [ 174.836997203913796, -41.212735433080695 ], [ 174.837123189217351, -41.217237064153998 ], [ 174.84308492467872, -41.217141769494191 ] ] ] } },
{ "type": "Feature", "properties": { "block_id": "g500_1754000_5436500", "parcels": 1, "rating_units": 1, "parcel_land_m2": 531784.95945935871, "land_value": 9830000, "capital_value": 9930000, "rates_now": 29938.2549, "rates_lv": 58705.588314354878, "median_parcel_lv_m2": 18.484915425200647, "lv_per_m2_land": 18.484915425200647, "land_share_of_cv": 0.98992950654582079, "lv_per_ha_block": 393200.0, "rates_now_per_ha_block": 1197.530196, "rates_lv_per_ha_block": 2348.2235325741949, "rates_lv_per_m2_land": 0.11039347253077286, "rates_change_%": 96.088878628509747 }, "geometry": { "type": "Polygon", "coordinates": [ [ [ 174.842832166180273, -41.208138533508091 ], [ 174.842705829919396, -41.203636909740808 ], [ 174.836745319013488, -41.203732159391507 ], [ 174.836871247181676, -41.208233798159803 ], [ 174.842832166180273, -41.208138533508091 ] ] ] } },
{ "type": "Feature", "properties": { "block_id": "g500_1754000_5437000", "parcels": 1, "rating_units": 1, "parcel_land_m2": 31853.863894498052, "land_value": 900000, "capital_value": 1290000, "rates_now": 3889.2597, "rates_lv": 5374.8758375299485, "median_parcel_lv_m2": 28.254029180913658, "lv_per_m2_land": 28.254029180913658, "land_share_of_cv": 0.69767441860465118, "lv_per_ha_block": 36000.0, "rates_now_per_ha_block": 155.570388, "rates_lv_per_ha_block": 214.99503350119795, "rates_lv_per_m2_land": 0.16873544306373212, "rates_change_%": 38.19791559637811 }, "geometry": { "type": "Polygon", "coordinates": [ [ [ 174.842705829919396, -41.203636909740808 ], [ 174.842579522307517, -41.199135282124246 ], [ 174.83661941940187, -41.19923051677597 ], [ 174.836745319013488, -41.203732159391507 ], [ 174.842705829919396, -41.203636909740808 ] ] ] } },
{ "type": "Feature", "properties": { "block_id": "g500_1754000_5438500", "parcels": 47, "rating_units": 48, "parcel_land_m2": 175310.86358534495, "land_value": 16888000, "capital_value": 34119000, "rates_now": 102866.39667, "rates_lv": 100856.55904911752, "median_parcel_lv_m2": 546.79296357557803, "lv_per_m2_land": 96.331736976348722, "land_share_of_cv": 0.49497347518977697, "lv_per_ha_block": 675520.0, "rates_now_per_ha_block": 4114.6558667999998, "rates_lv_per_ha_block": 4034.2623619647011, "rates_lv_per_m2_land": 0.57530125051274117, "rates_change_%": -1.9538330163640594 }, "geometry": { "type": "Polygon", "coordinates": [ [ [ 174.842326993001024, -41.19013201534392 ], [ 174.842200771291573, -41.185630376180491 ], [ 174.836241891832373, -41.185725565847491 ], [ 174.836367705818731, -41.190227220003791 ], [ 174.842326993001024, -41.19013201534392 ] ] ] } },
{ "type": "Feature", "properties": { "block_id": "g500_1754000_5439000", "parcels": 41, "rating_units": 54, "parcel_land_m2": 167153.76060587072, "land_value": 66678000, "capital_value": 143767000, "rates_now": 1388949.006179, "rates_lv": 1253360.130052492, "median_parcel_lv_m2": 526.29823586027578, "lv_per_m2_land": 398.90218298599353, "land_share_of_cv": 0.46379210806374205, "lv_per_ha_block": 2667120.0, "rates_now_per_ha_block": 55557.960247160001, "rates_lv_per_ha_block": 50134.405202099682, "rates_lv_per_m2_land": 7.4982466772480851, "rates_change_%": -9.7619765393340945 }, "geometry": { "type": "Polygon", "coordinates": [ [ [ 174.842200771291573, -41.185630376180491 ], [ 174.842074578201391, -41.18112873316845 ], [ 174.836116106373026, -41.18122390784459 ], [ 174.836241891832373, -41.185725565847491 ], [ 174.842200771291573, -41.185630376180491 ] ] ] } },
{ "type": "Feature", "properties": { "block_id": "g500_1754000_5439500", "parcels": 14, "rating_units": 14, "parcel_land_m2": 86737.174463869582, "land_value": 24665000, "capital_value": 35416000, "rates_now": 319930.80441500002, "rates_lv": 467617.18390723743, "median_parcel_lv_m2": 344.67988973727347, "lv_per_m2_land": 284.36480842795055, "land_share_of_cv": 0.69643663880731876, "lv_per_ha_block": 986600.0, "rates_now_per_ha_block": 12797.2321766, "rates_lv_per_ha_block": 18704.687356289498, "rates_lv_per_m2_land": 5.3911968748996273, "rates_change_%": 46.161975481631082 }, "geometry": { "type": "Polygon", "coordinates": [ [ [ 174.842074578201391, -41.18112873316845 ], [ 174.841948413723088, -41.176627086307946 ], [ 174.835990349433217, -41.176722245995258 ], [ 174.836116106373026, -41.18122390784459 ], [ 174.842074578201391, -41.18112873316845 ] ] ] } },
{ "type": "Feature", "properties": { "block_id": "g500_1754000_5440000", "parcels": 32, "rating_units": 32, "parcel_land_m2": 150116.70018189095, "land_value": 16271500, "capital_value": 39811500, "rates_now": 120028.885695, "rates_lv": 97174.76910040951, "median_parcel_lv_m2": 533.98339766902131, "lv_per_m2_land": 108.39233729681251, "land_share_of_cv": 0.40871356266405434, "lv_per_ha_block": 650860.0, "rates_now_per_ha_block": 4801.1554278000003, "rates_lv_per_ha_block": 3886.9907640163806, "rates_lv_per_m2_land": 0.64732817190003755, "rates_change_%": -19.040513841529826 }, "geometry": { "type": "Polygon", "coordinates": [ [ [ 174.841948413723088, -41.176627086307946 ], [ 174.841822277849246, -41.172125435599149 ], [ 174.835864621005555, -41.172220580299651 ], [ 174.835990349433217, -41.176722245995258 ], [ 174.841948413723088, -41.176627086307946 ] ] ] } },
{ "type": "Feature", "properties": { "block_id": "g500_1754000_5440500", "parcels": 44, "rating_units": 44, "parcel_land_m2": 270941.58388496726, "land_value": 23629000, "capital_value": 49329000, "rates_now": 148723.48197, "rates_lv": 141114.37907221683, "median_parcel_lv_m2": 434.46408005014399, "lv_per_m2_land": 87.21068084562495, "land_share_of_cv": 0.47900829126882766, "lv_per_ha_block": 945160.0, "rates_now_per_ha_block": 5948.9392787999996, "rates_lv_per_ha_block": 5644.5751628886737, "rates_lv_per_m2_land": 0.52082953472409488, "rates_change_%": -5.1162753836801915 }, "geometry": { "type": "Polygon", "coordinates": [ [ [ 174.841822277849246, -41.172125435599149 ], [ 174.841696170572476, -41.167623781042209 ], [ 174.835738921082736, -41.167718910757955 ], [ 174.835864621005555, -41.172220580299651 ], [ 174.841822277849246, -41.172125435599149 ] ] ] } },
{ "type": "Feature", "properties": { "block_id": "g500_1754000_5441000", "parcels": 185, "rating_units": 190, "parcel_land_m2": 228875.52326614808, "land_value": 76270000, "capital_value": 163510000, "rates_now": 492971.2043, "rates_lv": 455490.86680934351, "median_parcel_lv_m2": 579.55224646933141, "lv_per_m2_land": 333.2379055287156, "land_share_of_cv": 0.46645465109167633, "lv_per_ha_block": 3050800.0, "rates_now_per_ha_block": 19718.848171999998, "rates_lv_per_ha_block": 18219.634672373741, "rates_lv_per_m2_land": 1.9901248517504233, "rates_change_%": -7.6029466150821285 }, "geometry": { "type": "Polygon", "coordinates": [ [ [ 174.841696170572476, -41.167623781042209 ], [ 174.841570091885359, -41.163122122637326 ], [ 174.835613249657314, -41.163217237370326 ], [ 174.835738921082736, -41.167718910757955 ], [ 174.841696170572476, -41.167623781042209 ] ] ] } },
{ "type": "Feature", "properties": { "block_id": "g500_1754000_5441500", "parcels": 138, "rating_units": 142, "parcel_land_m2": 191798.79645656754, "land_value": 50340000, "capital_value": 113906000, "rates_now": 343418.61657999997, "rates_lv": 300634.72184584173, "median_parcel_lv_m2": 449.86603587998439, "lv_per_m2_land": 262.46254371778292, "land_share_of_cv": 0.44194335680297792, "lv_per_ha_block": 2013600.0, "rates_now_per_ha_block": 13736.744663199999, "rates_lv_per_ha_block": 12025.38887383367, "rates_lv_per_m2_land": 1.5674484272059543, "rates_change_%": -12.458233965365606 }, "geometry": { "type": "Polygon", "coordinates": [ [ [ 174.841570091885359, -41.163122122637326 ], [ 174.841444041780449, -41.158620460384618 ], [ 174.835487606721927, -41.158715560136905 ], [ 174.835613249657314, -41.163217237370326 ], [ 174.841570091885359, -41.163122122637326 ] ] ] } },
{ "type": "Feature", "properties": { "block_id": "g500_1754000_5442000", "parcels": 127, "rating_units": 136, "parcel_land_m2": 196322.37732251815, "land_value": 44820000, "capital_value": 96785000, "rates_now": 291800.00005000003, "rates_lv": 267668.81670899142, "median_parcel_lv_m2": 509.03831836011102, "lv_per_m2_land": 228.29796893896491, "land_share_of_cv": 0.46308828847445371, "lv_per_ha_block": 1792800.0, "rates_now_per_ha_block": 11672.000002000001, "rates_lv_per_ha_block": 10706.752668359657, "rates_lv_per_m2_land": 1.3634147077857834, "rates_change_%": -8.2697681072219744 }, "geometry": { "type": "Polygon", "coordinates": [ [ [ 174.841444041780449, -41.158620460384618 ], [ 174.841318020250412, -41.154118794284287 ], [ 174.835361992269156, -41.154213879057863 ], [ 174.835487606721927, -41.158715560136905 ], [ 174.841444041780449, -41.158620460384618 ] ] ] } },
{ "type": "Feature", "properties": { "block_id": "g500_1754000_5442500", "parcels": 183, "rating_units": 198, "parcel_land_m2": 144861.22085297276, "land_value": 53845000, "capital_value": 126720000, "rates_now": 383061.32816400001, "rates_lv": 323018.09366702207, "median_parcel_lv_m2": 399.58441502149782, "lv_per_m2_land": 371.70058130774771, "land_share_of_cv": 0.42491319444444442, "lv_per_ha_block": 2153800.0, "rates_now_per_ha_block": 15322.45312656, "rates_lv_per_ha_block": 12920.723746680882, "rates_lv_per_m2_land": 2.229845170191338, "rates_change_%": -15.674574821938602 }, "geometry": { "type": "Polygon", "coordinates": [ [ [ 174.841318020250412, -41.154118794284287 ], [ 174.841192027287747, -41.149617124336473 ], [ 174.835236406291699, -41.149712194133393 ], [ 174.835361992269156, -41.154213879057863 ], [ 174.841318020250412, -41.154118794284287 ] ] ] } },
{ "type": "Feature", "properties": { "block_id": "g500_1754500_5434500", "parcels": 1, "rating_units": 1, "parcel_land_m2": 813370.81408648018, "land_value": 5390000, "capital_value": 6850000, "rates_now": 76413.40085, "rates_lv": 119101.27647539973, "median_parcel_lv_m2": 6.6267438008009441, "lv_per_m2_land": 6.6267438008009441, "land_share_of_cv": 0.78686131386861313, "lv_per_ha_block": 215600.0, "rates_now_per_ha_block": 3056.536034, "rates_lv_per_ha_block": 4764.0510590159893, "rates_lv_per_m2_land": 0.14642924778308619, "rates_change_%": 55.864383930766692 }, "geometry": { "type": "Polygon", "coordinates": [ [ [ 174.849300321470309, -41.226049356850758 ], [ 174.84917346208394, -41.221547763539895 ], [ 174.843211346931184, -41.221643381712653 ], [ 174.843337797862347, -41.226144990081195 ], [ 174.849300321470309, -41.226049356850758 ] ] ] } },
{ "type": "Feature", "properties": { "block_id": "g500_1754500_5435500", "parcels": 4, "rating_units": 4, "parcel_land_m2": 231011.05292262608, "land_value": 4310000, "capital_value": 5930000, "rates_now": 17878.5349, "rates_lv": 25739.683177504528, "median_parcel_lv_m2": 23.644710056408339, "lv_per_m2_land": 18.65711594952807, "land_share_of_cv": 0.72681281618887017, "lv_per_ha_block": 172400.0, "rates_now_per_ha_block": 715.141396, "rates_lv_per_ha_block": 1029.587327100181, "rates_lv_per_m2_land": 0.11142186857234782, "rates_change_%": 43.969756590650675 }, "geometry": { "type": "Polygon", "coordinates": [ [ [ 174.849046631468809, -41.217046166377074 ], [ 174.848919829617472, -41.212544565362407 ], [ 174.842958531097565, -41.212640153425937 ], [ 174.84308492467872, -41.217141769494191 ], [ 174.849046631468809, -41.217046166377074 ] ] ] } },
{ "type": "Feature", "properties": { "block_id": "g500_1754500_5436000", "parcels": 2, "rating_units": 2, "parcel_land_m2": 94769.272947232384, "land_value": 1585000, "capital_value": 2015000, "rates_now": 6075.08395, "rates_lv": 9465.75355831663, "median_parcel_lv_m2": 20.064332784205398, "lv_per_m2_land": 16.724830218783353, "land_share_of_cv": 0.78660049627791562, "lv_per_ha_block": 63400.0, "rates_now_per_ha_block": 243.003358, "rates_lv_per_ha_block": 378.63014233266517, "rates_lv_per_m2_land": 0.099882095366365956, "rates_change_%": 55.81272022284778 }, "geometry": { "type": "Polygon", "coordinates": [ [ [ 174.848919829617472, -41.212544565362407 ], [ 174.848793056522481, -41.208042960496122 ], [ 174.842832166180273, -41.208138533508091 ], [ 174.842958531097565, -41.212640153425937 ], [ 174.848919829617472, -41.212544565362407 ] ] ] } },
{ "type": "Feature", "properties": { "block_id": "g500_1754500_5436500", "parcels": 6, "rating_units": 6, "parcel_land_m2": 62460.634041064077, "land_value": 5110000, "capital_value": 7350000, "rates_now": 22159.7355, "rates_lv": 30517.350588642261, "median_parcel_lv_m2": 80.060585176779824, "lv_per_m2_land": 81.811529428927741, "land_share_of_cv": 0.69523809523809521, "lv_per_ha_block": 204400.0, "rates_now_per_ha_block": 886.38942, "rates_lv_per_ha_block": 1220.6940235456905, "rates_lv_per_m2_land": 0.48858534750990446, "rates_change_%": 37.71531970064472 }, "geometry": { "type": "Polygon", "coordinates": [ [ [ 174.848793056522481, -41.208042960496122 ], [ 174.848666312176334, -41.203541351778341 ], [ 174.842705829919396, -41.203636909740808 ], [ 174.842832166180273, -41.208138533508091 ], [ 174.848793056522481, -41.208042960496122 ] ] ] } },
{ "type": "Feature", "properties": { "block_id": "g500_1754500_5437000", "parcels": 15, "rating_units": 15, "parcel_land_m2": 319646.20456727076, "land_value": 14030000, "capital_value": 20950000, "rates_now": 63162.7835, "rates_lv": 83788.342222827967, "median_parcel_lv_m2": 56.843858605773406, "lv_per_m2_land": 43.892277773150703, "land_share_of_cv": 0.66968973747016702, "lv_per_ha_block": 561200.0, "rates_now_per_ha_block": 2526.51134, "rates_lv_per_ha_block": 3351.5336889131186, "rates_lv_per_m2_land": 0.26212838139673389, "rates_change_%": 32.654607001016615 }, "geometry": { "type": "Polygon", "coordinates": [ [ [ 174.848666312176334, -41.203541351778341 ], [ 174.848539596571612, -41.199039739209255 ], [ 174.842579522307517, -41.199135282124246 ], [ 174.842705829919396, -41.203636909740808 ], [ 174.848666312176334, -41.203541351778341 ] ] ] } },
{ "type": "Feature", "properties": { "block_id": "g500_1754500_5437500", "parcels": 6, "rating_units": 6, "parcel_land_m2": 172603.63854159712, "land_value": 5600000, "capital_value": 7870000, "rates_now": 23727.4991, "rates_lv": 33443.671877964123, "median_parcel_lv_m2": 38.585217622178007, "lv_per_m2_land": 32.444275493360543, "land_share_of_cv": 0.71156289707750953, "lv_per_ha_block": 224000.0, "rates_now_per_ha_block": 949.099964, "rates_lv_per_ha_block": 1337.746875118565, "rates_lv_per_m2_land": 0.19375994712825401, "rates_change_%": 40.948996508292446 }, "geometry": { "type": "Polygon", "coordinates": [ [ [ 174.848539596571612, -41.199039739209255 ], [ 174.848412909700869, -41.194538122789012 ], [ 174.842453243337218, -41.194633650658545 ], [ 174.842579522307517, -41.199135282124246 ], [ 174.848539596571612, -41.199039739209255 ] ] ] } },
{ "type": "Feature", "properties": { "block_id": "g500_1754500_5438000", "parcels": 2, "rating_units": 2, "parcel_land_m2": 59832.305351802352, "land_value": 1920000, "capital_value": 2550000, "rates_now": 7688.0715, "rates_lv": 11466.401786730557, "median_parcel_lv_m2": 32.11340206458646, "lv_per_m2_land": 32.089687815148899, "land_share_of_cv": 0.75294117647058822, "lv_per_ha_block": 76800.0, "rates_now_per_ha_block": 307.52286, "rates_lv_per_ha_block": 458.6560714692223, "rates_lv_per_m2_land": 0.19164231963502557, "rates_change_%": 49.145358322052004 }, "geometry": { "type": "Polygon", "coordinates": [ [ [ 174.848412909700869, -41.194538122789012 ], [ 174.848286251556601, -41.190036502517792 ], [ 174.842326993001024, -41.19013201534392 ], [ 174.842453243337218, -41.194633650658545 ], [ 174.848412909700869, -41.194538122789012 ] ] ] } },
{ "type": "Feature", "properties": { "block_id": "g500_1754500_5439500", "parcels": 2, "rating_units": 2, "parcel_land_m2": 970427.59037148836, "land_value": 2750000, "capital_value": 3560000, "rates_now": 10733.1508, "rates_lv": 16423.231725785954, "median_parcel_lv_m2": 162.72997091425495, "lv_per_m2_land": 2.8338023643240353, "land_share_of_cv": 0.77247191011235961, "lv_per_ha_block": 110000.0, "rates_now_per_ha_block": 429.326032, "rates_lv_per_ha_block": 656.92926903143814, "rates_lv_per_m2_land": 0.016923706507044996, "rates_change_%": 53.014077895802544 }, "geometry": { "type": "Polygon", "coordinates": [ [ [ 174.848033021417905, -41.18103325042302 ], [ 174.847906449408526, -41.176531618599817 ], [ 174.841948413723088, -41.176627086307946 ], [ 174.842074578201391, -41.18112873316845 ], [ 174.848033021417905, -41.18103325042302 ] ] ] } },
{ "type": "Feature", "properties": { "block_id": "g500_1754500_5440000", "parcels": 18, "rating_units": 18, "parcel_land_m2": 211719.30626813951, "land_value": 11590000, "capital_value": 31330000, "rates_now": 94457.7569, "rates_lv": 69216.45661885789, "median_parcel_lv_m2": 59.953094731502567, "lv_per_m2_land": 54.742291594897956, "land_share_of_cv": 0.36993297159272265, "lv_per_ha_block": 463600.0, "rates_now_per_ha_block": 3778.310276, "rates_lv_per_ha_block": 2768.6582647543155, "rates_lv_per_m2_land": 0.32692557820492868, "rates_change_%": -26.722315995566603 }, "geometry": { "type": "Polygon", "coordinates": [ [ [ 174.847906449408526, -41.176531618599817 ], [ 174.847779906095894, -41.172029982926283 ], [ 174.841822277849246, -41.172125435599149 ], [ 174.841948413723088, -41.176627086307946 ], [ 174.847906449408526, -41.176531618599817 ] ] ] } },
{ "type": "Feature", "properties": { "block_id": "g500_1754500_5440500", "parcels": 12, "rating_units": 13, "parcel_land_m2": 236112.52669345931, "land_value": 8090000, "capital_value": 17325000, "rates_now": 59275.031264999998, "rates_lv": 54441.520149914453, "median_parcel_lv_m2": 41.791712735126282, "lv_per_m2_land": 34.263323989171923, "land_share_of_cv": 0.46695526695526696, "lv_per_ha_block": 323600.0, "rates_now_per_ha_block": 2371.0012505999998, "rates_lv_per_ha_block": 2177.6608059965783, "rates_lv_per_m2_land": 0.23057446765878251, "rates_change_%": -8.1543796973744911 }, "geometry": { "type": "Polygon", "coordinates": [ [ [ 174.847779906095894, -41.172029982926283 ], [ 174.847653391472591, -41.167528343402594 ], [ 174.841696170572476, -41.167623781042209 ], [ 174.841822277849246, -41.172125435599149 ], [ 174.847779906095894, -41.172029982926283 ] ] ] } },
{ "type": "Feature", "properties": { "block_id": "g500_1754500_5441000", "parcels": 22, "rating_units": 23, "parcel_land_m2": 117715.67045869252, "land_value": 9275000, "capital_value": 19110000, "rates_now": 57615.3123, "rates_lv": 55391.081547878079, "median_parcel_lv_m2": 513.69330982801762, "lv_per_m2_land": 78.791548855465933, "land_share_of_cv": 0.48534798534798534, "lv_per_ha_block": 371000.0, "rates_now_per_ha_block": 2304.612492, "rates_lv_per_ha_block": 2215.6432619151233, "rates_lv_per_m2_land": 0.47054976904978257, "rates_change_%": -3.8604854566099855 }, "geometry": { "type": "Polygon", "coordinates": [ [ [ 174.847653391472591, -41.167528343402594 ], [ 174.84752690553114, -41.163026700028901 ], [ 174.841570091885359, -41.163122122637326 ], [ 174.841696170572476, -41.167623781042209 ], [ 174.847653391472591, -41.167528343402594 ] ] ] } },
{ "type": "Feature", "properties": { "block_id": "g500_1754500_5441500", "parcels": 6, "rating_units": 6, "parcel_land_m2": 668140.05336607515, "land_value": 7335000, "capital_value": 12281000, "rates_now": 94008.53233, "rates_lv": 97661.493967919159, "median_parcel_lv_m2": 336.53994862995404, "lv_per_m2_land": 10.978237216952387, "land_share_of_cv": 0.59726406644410068, "lv_per_ha_block": 293400.0, "rates_now_per_ha_block": 3760.3412932000001, "rates_lv_per_ha_block": 3906.4597587167664, "rates_lv_per_m2_land": 0.14616919532948619, "rates_change_%": 3.885776692158216 }, "geometry": { "type": "Polygon", "coordinates": [ [ [ 174.84752690553114, -41.163026700028901 ], [ 174.847400448264125, -41.158525052805373 ], [ 174.841444041780449, -41.158620460384618 ], [ 174.841570091885359, -41.163122122637326 ], [ 174.84752690553114, -41.163026700028901 ] ] ] } },
{ "type": "Feature", "properties": { "block_id": "g500_1755000_5434500", "parcels": 2, "rating_units": 2, "parcel_land_m2": 299702.35970377375, "land_value": 2180000, "capital_value": 2650000, "rates_now": 7989.5645, "rates_lv": 13019.143695350318, "median_parcel_lv_m2": 7.8070416823389923, "lv_per_m2_land": 7.2738833359694439, "land_share_of_cv": 0.8226415094339623, "lv_per_ha_block": 87200.0, "rates_now_per_ha_block": 319.58258, "rates_lv_per_ha_block": 520.76574781401268, "rates_lv_per_m2_land": 0.043440244208348772, "rates_change_%": 62.951856704458883 }, "geometry": { "type": "Polygon", "coordinates": [ [ [ 174.855262816299557, -41.225953415070229 ], [ 174.855135548465455, -41.221451836865569 ], [ 174.84917346208394, -41.221547763539895 ], [ 174.849300321470309, -41.226049356850758 ], [ 174.855262816299557, -41.225953415070229 ] ] ] } },
{ "type": "Feature", "properties": { "block_id": "g500_1755000_5435000", "parcels": 8, "rating_units": 8, "parcel_land_m2": 242743.43625794552, "land_value": 6780000, "capital_value": 10170000, "rates_now": 30661.8381, "rates_lv": 40490.731309392278, "median_parcel_lv_m2": 69.498848251680315, "lv_per_m2_land": 27.930724325725514, "land_share_of_cv": 0.66666666666666663, "lv_per_ha_block": 271200.0, "rates_now_per_ha_block": 1226.473524, "rates_lv_per_ha_block": 1619.6292523756911, "rates_lv_per_m2_land": 0.16680463922561337, "rates_change_%": 32.055786014316865 }, "geometry": { "type": "Polygon", "coordinates": [ [ [ 174.855135548465455, -41.221451836865569 ], [ 174.855008309495105, -41.21695025480691 ], [ 174.849046631468809, -41.217046166377074 ], [ 174.84917346208394, -41.221547763539895 ], [ 174.855135548465455, -41.221451836865569 ] ] ] } },
{ "type": "Feature", "properties": { "block_id": "g500_1755000_5435500", "parcels": 4, "rating_units": 4, "parcel_land_m2": 87942.632587912114, "land_value": 3730000, "capital_value": 6180000, "rates_now": 18632.2674, "rates_lv": 22275.874304429675, "median_parcel_lv_m2": 45.980745309666261, "lv_per_m2_land": 42.414013433942799, "land_share_of_cv": 0.6035598705501618, "lv_per_ha_block": 149200.0, "rates_now_per_ha_block": 745.290696, "rates_lv_per_ha_block": 891.034972177187, "rates_lv_per_m2_land": 0.2533000621986331, "rates_change_%": 19.555359668301421 }, "geometry": { "type": "Polygon", "coordinates": [ [ [ 174.855008309495105, -41.21695025480691 ], [ 174.85488109938106, -41.212448668894368 ], [ 174.848919829617472, -41.212544565362407 ], [ 174.849046631468809, -41.217046166377074 ], [ 174.855008309495105, -41.21695025480691 ] ] ] } },
{ "type": "Feature", "properties": { "block_id": "g500_1755000_5436000", "parcels": 3, "rating_units": 3, "parcel_land_m2": 503083.35440878459, "land_value": 2070300, "capital_value": 2330300, "rates_now": 7025.691379, "rates_lv": 12364.006051598059, "median_parcel_lv_m2": 2.4091957374164488, "lv_per_m2_land": 4.1152226203806386, "land_share_of_cv": 0.88842638286915843, "lv_per_ha_block": 82812.0, "rates_now_per_ha_block": 281.02765516, "rates_lv_per_ha_block": 494.56024206392232, "rates_lv_per_m2_land": 0.02457645625371175, "rates_change_%": 75.98276645846471 }, "geometry": { "type": "Polygon", "coordinates": [ [ [ 174.85488109938106, -41.212448668894368 ], [ 174.854753918115819, -41.207947079128147 ], [ 174.848793056522481, -41.208042960496122 ], [ 174.848919829617472, -41.212544565362407 ], [ 174.85488109938106, -41.212448668894368 ] ] ] } },
{ "type": "Feature", "properties": { "block_id": "g500_1755000_5436500", "parcels": 4, "rating_units": 4, "parcel_land_m2": 103475.1117481051, "land_value": 4090000, "capital_value": 6270000, "rates_now": 18903.6111, "rates_lv": 24425.824639441653, "median_parcel_lv_m2": 41.168596582139251, "lv_per_m2_land": 39.526412978963499, "land_share_of_cv": 0.65231259968102073, "lv_per_ha_block": 163600.0, "rates_now_per_ha_block": 756.144444, "rates_lv_per_ha_block": 977.03298557766607, "rates_lv_per_m2_land": 0.23605506896095671, "rates_change_%": 29.212479616879385 }, "geometry": { "type": "Polygon", "coordinates": [ [ [ 174.854753918115819, -41.207947079128147 ], [ 174.854626765691847, -41.203445485508404 ], [ 174.848666312176334, -41.203541351778341 ], [ 174.848793056522481, -41.208042960496122 ], [ 174.854753918115819, -41.207947079128147 ] ] ] } },
{ "type": "Feature", "properties": { "block_id": "g500_1755000_5437000", "parcels": 6, "rating_units": 6, "parcel_land_m2": 154929.29989939206, "land_value": 5360000, "capital_value": 7830000, "rates_now": 23606.9019, "rates_lv": 32010.371654622802, "median_parcel_lv_m2": 43.649683486259264, "lv_per_m2_land": 34.596425617882964, "land_share_of_cv": 0.68454661558109831, "lv_per_ha_block": 214400.0, "rates_now_per_ha_block": 944.276076, "rates_lv_per_ha_block": 1280.4148661849122, "rates_lv_per_m2_land": 0.20661276902051251, "rates_change_%": 35.597512076003504 }, "geometry": { "type": "Polygon", "coordinates": [ [ [ 174.854626765691847, -41.203445485508404 ], [ 174.854499642101757, -41.198943888035302 ], [ 174.848539596571612, -41.199039739209255 ], [ 174.848666312176334, -41.203541351778341 ], [ 174.854626765691847, -41.203445485508404 ] ] ] } },
{ "type": "Feature", "properties": { "block_id": "g500_1755000_5437500", "parcels": 4, "rating_units": 4, "parcel_land_m2": 143218.98815928362, "land_value": 3460000, "capital_value": 4500000, "rates_now": 13567.185, "rates_lv": 20663.411553170688, "median_parcel_lv_m2": 23.589637430879122, "lv_per_m2_land": 24.158807742391655, "land_share_of_cv": 0.76888888888888884, "lv_per_ha_block": 138400.0, "rates_now_per_ha_block": 542.6874, "rates_lv_per_ha_block": 826.53646212682759, "rates_lv_per_m2_land": 0.14427843555345815, "rates_change_%": 52.304339869845442 }, "geometry": { "type": "Polygon", "coordinates": [ [ [ 174.854499642101757, -41.198943888035302 ], [ 174.854372547338016, -41.194442286708991 ], [ 174.848412909700869, -41.194538122789012 ], [ 174.848539596571612, -41.199039739209255 ], [ 174.854499642101757, -41.198943888035302 ] ] ] } },
{ "type": "Feature", "properties": { "block_id": "g500_1755000_5438000", "parcels": 3, "rating_units": 3, "parcel_land_m2": 101700.58623419085, "land_value": 3000000, "capital_value": 4150000, "rates_now": 12511.9595, "rates_lv": 17916.252791766492, "median_parcel_lv_m2": 30.837193472634592, "lv_per_m2_land": 29.498355034962682, "land_share_of_cv": 0.72289156626506024, "lv_per_ha_block": 120000.0, "rates_now_per_ha_block": 500.47838, "rates_lv_per_ha_block": 716.65011167065973, "rates_lv_per_m2_land": 0.17616666191588976, "rates_change_%": 43.193020979379696 }, "geometry": { "type": "Polygon", "coordinates": [ [ [ 174.854372547338016, -41.194442286708991 ], [ 174.85424548139315, -41.18994068152967 ], [ 174.848286251556601, -41.190036502517792 ], [ 174.848412909700869, -41.194538122789012 ], [ 174.854372547338016, -41.194442286708991 ] ] ] } },
{ "type": "Feature", "properties": { "block_id": "g500_1755000_5439500", "parcels": 1, "rating_units": 1, "parcel_land_m2": 377725.81564667588, "land_value": 1270000, "capital_value": 1300000, "rates_now": 3919.409, "rates_lv": 7584.5470151811487, "median_parcel_lv_m2": 3.3622271695296462, "lv_per_m2_land": 3.3622271695296462, "land_share_of_cv": 0.97692307692307689, "lv_per_ha_block": 50800.0, "rates_now_per_ha_block": 156.77636, "rates_lv_per_ha_block": 303.38188060724593, "rates_lv_per_m2_land": 0.020079503970879559, "rates_change_%": 93.512517197902767 }, "geometry": { "type": "Polygon", "coordinates": [ [ [ 174.853991435930226, -41.180937459612572 ], [ 174.853864456397218, -41.176435842875151 ], [ 174.847906449408526, -41.176531618599817 ], [ 174.848033021417905, -41.18103325042302 ], [ 174.853991435930226, -41.180937459612572 ] ] ] } },
{ "type": "Feature", "properties": { "block_id": "g500_1755000_5440000", "parcels": 4, "rating_units": 4, "parcel_land_m2": 102191.82663710607, "land_value": 2530000, "capital_value": 3710000, "rates_now": 11185.3903, "rates_lv": 15109.373187723077, "median_parcel_lv_m2": 38.250630096826093, "lv_per_m2_land": 24.757361554797296, "land_share_of_cv": 0.68194070080862534, "lv_per_ha_block": 101200.0, "rates_now_per_ha_block": 447.415612, "rates_lv_per_ha_block": 604.37492750892307, "rates_lv_per_m2_land": 0.14785304935763649, "rates_change_%": 35.081322890655642 }, "geometry": { "type": "Polygon", "coordinates": [ [ [ 174.853864456397218, -41.176435842875151 ], [ 174.853737505653214, -41.171934222285344 ], [ 174.847779906095894, -41.172029982926283 ], [ 174.847906449408526, -41.176531618599817 ], [ 174.853864456397218, -41.176435842875151 ] ] ] } },
{ "type": "Feature", "properties": { "block_id": "g500_1755000_5440500", "parcels": 6, "rating_units": 6, "parcel_land_m2": 293724.36405369663, "land_value": 4135000, "capital_value": 8665000, "rates_now": 26124.36845, "rates_lv": 24694.568431318148, "median_parcel_lv_m2": 23.088738359091558, "lv_per_m2_land": 14.077824334804138, "land_share_of_cv": 0.47720715522215812, "lv_per_ha_block": 165400.0, "rates_now_per_ha_block": 1044.974738, "rates_lv_per_ha_block": 987.78273725272595, "rates_lv_per_m2_land": 0.084073953180144295, "rates_change_%": -5.4730510382227093 }, "geometry": { "type": "Polygon", "coordinates": [ [ [ 174.853737505653214, -41.171934222285344 ], [ 174.853610583690795, -41.167432597843352 ], [ 174.847653391472591, -41.167528343402594 ], [ 174.847779906095894, -41.172029982926283 ], [ 174.853737505653214, -41.171934222285344 ] ] ] } },
{ "type": "Feature", "properties": { "block_id": "g500_1755000_5441000", "parcels": 5, "rating_units": 5, "parcel_land_m2": 180909.23776488507, "land_value": 3930000, "capital_value": 5840000, "rates_now": 17607.1912, "rates_lv": 23470.291157214106, "median_parcel_lv_m2": 28.259263447259983, "lv_per_m2_land": 21.723600455978609, "land_share_of_cv": 0.67294520547945202, "lv_per_ha_block": 157200.0, "rates_now_per_ha_block": 704.287648, "rates_lv_per_ha_block": 938.81164628856425, "rates_lv_per_m2_land": 0.12973517243888222, "rates_change_%": 33.299462081232491 }, "geometry": { "type": "Polygon", "coordinates": [ [ [ 174.853610583690795, -41.167432597843352 ], [ 174.853483690502486, -41.162930969549301 ], [ 174.84752690553114, -41.163026700028901 ], [ 174.847653391472591, -41.167528343402594 ], [ 174.853610583690795, -41.167432597843352 ] ] ] } },
{ "type": "Feature", "properties": { "block_id": "g500_1755500_5434500", "parcels": 1, "rating_units": 1, "parcel_land_m2": 1198.804987896875, "land_value": 64000, "capital_value": 64000, "rates_now": 192.95552, "rates_lv": 382.21339289101854, "median_parcel_lv_m2": 53.386497925970829, "lv_per_m2_land": 53.386497925970829, "land_share_of_cv": 1.0, "lv_per_ha_block": 2560.0, "rates_now_per_ha_block": 7.7182208, "rates_lv_per_ha_block": 15.288535715640741, "rates_lv_per_m2_land": 0.31882866416960365, "rates_change_%": 98.083679021475277 }, "geometry": { "type": "Polygon", "coordinates": [ [ [ 174.861225282257521, -41.225857164743864 ], [ 174.86109760598319, -41.221355601693951 ], [ 174.855135548465455, -41.221451836865569 ], [ 174.855262816299557, -41.225953415070229 ], [ 174.861225282257521, -41.225857164743864 ] ] ] } },
{ "type": "Feature", "properties": { "block_id": "g500_1755500_5435500", "parcels": 1, "rating_units": 1, "parcel_land_m2": 406783.81078011211, "land_value": 1280000, "capital_value": 1800000, "rates_now": 5426.874, "rates_lv": 7644.2678578203704, "median_parcel_lv_m2": 3.1466345662706496, "lv_per_m2_land": 3.1466345662706496, "land_share_of_cv": 0.71111111111111114, "lv_per_ha_block": 51200.0, "rates_now_per_ha_block": 217.07496, "rates_lv_per_ha_block": 305.77071431281479, "rates_lv_per_m2_land": 0.018791966777538492, "rates_change_%": 40.85950508193794 }, "geometry": { "type": "Polygon", "coordinates": [ [ [ 174.860969958665123, -41.216854034787971 ], [ 174.860842340295846, -41.212352464026083 ], [ 174.85488109938106, -41.212448668894368 ], [ 174.855008309495105, -41.21695025480691 ], [ 174.860969958665123, -41.216854034787971 ] ] ] } },
{ "type": "Feature", "properties": { "block_id": "g500_1755500_5436500", "parcels": 2, "rating_units": 2, "parcel_land_m2": 658462.07105300832, "land_value": 2540000, "capital_value": 3110000, "rates_now": 9376.4323, "rates_lv": 15169.094030362299, "median_parcel_lv_m2": 3.9427359604154342, "lv_per_m2_land": 3.8574735154267099, "land_share_of_cv": 0.81672025723472674, "lv_per_ha_block": 101600.0, "rates_now_per_ha_block": 375.057292, "rates_lv_per_ha_block": 606.76376121449198, "rates_lv_per_m2_land": 0.023037156879976369, "rates_change_%": 61.778953284420332 }, "geometry": { "type": "Polygon", "coordinates": [ [ [ 174.8607147508678, -41.207850889408455 ], [ 174.860587190373536, -41.203349310935245 ], [ 174.854626765691847, -41.203445485508404 ], [ 174.854753918115819, -41.207947079128147 ], [ 174.8607147508678, -41.207850889408455 ] ] ] } },
{ "type": "Feature", "properties": { "block_id": "g500_1755500_5437000", "parcels": 1, "rating_units": 1, "parcel_land_m2": 510163.98087572237, "land_value": 1350000, "capital_value": 1740000, "rates_now": 5245.9782, "rates_lv": 8062.3137562949223, "median_parcel_lv_m2": 2.646207985288684, "lv_per_m2_land": 2.646207985288684, "land_share_of_cv": 0.77586206896551724, "lv_per_ha_block": 54000.0, "rates_now_per_ha_block": 209.839128, "rates_lv_per_ha_block": 322.4925502517969, "rates_lv_per_m2_land": 0.015803377068007725, "rates_change_%": 53.685613033903245 }, "geometry": { "type": "Polygon", "coordinates": [ [ [ 174.860587190373536, -41.203349310935245 ], [ 174.860459658805524, -41.198847728606637 ], [ 174.854499642101757, -41.198943888035302 ], [ 174.854626765691847, -41.203445485508404 ], [ 174.860587190373536, -41.203349310935245 ] ] ] } },
{ "type": "Feature", "properties": { "block_id": "g500_1755500_5438000", "parcels": 3, "rating_units": 3, "parcel_land_m2": 140394.78269629113, "land_value": 2620000, "capital_value": 3650000, "rates_now": 11004.4945, "rates_lv": 15646.860771476071, "median_parcel_lv_m2": 18.539957896517787, "lv_per_m2_land": 18.661662133611561, "land_share_of_cv": 0.71780821917808224, "lv_per_ha_block": 104800.0, "rates_now_per_ha_block": 440.17978, "rates_lv_per_ha_block": 625.87443085904283, "rates_lv_per_m2_land": 0.11144901876677374, "rates_change_%": 42.186092886647984 }, "geometry": { "type": "Polygon", "coordinates": [ [ [ 174.860332156156261, -41.194346142422759 ], [ 174.860204682418271, -41.189844552383832 ], [ 174.85424548139315, -41.18994068152967 ], [ 174.854372547338016, -41.194442286708991 ], [ 174.860332156156261, -41.194346142422759 ] ] ] } },
{ "type": "Feature", "properties": { "block_id": "g500_1755500_5438500", "parcels": 1, "rating_units": 1, "parcel_land_m2": 52949.888267310627, "land_value": 860000, "capital_value": 910000, "rates_now": 2743.5863, "rates_lv": 5135.9924669730617, "median_parcel_lv_m2": 16.241771760846817, "lv_per_m2_land": 16.241771760846817, "land_share_of_cv": 0.94505494505494503, "lv_per_ha_block": 34400.0, "rates_now_per_ha_block": 109.743452, "rates_lv_per_ha_block": 205.43969867892247, "rates_lv_per_m2_land": 0.096997229551168671, "rates_change_%": 87.199960393921657 }, "geometry": { "type": "Polygon", "coordinates": [ [ [ 174.860204682418271, -41.189844552383832 ], [ 174.860077237584022, -41.185342958489983 ], [ 174.854118444259711, -41.185439072497473 ], [ 174.85424548139315, -41.18994068152967 ], [ 174.860204682418271, -41.189844552383832 ] ] ] } },
{ "type": "Feature", "properties": { "block_id": "g500_1755500_5441000", "parcels": 5, "rating_units": 5, "parcel_land_m2": 122304.93472230891, "land_value": 3640000, "capital_value": 6790000, "rates_now": 20471.3747, "rates_lv": 21738.386720676681, "median_parcel_lv_m2": 44.307515759924783, "lv_per_m2_land": 29.761677304881871, "land_share_of_cv": 0.53608247422680411, "lv_per_ha_block": 145600.0, "rates_now_per_ha_block": 818.854988, "rates_lv_per_ha_block": 869.53546882706723, "rates_lv_per_m2_land": 0.17773924470041447, "rates_change_%": 6.1891887537805612 }, "geometry": { "type": "Polygon", "coordinates": [ [ [ 174.859567747134918, -41.16733654436873 ], [ 174.859440446707168, -41.162834931202802 ], [ 174.853483690502486, -41.162930969549301 ], [ 174.853610583690795, -41.167432597843352 ], [ 174.859567747134918, -41.16733654436873 ] ] ] } },
{ "type": "Feature", "properties": { "block_id": "g500_1755500_5441500", "parcels": 3, "rating_units": 3, "parcel_land_m2": 123430.48720745393, "land_value": 1674000, "capital_value": 3174000, "rates_now": 9569.38782, "rates_lv": 9997.2690578057027, "median_parcel_lv_m2": 16.078926642584218, "lv_per_m2_land": 13.562289494867258, "land_share_of_cv": 0.52741020793950855, "lv_per_ha_block": 66960.0, "rates_now_per_ha_block": 382.7755128, "rates_lv_per_ha_block": 399.89076231222811, "rates_lv_per_m2_land": 0.080995135675053634, "rates_change_%": 4.4713543421391222 }, "geometry": { "type": "Polygon", "coordinates": [ [ [ 174.859440446707168, -41.162834931202802 ], [ 174.859313175138311, -41.15833331418294 ], [ 174.853356826080812, -41.158429337403383 ], [ 174.853483690502486, -41.162930969549301 ], [ 174.859440446707168, -41.162834931202802 ] ] ] } },
{ "type": "Feature", "properties": { "block_id": "g500_1756000_5439500", "parcels": 1, "rating_units": 1, "parcel_land_m2": 1976556.9742899511, "land_value": 1890000, "capital_value": 1920000, "rates_now": 5788.6656, "rates_lv": 11287.239258812891, "median_parcel_lv_m2": 0.95620820678794471, "lv_per_m2_land": 0.95620820678794471, "land_share_of_cv": 0.984375, "lv_per_ha_block": 75600.0, "rates_now_per_ha_block": 231.546624, "rates_lv_per_ha_block": 451.48957035251567, "rates_lv_per_m2_land": 0.0057105559847915165, "rates_change_%": 94.988621536764725 }, "geometry": { "type": "Polygon", "coordinates": [ [ [ 174.865908178473092, -41.180744953813694 ], [ 174.865780383915222, -41.176243367393226 ], [ 174.859822434596879, -41.176339759138187 ], [ 174.859949821646069, -41.180841360741368 ], [ 174.865908178473092, -41.180744953813694 ] ] ] } },
{ "type": "Feature", "properties": { "block_id": "g500_1756000_5440500", "parcels": 1, "rating_units": 1, "parcel_land_m2": 691935.77412658534, "land_value": 1270000, "capital_value": 1450000, "rates_now": 4371.6485, "rates_lv": 7584.5470151811487, "median_parcel_lv_m2": 1.835430465498177, "lv_per_m2_land": 1.835430465498177, "land_share_of_cv": 0.87586206896551722, "lv_per_ha_block": 50800.0, "rates_now_per_ha_block": 174.86594, "rates_lv_per_ha_block": 303.38188060724593, "rates_lv_per_m2_land": 0.010961345400524996, "rates_change_%": 73.493980936050775 }, "geometry": { "type": "Polygon", "coordinates": [ [ [ 174.865652618330927, -41.171741777116274 ], [ 174.865524881712673, -41.167240182983043 ], [ 174.859567747134918, -41.16733654436873 ], [ 174.859695076428977, -41.171838153680582 ], [ 174.865652618330927, -41.171741777116274 ] ] ] } },
{ "type": "Feature", "properties": { "block_id": "g500_1756000_5441000", "parcels": 2, "rating_units": 2, "parcel_land_m2": 247587.66155200021, "land_value": 1820000, "capital_value": 2920000, "rates_now": 8803.5956, "rates_lv": 10869.19336033834, "median_parcel_lv_m2": 7.5278065694692007, "lv_per_m2_land": 7.3509317410704247, "land_share_of_cv": 0.62328767123287676, "lv_per_ha_block": 72800.0, "rates_now_per_ha_block": 352.143824, "rates_lv_per_ha_block": 434.76773441353362, "rates_lv_per_m2_land": 0.043900383776012651, "rates_change_%": 23.463115006535972 }, "geometry": { "type": "Polygon", "coordinates": [ [ [ 174.865524881712673, -41.167240182983043 ], [ 174.865397174053015, -41.162738584993662 ], [ 174.859440446707168, -41.162834931202802 ], [ 174.859567747134918, -41.16733654436873 ], [ 174.865524881712673, -41.167240182983043 ] ] ] } },
{ "type": "Feature", "properties": { "block_id": "g500_1756000_5441500", "parcels": 5, "rating_units": 5, "parcel_land_m2": 214961.29823127121, "land_value": 3780000, "capital_value": 6700000, "rates_now": 20200.031, "rates_lv": 22574.478517625779, "median_parcel_lv_m2": 18.17817551710186, "lv_per_m2_land": 17.584560714427752, "land_share_of_cv": 0.56417910447761199, "lv_per_ha_block": 151200.0, "rates_now_per_ha_block": 808.00124, "rates_lv_per_ha_block": 902.97914070503111, "rates_lv_per_m2_land": 0.10501647833061788, "rates_change_%": 11.754672641966636 }, "geometry": { "type": "Polygon", "coordinates": [ [ [ 174.865397174053015, -41.162738584993662 ], [ 174.865269495344364, -41.158236983148313 ], [ 174.859313175138311, -41.15833331418294 ], [ 174.859440446707168, -41.162834931202802 ], [ 174.865397174053015, -41.162738584993662 ] ] ] } },
{ "type": "Feature", "properties": { "block_id": "g500_1756000_5442000", "parcels": 2, "rating_units": 2, "parcel_land_m2": 120205.94358837631, "land_value": 1420000, "capital_value": 1460000, "rates_now": 4401.7978, "rates_lv": 8480.3596547694742, "median_parcel_lv_m2": 12.240579499935349, "lv_per_m2_land": 11.813059800624629, "land_share_of_cv": 0.9726027397260274, "lv_per_ha_block": 56800.0, "rates_now_per_ha_block": 176.071912, "rates_lv_per_ha_block": 339.21438619077895, "rates_lv_per_m2_land": 0.070548588544081858, "rates_change_%": 92.656728911297876 }, "geometry": { "type": "Polygon", "coordinates": [ [ [ 174.865269495344364, -41.158236983148313 ], [ 174.86514184557933, -41.153735377447155 ], [ 174.859185932420786, -41.153831693309328 ], [ 174.859313175138311, -41.15833331418294 ], [ 174.865269495344364, -41.158236983148313 ] ] ] } },
{ "type": "Feature", "properties": { "block_id": "g500_1756500_5441000", "parcels": 1, "rating_units": 1, "parcel_land_m2": 248881.94416767368, "land_value": 1170000, "capital_value": 1700000, "rates_now": 5125.381, "rates_lv": 6987.3385887889326, "median_parcel_lv_m2": 4.7010240293356196, "lv_per_m2_land": 4.7010240293356196, "land_share_of_cv": 0.68823529411764706, "lv_per_ha_block": 46800.0, "rates_now_per_ha_block": 205.01524, "rates_lv_per_ha_block": 279.49354355155731, "rates_lv_per_m2_land": 0.028074911629915222, "rates_change_%": 36.328179091250632 }, "geometry": { "type": "Polygon", "coordinates": [ [ [ 174.871481987331919, -41.167143513690547 ], [ 174.871353872447798, -41.162641930926185 ], [ 174.865397174053015, -41.162738584993662 ], [ 174.865524881712673, -41.167240182983043 ], [ 174.871481987331919, -41.167143513690547 ] ] ] } },
{ "type": "Feature", "properties": { "block_id": "g500_1756500_5441500", "parcels": 1, "rating_units": 2, "parcel_land_m2": 128501.90170511075, "land_value": 960000, "capital_value": 2040000, "rates_now": 6150.4572, "rates_lv": 5733.2008933652778, "median_parcel_lv_m2": 7.470706559682136, "lv_per_m2_land": 7.470706559682136, "land_share_of_cv": 0.47058823529411764, "lv_per_ha_block": 38400.0, "rates_now_per_ha_block": 246.018288, "rates_lv_per_ha_block": 229.32803573461112, "rates_lv_per_m2_land": 0.04461568908545778, "rates_change_%": -6.7841510487175132 }, "geometry": { "type": "Polygon", "coordinates": [ [ [ 174.871353872447798, -41.162641930926185 ], [ 174.871225786606914, -41.158140344303789 ], [ 174.865269495344364, -41.158236983148313 ], [ 174.865397174053015, -41.162738584993662 ], [ 174.871353872447798, -41.162641930926185 ] ] ] } },
{ "type": "Feature", "properties": { "block_id": "g500_1756500_5442000", "parcels": 2, "rating_units": 2, "parcel_land_m2": 33311.503392219121, "land_value": 1340000, "capital_value": 1990000, "rates_now": 5999.7107, "rates_lv": 8002.5929136557006, "median_parcel_lv_m2": 43.069761009573725, "lv_per_m2_land": 40.226344161728719, "land_share_of_cv": 0.6733668341708543, "lv_per_ha_block": 53600.0, "rates_now_per_ha_block": 239.988428, "rates_lv_per_ha_block": 320.10371654622804, "rates_lv_per_m2_land": 0.24023511696337732, "rates_change_%": 33.382979843606478 }, "geometry": { "type": "Polygon", "coordinates": [ [ [ 174.871225786606914, -41.158140344303789 ], [ 174.871097729801789, -41.153638753823515 ], [ 174.86514184557933, -41.153735377447155 ], [ 174.865269495344364, -41.158236983148313 ], [ 174.871225786606914, -41.158140344303789 ] ] ] } },
{ "type": "Feature", "properties": { "block_id": "g500_1757000_5440000", "parcels": 1, "rating_units": 1, "parcel_land_m2": 2049699.3491453561, "land_value": 3090000, "capital_value": 3290000, "rates_now": 9919.1197, "rates_lv": 18453.74037551949, "median_parcel_lv_m2": 1.5075381671406629, "lv_per_m2_land": 1.5075381671406629, "land_share_of_cv": 0.93920972644376899, "lv_per_ha_block": 123600.0, "rates_now_per_ha_block": 396.764788, "rates_lv_per_ha_block": 738.14961502077961, "rates_lv_per_m2_land": 0.0090031449652428156, "rates_change_%": 86.042117986735136 }, "geometry": { "type": "Polygon", "coordinates": [ [ [ 174.877696195538988, -41.176049659896464 ], [ 174.877567615144386, -41.17154810012623 ], [ 174.871610131266834, -41.171645092596719 ], [ 174.871738304260049, -41.176146667644545 ], [ 174.877696195538988, -41.176049659896464 ] ] ] } },
{ "type": "Feature", "properties": { "block_id": "g500_1758500_5442000", "parcels": 1, "rating_units": 1, "parcel_land_m2": 7720141.7581982426, "land_value": 1820000, "capital_value": 1870000, "rates_now": 5637.9191, "rates_lv": 10869.19336033834, "median_parcel_lv_m2": 0.23574696644233109, "lv_per_m2_land": 0.23574696644233109, "land_share_of_cv": 0.9732620320855615, "lv_per_ha_block": 72800.0, "rates_now_per_ha_block": 225.516764, "rates_lv_per_ha_block": 434.76773441353362, "rates_lv_per_m2_land": 0.0014079007485576322, "rates_change_%": 92.787323967425152 }, "geometry": { "type": "Polygon", "coordinates": [ [ [ 174.895050660378018, -41.157750710912957 ], [ 174.894920975487992, -41.153249181800589 ], [ 174.888965207931307, -41.153347036426915 ], [ 174.889094485811427, -41.157848580953889 ], [ 174.895050660378018, -41.157750710912957 ] ] ] } }
]
}
