block_id,parcels,rating_units,parcel_land_m2,land_value,lv_per_m2_land,lv_per_ha_block,land_share_of_cv,rates_now,rates_lv,rates_change_%,rates_lv_per_m2_land,rates_lv_per_ha_block,res_rates_now,res_rates_lv,res_rates_change_%,residents_2023,land_value_per_resident,res_rates_now_per_resident,res_rates_lv_per_resident
sa1_7021588,1,151,1444,34389000,2.381e+04,1.51e+08,0.4547,2.506e+05,2.255e+05,-10.02,156.2,9.905e+05,2.196e+05,1.979e+05,-9.891,135,2.547e+05,1627,1466
sa1_7034891,1,228,1540,35021000,2.273e+04,1.357e+08,0.3075,3.558e+05,2.166e+05,-39.14,140.6,8.393e+05,3.387e+05,2.064e+05,-39.06,225,1.556e+05,1505,917.3
sa1_7034897,1,201,4633,95326000,2.058e+04,8.448e+07,0.4511,6.371e+05,5.693e+05,-10.64,122.9,5.045e+05,6.371e+05,5.693e+05,-10.64,120,7.944e+05,5309,4744
sa1_7021381,1,111,1618,27890000,1.724e+04,4.796e+07,0.3543,2.374e+05,1.666e+05,-29.82,102.9,2.864e+05,2.374e+05,1.666e+05,-29.82,183,1.524e+05,1297,910.2
sa1_7034887,4,192,2158,32469500,1.504e+04,7.275e+07,0.3557,3.114e+05,2.183e+05,-29.88,101.2,4.892e+05,2.618e+05,1.849e+05,-29.4,237,1.37e+05,1105,780
sa1_7034878,1,119,408.8,6036000,1.477e+04,9.434e+07,0.3765,4.834e+04,3.605e+04,-25.43,88.18,5.634e+05,4.834e+04,3.605e+04,-25.43,102,5.918e+04,473.9,353.4
sa1_7034898,4,95,1349,18700000,1.387e+04,7.914e+07,0.4274,1.481e+05,1.438e+05,-2.926,106.6,6.084e+05,1.259e+05,9.979e+04,-20.74,99,1.889e+05,1272,1008
sa1_7034890,3,350,3539,47977000,1.356e+04,9e+07,0.3272,4.888e+05,3.422e+05,-30.01,96.69,6.419e+05,4.247e+05,2.659e+05,-37.39,291,1.649e+05,1459,913.8
sa1_7021589,2,137,1858,22850000,1.23e+04,1.358e+08,0.497,1.386e+05,1.365e+05,-1.548,73.45,8.107e+05,1.386e+05,1.365e+05,-1.548,117,1.953e+05,1185,1166
sa1_7034899,1,66,1034,12560000,1.214e+04,9.345e+07,0.7492,7.977e+04,1.079e+05,35.27,104.3,8.028e+05,3.972e+04,6.283e+04,58.17,108,1.163e+05,367.8,581.7
sa1_7021624,3,357,5097,53154000,1.043e+04,9.67e+07,0.355,4.676e+05,3.287e+05,-29.69,64.5,5.98e+05,4.454e+05,3.133e+05,-29.66,165,3.221e+05,2699,1899
sa1_7034928,10,33,7265,72720000,1.001e+04,4.904e+07,0.693,3.274e+05,4.561e+05,39.32,62.78,3.076e+05,3.123e+05,4.262e+05,36.48,120,6.06e+05,2602,3552
sa1_7034895,5,336,6811,67029000,9841,5.89e+07,0.4051,7.235e+05,6.925e+05,-4.286,101.7,6.084e+05,4.157e+05,2.921e+05,-29.74,564,1.188e+05,737.1,517.9
sa1_7021602,3,34,1020,9740000,9545,5.592e+07,0.4331,7.091e+04,6.188e+04,-12.74,60.64,3.553e+05,6.666e+04,5.679e+04,-14.8,90,1.082e+05,740.6,631.1
sa1_7034875,4,85,2526,23875000,9450,1.888e+07,0.4219,4.238e+05,3.575e+05,-15.64,141.5,2.827e+05,7.687e+04,6.298e+04,-18.07,294,8.121e+04,261.4,214.2
sa1_7034846,1,96,2413,22080000,9149,7.654e+07,0.3506,1.899e+05,1.319e+05,-30.56,54.64,4.571e+05,1.899e+05,1.319e+05,-30.56,135,1.636e+05,1407,976.8
sa1_7034879,20,366,2.308e+04,210442400,9117,5.14e+07,0.3322,5.923e+06,3.73e+06,-37.04,161.6,9.109e+05,4.232e+05,3.409e+05,-19.43,144,1.461e+06,2939,2368
sa1_7021591,6,195,6895,62750000,9101,5.708e+07,0.4543,8.81e+05,8.771e+05,-0.4406,127.2,7.979e+05,2.444e+05,1.887e+05,-22.78,39,1.609e+06,6266,4838
sa1_7034903,2,63,1646,14783000,8979,5.949e+07,0.3889,1.582e+05,1.417e+05,-10.43,86.04,5.701e+05,9.848e+04,6.852e+04,-30.42,126,1.173e+05,781.6,543.8
sa1_7034889,7,186,4438,37035000,8345,6.327e+07,0.3723,3.258e+05,2.696e+05,-17.26,60.74,4.606e+05,2.903e+05,2.033e+05,-29.98,363,1.02e+05,799.7,559.9
sa1_7021629,6,152,3601,29404000,8166,5.739e+07,0.4212,2.681e+05,2.745e+05,2.384,76.23,5.358e+05,1.891e+05,1.39e+05,-26.52,102,2.883e+05,1854,1363
sa1_7021826,16,46,9792,78500000,8017,5.58e+07,0.6229,3.799e+05,4.688e+05,23.39,47.88,3.332e+05,3.799e+05,4.688e+05,23.39,84,9.345e+05,4523,5581
sa1_7021520,1,161,2612,20363000,7797,4.651e+07,0.3887,1.58e+05,1.216e+05,-23.01,46.57,2.777e+05,1.58e+05,1.216e+05,-23.01,171,1.191e+05,923.7,711.2
sa1_7034873,71,517,8.294e+04,630936500,7607,5.613e+07,0.319,2.084e+07,1.276e+07,-38.76,153.8,1.135e+06,4.544e+05,4.377e+05,-3.668,267,2.363e+06,1702,1639
sa1_7021554,6,237,1.111e+04,84495000,7604,5.434e+07,0.2892,2.588e+06,1.309e+06,-49.41,117.8,8.422e+05,2.484e+05,2.065e+05,-16.86,192,4.401e+05,1294,1076
sa1_7034874,70,268,6.432e+04,481253500,7483,3.932e+07,0.2436,2.148e+07,1.018e+07,-52.6,158.3,8.318e+05,2.088e+05,1.679e+05,-19.58,120,4.01e+06,1740,1399
sa1_7034872,15,332,2.175e+04,156618000,7201,3.148e+07,0.2819,5.333e+06,2.785e+06,-47.78,128,5.597e+05,3.199e+05,2.503e+05,-21.75,147,1.065e+06,2176,1703
sa1_7021583,4,194,3961,28107700,7096,6.609e+07,0.4505,2.062e+05,1.816e+05,-11.93,45.84,4.269e+05,1.814e+05,1.628e+05,-10.26,171,1.644e+05,1061,952
sa1_7034910,1,89,990,6827000,6896,4.17e+07,0.3488,5.901e+04,4.077e+04,-30.91,41.18,2.49e+05,5.901e+04,4.077e+04,-30.91,153,4.462e+04,385.7,266.5
sa1_7021734,27,81,1.963e+04,127055000,6472,2.544e+07,0.677,5.658e+05,7.588e+05,34.1,38.65,1.519e+05,5.658e+05,7.588e+05,34.1,150,8.47e+05,3772,5059
sa1_7021630,8,70,2439,15601000,6397,4.07e+07,0.442,1.35e+05,1.318e+05,-2.41,54.03,3.438e+05,9.581e+04,7.887e+04,-17.67,60,2.6e+05,1597,1315
sa1_7034839,4,95,4267,26636000,6243,3.629e+07,0.4599,2.491e+05,2.31e+05,-7.274,54.14,3.147e+05,1.47e+05,1.324e+05,-9.93,135,1.973e+05,1089,981
sa1_7021562,2,57,1346,8349000,6201,4.612e+07,0.4024,1.037e+05,8.937e+04,-13.79,66.37,4.936e+05,4.733e+04,3.523e+04,-25.56,174,4.798e+04,272,202.5
sa1_7021574,23,87,1.09e+04,65513000,6008,3.737e+07,0.6159,9.974e+05,1.269e+06,27.27,116.4,7.242e+05,7.003e+04,6.6e+04,-5.755,135,4.853e+05,518.7,488.9
sa1_7021827,24,55,1.437e+04,84766000,5898,4.391e+07,0.6598,3.873e+05,5.062e+05,30.7,35.22,2.622e+05,3.873e+05,5.062e+05,30.7,102,8.31e+05,3797,4963
sa1_7021736,37,57,1.341e+04,76975000,5740,4.135e+07,0.633,3.71e+05,4.683e+05,26.23,34.92,2.516e+05,3.65e+05,4.565e+05,25.07,144,5.345e+05,2535,3170
sa1_7034845,2,80,2420,13710000,5666,6.265e+07,0.3799,1.119e+05,8.8e+04,-21.36,36.37,4.022e+05,1.077e+05,7.961e+04,-26.06,138,9.935e+04,780.2,576.9
sa1_7034904,5,23,1162,6580000,5662,3.301e+07,0.5038,5.769e+04,6.268e+04,8.643,53.93,3.144e+05,3.259e+04,3.064e+04,-5.997,102,6.451e+04,319.5,300.4
sa1_7034884,27,217,1.608e+04,88335000,5494,4.211e+07,0.3704,1.699e+06,1.23e+06,-27.62,76.47,5.862e+05,3.56e+05,2.675e+05,-24.86,327,2.701e+05,1089,818.1
sa1_7034893,5,10,3741,20160000,5388,3.747e+07,0.2985,5.907e+05,3.547e+05,-39.96,94.79,6.592e+05,6.027e+04,3.363e+04,-44.2,135,1.493e+05,446.5,249.1
sa1_7021622,177,342,2.454e+04,131195200,5345,4.352e+07,0.4334,1.3e+06,1.284e+06,-1.288,52.3,4.257e+05,7.691e+05,5.983e+05,-22.2,381,3.443e+05,2019,1570
sa1_7021604,6,61,4116,21875000,5315,4.002e+07,0.4739,2.126e+05,2.577e+05,21.18,62.6,4.713e+05,1.12e+05,8.36e+04,-25.34,234,9.348e+04,478.5,357.3
sa1_7034882,18,162,2.211e+04,116405000,5265,3.801e+07,0.2929,3.508e+06,1.994e+06,-43.17,90.16,6.509e+05,3.425e+05,2.143e+05,-37.44,237,4.912e+05,1445,904.2
sa1_7021655,13,89,5060,26619000,5261,4.723e+07,0.5687,1.448e+05,1.653e+05,14.14,32.66,2.932e+05,1.398e+05,1.566e+05,12.07,180,1.479e+05,776.5,870.2
sa1_7021627,17,254,1.112e+04,58257000,5240,3.85e+07,0.4024,8.798e+05,7.513e+05,-14.6,67.58,4.965e+05,2.723e+05,1.985e+05,-27.11,228,2.555e+05,1194,870.6
sa1_7021742,31,31,8350,43400000,5198,3.765e+07,0.755,1.733e+05,2.592e+05,49.56,31.04,2.249e+05,1.733e+05,2.592e+05,49.56,90,4.822e+05,1926,2880
sa1_7021553,12,128,2.413e+04,123258000,5108,4.214e+07,0.3984,2.996e+06,2.37e+06,-20.91,98.21,8.103e+05,1.683e+05,1.31e+05,-22.17,147,8.385e+05,1145,891.3
sa1_7021739,31,65,1.64e+04,82720000,5043,4.538e+07,0.6263,3.982e+05,4.94e+05,24.07,30.12,2.71e+05,3.982e+05,4.94e+05,24.07,207,3.996e+05,1924,2387
sa1_7034870,22,171,1.997e+04,100560000,5035,1.584e+07,0.3828,2.317e+06,1.755e+06,-24.24,87.87,2.764e+05,2.274e+05,1.73e+05,-23.94,162,6.207e+05,1404,1068
sa1_7034908,12,97,4703,23233000,4940,4.14e+07,0.3607,2.393e+05,1.845e+05,-22.91,39.22,3.287e+05,1.775e+05,1.218e+05,-31.36,99,2.347e+05,1793,1230
sa1_7034877,1,1,1419,6950000,4898,2.734e+07,0.1609,4.819e+05,1.536e+05,-68.13,108.2,6.042e+05,0,0,,240,2.896e+04,0,0
sa1_7034842,20,58,4145,20180000,4868,1.894e+07,0.4374,1.602e+05,1.597e+05,-0.2907,38.53,1.499e+05,1.313e+05,1.06e+05,-19.25,180,1.121e+05,729.3,588.9
sa1_7021595,11,98,9172,44215000,4820,4.028e+07,0.4842,4.468e+05,4.632e+05,3.679,50.5,4.22e+05,2.118e+05,1.903e+05,-10.17,198,2.233e+05,1070,961.1
sa1_7034838,10,137,6562,31511000,4802,2.802e+07,0.2796,7.028e+05,3.405e+05,-51.55,51.89,3.027e+05,2.053e+05,1.318e+05,-35.8,171,1.843e+05,1200,770.6
sa1_7021738,40,94,2.217e+04,106188000,4790,3.615e+07,0.6232,5.796e+05,7.571e+05,30.62,34.15,2.578e+05,4.893e+05,5.886e+05,20.3,183,5.803e+05,2674,3217
sa1_7034902,19,166,1.199e+04,57150000,4767,3.093e+07,0.4154,8.49e+05,7.448e+05,-12.27,62.13,4.031e+05,2.54e+05,1.919e+05,-24.48,174,3.284e+05,1460,1103
sa1_7021741,47,60,1.88e+04,88880000,4727,3.894e+07,0.7049,3.802e+05,5.308e+05,39.63,28.23,2.326e+05,3.802e+05,5.308e+05,39.63,186,4.778e+05,2044,2854
sa1_7021626,24,142,1.963e+04,92370000,4705,2.914e+07,0.616,1.041e+06,1.489e+06,43.06,75.87,4.699e+05,2.34e+05,2.043e+05,-12.68,192,4.811e+05,1219,1064
sa1_7021621,7,7,2601,12175000,4680,2.808e+07,0.9364,1.108e+05,2.077e+05,87.5,79.83,4.789e+05,1.27e+04,2.272e+04,78.99,117,1.041e+05,108.5,194.2
sa1_7021644,6,60,3856,17940000,4653,3.163e+07,0.4315,1.84e+05,1.822e+05,-0.9718,47.27,3.214e+05,1.036e+05,7.932e+04,-23.46,111,1.616e+05,933.6,714.6
sa1_7021427,75,176,1.059e+04,48638000,4594,3e+07,0.4099,5.024e+05,4.55e+05,-9.439,42.98,2.806e+05,3.042e+05,2.295e+05,-24.53,201,2.42e+05,1513,1142
sa1_7034929,26,32,1.61e+04,73680000,4576,4.994e+07,0.6679,3.513e+05,4.723e+05,34.42,29.33,3.201e+05,3.257e+05,4.281e+05,31.44,117,6.297e+05,2784,3659
sa1_7021596,29,212,2.714e+04,123895000,4565,3.166e+07,0.4712,1.967e+06,1.976e+06,0.4535,72.81,5.049e+05,3.577e+05,2.821e+05,-21.15,93,1.332e+06,3846,3033
sa1_7034881,2,34,1291,5890000,4562,4.155e+07,0.4686,1.095e+05,7.21e+04,-34.17,55.84,5.087e+05,1.137e+04,2.15e+04,89.15,120,4.908e+04,94.72,179.2
sa1_7034906,8,27,3254,14810000,4552,3.378e+07,0.6762,8.952e+04,1.325e+05,48.06,40.74,3.023e+05,5.733e+04,7.211e+04,25.79,57,2.598e+05,1006,1265
sa1_7034885,1,1,1308,5900000,4511,2.633e+07,1,6.582e+04,1.304e+05,98.08,99.68,5.818e+05,0,0,,75,7.867e+04,0,0
sa1_7021575,22,125,1.18e+04,53131000,4501,3.907e+07,0.4587,8.111e+05,7.537e+05,-7.085,63.85,5.542e+05,1.781e+05,1.557e+05,-12.59,117,4.541e+05,1522,1331
sa1_7021594,20,101,2.281e+04,102505000,4494,3.249e+07,0.5021,1.859e+06,1.913e+06,2.894,83.86,6.062e+05,1.549e+05,1.304e+05,-15.79,192,5.339e+05,806.8,679.4
sa1_7034905,18,108,5470,24389000,4459,4.402e+07,0.446,2.317e+05,2.54e+05,9.627,46.43,4.584e+05,1.401e+05,1.055e+05,-24.69,84,2.903e+05,1668,1256
sa1_7034871,5,61,3297,14575000,4421,4.099e+07,0.5211,2.138e+05,2.189e+05,2.387,66.39,6.155e+05,3.639e+04,3.822e+04,5.032,111,1.313e+05,327.8,344.3
sa1_7034914,14,147,1.367e+04,60389000,4416,2.952e+07,0.5312,5.97e+05,7.613e+05,27.52,55.68,3.722e+05,2.486e+05,2.122e+05,-14.62,243,2.485e+05,1023,873.4
sa1_7034883,14,139,5.176e+04,224191000,4332,2.252e+07,0.4177,5.703e+06,4.698e+06,-17.62,90.78,4.718e+05,1.05e+05,9.466e+04,-9.806,66,3.397e+06,1590,1434
sa1_7021593,42,101,1.921e+04,81366000,4235,2.232e+07,0.5223,1.297e+06,1.313e+06,1.236,68.32,3.6e+05,1.634e+05,1.797e+05,10.02,96,8.476e+05,1702,1872
sa1_7021584,8,60,4200,17785000,4234,4.942e+07,0.4778,1.122e+05,1.062e+05,-5.361,25.29,2.952e+05,1.122e+05,1.062e+05,-5.361,120,1.482e+05,935.3,885.1
sa1_7034858,64,124,7.789e+04,327107000,4200,1.763e+07,0.29,1.214e+07,6.787e+06,-44.11,87.14,3.659e+05,1.623e+05,1.633e+05,0.6242,129,2.536e+06,1258,1266
sa1_7034844,7,72,5651,23605000,4177,2.127e+07,0.419,3.03e+05,3.191e+05,5.345,56.48,2.876e+05,1.206e+05,7.498e+04,-37.81,84,2.81e+05,1435,892.6
sa1_7034900,12,12,3598,14920000,4147,2.67e+07,0.7285,9.667e+04,1.549e+05,60.23,43.05,2.771e+05,4.881e+04,6.474e+04,32.63,48,3.108e+05,1017,1349
sa1_7021442,3,19,2657,10940000,4118,3.297e+07,0.3716,2.145e+05,1.627e+05,-24.15,61.25,4.905e+05,4.218e+04,2.926e+04,-30.62,219,4.995e+04,192.6,133.6
sa1_7034907,18,68,9836,40025000,4069,3.058e+07,0.594,4.036e+05,5.916e+05,46.57,60.14,4.52e+05,1.289e+05,1.085e+05,-15.85,129,3.103e+05,999.2,840.8
sa1_7021415,21,31,6040,24505000,4057,2.753e+07,0.5633,1.479e+05,1.692e+05,14.47,28.02,1.902e+05,1.25e+05,1.379e+05,10.31,162,1.513e+05,771.5,851
sa1_7034822,4,83,3470,14015000,4039,2.819e+07,0.6484,1.327e+05,1.479e+05,11.41,42.61,2.974e+05,4.015e+04,5.993e+04,49.28,141,9.94e+04,284.7,425
sa1_7021601,19,49,1.336e+04,53940000,4036,2.801e+07,0.735,5.959e+05,9.741e+05,63.45,72.89,5.059e+05,8.25e+04,8.068e+04,-2.214,84,6.421e+05,982.2,960.4
sa1_7021760,30,47,9239,37200000,4026,2.714e+07,0.6953,1.613e+05,2.222e+05,37.73,24.05,1.621e+05,1.613e+05,2.222e+05,37.73,153,2.431e+05,1054,1452
sa1_7021633,12,143,7090,28355000,3999,1.064e+07,0.5237,2.48e+05,3.336e+05,34.53,47.06,1.252e+05,1.318e+05,1.085e+05,-17.72,186,1.524e+05,708.8,583.2
sa1_7021625,2,2,1385,5500000,3972,1.083e+07,0.7596,8.078e+04,1.215e+05,50.46,87.78,2.394e+05,0,0,,96,5.729e+04,0,0
sa1_7021971,6,74,6306,24415000,3872,3.495e+07,0.6578,1.119e+05,1.458e+05,30.3,23.12,2.087e+05,1.119e+05,1.458e+05,30.3,120,2.035e+05,932.5,1215
sa1_7021755,59,60,1.314e+04,50530000,3846,2.943e+07,0.648,2.402e+05,3.091e+05,28.68,23.53,1.8e+05,2.332e+05,2.991e+05,28.23,180,2.807e+05,1296,1661
sa1_7021815,24,29,9336,35890000,3844,2.127e+07,0.6438,1.681e+05,2.143e+05,27.52,22.96,1.27e+05,1.681e+05,2.143e+05,27.52,84,4.273e+05,2001,2552
sa1_7021599,23,66,9084,34736000,3824,2.359e+07,0.626,3.227e+05,4.539e+05,40.66,49.97,3.083e+05,1.097e+05,1.162e+05,5.847,87,3.993e+05,1261,1335
sa1_7022037,1,201,1.004e+04,38324000,3816,2.87e+07,0.4658,3.404e+05,3.184e+05,-6.445,31.71,2.384e+05,2.139e+05,1.957e+05,-8.492,201,1.907e+05,1064,973.7
sa1_7021609,35,45,1.201e+04,45590000,3796,1.936e+07,0.7088,1.954e+05,2.74e+05,40.22,22.81,1.164e+05,1.934e+05,2.716e+05,40.47,189,2.412e+05,1023,1437
sa1_7021632,27,71,1.064e+04,40247000,3781,2.172e+07,0.465,6.875e+05,6.067e+05,-11.74,57.01,3.274e+05,1.03e+05,1.047e+05,1.661,93,4.328e+05,1107,1125
sa1_7021814,35,76,1.86e+04,70160000,3771,1.058e+07,0.6138,3.446e+05,4.19e+05,21.58,22.52,6.321e+04,3.446e+05,4.19e+05,21.58,180,3.898e+05,1915,2328
sa1_7034892,17,369,1.332e+04,49682000,3729,2.412e+07,0.415,1.011e+06,7.903e+05,-21.86,59.32,3.838e+05,1.2e+05,1.139e+05,-5.106,132,3.764e+05,909.2,862.7
sa1_7034934,47,55,1.389e+04,51585000,3715,6.665e+06,0.7003,2.221e+05,3.081e+05,38.72,22.18,3.98e+04,2.221e+05,3.081e+05,38.72,186,2.773e+05,1194,1656
sa1_7034920,5,68,4781,17715000,3705,2.577e+07,0.4446,1.945e+05,2.212e+05,13.78,46.28,3.218e+05,9.26e+04,6.304e+04,-31.93,117,1.514e+05,791.5,538.8
sa1_7021590,22,117,3.574e+04,131500000,3680,2.908e+07,0.3515,3.656e+06,2.455e+06,-32.86,68.69,5.428e+05,1.914e+05,1.67e+05,-12.76,168,7.827e+05,1139,993.9
sa1_7021613,25,30,6387,23495000,3679,2.705e+07,0.6172,1.168e+05,1.434e+05,22.72,22.45,1.651e+05,1.14e+05,1.392e+05,22.07,90,2.611e+05,1267,1546
sa1_7021550,17,47,6868,25220000,3672,2.641e+07,0.5218,1.654e+05,1.758e+05,6.263,25.59,1.841e+05,1.384e+05,1.413e+05,2.084,84,3.002e+05,1648,1682
sa1_7034876,4,112,3537,12928500,3655,3.705e+07,0.4434,1.563e+05,1.359e+05,-13.04,38.43,3.895e+05,6.258e+04,5.547e+04,-11.36,189,6.84e+04,331.1,293.5
sa1_7034915,33,103,1.066e+04,38920000,3650,2.222e+07,0.5339,2.198e+05,2.324e+05,5.753,21.8,1.327e+05,2.198e+05,2.324e+05,5.753,285,1.366e+05,771.2,815.6
sa1_7021608,26,69,8505,30815000,3623,2.434e+07,0.522,3.425e+05,3.912e+05,14.22,45.99,3.09e+05,1.17e+05,1.073e+05,-8.307,102,3.021e+05,1147,1052
sa1_7034866,18,52,9136,33095000,3623,2.054e+07,0.5908,1.689e+05,1.976e+05,17.02,21.63,1.227e+05,1.689e+05,1.976e+05,17.02,141,2.347e+05,1198,1402
sa1_7021611,23,38,7130,25750000,3612,2.691e+07,0.5955,1.304e+05,1.538e+05,17.96,21.57,1.607e+05,1.304e+05,1.538e+05,17.96,108,2.384e+05,1207,1424
sa1_7034894,16,90,1.175e+04,42074000,3582,3.122e+07,0.6467,4.412e+05,5.633e+05,27.67,47.96,4.18e+05,1.054e+05,1.357e+05,28.78,72,5.844e+05,1463,1885
sa1_7021614,30,33,8666,31006000,3578,2.638e+07,0.6104,1.531e+05,1.852e+05,20.91,21.37,1.575e+05,1.531e+05,1.852e+05,20.91,84,3.691e+05,1823,2204
sa1_7021607,19,176,1.473e+04,52655000,3575,2.239e+07,0.614,6.106e+05,8.741e+05,43.14,59.35,3.717e+05,1.281e+05,1.072e+05,-16.33,180,2.925e+05,711.8,595.5
sa1_7021759,33,37,9848,35190000,3573,2.857e+07,0.676,1.57e+05,2.102e+05,33.89,21.34,1.706e+05,1.57e+05,2.102e+05,33.89,108,3.258e+05,1453,1946
sa1_7034901,25,70,1.385e+04,49435000,3568,3.022e+07,0.6716,5.37e+05,7.813e+05,45.49,56.39,4.776e+05,1.052e+05,1.152e+05,9.509,174,2.841e+05,604.7,662.2
sa1_7021618,26,26,8229,29240000,3553,2.808e+07,0.7063,1.248e+05,1.746e+05,39.9,21.22,1.677e+05,1.248e+05,1.746e+05,39.9,120,2.437e+05,1040,1455
sa1_7021757,31,43,7693,27320000,3551,2.853e+07,0.5966,1.381e+05,1.632e+05,18.17,21.21,1.704e+05,1.381e+05,1.632e+05,18.17,129,2.118e+05,1070,1265
sa1_7034886,22,90,2.832e+04,98799000,3489,3.09e+07,0.6651,1.308e+06,1.864e+06,42.57,65.84,5.831e+05,1.294e+05,1.18e+05,-8.814,105,9.409e+05,1233,1124
sa1_7034911,1,67,1964,6775000,3450,2.371e+07,0.3501,5.834e+04,4.046e+04,-30.64,20.61,1.416e+05,5.834e+04,4.046e+04,-30.64,156,4.343e+04,373.9,259.4
sa1_7021445,14,106,1.004e+04,34601000,3448,2.623e+07,0.6194,3.442e+05,5.168e+05,50.14,51.5,3.917e+05,1.033e+05,9.176e+04,-11.19,153,2.262e+05,675.3,599.7
sa1_7021748,30,33,9428,32430000,3440,2.641e+07,0.6878,1.422e+05,1.937e+05,36.24,20.54,1.577e+05,1.422e+05,1.937e+05,36.24,102,3.179e+05,1394,1899
sa1_7034880,16,51,1.03e+04,35440000,3439,2.631e+07,0.4555,4.631e+05,4.616e+05,-0.3224,44.79,3.427e+05,1.499e+05,1.191e+05,-20.58,144,2.461e+05,1041,827
sa1_7021746,31,73,1.142e+04,39281000,3439,2.793e+07,0.5558,3.115e+05,3.598e+05,15.5,31.5,2.559e+05,1.766e+05,1.882e+05,6.553,150,2.619e+05,1178,1255
sa1_7034930,39,60,1.8e+04,61838000,3435,2.976e+07,0.657,2.838e+05,3.693e+05,30.15,20.52,1.777e+05,2.838e+05,3.693e+05,30.15,114,5.424e+05,2489,3239
sa1_7021628,1,1,864.9,2935000,3394,1.697e+07,0.559,5.857e+04,6.485e+04,10.74,74.99,3.749e+05,0,0,,120,2.446e+04,0,0
sa1_7021747,20,27,6360,21530000,3385,2.536e+07,0.631,1.029e+05,1.286e+05,24.99,20.22,1.514e+05,1.029e+05,1.286e+05,24.99,87,2.475e+05,1182,1478
sa1_7021753,14,58,1.209e+04,40795000,3374,2.892e+07,0.6036,2.038e+05,2.436e+05,19.57,20.15,1.727e+05,2.038e+05,2.436e+05,19.57,120,3.4e+05,1698,2030
sa1_7021679,19,73,8003,26345000,3292,2.812e+07,0.5315,1.691e+05,1.921e+05,13.58,24,2.05e+05,1.422e+05,1.445e+05,1.632,141,1.868e+05,1008,1025
sa1_7021751,13,46,7588,24772000,3265,2.707e+07,0.5776,1.293e+05,1.479e+05,14.41,19.5,1.617e+05,1.293e+05,1.479e+05,14.41,120,2.064e+05,1078,1233
sa1_7021620,3,353,7363,23907000,3247,5.506e+07,0.3838,2.936e+05,2.266e+05,-22.82,30.78,5.219e+05,1.486e+05,1.117e+05,-24.83,267,8.954e+04,556.7,418.4
sa1_7021405,8,63,8814,28405000,3223,2.905e+07,0.4368,3.3e+05,2.674e+05,-18.97,30.33,2.734e+05,1.465e+05,1.334e+05,-8.879,111,2.559e+05,1319,1202
sa1_7021434,24,54,1.536e+04,48985000,3190,2.471e+07,0.6367,5.891e+05,7.727e+05,31.16,50.32,3.897e+05,9.968e+04,1.147e+05,15.09,99,4.948e+05,1007,1159
sa1_7034933,29,39,1.059e+04,33740000,3187,2.123e+06,0.7456,1.364e+05,2.015e+05,47.7,19.03,1.268e+04,1.364e+05,2.015e+05,47.7,132,2.556e+05,1034,1527
sa1_7021615,46,46,1.275e+04,40575000,3184,2.554e+07,0.6565,2.028e+05,2.749e+05,35.55,21.57,1.73e+05,1.802e+05,2.303e+05,27.74,168,2.415e+05,1073,1371
sa1_7034931,12,30,6640,21025000,3166,2.534e+07,0.6135,1.033e+05,1.256e+05,21.53,18.91,1.514e+05,1.033e+05,1.256e+05,21.53,117,1.797e+05,883.1,1073
sa1_7021657,23,65,1.048e+04,33035000,3153,2.116e+07,0.6038,2.938e+05,3.934e+05,33.91,37.55,2.52e+05,1.172e+05,1.246e+05,6.321,135,2.447e+05,868.4,923.3
sa1_7021635,43,73,2.42e+04,75790000,3131,2.493e+07,0.8083,7.516e+05,1.305e+06,73.62,53.91,4.292e+05,1.09e+05,1.37e+05,25.61,111,6.828e+05,982.2,1234
sa1_7034867,29,118,2.493e+04,77967000,3128,1.44e+07,0.6417,3.836e+05,4.824e+05,25.75,19.35,8.907e+04,3.599e+05,4.594e+05,27.66,186,4.192e+05,1935,2470
sa1_7021573,12,164,1.183e+04,36962500,3125,3.007e+07,0.4091,5.105e+05,3.39e+05,-33.6,28.66,2.758e+05,1.842e+05,1.769e+05,-3.925,132,2.8e+05,1395,1341
sa1_7034841,29,74,1.921e+04,59686000,3107,2.354e+07,0.7229,6.639e+05,1.057e+06,59.28,55.06,4.17e+05,9.524e+04,9.681e+04,1.65,90,6.632e+05,1058,1076
sa1_7034823,37,47,2.12e+04,65780000,3103,2.047e+07,0.7218,3.008e+05,4.267e+05,41.86,20.13,1.328e+05,2.651e+05,3.803e+05,43.46,123,5.348e+05,2155,3092
sa1_7021645,38,42,8103,24950000,3079,2.219e+07,0.5632,1.614e+05,1.609e+05,-0.2884,19.86,1.431e+05,1.233e+05,1.446e+05,17.31,177,1.41e+05,696.3,816.9
sa1_7021744,37,48,1.354e+04,41695000,3078,2.544e+07,0.6674,1.883e+05,2.49e+05,32.21,18.38,1.519e+05,1.883e+05,2.49e+05,32.21,126,3.309e+05,1495,1976
sa1_7021665,21,79,1.355e+04,41708000,3078,2.138e+07,0.6833,1.84e+05,2.491e+05,35.35,18.38,1.277e+05,1.84e+05,2.491e+05,35.35,204,2.045e+05,902.1,1221
sa1_7021598,18,41,1.132e+04,34670000,3062,2.161e+07,0.562,5.362e+05,6.213e+05,15.87,54.87,3.872e+05,5.629e+04,5.363e+04,-4.735,84,4.127e+05,670.2,638.4
sa1_7034869,52,160,8.562e+04,261462500,3054,2.2e+07,0.6091,2.747e+06,3.412e+06,24.24,39.86,2.872e+05,7.563e+05,8.759e+05,15.82,210,1.245e+06,3601,4171
sa1_7034932,16,32,6318,19120000,3026,2.453e+07,0.5802,9.936e+04,1.142e+05,14.93,18.07,1.465e+05,9.936e+04,1.142e+05,14.93,81,2.36e+05,1227,1410
sa1_7034818,39,41,2.019e+04,61105000,3026,6.879e+06,0.7452,2.472e+05,3.649e+05,47.62,18.07,4.108e+04,2.472e+05,3.649e+05,47.62,111,5.505e+05,2227,3288
sa1_7021544,28,31,7597,22820000,3004,2.341e+07,0.5248,1.311e+05,1.363e+05,3.962,17.94,1.398e+05,1.311e+05,1.363e+05,3.962,147,1.552e+05,891.8,927.1
sa1_7021816,40,45,2.284e+04,68298000,2990,2.52e+07,0.7022,2.933e+05,4.079e+05,39.09,17.86,1.505e+05,2.933e+05,4.079e+05,39.09,99,6.899e+05,2962,4120
sa1_7021689,3,72,1.014e+04,30205000,2980,3.115e+07,0.4824,1.888e+05,1.804e+05,-4.454,17.8,1.86e+05,1.888e+05,1.804e+05,-4.454,180,1.678e+05,1049,1002
sa1_7021761,37,52,1.752e+04,52078000,2973,1.307e+07,0.7078,2.218e+05,3.11e+05,40.2,17.75,7.805e+04,2.218e+05,3.11e+05,40.2,186,2.8e+05,1193,1672
sa1_7021365,59,91,1.763e+04,52110000,2956,2.438e+07,0.6498,2.636e+05,3.375e+05,28.03,19.14,1.579e+05,2.337e+05,3.015e+05,29,183,2.848e+05,1277,1647
sa1_7021600,21,76,1.335e+04,39435000,2953,2.504e+07,0.5626,4.94e+05,5.443e+05,10.19,40.77,3.456e+05,1.066e+05,1.211e+05,13.59,102,3.866e+05,1046,1188
sa1_7021652,21,128,9671,28485000,2945,2.481e+07,0.4587,1.941e+05,1.837e+05,-5.369,18.99,1.6e+05,1.847e+05,1.651e+05,-10.62,237,1.202e+05,779.4,696.6
sa1_7021364,65,109,1.868e+04,54987000,2944,1.456e+07,0.6171,2.687e+05,3.284e+05,22.23,17.58,8.692e+04,2.687e+05,3.284e+05,22.23,186,2.956e+05,1444,1766
sa1_7021378,58,68,2.734e+04,80300000,2937,1.991e+07,0.6189,3.912e+05,4.796e+05,22.59,17.54,1.189e+05,3.912e+05,4.796e+05,22.59,198,4.056e+05,1976,2422
sa1_7034868,29,32,1.127e+04,33015000,2931,2.202e+07,0.666,1.495e+05,1.972e+05,31.93,17.5,1.315e+05,1.495e+05,1.972e+05,31.93,81,4.076e+05,1845,2434
sa1_7021610,19,69,1.463e+04,42560000,2909,2.918e+07,0.5846,2.195e+05,2.542e+05,15.8,17.37,1.743e+05,2.195e+05,2.542e+05,15.8,186,2.288e+05,1180,1367
sa1_7021581,23,132,1.385e+04,39918400,2882,2.424e+07,0.3101,1.092e+06,5.291e+05,-51.56,38.2,3.213e+05,1.273e+05,1.307e+05,2.7,135,2.957e+05,942.9,968.4
sa1_7021743,29,60,1.288e+04,36920000,2867,2.745e+07,0.5962,1.867e+05,2.205e+05,18.09,17.12,1.64e+05,1.867e+05,2.205e+05,18.09,126,2.93e+05,1482,1750
sa1_7021661,38,40,9449,27040000,2862,2.052e+07,0.6665,1.223e+05,1.615e+05,32.02,17.09,1.226e+05,1.223e+05,1.615e+05,32.02,120,2.253e+05,1019,1346
sa1_7021616,19,24,8013,22785000,2844,2.172e+07,0.6791,1.012e+05,1.361e+05,34.53,16.98,1.297e+05,1.012e+05,1.361e+05,34.53,153,1.489e+05,661.1,889.4
sa1_7021967,21,96,1.034e+04,29255000,2829,2.164e+07,0.4649,2.938e+05,3.151e+05,7.25,30.47,2.331e+05,1.512e+05,1.227e+05,-18.82,192,1.524e+05,787.4,639.2
sa1_7021651,50,65,1.32e+04,37330000,2829,2.216e+07,0.6566,1.78e+05,2.313e+05,29.94,17.53,1.373e+05,1.689e+05,2.198e+05,30.12,165,2.262e+05,1024,1332
sa1_7021667,39,42,9767,27525000,2818,2.081e+07,0.6993,1.187e+05,1.644e+05,38.52,16.83,1.243e+05,1.187e+05,1.644e+05,38.52,114,2.414e+05,1041,1442
sa1_7021654,40,53,1.147e+04,32255000,2812,2.225e+07,0.647,1.503e+05,1.926e+05,28.17,16.79,1.329e+05,1.503e+05,1.926e+05,28.17,159,2.029e+05,945.2,1212
sa1_7034888,5,7,5215,14540000,2788,2.129e+07,0.3266,2.767e+05,2.403e+05,-13.16,46.07,3.519e+05,8.145e+04,3e+04,-63.17,210,6.924e+04,387.8,142.8
sa1_7021754,42,43,1.766e+04,49120000,2781,2.397e+07,0.7061,2.097e+05,2.933e+05,39.86,16.61,1.432e+05,2.097e+05,2.933e+05,39.86,174,2.823e+05,1205,1686
sa1_7021634,38,59,4.472e+04,123975000,2773,1.693e+07,0.7448,1.544e+06,2.321e+06,50.33,51.92,3.17e+05,1.157e+05,1.548e+05,33.78,99,1.252e+06,1169,1564
sa1_7021637,40,41,1.078e+04,29850000,2768,2.073e+07,0.7063,1.274e+05,1.783e+05,39.91,16.53,1.238e+05,1.274e+05,1.783e+05,39.91,141,2.117e+05,903.6,1264
sa1_7021458,27,64,1.603e+04,44170000,2755,2.333e+07,0.6498,2.049e+05,2.638e+05,28.72,16.45,1.393e+05,2.049e+05,2.638e+05,28.72,192,2.301e+05,1067,1374
sa1_7021752,30,42,1.28e+04,35074000,2739,2.619e+07,0.6159,1.717e+05,2.095e+05,22,16.36,1.564e+05,1.717e+05,2.095e+05,22,102,3.439e+05,1683,2054
sa1_7021649,28,28,5864,16050000,2737,9.297e+06,0.5896,8.207e+04,9.585e+04,16.8,16.35,5.552e+04,8.207e+04,9.585e+04,16.8,90,1.783e+05,911.8,1065
sa1_7021668,29,34,9981,27110000,2716,2.182e+07,0.7748,1.607e+05,2.52e+05,56.79,25.25,2.029e+05,8.503e+04,1.285e+05,51.15,102,2.658e+05,833.6,1260
sa1_7021683,43,73,1.354e+04,36770000,2716,2.211e+07,0.6515,2.938e+05,3.898e+05,32.68,28.79,2.344e+05,1.244e+05,1.565e+05,25.86,171,2.15e+05,727.4,915.4
sa1_7021750,18,18,9821,26650000,2713,2.839e+07,0.6592,1.219e+05,1.592e+05,30.57,16.21,1.696e+05,1.219e+05,1.592e+05,30.57,99,2.692e+05,1231,1608
sa1_7021366,62,70,1.71e+04,46330000,2710,1.837e+07,0.6726,2.504e+05,3.513e+05,40.29,20.55,1.393e+05,1.918e+05,2.49e+05,29.82,114,4.064e+05,1683,2185
sa1_7021660,39,52,1.184e+04,32020000,2705,1.719e+07,0.7163,1.348e+05,1.912e+05,41.89,16.15,1.027e+05,1.348e+05,1.912e+05,41.89,129,2.482e+05,1045,1482
sa1_7021361,25,28,6703,18095000,2700,1.718e+07,0.6064,8.997e+04,1.081e+05,20.12,16.12,1.026e+05,8.997e+04,1.081e+05,20.12,120,1.508e+05,749.7,900.5
sa1_7021690,29,56,9171,24715000,2695,1.341e+07,0.6535,1.195e+05,1.563e+05,30.78,17.04,8.476e+04,1.12e+05,1.444e+05,28.92,150,1.648e+05,746.7,962.6
sa1_7034833,37,60,2.042e+04,54845000,2686,2.341e+07,0.7028,2.576e+05,3.701e+05,43.68,18.13,1.58e+05,2.27e+05,3.118e+05,37.33,177,3.099e+05,1283,1761
sa1_7021603,12,57,7050,18911000,2683,1.973e+07,0.4506,3.601e+05,3.205e+05,-10.98,45.47,3.344e+05,4.004e+04,3.605e+04,-9.961,90,2.101e+05,444.8,400.5
sa1_7021545,23,66,2.302e+04,61719000,2682,2.912e+07,0.6241,2.982e+05,3.686e+05,23.62,16.01,1.739e+05,2.982e+05,3.686e+05,23.62,156,3.956e+05,1911,2363
sa1_7021384,16,53,9029,24090000,2668,1.366e+07,0.4851,1.497e+05,1.439e+05,-3.91,15.93,8.156e+04,1.497e+05,1.439e+05,-3.91,114,2.113e+05,1313,1262
sa1_7021433,16,62,6093,16237000,2665,1.671e+07,0.4373,1.166e+05,1.025e+05,-12.1,16.82,1.055e+05,1.102e+05,9.493e+04,-13.89,108,1.503e+05,1021,878.9
sa1_7021662,34,35,9467,25140000,2656,1.907e+07,0.6918,1.111e+05,1.524e+05,37.17,16.1,1.156e+05,1.09e+05,1.493e+05,36.98,114,2.205e+05,956.1,1310
sa1_7034843,36,49,1.7e+04,44800000,2636,1.868e+07,0.6254,5.305e+05,7.063e+05,33.15,41.56,2.945e+05,9.948e+04,1.05e+05,5.601,120,3.733e+05,829,875.4
sa1_7021453,28,29,8588,22510000,2621,2.098e+07,0.6205,1.134e+05,1.367e+05,20.53,15.92,1.274e+05,1.079e+05,1.336e+05,23.83,138,1.631e+05,781.7,968
sa1_7021932,62,95,1.871e+04,48870000,2611,5.461e+06,0.636,2.317e+05,2.919e+05,25.98,15.6,3.261e+04,2.317e+05,2.919e+05,25.98,198,2.468e+05,1170,1474
sa1_7022157,40,43,1.722e+04,44860000,2605,1.575e+07,0.626,2.16e+05,2.679e+05,24,15.56,9.408e+04,2.16e+05,2.679e+05,24,120,3.738e+05,1800,2233
sa1_7021663,42,71,1.934e+04,50248000,2597,2.262e+07,0.5777,2.622e+05,3.001e+05,14.44,15.51,1.351e+05,2.622e+05,3.001e+05,14.44,264,1.903e+05,993.2,1137
sa1_7021612,36,53,1.734e+04,44899000,2590,2.473e+07,0.5979,3.585e+05,4.87e+05,35.83,28.09,2.682e+05,1.775e+05,1.871e+05,5.405,105,4.276e+05,1690,1782
sa1_7021647,25,50,1.325e+04,34216000,2583,1.923e+07,0.6564,2.947e+05,4.179e+05,41.79,31.55,2.349e+05,1.062e+05,1.252e+05,17.94,117,2.924e+05,907.6,1070
sa1_7034935,45,57,1.803e+04,46540000,2581,3.036e+06,0.6589,2.13e+05,2.779e+05,30.51,15.41,1.813e+04,2.13e+05,2.779e+05,30.51,174,2.675e+05,1224,1597
sa1_7034745,7,52,6988,17945000,2568,1.206e+07,0.5632,9.606e+04,1.072e+05,11.57,15.34,7.203e+04,9.606e+04,1.072e+05,11.57,81,2.215e+05,1186,1323
sa1_7021408,12,35,5859,15030000,2565,2.19e+07,0.4674,9.696e+04,8.976e+04,-7.425,15.32,1.308e+05,9.696e+04,8.976e+04,-7.425,138,1.089e+05,702.6,650.4
sa1_7021617,15,50,9580,24440000,2551,2.504e+07,0.6356,1.159e+05,1.46e+05,25.91,15.24,1.495e+05,1.159e+05,1.46e+05,25.91,129,1.895e+05,898.6,1131
sa1_7021422,19,57,7821,19840000,2537,1.658e+07,0.5419,1.506e+05,1.619e+05,7.474,20.7,1.353e+05,9.55e+04,1.024e+05,7.25,237,8.371e+04,402.9,432.2
sa1_7034909,15,54,1.073e+04,27132000,2528,2.029e+07,0.6687,3.034e+05,4.686e+05,54.48,43.67,3.504e+05,5.527e+04,4.849e+04,-12.28,93,2.917e+05,594.3,521.4
sa1_7021740,43,50,3.076e+04,77555000,2522,7.514e+06,0.728,3.212e+05,4.632e+05,44.2,15.06,4.488e+04,3.212e+05,4.632e+05,44.2,129,6.012e+05,2490,3590
sa1_7021456,18,99,1.137e+04,28660000,2521,2.051e+07,0.4477,1.974e+05,1.773e+05,-10.17,15.6,1.269e+05,1.914e+05,1.689e+05,-11.76,51,5.62e+05,3753,3311
sa1_7021820,48,50,3.026e+04,75850000,2506,2e+07,0.7033,3.252e+05,4.53e+05,39.31,14.97,1.194e+05,3.252e+05,4.53e+05,39.31,132,5.746e+05,2463,3432
sa1_7021648,42,117,3.35e+04,83860000,2503,1.963e+07,0.573,1.187e+06,1.397e+06,17.69,41.7,3.27e+05,1.65e+05,1.689e+05,2.375,174,4.82e+05,948.4,970.9
sa1_7021455,51,59,1.842e+04,45810000,2487,1.996e+07,0.7378,1.984e+05,2.873e+05,44.79,15.6,1.252e+05,1.83e+05,2.685e+05,46.69,147,3.116e+05,1245,1827
sa1_7021684,35,55,1.108e+04,27510000,2483,1.799e+07,0.6096,1.361e+05,1.643e+05,20.75,14.83,1.075e+05,1.361e+05,1.643e+05,20.75,195,1.411e+05,697.8,842.5
sa1_7034919,48,86,2.115e+04,52467000,2481,1.927e+07,0.5771,5.153e+05,5.305e+05,2.96,25.09,1.949e+05,1.848e+05,2.329e+05,26.04,222,2.363e+05,832.4,1049
sa1_7021368,20,55,9671,23995000,2481,1.772e+07,0.4761,1.519e+05,1.433e+05,-5.685,14.82,1.058e+05,1.519e+05,1.433e+05,-5.685,201,1.194e+05,755.9,712.9
sa1_7021669,25,26,9577,23630000,2467,1.783e+07,0.722,9.868e+04,1.411e+05,43.01,14.74,1.065e+05,9.868e+04,1.411e+05,43.01,96,2.461e+05,1028,1470
sa1_7021549,28,68,1.265e+04,31094000,2458,2.103e+07,0.5263,1.781e+05,1.857e+05,4.252,14.68,1.256e+05,1.781e+05,1.857e+05,4.252,177,1.757e+05,1006,1049
sa1_7021543,54,66,1.955e+04,47690000,2440,2.493e+07,0.5868,2.45e+05,2.848e+05,16.24,14.57,1.489e+05,2.45e+05,2.848e+05,16.24,141,3.382e+05,1738,2020
sa1_7034748,5,164,1.856e+04,45231000,2437,1.478e+07,0.404,3.375e+05,2.701e+05,-19.97,14.55,8.826e+04,3.375e+05,2.701e+05,-19.97,279,1.621e+05,1210,968.2
sa1_7021406,23,26,5818,14170000,2436,1.742e+07,0.4867,8.778e+04,8.462e+04,-3.595,14.55,1.04e+05,8.778e+04,8.462e+04,-3.595,129,1.098e+05,680.5,656
sa1_7021638,61,69,1.868e+04,45440000,2432,1.602e+07,0.6869,2.234e+05,3.019e+05,35.14,16.16,1.064e+05,1.906e+05,2.601e+05,36.47,210,2.164e+05,907.4,1238
sa1_7021666,39,39,1.246e+04,30280000,2430,1.9e+07,0.6774,1.348e+05,1.808e+05,34.18,14.51,1.135e+05,1.348e+05,1.808e+05,34.18,138,2.194e+05,976.6,1310
sa1_7034865,34,34,1.487e+04,35985000,2419,1.963e+07,0.5678,1.911e+05,2.149e+05,12.47,14.45,1.173e+05,1.911e+05,2.149e+05,12.47,162,2.221e+05,1179,1327
sa1_7022163,22,25,1.199e+04,28830000,2405,1.709e+07,0.6753,1.287e+05,1.722e+05,33.77,14.36,1.021e+05,1.287e+05,1.722e+05,33.77,63,4.576e+05,2043,2733
sa1_7021377,33,38,1.335e+04,32005000,2397,1.045e+06,0.6111,1.792e+05,2.23e+05,24.41,16.7,7280,1.5e+05,1.794e+05,19.55,117,2.735e+05,1282,1533
sa1_7021388,54,54,2.453e+04,58583000,2388,1.754e+07,0.6506,2.715e+05,3.499e+05,28.87,14.26,1.047e+05,2.715e+05,3.499e+05,28.87,141,4.155e+05,1925,2481
sa1_7021438,14,27,7904,18720000,2368,1.871e+07,0.5609,1.006e+05,1.118e+05,11.1,14.14,1.118e+05,1.006e+05,1.118e+05,11.1,135,1.387e+05,745.4,828.1
sa1_7021396,26,26,1.438e+04,34000000,2364,1.762e+07,0.7171,1.429e+05,2.031e+05,42.06,14.12,1.052e+05,1.429e+05,2.031e+05,42.06,108,3.148e+05,1323,1880
sa1_7034826,42,43,2.069e+04,48780000,2358,2.171e+07,0.663,2.218e+05,2.913e+05,31.32,14.08,1.297e+05,2.218e+05,2.913e+05,31.32,99,4.927e+05,2241,2943
sa1_7021973,39,94,2.015e+04,47332000,2349,1.693e+07,0.6327,3.262e+05,4.29e+05,31.51,21.29,1.535e+05,1.883e+05,2.285e+05,21.35,210,2.254e+05,896.7,1088
sa1_7021416,34,40,1.179e+04,27690000,2348,1.488e+07,0.6013,1.388e+05,1.654e+05,19.11,14.02,8.889e+04,1.388e+05,1.654e+05,19.11,147,1.884e+05,944.5,1125
sa1_7021778,54,62,2.031e+04,47555000,2342,4.677e+06,0.6866,2.088e+05,2.84e+05,36.01,13.98,2.793e+04,2.088e+05,2.84e+05,36.01,168,2.831e+05,1243,1690
sa1_7021670,31,38,1.41e+04,32964000,2339,1.739e+07,0.7235,2.561e+05,3.565e+05,39.21,25.29,1.881e+05,9.341e+04,1.377e+05,47.46,156,2.113e+05,598.8,882.9
sa1_7021821,72,76,4.16e+04,97210000,2337,1.792e+07,0.6696,4.509e+05,5.989e+05,32.83,14.4,1.104e+05,4.328e+05,5.738e+05,32.56,189,5.143e+05,2290,3036
sa1_7034819,26,30,1.627e+04,37960000,2334,1.787e+07,0.6999,1.635e+05,2.267e+05,38.63,13.94,1.067e+05,1.635e+05,2.267e+05,38.63,93,4.082e+05,1758,2438
sa1_7022161,34,35,2.049e+04,47780000,2332,1.296e+07,0.6068,2.374e+05,2.853e+05,20.2,13.93,7.741e+04,2.374e+05,2.853e+05,20.2,99,4.826e+05,2398,2882
sa1_7034913,53,65,3.086e+04,71875000,2329,7.29e+06,0.7412,6.437e+05,1.029e+06,59.81,33.33,1.043e+05,1.622e+05,2.072e+05,27.73,168,4.278e+05,965.7,1233
sa1_7021989,14,36,7016,16160000,2303,1.827e+07,0.6714,7.257e+04,9.651e+04,32.99,13.76,1.091e+05,7.257e+04,9.651e+04,32.99,102,1.584e+05,711.5,946.2
sa1_7034816,40,41,2.098e+04,48290000,2302,7.716e+06,0.685,2.126e+05,2.884e+05,35.68,13.75,4.608e+04,2.126e+05,2.884e+05,35.68,156,3.096e+05,1363,1849
sa1_7022099,43,98,1.022e+05,234477000,2295,8.199e+06,0.863,2.787e+06,5.018e+06,80.08,49.12,1.755e+05,9.052e+04,6.046e+04,-33.21,9,2.605e+07,1.006e+04,6718
sa1_7021363,47,92,3.424e+04,78371000,2289,1.906e+07,0.6674,3.557e+05,4.705e+05,32.28,13.74,1.144e+05,3.534e+05,4.671e+05,32.16,177,4.428e+05,1997,2639
sa1_7021389,53,58,2.549e+04,58244000,2285,1.707e+07,0.6345,2.824e+05,3.548e+05,25.63,13.92,1.04e+05,2.747e+05,3.453e+05,25.7,213,2.734e+05,1290,1621
sa1_7021970,62,78,2.367e+04,54035000,2283,1.672e+07,0.615,5.266e+05,5.682e+05,7.892,24,1.758e+05,1.68e+05,2.318e+05,37.98,156,3.464e+05,1077,1486
sa1_7021460,33,36,1.131e+04,25705000,2273,1.822e+07,0.6588,1.176e+05,1.535e+05,30.49,13.57,1.088e+05,1.176e+05,1.535e+05,30.49,114,2.255e+05,1032,1347
sa1_7021972,36,36,1.066e+04,24080000,2258,1.325e+07,0.6261,1.16e+05,1.438e+05,24.02,13.48,7.91e+04,1.16e+05,1.438e+05,24.02,126,1.911e+05,920.3,1141
sa1_7021457,29,33,1.061e+04,23950000,2258,1.985e+07,0.6796,1.062e+05,1.43e+05,34.62,13.48,1.186e+05,1.062e+05,1.43e+05,34.62,114,2.101e+05,932,1255
sa1_7021779,32,32,1.299e+04,29100000,2240,5.647e+06,0.6906,1.27e+05,1.738e+05,36.79,13.38,3.373e+04,1.27e+05,1.738e+05,36.79,186,1.565e+05,683.1,934.3
sa1_7021681,31,31,1.187e+04,26570000,2239,1.693e+07,0.6983,1.147e+05,1.587e+05,38.32,13.37,1.011e+05,1.147e+05,1.587e+05,38.32,159,1.671e+05,721.5,998
sa1_7021991,62,64,1.791e+04,39946000,2231,1.693e+07,0.6631,1.816e+05,2.386e+05,31.34,13.32,1.011e+05,1.816e+05,2.386e+05,31.34,165,2.421e+05,1101,1446
sa1_7022180,49,52,2.643e+04,58940000,2230,9.886e+06,0.6353,2.797e+05,3.52e+05,25.85,13.32,5.904e+04,2.797e+05,3.52e+05,25.85,150,3.929e+05,1865,2347
sa1_7034830,17,32,7105,15820000,2227,1.675e+07,0.4779,9.979e+04,9.448e+04,-5.327,13.3,1e+05,9.979e+04,9.448e+04,-5.327,93,1.701e+05,1073,1016
sa1_7034829,9,9,3374,7510000,2226,1.825e+07,0.4524,5.005e+04,4.485e+04,-10.39,13.29,1.09e+05,5.005e+04,4.485e+04,-10.39,75,1.001e+05,667.3,598
sa1_7022179,70,73,3.854e+04,85640000,2222,1.252e+07,0.5383,4.796e+05,5.114e+05,6.631,13.27,7.475e+04,4.796e+05,5.114e+05,6.631,207,4.137e+05,2317,2471
sa1_7021443,13,42,6403,14220000,2221,1.93e+07,0.4819,8.897e+04,8.492e+04,-4.549,13.26,1.153e+05,8.897e+04,8.492e+04,-4.549,120,1.185e+05,741.4,707.7
sa1_7021441,16,42,9282,20600000,2219,1.97e+07,0.5017,1.238e+05,1.23e+05,-0.6205,13.25,1.176e+05,1.238e+05,1.23e+05,-0.6205,165,1.248e+05,750.3,745.6
sa1_7021385,15,54,1.166e+04,25796000,2212,1.945e+07,0.3803,5.36e+05,3.44e+05,-35.82,29.5,2.594e+05,8.174e+04,8.369e+04,2.384,192,1.344e+05,425.7,435.9
sa1_7034917,11,17,3412,7540000,2210,2.262e+05,0.5426,9e+04,9.347e+04,3.851,27.4,2803,2.407e+04,2.709e+04,12.52,108,6.981e+04,222.9,250.8
sa1_7034955,33,55,1.022e+04,22570000,2209,1.673e+07,0.6136,1.109e+05,1.348e+05,21.54,13.19,9.992e+04,1.109e+05,1.348e+05,21.54,132,1.71e+05,840.2,1021
sa1_7021976,44,47,1.31e+04,28930000,2209,1.766e+07,0.6701,1.357e+05,1.8e+05,32.62,13.74,1.099e+05,1.281e+05,1.701e+05,32.79,132,2.192e+05,970.4,1289
sa1_7021362,31,70,1.572e+04,34415000,2189,2.442e+07,0.5913,1.755e+05,2.055e+05,17.13,13.07,1.458e+05,1.755e+05,2.055e+05,17.13,126,2.731e+05,1393,1631
sa1_7021398,45,46,2.009e+04,43965000,2189,1.637e+07,0.6409,2.068e+05,2.626e+05,26.96,13.07,9.777e+04,2.068e+05,2.626e+05,26.96,159,2.765e+05,1301,1651
sa1_7021839,58,59,2.141e+04,46762500,2184,1.623e+07,0.6198,2.275e+05,2.793e+05,22.76,13.04,9.695e+04,2.275e+05,2.793e+05,22.76,180,2.598e+05,1264,1551
sa1_7022160,70,78,4.22e+04,91902000,2178,1.435e+07,0.6161,4.58e+05,5.63e+05,22.93,13.34,8.789e+04,4.467e+05,5.436e+05,21.69,177,5.192e+05,2524,3071
sa1_7022164,45,47,2.745e+04,59740000,2177,1.539e+07,0.6479,2.78e+05,3.568e+05,28.35,13,9.193e+04,2.78e+05,3.568e+05,28.35,144,4.149e+05,1930,2478
sa1_7021988,35,58,1.273e+04,27485000,2159,1.863e+07,0.6735,1.23e+05,1.641e+05,33.41,12.89,1.113e+05,1.23e+05,1.641e+05,33.41,153,1.796e+05,804.2,1073
sa1_7021426,38,71,1.532e+04,32775000,2140,1.213e+07,0.5126,1.934e+05,1.969e+05,1.834,12.86,7.288e+04,1.926e+05,1.953e+05,1.416,219,1.497e+05,879.3,891.7
sa1_7021968,48,56,1.608e+04,34370000,2138,1.636e+07,0.6595,1.616e+05,2.134e+05,32.02,13.28,1.016e+05,1.554e+05,2.022e+05,30.1,180,1.909e+05,863.6,1124
sa1_7021979,17,64,1.548e+04,33045000,2135,2.219e+07,0.5818,1.772e+05,2.092e+05,18.03,13.51,1.404e+05,1.69e+05,1.93e+05,14.16,72,4.59e+05,2348,2680
sa1_7021975,27,31,9912,21095000,2128,1.663e+07,0.6781,9.379e+04,1.26e+05,34.32,12.71,9.933e+04,9.379e+04,1.26e+05,34.32,90,2.344e+05,1042,1400
sa1_7022112,15,37,8549,18190000,2128,1.477e+07,0.6624,8.279e+04,1.086e+05,31.21,12.71,8.82e+04,8.279e+04,1.086e+05,31.21,78,2.332e+05,1061,1393
sa1_7021780,22,29,8682,18430000,2123,1.696e+07,0.6025,9.223e+04,1.101e+05,19.34,12.68,1.013e+05,9.223e+04,1.101e+05,19.34,90,2.048e+05,1025,1223
sa1_7034742,34,45,1.011e+04,21430000,2121,1.831e+07,0.6155,1.05e+05,1.28e+05,21.93,12.66,1.093e+05,1.05e+05,1.28e+05,21.93,126,1.701e+05,833.1,1016
sa1_7021464,51,68,2.236e+04,47250000,2114,1.595e+07,0.6904,2.063e+05,2.822e+05,36.75,12.62,9.524e+04,2.063e+05,2.822e+05,36.75,174,2.716e+05,1186,1622
sa1_7021682,34,40,1.196e+04,25270000,2113,1.657e+07,0.6091,1.251e+05,1.509e+05,20.65,12.62,9.898e+04,1.251e+05,1.509e+05,20.65,144,1.755e+05,868.7,1048
sa1_7021986,38,43,1.175e+04,24795000,2110,1.691e+07,0.6397,1.169e+05,1.481e+05,26.72,12.6,1.01e+05,1.169e+05,1.481e+05,26.72,123,2.016e+05,950.1,1204
sa1_7021454,31,68,2.073e+04,43415000,2094,8.022e+06,0.7105,1.842e+05,2.593e+05,40.74,12.5,4.791e+04,1.842e+05,2.593e+05,40.74,165,2.631e+05,1117,1571
sa1_7021400,9,21,5295,11085000,2094,4.617e+06,0.6573,5.085e+04,6.62e+04,30.2,12.5,2.757e+04,5.085e+04,6.62e+04,30.2,66,1.68e+05,770.4,1003
sa1_7022167,32,34,1.803e+04,37700000,2091,1.617e+07,0.6406,1.774e+05,2.251e+05,26.89,12.49,9.656e+04,1.774e+05,2.251e+05,26.89,87,4.333e+05,2039,2588
sa1_7021487,37,41,1.38e+04,28840000,2090,2.812e+06,0.7102,1.224e+05,1.722e+05,40.67,12.48,1.68e+04,1.224e+05,1.722e+05,40.67,135,2.136e+05,906.9,1276
sa1_7021421,38,57,1.687e+04,35100000,2081,1.696e+07,0.6099,1.735e+05,2.096e+05,20.81,12.43,1.013e+05,1.735e+05,2.096e+05,20.81,138,2.543e+05,1257,1519
sa1_7034951,21,23,7658,15850000,2070,2.651e+05,0.6628,7.21e+04,9.466e+04,31.28,12.36,1583,7.21e+04,9.466e+04,31.28,60,2.642e+05,1202,1578
sa1_7021969,48,56,1.75e+04,36180000,2068,1.545e+07,0.6635,1.681e+05,2.221e+05,32.14,12.69,9.488e+04,1.63e+05,2.138e+05,31.17,168,2.154e+05,970.3,1273
sa1_7022162,48,54,3.185e+04,65846000,2067,1.511e+07,0.6563,3.159e+05,4.137e+05,30.94,12.99,9.49e+04,2.975e+05,3.857e+05,29.65,144,4.573e+05,2066,2678
sa1_7021981,31,33,1.031e+04,21265000,2062,1.59e+07,0.5994,1.07e+05,1.27e+05,18.72,12.31,9.495e+04,1.07e+05,1.27e+05,18.72,96,2.215e+05,1114,1323
sa1_7021783,37,67,1.727e+04,35070000,2031,1.559e+07,0.6798,1.571e+05,2.125e+05,35.22,12.31,9.445e+04,1.549e+05,2.083e+05,34.46,168,2.088e+05,922.2,1240
sa1_7021677,22,43,1.467e+04,29766000,2029,1.742e+07,0.6257,2.803e+05,3.534e+05,26.08,24.09,2.069e+05,9.272e+04,1.127e+05,21.56,108,2.756e+05,858.5,1044
sa1_7021402,22,40,9177,18585000,2025,1.431e+07,0.4686,1.196e+05,1.11e+05,-7.176,12.09,8.543e+04,1.196e+05,1.11e+05,-7.176,135,1.377e+05,885.7,822.2
sa1_7021933,48,55,1.718e+04,34760000,2024,9.533e+06,0.6913,1.516e+05,2.076e+05,36.94,12.09,5.693e+04,1.516e+05,2.076e+05,36.94,210,1.655e+05,721.9,988.5
sa1_7022042,35,46,1.486e+04,30055000,2022,1.557e+07,0.6001,1.51e+05,1.795e+05,18.88,12.08,9.296e+04,1.51e+05,1.795e+05,18.88,156,1.927e+05,967.9,1151
sa1_7034922,21,35,1.278e+04,25840000,2021,1.632e+07,0.6261,2.377e+05,3.147e+05,32.42,24.62,1.987e+05,8.249e+04,9.491e+04,15.06,78,3.313e+05,1058,1217
sa1_7022166,32,32,1.785e+04,36010000,2018,1.515e+07,0.6482,1.675e+05,2.151e+05,28.41,12.05,9.045e+04,1.675e+05,2.151e+05,28.41,84,4.287e+05,1994,2560
sa1_7021990,44,88,1.763e+04,35315000,2004,1.731e+07,0.5735,1.895e+05,2.154e+05,13.7,12.22,1.056e+05,1.842e+05,2.092e+05,13.56,189,1.869e+05,974.9,1107
sa1_7034983,69,75,4.252e+04,84540000,1988,4.275e+06,0.5764,4.422e+05,5.049e+05,14.17,11.87,2.553e+04,4.422e+05,5.049e+05,14.17,204,4.144e+05,2168,2475
sa1_7022034,30,60,1.678e+04,33110000,1973,1.384e+07,0.6099,2.209e+05,2.938e+05,33.01,17.51,1.228e+05,1.425e+05,1.621e+05,13.8,159,2.082e+05,896.1,1020
sa1_7021459,27,32,1.18e+04,23250000,1971,1.022e+06,0.6652,1.054e+05,1.389e+05,31.77,11.77,6101,1.054e+05,1.389e+05,31.77,108,2.153e+05,975.7,1286
sa1_7021813,37,67,2.28e+04,44616500,1957,7.268e+06,0.569,2.364e+05,2.665e+05,12.71,11.69,4.34e+04,2.364e+05,2.665e+05,12.71,180,2.479e+05,1313,1480
sa1_7021985,22,23,8141,15840000,1946,1.51e+07,0.7409,6.446e+04,9.46e+04,46.76,11.62,9.019e+04,6.446e+04,9.46e+04,46.76,57,2.779e+05,1131,1660
sa1_7034828,8,8,3502,6810000,1945,1.258e+07,0.6412,3.202e+04,4.067e+04,27.02,11.61,7.51e+04,3.202e+04,4.067e+04,27.02,54,1.261e+05,592.9,753.1
sa1_7021688,24,54,1.685e+04,32725000,1942,1.662e+07,0.65,1.778e+05,2.148e+05,20.82,12.75,1.091e+05,1.422e+05,1.883e+05,32.41,165,1.983e+05,861.7,1141
sa1_7021170,46,46,7911,15360000,1942,8.073e+06,0.4095,1.131e+05,9.173e+04,-18.89,11.6,4.821e+04,1.131e+05,9.173e+04,-18.89,132,1.164e+05,856.7,694.9
sa1_7021546,26,53,1.466e+04,28400000,1937,1.623e+07,0.5365,1.681e+05,1.801e+05,7.156,12.28,1.029e+05,1.565e+05,1.657e+05,5.922,117,2.427e+05,1337,1416
sa1_7021379,35,54,2.545e+04,49205000,1933,9.465e+06,0.6264,2.368e+05,2.939e+05,24.08,11.54,5.653e+04,2.368e+05,2.939e+05,24.08,285,1.726e+05,831,1031
sa1_7034864,19,19,1.092e+04,20990000,1923,9.551e+06,0.6374,9.928e+04,1.254e+05,26.26,11.48,5.704e+04,9.928e+04,1.254e+05,26.26,120,1.749e+05,827.3,1045
sa1_7021998,39,40,1.356e+04,26060000,1922,1.463e+07,0.6103,1.287e+05,1.556e+05,20.89,11.48,8.739e+04,1.287e+05,1.556e+05,20.89,117,2.227e+05,1100,1330
sa1_7021987,50,51,2.141e+04,41150000,1922,1.556e+07,0.7468,1.845e+05,2.764e+05,49.79,12.91,1.045e+05,1.593e+05,2.344e+05,47.14,150,2.743e+05,1062,1563
sa1_7021775,28,28,1.225e+04,23520000,1920,1.541e+07,0.6242,1.136e+05,1.405e+05,23.64,11.47,9.202e+04,1.136e+05,1.405e+05,23.64,105,2.24e+05,1082,1338
sa1_7021838,59,59,2.995e+04,57430000,1917,1.468e+07,0.6551,2.643e+05,3.43e+05,29.76,11.45,8.765e+04,2.643e+05,3.43e+05,29.76,174,3.301e+05,1519,1971
sa1_7022075,58,75,2.352e+04,44900000,1909,8.767e+06,0.6556,2.085e+05,2.714e+05,30.14,11.54,5.299e+04,2.057e+05,2.67e+05,29.75,171,2.626e+05,1203,1561
sa1_7021397,35,41,1.666e+04,31760000,1906,1.337e+07,0.6546,1.463e+05,1.897e+05,29.66,11.38,7.987e+04,1.463e+05,1.897e+05,29.66,174,1.825e+05,840.7,1090
sa1_7034912,1,1,4732,9000000,1902,1.482e+07,1,1.004e+05,1.989e+05,98.08,42.03,3.274e+05,0,0,,9,1e+06,0,0
sa1_7021930,23,92,1.176e+04,22365000,1902,1.832e+07,0.4635,1.55e+05,1.493e+05,-3.647,12.69,1.223e+05,1.42e+05,1.277e+05,-10.02,174,1.285e+05,815.9,734.1
sa1_7022090,46,46,1.464e+04,27820000,1900,1.304e+07,0.6432,1.304e+05,1.661e+05,27.41,11.35,7.79e+04,1.304e+05,1.661e+05,27.41,99,2.81e+05,1317,1678
sa1_7034851,34,39,1.46e+04,27695000,1897,1.197e+07,0.5811,1.437e+05,1.654e+05,15.11,11.33,7.15e+04,1.437e+05,1.654e+05,15.11,141,1.964e+05,1019,1173
sa1_7021685,16,18,7587,14305000,1885,1.616e+07,0.6638,6.497e+04,8.543e+04,31.49,11.26,9.649e+04,6.497e+04,8.543e+04,31.49,78,1.834e+05,833,1095
sa1_7034918,54,61,2.853e+04,53705000,1882,1.491e+07,0.6508,4.743e+05,5.819e+05,22.7,20.4,1.616e+05,1.653e+05,2.24e+05,35.52,186,2.887e+05,888.6,1204
sa1_7021773,49,58,2.098e+04,39440000,1880,1.196e+07,0.639,2.154e+05,2.743e+05,27.35,13.07,8.32e+04,1.752e+05,2.212e+05,26.23,165,2.39e+05,1062,1340
sa1_7022040,36,46,1.422e+04,26710000,1878,1.19e+07,0.71,1.134e+05,1.595e+05,40.64,11.22,7.108e+04,1.134e+05,1.595e+05,40.64,111,2.406e+05,1022,1437
sa1_7034853,9,48,1.517e+04,28448000,1875,1.44e+07,0.409,2.541e+05,2.53e+05,-0.4523,16.68,1.28e+05,1.932e+05,1.391e+05,-28,276,1.031e+05,700.1,504.1
sa1_7034973,48,73,2.096e+04,39295000,1874,1.223e+07,0.6142,1.954e+05,2.39e+05,22.34,11.4,7.44e+04,1.92e+05,2.331e+05,21.4,165,2.382e+05,1163,1412
sa1_7022048,57,57,2.008e+04,37615000,1874,1.303e+07,0.7057,1.607e+05,2.246e+05,39.78,11.19,7.781e+04,1.607e+05,2.246e+05,39.78,150,2.508e+05,1071,1498
sa1_7021993,70,72,2.384e+04,44565000,1869,1.526e+07,0.6656,2.018e+05,2.661e+05,31.85,11.16,9.111e+04,2.018e+05,2.661e+05,31.85,222,2.007e+05,909.2,1199
sa1_7021640,1,1,4530,8450000,1865,2.244e+06,1,9.426e+04,1.867e+05,98.08,41.22,4.959e+04,0,0,,84,1.006e+05,0,0
sa1_7021676,27,31,1.21e+04,22460000,1856,1.523e+07,0.6896,9.82e+04,1.341e+05,36.6,11.08,9.098e+04,9.82e+04,1.341e+05,36.6,105,2.139e+05,935.2,1277
sa1_7034825,29,30,1.612e+04,29825000,1851,1.427e+06,0.6805,1.321e+05,1.781e+05,34.79,11.05,8524,1.321e+05,1.781e+05,34.79,81,3.682e+05,1631,2199
sa1_7021995,26,39,1.405e+04,25980000,1849,1.602e+07,0.7605,1.03e+05,1.552e+05,50.65,11.04,9.568e+04,1.03e+05,1.552e+05,50.65,126,2.062e+05,817.4,1231
sa1_7022088,46,46,1.482e+04,27355000,1846,1.31e+07,0.6231,1.324e+05,1.634e+05,23.43,11.03,7.824e+04,1.324e+05,1.634e+05,23.43,135,2.026e+05,980.4,1210
sa1_7021974,18,18,1.127e+04,20770000,1842,1.655e+07,0.7326,8.547e+04,1.24e+05,45.12,11,9.881e+04,8.547e+04,1.24e+05,45.12,171,1.215e+05,499.8,725.4
sa1_7021463,37,38,1.853e+04,34120000,1841,1.251e+07,0.7066,1.456e+05,2.038e+05,39.96,11,7.469e+04,1.456e+05,2.038e+05,39.96,117,2.916e+05,1244,1742
sa1_7021430,18,18,8290,15260000,1841,1.361e+07,0.359,1.282e+05,9.113e+04,-28.89,10.99,8.127e+04,1.282e+05,9.113e+04,-28.89,126,1.211e+05,1017,723.3
sa1_7022038,23,32,9254,16895000,1826,1.256e+07,0.6826,7.462e+04,1.009e+05,35.22,10.9,7.504e+04,7.462e+04,1.009e+05,35.22,81,2.086e+05,921.2,1246
sa1_7034954,23,28,9567,17405000,1819,1.411e+07,0.6929,7.574e+04,1.039e+05,37.25,10.87,8.429e+04,7.574e+04,1.039e+05,37.25,81,2.149e+05,935,1283
sa1_7021290,52,62,2.816e+04,51203000,1818,1.339e+07,0.6512,3.001e+05,3.865e+05,28.81,13.72,1.011e+05,2.137e+05,2.759e+05,29.1,165,3.103e+05,1295,1672
sa1_7021844,46,48,2.157e+04,39165000,1816,1.179e+07,0.6483,1.821e+05,2.339e+05,28.41,10.84,7.038e+04,1.821e+05,2.339e+05,28.41,132,2.967e+05,1380,1772
sa1_7021833,56,56,2.359e+04,42740000,1812,1.281e+07,0.658,1.958e+05,2.552e+05,30.35,10.82,7.65e+04,1.958e+05,2.552e+05,30.35,189,2.261e+05,1036,1351
sa1_7034863,105,112,6.582e+04,119220000,1811,1.232e+07,0.684,5.255e+05,7.12e+05,35.48,10.82,7.357e+04,5.255e+05,7.12e+05,35.48,279,4.273e+05,1884,2552
sa1_7022089,46,50,1.481e+04,26770000,1808,1.265e+07,0.6089,1.403e+05,1.653e+05,17.84,11.16,7.81e+04,1.297e+05,1.579e+05,21.72,108,2.479e+05,1201,1462
sa1_7034972,27,53,1.368e+04,24695000,1806,1.435e+07,0.611,1.218e+05,1.475e+05,21.04,10.78,8.571e+04,1.218e+05,1.475e+05,21.04,132,1.871e+05,923.1,1117
sa1_7022107,16,45,1.34e+04,24050000,1795,1.35e+07,0.6247,1.161e+05,1.436e+05,23.74,10.72,8.062e+04,1.161e+05,1.436e+05,23.74,90,2.672e+05,1290,1596
sa1_7034958,105,122,2.986e+04,53566000,1794,1.442e+07,0.4658,3.467e+05,3.199e+05,-7.739,10.71,8.613e+04,3.467e+05,3.199e+05,-7.739,231,2.319e+05,1501,1385
sa1_7021387,39,47,2.03e+04,36283000,1788,9.449e+06,0.629,1.739e+05,2.167e+05,24.59,10.68,5.643e+04,1.739e+05,2.167e+05,24.59,120,3.024e+05,1449,1806
sa1_7034962,5,46,9348,16680000,1784,1.53e+07,0.5104,9.853e+04,9.961e+04,1.103,10.66,9.135e+04,9.853e+04,9.961e+04,1.103,81,2.059e+05,1216,1230
sa1_7021960,49,79,2.057e+04,36605000,1780,1.588e+07,0.5431,2.122e+05,2.329e+05,9.763,11.32,1.011e+05,1.999e+05,2.133e+05,6.72,201,1.821e+05,994.4,1061
sa1_7034921,30,39,1.344e+04,23880000,1777,1.588e+07,0.6349,1.134e+05,1.426e+05,25.75,10.61,9.481e+04,1.134e+05,1.426e+05,25.75,165,1.447e+05,687.3,864.3
sa1_7021994,31,36,1.214e+04,21562000,1776,1.427e+07,0.6766,9.608e+04,1.288e+05,34.03,10.61,8.525e+04,9.608e+04,1.288e+05,34.03,84,2.567e+05,1144,1533
sa1_7021774,46,57,2.009e+04,35647000,1774,1.406e+07,0.6075,1.799e+05,2.187e+05,21.62,10.89,8.628e+04,1.758e+05,2.107e+05,19.86,144,2.475e+05,1221,1463
sa1_7021818,32,35,1.391e+04,24660000,1773,7.776e+06,0.611,1.217e+05,1.473e+05,21.03,10.59,4.644e+04,1.217e+05,1.473e+05,21.03,114,2.163e+05,1067,1292
sa1_7022091,51,65,1.985e+04,35185000,1772,1.334e+07,0.6031,1.773e+05,2.128e+05,20.07,10.72,8.067e+04,1.754e+05,2.091e+05,19.24,183,1.923e+05,958.4,1143
sa1_7034971,20,34,9008,15960000,1772,1.204e+07,0.62,7.76e+04,9.531e+04,22.82,10.58,7.192e+04,7.76e+04,9.531e+04,22.82,81,1.97e+05,958.1,1177
sa1_7021409,9,66,1.373e+04,24272100,1768,1.035e+07,0.2935,6.364e+05,3.434e+05,-46.04,25.02,1.464e+05,1.06e+05,7.146e+04,-32.6,162,1.498e+05,654.5,441.1
sa1_7021829,24,46,1.635e+04,28880000,1766,1.398e+07,0.6221,1.4e+05,1.725e+05,23.24,10.55,8.348e+04,1.4e+05,1.725e+05,23.24,111,2.602e+05,1261,1554
sa1_7021771,30,51,1.692e+04,29835000,1764,1.231e+07,0.6658,1.351e+05,1.782e+05,31.89,10.53,7.349e+04,1.351e+05,1.782e+05,31.89,123,2.426e+05,1098,1449
sa1_7021866,57,57,3.015e+04,53080000,1761,1.08e+07,0.6693,2.391e+05,3.17e+05,32.57,10.52,6.45e+04,2.391e+05,3.17e+05,32.57,138,3.846e+05,1733,2297
sa1_7022060,60,61,2.128e+04,37355000,1756,1.24e+07,0.6272,1.796e+05,2.231e+05,24.23,10.48,7.408e+04,1.796e+05,2.231e+05,24.23,147,2.541e+05,1222,1518
sa1_7021934,74,78,2.637e+04,46215000,1752,1.264e+07,0.6834,2.039e+05,2.76e+05,35.37,10.46,7.549e+04,2.039e+05,2.76e+05,35.37,189,2.445e+05,1079,1460
sa1_7021687,20,31,9776,17100000,1749,1.408e+07,0.6668,8.294e+04,1.133e+05,36.56,11.59,9.325e+04,7.523e+04,9.8e+04,30.25,117,1.462e+05,643,837.6
sa1_7021407,8,8,5404,9423000,1744,6.564e+06,0.4416,6.434e+04,5.627e+04,-12.53,10.41,3.92e+04,6.434e+04,5.627e+04,-12.53,162,5.817e+04,397.2,347.4
sa1_7022070,45,55,1.76e+04,30685000,1743,9.451e+06,0.5866,1.624e+05,1.884e+05,16.04,10.7,5.803e+04,1.56e+05,1.813e+05,16.26,144,2.131e+05,1083,1259
sa1_7034824,23,42,2.01e+04,35035000,1743,1.641e+07,0.6003,1.76e+05,2.092e+05,18.91,10.41,9.8e+04,1.76e+05,2.092e+05,18.91,126,2.781e+05,1396,1661
sa1_7021391,50,54,2.554e+04,44480000,1741,1.303e+07,0.7016,1.911e+05,2.656e+05,38.98,10.4,7.779e+04,1.911e+05,2.656e+05,38.98,165,2.696e+05,1158,1610
sa1_7021837,45,53,3.177e+04,55240000,1739,1.085e+07,0.6616,2.517e+05,3.299e+05,31.04,10.38,6.477e+04,2.517e+05,3.299e+05,31.04,126,4.384e+05,1998,2618
sa1_7021830,42,43,1.752e+04,30410000,1735,8.632e+06,0.6365,1.441e+05,1.816e+05,26.07,10.36,5.155e+04,1.441e+05,1.816e+05,26.07,156,1.949e+05,923.4,1164
sa1_7021552,38,82,5.917e+04,102552000,1733,1.248e+07,0.6863,1.358e+06,1.901e+06,40.05,32.13,2.313e+05,1.146e+05,1.351e+05,17.96,153,6.703e+05,748.7,883.2
sa1_7022109,34,51,1.757e+04,30440000,1732,1.309e+07,0.7028,1.306e+05,1.818e+05,39.21,10.35,7.818e+04,1.306e+05,1.818e+05,39.21,138,2.206e+05,946.3,1317
sa1_7021439,3,8,8063,13940000,1729,1.246e+07,0.51,8.241e+04,8.325e+04,1.017,10.33,7.44e+04,8.241e+04,8.325e+04,1.017,246,5.667e+04,335,338.4
sa1_7034896,14,102,8.615e+04,148502000,1724,1.334e+07,0.2837,5.471e+06,2.984e+06,-45.46,34.64,2.681e+05,1.365e+05,1.102e+05,-19.25,114,1.303e+06,1197,966.8
sa1_7021931,32,45,1.247e+04,21478000,1723,1.379e+07,0.6135,1.149e+05,1.398e+05,21.67,11.21,8.977e+04,1.021e+05,1.24e+05,21.45,90,2.386e+05,1134,1378
sa1_7021678,14,14,7424,12770000,1720,1.382e+07,0.6668,5.774e+04,7.626e+04,32.09,10.27,8.252e+04,5.774e+04,7.626e+04,32.09,120,1.064e+05,481.1,635.5
sa1_7021992,36,39,2.047e+04,35200000,1720,1.507e+07,0.711,1.493e+05,2.102e+05,40.83,10.27,9e+04,1.493e+05,2.102e+05,40.83,192,1.833e+05,777.4,1095
sa1_7021279,39,54,1.699e+04,29210000,1719,7.737e+06,0.5822,1.513e+05,1.744e+05,15.33,10.27,4.621e+04,1.513e+05,1.744e+05,15.33,159,1.837e+05,951.3,1097
sa1_7021713,60,69,3.931e+04,67435000,1716,1.368e+07,0.6154,4.375e+05,5.192e+05,18.68,13.21,1.053e+05,2.907e+05,3.596e+05,23.69,159,4.241e+05,1828,2262
sa1_7021472,48,55,2.694e+04,46200000,1715,1.309e+07,0.6654,2.093e+05,2.759e+05,31.81,10.24,7.82e+04,2.093e+05,2.759e+05,31.81,162,2.852e+05,1292,1703
sa1_7022062,39,39,1.435e+04,24580000,1712,1.163e+07,0.6206,1.194e+05,1.468e+05,22.92,10.23,6.945e+04,1.194e+05,1.468e+05,22.92,99,2.483e+05,1206,1483
sa1_7022071,18,33,1.076e+04,18410000,1712,1.006e+07,0.6656,8.564e+04,1.12e+05,30.79,10.41,6.122e+04,8.256e+04,1.092e+05,32.24,93,1.98e+05,887.8,1174
sa1_7022087,27,44,1.524e+04,26075000,1711,1.135e+07,0.6034,1.303e+05,1.557e+05,19.53,10.22,6.781e+04,1.303e+05,1.557e+05,19.53,126,2.069e+05,1034,1236
sa1_7022158,51,59,3.001e+04,51325000,1710,1.138e+07,0.6566,2.357e+05,3.065e+05,30.07,10.21,6.794e+04,2.357e+05,3.065e+05,30.07,138,3.719e+05,1708,2221
sa1_7021418,65,71,2.489e+04,42360000,1702,1.351e+07,0.61,2.094e+05,2.53e+05,20.83,10.16,8.068e+04,2.094e+05,2.53e+05,20.83,180,2.353e+05,1163,1405
sa1_7022061,48,50,1.776e+04,30160000,1698,1.185e+07,0.6034,1.578e+05,1.889e+05,19.71,10.63,7.423e+04,1.481e+05,1.769e+05,19.46,150,2.011e+05,987.1,1179
sa1_7021712,43,47,2.224e+04,37710000,1696,1.211e+07,0.6112,1.86e+05,2.252e+05,21.07,10.13,7.233e+04,1.86e+05,2.252e+05,21.07,126,2.993e+05,1476,1787
sa1_7022086,47,58,1.874e+04,31700000,1691,1.3e+07,0.598,1.598e+05,1.893e+05,18.45,10.1,7.765e+04,1.598e+05,1.893e+05,18.45,153,2.072e+05,1045,1237
sa1_7021537,62,64,4.013e+04,67775000,1689,1.192e+07,0.6511,3.138e+05,4.048e+05,28.97,10.09,7.117e+04,3.138e+05,4.048e+05,28.97,180,3.765e+05,1744,2249
sa1_7022028,34,37,1.363e+04,22935000,1683,1.226e+07,0.6723,1.029e+05,1.37e+05,33.17,10.05,7.325e+04,1.029e+05,1.37e+05,33.17,120,1.911e+05,857.1,1141
sa1_7021939,62,64,2.653e+04,44630000,1682,1.26e+07,0.6257,2.195e+05,2.751e+05,25.34,10.37,7.766e+04,2.134e+05,2.634e+05,23.4,192,2.324e+05,1112,1372
sa1_7021465,47,53,2.071e+04,34770000,1679,1.286e+07,0.6363,1.696e+05,2.16e+05,27.36,10.43,7.988e+04,1.63e+05,2.046e+05,25.53,144,2.415e+05,1132,1421
sa1_7021871,34,52,2.464e+04,41325000,1677,1.203e+07,0.631,1.975e+05,2.468e+05,24.98,10.02,7.186e+04,1.975e+05,2.468e+05,24.98,105,3.936e+05,1881,2350
sa1_7021466,46,50,2.649e+04,44430000,1677,2.056e+06,0.5929,2.259e+05,2.653e+05,17.44,10.02,1.228e+04,2.259e+05,2.653e+05,17.44,159,2.794e+05,1421,1669
sa1_7022032,69,138,7.198e+04,120658000,1676,1.209e+07,0.6755,1.305e+06,1.811e+06,38.78,25.16,1.815e+05,2.546e+05,3.166e+05,24.36,144,8.379e+05,1768,2198
sa1_7021958,40,55,2.218e+04,37175000,1676,1.291e+07,0.6222,1.801e+05,2.22e+05,23.24,10.01,7.708e+04,1.801e+05,2.22e+05,23.24,141,2.637e+05,1278,1575
sa1_7021486,46,49,2.023e+04,33720000,1666,3.094e+06,0.6951,1.463e+05,2.014e+05,37.69,9.952,1.848e+04,1.463e+05,2.014e+05,37.69,204,1.653e+05,716.9,987.2
sa1_7022065,31,61,1.596e+04,26578000,1666,1.396e+07,0.6247,1.335e+05,1.625e+05,21.76,10.18,8.538e+04,1.263e+05,1.573e+05,24.53,120,2.215e+05,1053,1311
sa1_7021272,47,49,2.363e+04,39350000,1665,1.032e+07,0.6139,1.991e+05,2.382e+05,19.63,10.08,6.244e+04,1.911e+05,2.338e+05,22.37,132,2.981e+05,1448,1771
sa1_7021533,68,73,3.831e+04,63550000,1659,1.405e+07,0.6572,2.951e+05,3.866e+05,31,10.09,8.545e+04,2.902e+05,3.769e+05,29.87,189,3.362e+05,1536,1994
sa1_7021390,50,51,3.225e+04,53457000,1658,1.275e+07,0.6803,2.459e+05,3.269e+05,32.95,10.14,7.798e+04,2.336e+05,3.164e+05,35.46,123,4.346e+05,1899,2572
sa1_7021467,45,50,2.399e+04,39750000,1657,1.298e+07,0.6169,1.943e+05,2.374e+05,22.19,9.896,7.751e+04,1.943e+05,2.374e+05,22.19,126,3.155e+05,1542,1884
sa1_7021286,32,55,1.553e+04,25634000,1650,1.283e+07,0.6011,1.286e+05,1.531e+05,19.07,9.856,7.661e+04,1.286e+05,1.531e+05,19.07,141,1.818e+05,911.8,1086
sa1_7021714,42,47,3.279e+04,54055000,1648,1.225e+07,0.6957,3.208e+05,4.61e+05,43.69,14.06,1.045e+05,2.022e+05,2.717e+05,34.35,96,5.631e+05,2106,2830
sa1_7021468,31,71,1.964e+04,32330000,1646,1.572e+07,0.6065,1.752e+05,2.167e+05,23.74,11.04,1.054e+05,1.554e+05,1.843e+05,18.63,150,2.155e+05,1036,1229
sa1_7034956,15,21,1.215e+04,19985000,1645,1.432e+07,0.6487,9.289e+04,1.194e+05,28.49,9.826,8.55e+04,9.289e+04,1.194e+05,28.49,120,1.665e+05,774.1,994.6
sa1_7022069,34,56,1.887e+04,31000000,1643,9.733e+06,0.6246,1.496e+05,1.851e+05,23.73,9.811,5.813e+04,1.496e+05,1.851e+05,23.73,141,2.199e+05,1061,1313
sa1_7021782,25,28,1.058e+04,17355000,1641,1.27e+07,0.6058,8.638e+04,1.036e+05,19.99,9.798,7.585e+04,8.638e+04,1.036e+05,19.99,99,1.753e+05,872.5,1047
sa1_7021470,37,58,2.468e+04,40472000,1640,1.266e+07,0.5742,4.144e+05,4.602e+05,11.06,18.65,1.44e+05,1.377e+05,1.608e+05,16.72,99,4.088e+05,1391,1624
sa1_7034950,23,23,1.587e+04,25955000,1635,1.35e+07,0.6955,1.125e+05,1.55e+05,37.76,9.766,8.063e+04,1.125e+05,1.55e+05,37.76,183,1.418e+05,614.8,847
sa1_7022168,44,45,2.711e+04,44310000,1635,5.44e+06,0.6563,2.035e+05,2.646e+05,30.01,9.762,3.249e+04,2.035e+05,2.646e+05,30.01,111,3.992e+05,1834,2384
sa1_7021444,29,38,1.67e+04,27189000,1628,1.55e+07,0.5604,1.483e+05,1.663e+05,12.17,9.957,9.48e+04,1.455e+05,1.609e+05,10.56,153,1.777e+05,951.3,1052
sa1_7021842,4,93,3.984e+04,64821000,1627,1.256e+07,0.8023,4.681e+05,7.619e+05,62.76,19.12,1.476e+05,1.605e+05,2.483e+05,54.76,228,2.843e+05,703.7,1089
sa1_7022118,32,50,1.483e+04,24020000,1619,1.257e+07,0.536,1.351e+05,1.434e+05,6.169,9.67,7.504e+04,1.351e+05,1.434e+05,6.169,144,1.668e+05,938.3,996.2
sa1_7021769,58,68,2.592e+04,41949000,1618,1.385e+07,0.6015,2.172e+05,2.614e+05,20.36,10.08,8.631e+04,2.077e+05,2.465e+05,18.68,201,2.087e+05,1033,1226
sa1_7021770,36,51,2.167e+04,34900000,1610,1.237e+07,0.6611,1.592e+05,2.084e+05,30.96,9.618,7.388e+04,1.592e+05,2.084e+05,30.96,141,2.475e+05,1129,1478
sa1_7022100,23,36,1.208e+04,19450000,1610,1.249e+07,0.6294,9.316e+04,1.162e+05,24.68,9.617,7.46e+04,9.316e+04,1.162e+05,24.68,93,2.091e+05,1002,1249
sa1_7034969,24,24,1.037e+04,16680000,1608,5.811e+06,0.6488,7.751e+04,9.961e+04,28.51,9.602,3.47e+04,7.751e+04,9.961e+04,28.51,102,1.635e+05,759.9,976.6
sa1_7021929,24,40,1.618e+04,25985000,1606,1.542e+06,0.5912,1.325e+05,1.552e+05,17.12,9.592,9209,1.325e+05,1.552e+05,17.12,219,1.187e+05,605.1,708.6
sa1_7022030,54,55,2.697e+04,43270000,1604,1.237e+07,0.7123,1.832e+05,2.584e+05,41.09,9.58,7.39e+04,1.832e+05,2.584e+05,41.09,207,2.09e+05,884.8,1248
sa1_7021680,42,43,1.86e+04,29810000,1603,1.413e+07,0.6706,1.34e+05,1.78e+05,32.84,9.572,8.436e+04,1.34e+05,1.78e+05,32.84,132,2.258e+05,1015,1349
sa1_7021273,54,66,2.43e+04,38930000,1602,1.024e+07,0.6494,2.066e+05,2.728e+05,32.04,11.22,7.175e+04,1.712e+05,2.176e+05,27.12,153,2.544e+05,1119,1422
sa1_7022036,49,57,2.432e+04,38950000,1601,1.207e+07,0.6845,1.715e+05,2.326e+05,35.6,9.564,7.207e+04,1.715e+05,2.326e+05,35.6,186,2.094e+05,922.3,1251
sa1_7021471,33,36,1.695e+04,27086000,1598,8.853e+06,0.6495,1.257e+05,1.618e+05,28.65,9.544,5.287e+04,1.257e+05,1.618e+05,28.65,108,2.508e+05,1164,1498
sa1_7034836,53,62,2.226e+04,35575000,1598,1.022e+07,0.6048,2.109e+05,2.619e+05,24.2,11.76,7.524e+04,1.649e+05,1.941e+05,17.71,186,1.913e+05,886.7,1044
sa1_7021965,54,68,2.605e+04,41480000,1593,6.058e+06,0.6282,2.126e+05,2.707e+05,27.34,10.39,3.953e+04,1.941e+05,2.392e+05,23.25,156,2.659e+05,1244,1533
sa1_7034834,65,72,3.025e+04,47920000,1584,1.185e+07,0.603,2.396e+05,2.862e+05,19.44,9.46,7.077e+04,2.396e+05,2.862e+05,19.44,195,2.457e+05,1229,1468
sa1_7021977,20,20,1.185e+04,18760000,1583,1.15e+07,0.7308,7.739e+04,1.12e+05,44.76,9.457,6.87e+04,7.739e+04,1.12e+05,44.76,213,8.808e+04,363.3,526
sa1_7022059,43,46,1.751e+04,27710000,1582,1.168e+07,0.6108,1.368e+05,1.655e+05,20.98,9.449,6.974e+04,1.368e+05,1.655e+05,20.98,120,2.309e+05,1140,1379
sa1_7022137,54,61,2.198e+04,34740000,1581,1.049e+07,0.6772,1.547e+05,2.075e+05,34.15,9.44,6.266e+04,1.547e+05,2.075e+05,34.15,159,2.185e+05,972.7,1305
sa1_7021222,61,86,4.239e+04,66925000,1579,1.229e+07,0.5336,3.781e+05,3.997e+05,5.703,9.43,7.339e+04,3.781e+05,3.997e+05,5.703,213,3.142e+05,1775,1876
sa1_7034852,2,3,1.082e+04,17035000,1575,1.034e+07,0.767,6.696e+04,1.017e+05,51.93,9.406,6.174e+04,6.696e+04,1.017e+05,51.93,261,6.527e+04,256.6,389.8
sa1_7021285,33,33,1.769e+04,27780000,1570,3.028e+06,0.5781,1.449e+05,1.659e+05,14.52,9.378,1.808e+04,1.449e+05,1.659e+05,14.52,123,2.259e+05,1178,1349
sa1_7022064,45,61,2.31e+04,36249000,1569,1.269e+07,0.631,1.796e+05,2.273e+05,26.54,9.837,7.955e+04,1.709e+05,2.125e+05,24.37,138,2.627e+05,1238,1540
sa1_7022067,62,69,2.441e+04,38300000,1569,1.303e+07,0.5775,2e+05,2.287e+05,14.39,9.369,7.779e+04,2e+05,2.287e+05,14.39,171,2.24e+05,1169,1338
sa1_7021789,48,51,2.323e+04,36395000,1566,1.191e+07,0.6511,1.702e+05,2.203e+05,29.41,9.48,7.209e+04,1.679e+05,2.163e+05,28.8,168,2.166e+05,999.5,1287
sa1_7021772,51,58,2.243e+04,35109000,1566,1.726e+06,0.6043,1.889e+05,2.28e+05,20.73,10.17,1.121e+04,1.701e+05,2.029e+05,19.29,198,1.773e+05,859,1025
sa1_7021304,41,44,2.588e+04,40500000,1565,1.093e+07,0.6744,1.81e+05,2.419e+05,33.6,9.347,6.529e+04,1.81e+05,2.419e+05,33.6,111,3.649e+05,1631,2179
sa1_7021825,49,57,2.713e+04,42410000,1563,8.186e+06,0.6076,2.104e+05,2.533e+05,20.35,9.335,4.889e+04,2.104e+05,2.533e+05,20.35,135,3.141e+05,1559,1876
sa1_7020909,38,78,2.35e+04,36730000,1563,1.462e+07,0.6127,1.807e+05,2.194e+05,21.36,9.334,8.732e+04,1.807e+05,2.194e+05,21.36,213,1.724e+05,848.6,1030
sa1_7034970,26,64,1.765e+04,27560000,1561,1.464e+07,0.6339,1.311e+05,1.646e+05,25.57,9.323,8.743e+04,1.311e+05,1.646e+05,25.57,123,2.241e+05,1066,1338
sa1_7021220,31,56,2.774e+04,43220000,1558,1.276e+07,0.606,2.216e+05,2.695e+05,21.6,9.715,7.957e+04,2.126e+05,2.539e+05,19.45,120,3.602e+05,1771,2116
sa1_7021305,59,63,3.292e+04,51280000,1558,1.279e+07,0.6747,2.291e+05,3.062e+05,33.65,9.302,7.641e+04,2.291e+05,3.062e+05,33.65,192,2.671e+05,1193,1595
sa1_7022136,56,74,2.702e+04,41880000,1550,7.423e+06,0.608,2.077e+05,2.501e+05,20.44,9.257,4.433e+04,2.077e+05,2.501e+05,20.44,180,2.327e+05,1154,1390
sa1_7021950,51,59,2.569e+04,39815000,1550,1.196e+07,0.6557,1.858e+05,2.428e+05,30.64,9.451,7.291e+04,1.82e+05,2.359e+05,29.6,141,2.824e+05,1291,1673
sa1_7021480,43,44,2.565e+04,39750000,1550,1.21e+07,0.7391,1.621e+05,2.374e+05,46.41,9.256,7.226e+04,1.621e+05,2.374e+05,46.41,108,3.681e+05,1501,2198
sa1_7021786,58,60,3.617e+04,55970000,1547,1.379e+07,0.655,2.576e+05,3.343e+05,29.75,9.241,8.233e+04,2.576e+05,3.343e+05,29.75,171,3.273e+05,1507,1955
sa1_7022003,38,39,1.627e+04,25070000,1541,1.086e+07,0.5866,1.303e+05,1.523e+05,16.9,9.36,6.6e+04,1.283e+05,1.488e+05,15.92,117,2.143e+05,1097,1271
sa1_7021367,59,73,3.304e+04,50903000,1541,1.375e+07,0.5972,2.613e+05,3.106e+05,18.87,9.401,8.388e+04,2.554e+05,3.015e+05,18.07,159,3.201e+05,1606,1897
sa1_7021841,26,26,1.925e+04,29550000,1535,8.457e+06,0.662,1.346e+05,1.765e+05,31.12,9.166,5.051e+04,1.346e+05,1.765e+05,31.12,102,2.897e+05,1319,1730
sa1_7021835,36,41,2.177e+04,33360000,1532,1.235e+07,0.6458,1.558e+05,1.992e+05,27.91,9.15,7.375e+04,1.558e+05,1.992e+05,27.91,108,3.089e+05,1442,1845
sa1_7022041,20,21,1.238e+04,18943000,1531,1.344e+07,0.653,8.747e+04,1.131e+05,29.34,9.141,8.026e+04,8.747e+04,1.131e+05,29.34,144,1.315e+05,607.4,785.6
sa1_7034743,36,60,1.673e+04,25585000,1529,1.88e+07,0.6348,1.215e+05,1.528e+05,25.74,9.134,1.123e+05,1.215e+05,1.528e+05,25.74,156,1.64e+05,779,979.5
sa1_7021403,24,36,1.343e+04,20445000,1522,1.476e+07,0.5642,1.092e+05,1.221e+05,11.77,9.092,8.816e+04,1.092e+05,1.221e+05,11.77,138,1.482e+05,791.6,884.8
sa1_7021822,68,74,3.575e+04,54343000,1520,1.13e+07,0.6092,2.689e+05,3.245e+05,20.68,9.077,6.746e+04,2.689e+05,3.245e+05,20.68,165,3.294e+05,1630,1967
sa1_7021943,55,59,2.536e+04,38490000,1518,1.267e+07,0.6217,1.867e+05,2.299e+05,23.15,9.065,7.567e+04,1.867e+05,2.299e+05,23.15,135,2.851e+05,1383,1703
sa1_7021225,62,62,3.99e+04,60550000,1517,1.126e+07,0.5778,3.159e+05,3.616e+05,14.46,9.062,6.724e+04,3.159e+05,3.616e+05,14.46,183,3.309e+05,1726,1976
sa1_7021664,40,47,1.994e+04,30186000,1514,7.892e+06,0.7502,1.618e+05,2.42e+05,49.55,12.14,6.325e+04,1.063e+05,1.574e+05,48.07,126,2.396e+05,843.8,1249
sa1_7034977,19,22,8647,13080000,1513,8.247e+06,0.6384,6.178e+04,7.811e+04,26.45,9.034,4.925e+04,6.178e+04,7.811e+04,26.45,84,1.557e+05,735.4,929.9
sa1_7034751,22,91,2.416e+04,36485000,1510,1.253e+07,0.5358,2.053e+05,2.179e+05,6.14,9.019,7.48e+04,2.053e+05,2.179e+05,6.14,189,1.93e+05,1086,1153
sa1_7034837,36,45,1.579e+04,23840000,1510,2.353e+06,0.5826,1.234e+05,1.424e+05,15.4,9.015,1.405e+04,1.234e+05,1.424e+05,15.4,135,1.766e+05,913.9,1055
sa1_7021270,35,35,1.494e+04,22510000,1507,1.011e+07,0.6231,1.089e+05,1.344e+05,23.43,9.001,6.04e+04,1.089e+05,1.344e+05,23.43,120,1.876e+05,907.6,1120
sa1_7021202,28,48,1.972e+04,29680000,1505,1.165e+07,0.5638,1.587e+05,1.773e+05,11.69,8.989,6.956e+04,1.587e+05,1.773e+05,11.69,117,2.537e+05,1356,1515
sa1_7022116,40,52,1.99e+04,29870000,1501,1.127e+07,0.608,1.481e+05,1.784e+05,20.43,8.964,6.733e+04,1.481e+05,1.784e+05,20.43,138,2.164e+05,1073,1293
sa1_7021787,30,45,1.995e+04,29840000,1496,1.617e+06,0.6232,1.444e+05,1.782e+05,23.45,8.933,9655,1.444e+05,1.782e+05,23.45,114,2.618e+05,1266,1563
sa1_7021937,69,72,2.996e+04,44810000,1496,1.057e+07,0.5874,2.3e+05,2.676e+05,16.35,8.933,6.311e+04,2.3e+05,2.676e+05,16.35,216,2.075e+05,1065,1239
sa1_7022096,49,51,2.478e+04,36965000,1492,1.031e+07,0.7206,1.547e+05,2.208e+05,42.73,8.909,6.156e+04,1.547e+05,2.208e+05,42.73,192,1.925e+05,805.6,1150
sa1_7022105,44,53,2.252e+04,33590000,1492,1.071e+07,0.6893,1.469e+05,2.006e+05,36.54,8.909,6.395e+04,1.469e+05,2.006e+05,36.54,144,2.333e+05,1020,1393
sa1_7021781,27,52,1.853e+04,27628000,1491,1.32e+07,0.5203,1.601e+05,1.65e+05,3.059,8.904,7.885e+04,1.601e+05,1.65e+05,3.059,147,1.879e+05,1089,1122
sa1_7021230,52,55,2.58e+04,38370000,1487,1.099e+07,0.5862,2.026e+05,2.343e+05,15.67,9.081,6.712e+04,1.954e+05,2.272e+05,16.28,144,2.665e+05,1357,1578
sa1_7021711,60,62,4.508e+04,66890000,1484,1.244e+07,0.6413,3.145e+05,3.995e+05,27.04,8.862,7.432e+04,3.145e+05,3.995e+05,27.04,171,3.912e+05,1839,2336
sa1_7022029,33,42,1.567e+04,23137000,1477,9.663e+06,0.5733,1.319e+05,1.445e+05,9.525,9.222,6.035e+04,1.179e+05,1.358e+05,15.24,198,1.169e+05,595.3,686
sa1_7021936,45,73,3.096e+04,45600000,1473,1.049e+07,0.5767,2.44e+05,2.802e+05,14.84,9.05,6.444e+04,2.363e+05,2.694e+05,14,201,2.269e+05,1176,1340
sa1_7021870,44,59,2.927e+04,43100000,1473,6.428e+06,0.6703,1.939e+05,2.574e+05,32.77,8.794,3.839e+04,1.939e+05,2.574e+05,32.77,129,3.341e+05,1503,1995
sa1_7021785,34,40,1.989e+04,29115000,1464,9.191e+06,0.6159,1.425e+05,1.739e+05,22.01,8.743,5.489e+04,1.425e+05,1.739e+05,22.01,123,2.367e+05,1159,1414
sa1_7021784,42,45,2.347e+04,34330000,1463,1.295e+07,0.6136,1.687e+05,2.05e+05,21.54,8.737,7.736e+04,1.687e+05,2.05e+05,21.54,147,2.335e+05,1148,1395
sa1_7034965,25,35,1.644e+04,24043000,1463,2.091e+06,0.5532,1.31e+05,1.436e+05,9.587,8.736,1.249e+04,1.31e+05,1.436e+05,9.587,111,2.166e+05,1180,1294
sa1_7021218,32,44,2.572e+04,37610000,1462,1.191e+07,0.5629,2.061e+05,2.303e+05,11.74,8.954,7.292e+04,1.997e+05,2.225e+05,11.41,111,3.388e+05,1799,2005
sa1_7021715,46,48,3.498e+04,51100000,1461,1.164e+07,0.6306,2.443e+05,3.052e+05,24.92,8.724,6.954e+04,2.443e+05,3.052e+05,24.92,126,4.056e+05,1939,2422
sa1_7021836,39,43,2.014e+04,29360000,1458,1.157e+07,0.6548,1.352e+05,1.753e+05,29.7,8.707,6.909e+04,1.352e+05,1.753e+05,29.7,150,1.957e+05,901.3,1169
sa1_7021857,38,52,6.055e+04,88275000,1458,1.256e+07,0.7294,1.134e+06,1.689e+06,48.91,27.9,2.403e+05,7.991e+04,9.684e+04,21.18,9,9.808e+06,8879,1.076e+04
sa1_7021302,42,42,2.501e+04,36430000,1457,1.199e+07,0.6936,1.583e+05,2.176e+05,37.4,8.7,7.158e+04,1.583e+05,2.176e+05,37.4,135,2.699e+05,1173,1612
sa1_7022124,33,33,1.406e+04,20470000,1456,9.38e+06,0.6003,1.028e+05,1.222e+05,18.91,8.698,5.602e+04,1.028e+05,1.222e+05,18.91,114,1.796e+05,901.8,1072
sa1_7021492,72,79,4.6e+04,66930000,1455,1.317e+07,0.634,3.252e+05,4.108e+05,26.33,8.932,8.081e+04,3.157e+05,3.956e+05,25.3,198,3.38e+05,1595,1998
sa1_7021386,32,34,2.131e+04,30980000,1454,1.097e+07,0.6237,1.498e+05,1.85e+05,23.55,8.684,6.552e+04,1.498e+05,1.85e+05,23.55,120,2.582e+05,1248,1542
sa1_7022110,45,96,6.445e+04,93350000,1448,9.612e+06,0.7543,8.415e+05,1.361e+06,61.77,21.12,1.402e+05,1.996e+05,2.598e+05,30.12,117,7.979e+05,1706,2220
sa1_7021461,31,31,1.581e+04,22870000,1446,9.14e+06,0.6399,1.078e+05,1.366e+05,26.75,8.637,5.459e+04,1.078e+05,1.366e+05,26.75,90,2.541e+05,1197,1518
sa1_7034850,4,4,1.804e+04,26050000,1444,1.552e+07,0.7899,9.943e+04,1.556e+05,56.46,8.622,9.266e+04,9.943e+04,1.556e+05,56.46,6,4.342e+06,1.657e+04,2.593e+04
sa1_7021831,48,49,2.704e+04,39020000,1443,1.219e+07,0.6103,1.928e+05,2.33e+05,20.88,8.617,7.278e+04,1.928e+05,2.33e+05,20.88,129,3.025e+05,1494,1806
sa1_7034967,2,2,678.7,979000,1442,1.615e+06,0.6557,4501,5847,29.89,8.614,9642,4501,5847,29.89,105,9324,42.87,55.68
sa1_7022044,42,47,2.773e+04,39965000,1441,4.064e+06,0.7015,1.718e+05,2.387e+05,38.96,8.608,2.427e+04,1.718e+05,2.387e+05,38.96,120,3.33e+05,1431,1989
sa1_7022004,35,35,1.638e+04,23590000,1440,1.093e+07,0.5629,1.264e+05,1.409e+05,11.5,8.6,6.528e+04,1.264e+05,1.409e+05,11.5,99,2.383e+05,1276,1423
sa1_7021873,97,100,6.372e+04,91680000,1439,9.558e+06,0.6141,4.501e+05,5.475e+05,21.65,8.593,5.708e+04,4.501e+05,5.475e+05,21.65,222,4.13e+05,2027,2466
sa1_7021832,43,46,2.35e+04,33795000,1438,1.088e+07,0.667,1.528e+05,2.018e+05,32.11,8.587,6.499e+04,1.528e+05,2.018e+05,32.11,138,2.449e+05,1107,1463
sa1_7022068,32,40,1.776e+04,25381000,1429,1.229e+07,0.6466,1.184e+05,1.516e+05,28.07,8.537,7.34e+04,1.184e+05,1.516e+05,28.07,108,2.35e+05,1096,1403
sa1_7021962,67,68,3.519e+04,50245000,1428,1.118e+07,0.6036,2.543e+05,3.061e+05,20.36,8.698,6.809e+04,2.497e+05,2.978e+05,19.27,204,2.463e+05,1224,1460
sa1_7021883,48,59,2.4e+04,34240000,1427,1.145e+07,0.6126,1.685e+05,2.045e+05,21.34,8.522,6.84e+04,1.685e+05,2.045e+05,21.34,189,1.812e+05,891.6,1082
sa1_7022111,37,63,2.738e+04,39070000,1427,1.229e+07,0.6065,1.942e+05,2.333e+05,20.14,8.521,7.343e+04,1.942e+05,2.333e+05,20.14,165,2.368e+05,1177,1414
sa1_7021709,59,74,3.279e+04,46780000,1427,9.875e+06,0.5986,2.356e+05,2.794e+05,18.57,8.521,5.897e+04,2.356e+05,2.794e+05,18.57,168,2.785e+05,1402,1663
sa1_7022098,34,34,1.505e+04,21460000,1426,2.33e+06,0.74,1.364e+05,2.251e+05,65.06,14.96,2.444e+04,6.931e+04,9.227e+04,33.12,96,2.235e+05,722,961.1
sa1_7034840,27,57,1.687e+04,24045000,1425,6.119e+06,0.5272,1.375e+05,1.436e+05,4.439,8.513,3.654e+04,1.375e+05,1.436e+05,4.439,183,1.314e+05,751.3,784.7
sa1_7021233,54,54,2.596e+04,37000000,1425,1.119e+07,0.5536,2.015e+05,2.21e+05,9.651,8.511,6.681e+04,2.015e+05,2.21e+05,9.651,153,2.418e+05,1317,1444
sa1_7021469,27,38,1.671e+04,23765000,1422,1.303e+07,0.6862,1.044e+05,1.419e+05,35.92,8.495,7.783e+04,1.044e+05,1.419e+05,35.92,102,2.33e+05,1024,1391
sa1_7021530,41,44,2.426e+04,34460000,1420,1.002e+07,0.6403,1.623e+05,2.058e+05,26.83,8.482,5.986e+04,1.623e+05,2.058e+05,26.83,138,2.497e+05,1176,1491
sa1_7022135,32,37,1.698e+04,24065000,1417,1.072e+07,0.6068,1.196e+05,1.437e+05,20.19,8.465,6.401e+04,1.196e+05,1.437e+05,20.19,99,2.431e+05,1208,1452
sa1_7021725,64,69,4.04e+04,57230000,1417,1.129e+07,0.5942,2.904e+05,3.418e+05,17.69,8.461,6.745e+04,2.904e+05,3.418e+05,17.69,201,2.847e+05,1445,1700
sa1_7021292,39,43,2.1e+04,29745000,1416,1.137e+07,0.6486,1.383e+05,1.776e+05,28.47,8.457,6.789e+04,1.383e+05,1.776e+05,28.47,120,2.479e+05,1152,1480
sa1_7022108,41,49,2.045e+04,28805000,1409,9.721e+06,0.647,1.398e+05,1.812e+05,29.66,8.863,6.116e+04,1.322e+05,1.686e+05,27.58,117,2.462e+05,1130,1441
sa1_7022045,36,44,2.052e+04,28880000,1408,1.209e+07,0.5776,1.507e+05,1.725e+05,14.41,8.406,7.222e+04,1.507e+05,1.725e+05,14.41,108,2.674e+05,1396,1597
sa1_7022120,46,51,2.219e+04,31215000,1406,1.157e+07,0.6148,1.531e+05,1.864e+05,21.79,8.399,6.912e+04,1.531e+05,1.864e+05,21.79,138,2.262e+05,1109,1351
sa1_7021881,42,52,2.066e+04,29020000,1405,1.098e+07,0.6585,1.329e+05,1.733e+05,30.44,8.389,6.556e+04,1.329e+05,1.733e+05,30.44,114,2.546e+05,1166,1520
sa1_7021275,65,70,3.379e+04,47320000,1400,9.995e+06,0.6468,2.206e+05,2.826e+05,28.11,8.363,5.969e+04,2.206e+05,2.826e+05,28.11,177,2.673e+05,1246,1597
sa1_7021479,43,46,2.437e+04,34055000,1398,1.108e+07,0.6887,1.491e+05,2.034e+05,36.43,8.347,6.615e+04,1.491e+05,2.034e+05,36.43,129,2.64e+05,1156,1577
sa1_7021959,38,41,2.235e+04,31220000,1397,1.091e+07,0.6358,1.48e+05,1.864e+05,25.95,8.341,6.515e+04,1.48e+05,1.864e+05,25.95,99,3.154e+05,1495,1883
sa1_7021961,42,44,2.422e+04,33820000,1397,1.097e+07,0.6444,1.61e+05,2.067e+05,28.38,8.537,6.706e+04,1.572e+05,2.002e+05,27.38,105,3.221e+05,1497,1907
sa1_7022134,38,38,1.789e+04,24950000,1395,1.02e+07,0.6339,1.581e+05,1.888e+05,19.4,10.56,7.718e+04,1.04e+05,1.343e+05,29.03,99,2.52e+05,1051,1356
sa1_7021717,58,62,3.813e+04,53170000,1394,1.091e+07,0.621,2.581e+05,3.175e+05,23.01,8.327,6.518e+04,2.581e+05,3.175e+05,23.01,171,3.109e+05,1510,1857
sa1_7034976,28,30,1.378e+04,19210000,1394,1.074e+07,0.6583,8.798e+04,1.147e+05,30.4,8.323,6.416e+04,8.798e+04,1.147e+05,30.4,75,2.561e+05,1173,1530
sa1_7022126,49,52,2.562e+04,35710000,1394,1.086e+07,0.6341,1.739e+05,2.215e+05,27.34,8.644,6.735e+04,1.682e+05,2.102e+05,24.94,150,2.381e+05,1122,1401
sa1_7022123,56,72,3.054e+04,42520000,1392,1.106e+07,0.6076,2.11e+05,2.539e+05,20.36,8.315,6.606e+04,2.11e+05,2.539e+05,20.36,189,2.25e+05,1116,1344
sa1_7021229,48,52,2.764e+04,38460000,1391,8.798e+06,0.5866,1.977e+05,2.297e+05,16.2,8.309,5.254e+04,1.977e+05,2.297e+05,16.2,165,2.331e+05,1198,1392
sa1_7021295,34,34,1.614e+04,22450000,1391,7.648e+06,0.5535,1.223e+05,1.341e+05,9.64,8.309,4.567e+04,1.223e+05,1.341e+05,9.64,114,1.969e+05,1073,1176
sa1_7022106,47,61,2.445e+04,34010000,1391,1.023e+07,0.6211,1.673e+05,2.071e+05,23.8,8.468,6.226e+04,1.643e+05,2.016e+05,22.73,162,2.099e+05,1014,1245
sa1_7022128,66,74,3.379e+04,46970000,1390,1.053e+07,0.6089,2.326e+05,2.805e+05,20.62,8.301,6.286e+04,2.326e+05,2.805e+05,20.62,195,2.409e+05,1193,1439
sa1_7022114,18,25,9920,13760000,1387,9.603e+06,0.5786,7.458e+04,8.564e+04,14.84,8.634,5.977e+04,7.063e+04,8.089e+04,14.53,63,2.184e+05,1121,1284
sa1_7022012,32,33,1.8e+04,24940000,1386,7.667e+06,0.6251,1.203e+05,1.489e+05,23.81,8.275,4.579e+04,1.203e+05,1.489e+05,23.81,117,2.132e+05,1028,1273
sa1_7022095,45,46,2.017e+04,27920000,1384,1.034e+07,0.6277,1.341e+05,1.667e+05,24.34,8.266,6.173e+04,1.341e+05,1.667e+05,24.34,147,1.899e+05,912.3,1134
sa1_7022129,34,34,1.619e+04,22360000,1381,9.896e+06,0.6201,1.087e+05,1.335e+05,22.83,8.248,5.91e+04,1.087e+05,1.335e+05,22.83,102,2.192e+05,1066,1309
sa1_7034937,31,35,1.818e+04,25100000,1381,1.071e+07,0.4283,1.767e+05,1.499e+05,-15.17,8.245,6.394e+04,1.767e+05,1.499e+05,-15.17,93,2.699e+05,1900,1612
sa1_7021948,31,33,1.862e+04,25710000,1381,1.128e+07,0.6392,1.213e+05,1.535e+05,26.62,8.245,6.737e+04,1.213e+05,1.535e+05,26.62,108,2.381e+05,1123,1422
sa1_7022131,56,57,2.727e+04,37630000,1380,9.991e+06,0.6327,1.793e+05,2.247e+05,25.33,8.24,5.967e+04,1.793e+05,2.247e+05,25.33,171,2.201e+05,1049,1314
sa1_7021307,34,36,1.838e+04,25320000,1378,9.726e+06,0.6351,1.202e+05,1.512e+05,25.8,8.229,5.808e+04,1.202e+05,1.512e+05,25.8,102,2.482e+05,1178,1482
sa1_7022121,53,54,2.56e+04,35260000,1378,1.105e+07,0.623,1.706e+05,2.106e+05,23.41,8.227,6.601e+04,1.706e+05,2.106e+05,23.41,171,2.062e+05,997.8,1231
sa1_7021232,57,64,3.416e+04,47040000,1377,1.044e+07,0.5613,2.565e+05,2.853e+05,11.21,8.35,6.333e+04,2.513e+05,2.793e+05,11.17,156,3.015e+05,1611,1790
sa1_7021964,53,70,3.302e+04,45435000,1376,1.087e+07,0.5853,2.34e+05,2.713e+05,15.93,8.218,6.489e+04,2.34e+05,2.713e+05,15.93,201,2.26e+05,1164,1350
sa1_7034804,38,40,1.894e+04,26010000,1373,9.432e+06,0.5951,1.318e+05,1.553e+05,17.87,8.201,5.633e+04,1.318e+05,1.553e+05,17.87,99,2.627e+05,1331,1569
sa1_7021227,32,37,2.881e+04,39510000,1371,1.16e+07,0.6844,1.741e+05,2.36e+05,35.57,8.19,6.927e+04,1.741e+05,2.36e+05,35.57,108,3.658e+05,1612,2185
sa1_7021288,42,48,2.031e+04,27840000,1371,6.131e+06,0.5921,1.418e+05,1.663e+05,17.28,8.188,3.661e+04,1.418e+05,1.663e+05,17.28,141,1.974e+05,1005,1179
sa1_7021280,60,61,3.389e+04,46465000,1371,8.256e+06,0.6545,2.171e+05,2.83e+05,30.37,8.349,5.028e+04,2.129e+05,2.755e+05,29.37,198,2.347e+05,1075,1391
sa1_7021281,51,53,3.282e+04,44980000,1371,1.007e+07,0.6159,2.259e+05,2.799e+05,23.92,8.529,6.265e+04,2.181e+05,2.644e+05,21.27,159,2.829e+05,1372,1663
sa1_7021413,41,48,1.868e+04,25560000,1368,1.123e+07,0.5529,1.684e+05,1.989e+05,18.13,10.65,8.738e+04,1.286e+05,1.355e+05,5.344,174,1.469e+05,739.3,778.8
sa1_7034974,22,33,1.393e+04,19030000,1367,1.067e+07,0.6345,9.319e+04,1.184e+05,27.06,8.502,6.637e+04,8.939e+04,1.119e+05,25.16,93,2.046e+05,961.2,1203
sa1_7022159,46,49,4.512e+04,61630000,1366,1.022e+07,0.6459,2.877e+05,3.681e+05,27.94,8.157,6.106e+04,2.877e+05,3.681e+05,27.94,129,4.778e+05,2230,2853
sa1_7034963,35,43,1.971e+04,26885000,1364,8.903e+06,0.6479,1.28e+05,1.639e+05,28.09,8.318,5.429e+04,1.24e+05,1.593e+05,28.44,135,1.991e+05,918.8,1180
sa1_7021817,34,40,1.911e+04,26060000,1363,1.019e+07,0.5956,1.319e+05,1.556e+05,17.98,8.142,6.085e+04,1.319e+05,1.556e+05,17.98,117,2.227e+05,1128,1330
sa1_7021768,39,49,2.662e+04,36275000,1363,1.112e+07,0.6768,1.616e+05,2.166e+05,34.07,8.139,6.639e+04,1.616e+05,2.166e+05,34.07,183,1.982e+05,883,1184
sa1_7034847,2,77,8109,11014000,1358,1.405e+07,0.6369,9.176e+04,1.22e+05,32.97,15.05,1.556e+05,3.746e+04,4.495e+04,19.99,120,9.178e+04,312.1,374.5
sa1_7021476,43,50,2.928e+04,39730000,1357,1.236e+07,0.7271,1.647e+05,2.373e+05,44.03,8.102,7.383e+04,1.647e+05,2.373e+05,44.03,129,3.08e+05,1277,1839
sa1_7022043,19,31,1.287e+04,17455000,1356,8.13e+06,0.6584,7.993e+04,1.042e+05,30.42,8.099,4.855e+04,7.993e+04,1.042e+05,30.42,144,1.212e+05,555,723.9
sa1_7022122,65,84,3.719e+04,50405000,1355,1.077e+07,0.6103,2.49e+05,3.01e+05,20.9,8.094,6.432e+04,2.49e+05,3.01e+05,20.9,207,2.435e+05,1203,1454
sa1_7021507,33,49,1.972e+04,26705000,1354,1.073e+07,0.5743,1.402e+05,1.595e+05,13.76,8.086,6.41e+04,1.402e+05,1.595e+05,13.76,117,2.282e+05,1198,1363
sa1_7034975,36,75,2.437e+04,32990000,1354,6.505e+06,0.542,1.835e+05,1.97e+05,7.365,8.084,3.885e+04,1.835e+05,1.97e+05,7.365,213,1.549e+05,861.5,925
sa1_7021231,34,38,2.736e+04,37040000,1354,1.137e+07,0.6632,1.684e+05,2.212e+05,31.37,8.084,6.788e+04,1.684e+05,2.212e+05,31.37,102,3.631e+05,1651,2169
sa1_7021287,47,49,2.636e+04,35645000,1352,9.851e+06,0.5774,1.861e+05,2.129e+05,14.37,8.077,5.883e+04,1.861e+05,2.129e+05,14.37,171,2.085e+05,1088,1245
sa1_7022170,63,65,3.566e+04,48195000,1351,1.101e+07,0.6187,2.348e+05,2.878e+05,22.56,8.07,6.575e+04,2.348e+05,2.878e+05,22.56,183,2.634e+05,1283,1573
sa1_7021946,54,58,3.511e+04,47410000,1350,1.041e+07,0.6342,2.289e+05,2.888e+05,26.19,8.226,6.344e+04,2.241e+05,2.81e+05,25.4,153,3.099e+05,1465,1837
sa1_7022156,57,62,2.798e+04,37760000,1350,1.03e+07,0.6268,1.816e+05,2.255e+05,24.16,8.06,6.149e+04,1.816e+05,2.255e+05,24.16,183,2.063e+05,992.5,1232
sa1_7021224,17,18,1.511e+04,20380000,1349,9.735e+06,0.4855,2.934e+05,2.555e+05,-12.91,16.91,1.221e+05,6.476e+04,7.214e+04,11.4,42,4.852e+05,1542,1718
sa1_7034966,26,31,2.063e+04,27795000,1347,1.101e+07,0.6057,1.384e+05,1.66e+05,19.98,8.045,6.575e+04,1.384e+05,1.66e+05,19.98,141,1.971e+05,981.2,1177
sa1_7021867,52,66,3.756e+04,50592000,1347,9.797e+06,0.6421,2.376e+05,3.021e+05,27.19,8.044,5.851e+04,2.376e+05,3.021e+05,27.19,117,4.324e+05,2030,2582
sa1_7021193,39,45,1.953e+04,26290000,1346,1.038e+07,0.5682,1.491e+05,1.672e+05,12.12,8.561,6.598e+04,1.359e+05,1.532e+05,12.72,93,2.827e+05,1462,1648
sa1_7021673,11,11,1.142e+04,15360000,1345,1.723e+06,0.6459,7.17e+04,9.173e+04,27.95,8.033,1.029e+04,7.17e+04,9.173e+04,27.95,159,9.66e+04,450.9,576.9
sa1_7021945,40,67,2.835e+04,38045000,1342,1.152e+07,0.5719,2.006e+05,2.272e+05,13.29,8.014,6.883e+04,2.006e+05,2.272e+05,13.29,171,2.225e+05,1173,1329
sa1_7021374,30,32,1.506e+04,20200000,1341,7.224e+06,0.5887,1.035e+05,1.206e+05,16.6,8.01,4.314e+04,1.035e+05,1.206e+05,16.6,96,2.104e+05,1078,1257
sa1_7021531,56,56,3.882e+04,52032000,1340,9.898e+06,0.6247,2.511e+05,3.107e+05,23.75,8.005,5.911e+04,2.511e+05,3.107e+05,23.75,159,3.272e+05,1579,1954
sa1_7021291,73,83,4.575e+04,61240000,1339,9.347e+06,0.6959,2.653e+05,3.657e+05,37.84,7.995,5.582e+04,2.653e+05,3.657e+05,37.84,204,3.002e+05,1301,1793
sa1_7021475,45,62,2.684e+04,35920000,1338,1.164e+07,0.5821,1.861e+05,2.145e+05,15.3,7.993,6.952e+04,1.861e+05,2.145e+05,15.3,129,2.784e+05,1442,1663
sa1_7021485,31,34,1.528e+04,20361000,1333,1.006e+07,0.6468,1.021e+05,1.316e+05,28.91,8.611,6.502e+04,9.226e+04,1.179e+05,27.79,87,2.34e+05,1060,1355
sa1_7022009,55,64,3.418e+04,45540000,1332,9.033e+06,0.6152,2.232e+05,2.72e+05,21.85,7.957,5.395e+04,2.232e+05,2.72e+05,21.85,201,2.266e+05,1110,1353
sa1_7034953,1,1,8787,11660000,1327,3.119e+07,0.4627,7.598e+04,6.963e+04,-8.347,7.925,1.863e+05,7.598e+04,6.963e+04,-8.347,108,1.08e+05,703.5,644.8
sa1_7022127,37,37,1.619e+04,21460000,1326,9.772e+06,0.579,1.117e+05,1.282e+05,14.69,7.918,5.836e+04,1.117e+05,1.282e+05,14.69,108,1.987e+05,1035,1187
sa1_7022097,79,88,3.622e+04,47790000,1319,8.746e+06,0.7502,2.958e+05,4.892e+05,65.37,13.51,8.952e+04,1.536e+05,2.099e+05,36.63,177,2.7e+05,868,1186
sa1_7021425,21,46,1.598e+04,21080000,1319,1.214e+07,0.4833,1.315e+05,1.259e+05,-4.273,7.879,7.248e+04,1.315e+05,1.259e+05,-4.273,165,1.278e+05,797,763
sa1_7021504,53,54,2.496e+04,32875000,1317,8.672e+06,0.6136,1.615e+05,1.963e+05,21.54,7.865,5.179e+04,1.615e+05,1.963e+05,21.54,138,2.382e+05,1171,1423
sa1_7021722,46,49,2.475e+04,32580000,1316,1.04e+07,0.5818,1.688e+05,1.946e+05,15.24,7.86,6.212e+04,1.688e+05,1.946e+05,15.24,144,2.262e+05,1172,1351
sa1_7021284,60,60,4.731e+04,62208000,1315,1.021e+07,0.6089,3.08e+05,3.715e+05,20.61,7.852,6.097e+04,3.08e+05,3.715e+05,20.61,135,4.608e+05,2282,2752
sa1_7021372,40,41,2.471e+04,32475000,1314,7.281e+06,0.606,1.616e+05,1.939e+05,20.04,7.848,4.348e+04,1.616e+05,1.939e+05,20.04,90,3.608e+05,1795,2155
sa1_7034948,54,56,2.923e+04,38329000,1311,7.638e+06,0.6188,1.867e+05,2.289e+05,22.58,7.832,4.561e+04,1.867e+05,2.289e+05,22.58,156,2.457e+05,1197,1467
sa1_7021851,24,38,1.322e+04,17330000,1311,7.478e+06,0.5551,9.413e+04,1.035e+05,9.955,7.83,4.466e+04,9.413e+04,1.035e+05,9.955,108,1.605e+05,871.5,958.3
sa1_7021503,55,56,2.832e+04,37095000,1310,1.034e+07,0.5977,1.871e+05,2.215e+05,18.39,7.824,6.174e+04,1.871e+05,2.215e+05,18.39,150,2.473e+05,1247,1477
sa1_7020987,34,47,1.942e+04,25380000,1307,7.588e+06,0.6374,1.201e+05,1.516e+05,26.25,7.807,4.532e+04,1.201e+05,1.516e+05,26.25,114,2.226e+05,1053,1330
sa1_7021399,28,32,1.382e+04,18060000,1307,1.018e+07,0.5847,9.312e+04,1.079e+05,15.83,7.805,6.079e+04,9.312e+04,1.079e+05,15.83,117,1.544e+05,795.9,921.8
sa1_7034832,35,40,1.477e+04,19243000,1303,1.106e+07,0.5262,1.186e+05,1.223e+05,3.129,8.285,7.033e+04,1.071e+05,1.122e+05,4.691,147,1.309e+05,728.9,763.1
sa1_7021847,21,56,2.078e+04,27080000,1303,8.124e+06,0.6093,1.34e+05,1.617e+05,20.69,7.782,4.852e+04,1.34e+05,1.617e+05,20.69,132,2.052e+05,1015,1225
sa1_7021528,62,68,3.168e+04,41190000,1300,1.072e+07,0.5799,2.628e+05,2.894e+05,10.1,9.135,7.529e+04,1.961e+05,2.299e+05,17.23,183,2.251e+05,1072,1256
sa1_7021243,64,94,4.96e+04,64440000,1299,1.004e+07,0.5436,5.089e+05,5.451e+05,7.115,10.99,8.495e+04,3.013e+05,3.255e+05,8.02,180,3.58e+05,1674,1808
sa1_7022026,46,53,2.359e+04,30642000,1299,9.865e+06,0.6353,1.454e+05,1.83e+05,25.83,7.757,5.892e+04,1.454e+05,1.83e+05,25.83,156,1.964e+05,932.2,1173
sa1_7022104,37,43,2.068e+04,26805000,1296,9.82e+06,0.632,1.385e+05,1.784e+05,28.81,8.625,6.535e+04,1.239e+05,1.533e+05,23.7,129,2.078e+05,960.7,1188
sa1_7022015,43,45,2.681e+04,34740000,1296,9.294e+06,0.6044,1.733e+05,2.075e+05,19.72,7.739,5.55e+04,1.733e+05,2.075e+05,19.72,123,2.824e+05,1409,1687
sa1_7021848,25,46,1.489e+04,19300000,1296,5.814e+06,0.545,1.068e+05,1.153e+05,7.964,7.739,3.472e+04,1.068e+05,1.153e+05,7.964,108,1.787e+05,988.5,1067
sa1_7021223,37,41,2.801e+04,36020000,1286,1.023e+07,0.5885,1.845e+05,2.151e+05,16.57,7.679,6.111e+04,1.845e+05,2.151e+05,16.57,99,3.638e+05,1864,2173
sa1_7021869,38,45,3.433e+04,44114000,1285,7.382e+06,0.6253,2.127e+05,2.635e+05,23.86,7.674,4.409e+04,2.127e+05,2.635e+05,23.86,108,4.085e+05,1970,2439
sa1_7022092,37,37,1.642e+04,21090000,1285,7.154e+06,0.7421,1.092e+05,1.726e+05,58,10.51,5.853e+04,7.697e+04,1.087e+05,41.21,87,2.424e+05,884.7,1249
sa1_7021481,61,62,3.085e+04,39630000,1285,7.418e+06,0.6389,1.87e+05,2.367e+05,26.55,7.673,4.43e+04,1.87e+05,2.367e+05,26.55,159,2.492e+05,1176,1489
sa1_7021414,30,35,1.285e+04,16470000,1282,1.106e+07,0.5275,9.413e+04,9.836e+04,4.498,7.655,6.606e+04,9.413e+04,9.836e+04,4.498,123,1.339e+05,765.3,799.7
sa1_7021192,23,33,1.549e+04,19847000,1281,1.102e+07,0.59,1.285e+05,1.65e+05,28.35,10.65,9.157e+04,9.138e+04,1.013e+05,10.88,54,3.675e+05,1692,1876
sa1_7021277,37,41,1.62e+04,20705000,1278,9.095e+06,0.5748,1.086e+05,1.237e+05,13.86,7.634,5.431e+04,1.086e+05,1.237e+05,13.86,123,1.683e+05,882.9,1005
sa1_7034964,26,28,2.44e+04,31165000,1277,1.067e+07,0.6434,1.46e+05,1.861e+05,27.44,7.629,6.372e+04,1.46e+05,1.861e+05,27.44,129,2.416e+05,1132,1443
sa1_7021865,52,52,4.066e+04,51945000,1277,6.882e+06,0.6514,2.404e+05,3.102e+05,29.03,7.629,4.11e+04,2.404e+05,3.102e+05,29.03,108,4.81e+05,2226,2872
sa1_7021289,49,54,2.521e+04,32200000,1277,9.216e+06,0.5766,1.684e+05,1.923e+05,14.22,7.629,5.504e+04,1.684e+05,1.923e+05,14.22,168,1.917e+05,1002,1145
sa1_7021371,41,52,3.447e+04,43815000,1271,8.305e+06,0.7392,1.787e+05,2.617e+05,46.43,7.591,4.96e+04,1.787e+05,2.617e+05,46.43,93,4.711e+05,1921,2814
sa1_7022130,57,61,3.089e+04,39190000,1269,1.002e+07,0.612,1.931e+05,2.34e+05,21.23,7.577,5.986e+04,1.931e+05,2.34e+05,21.23,168,2.333e+05,1149,1393
sa1_7021954,47,49,2.428e+04,30795000,1269,9.089e+06,0.5978,1.553e+05,1.839e+05,18.41,7.576,5.428e+04,1.553e+05,1.839e+05,18.41,129,2.387e+05,1204,1426
sa1_7022039,54,57,4.401e+04,55798000,1268,1.016e+07,0.809,4.457e+05,7.545e+05,69.26,17.14,1.373e+05,1.199e+05,1.772e+05,47.86,138,4.043e+05,868.6,1284
sa1_7022050,42,42,2.177e+04,27570000,1267,1.012e+07,0.6198,1.341e+05,1.647e+05,22.78,7.564,6.043e+04,1.341e+05,1.647e+05,22.78,129,2.137e+05,1040,1276
sa1_7021215,38,42,3.294e+04,41661000,1265,9.793e+06,0.5674,2.214e+05,2.488e+05,12.4,7.554,5.849e+04,2.214e+05,2.488e+05,12.4,108,3.858e+05,2050,2304
sa1_7021708,42,56,3.296e+04,41625000,1263,9.421e+06,0.6408,1.958e+05,2.486e+05,26.94,7.542,5.626e+04,1.958e+05,2.486e+05,26.94,108,3.854e+05,1813,2302
sa1_7021767,25,28,1.398e+04,17640000,1262,9.482e+06,0.5852,9.089e+04,1.053e+05,15.91,7.538,5.663e+04,9.089e+04,1.053e+05,15.91,108,1.633e+05,841.5,975.4
sa1_7021777,40,40,2.263e+04,28399000,1255,9.115e+06,0.6181,1.385e+05,1.696e+05,22.44,7.494,5.443e+04,1.385e+05,1.696e+05,22.44,129,2.201e+05,1074,1315
sa1_7021214,39,40,4.059e+04,50930000,1255,1.034e+07,0.6031,2.546e+05,3.042e+05,19.46,7.494,6.175e+04,2.546e+05,3.042e+05,19.46,135,3.773e+05,1886,2253
sa1_7021868,61,61,5.183e+04,64910000,1252,9.574e+06,0.6955,2.814e+05,3.876e+05,37.77,7.479,5.718e+04,2.814e+05,3.876e+05,37.77,138,4.704e+05,2039,2809
sa1_7021828,69,69,4.066e+04,50850000,1251,8.78e+06,0.5987,2.561e+05,3.037e+05,18.6,7.469,5.244e+04,2.561e+05,3.037e+05,18.6,207,2.457e+05,1237,1467
sa1_7022031,27,31,1.939e+04,24243000,1250,9.112e+06,0.7379,9.905e+04,1.448e+05,46.17,7.466,5.442e+04,9.905e+04,1.448e+05,46.17,84,2.886e+05,1179,1724
sa1_7021843,33,86,4.014e+04,50075500,1248,7.765e+06,0.5127,2.945e+05,2.991e+05,1.557,7.451,4.637e+04,2.945e+05,2.991e+05,1.557,213,2.351e+05,1382,1404
sa1_7034815,14,15,8961,11160000,1245,7.162e+06,0.5732,5.87e+04,6.665e+04,13.54,7.438,4.277e+04,5.87e+04,6.665e+04,13.54,51,2.188e+05,1151,1307
sa1_7020912,82,97,1.166e+05,145140000,1245,8.163e+06,0.6675,1.94e+06,2.531e+06,30.43,21.71,1.423e+05,1.797e+05,2.505e+05,39.41,129,1.125e+06,1393,1942
sa1_7021370,46,46,2.155e+04,26825000,1245,1.09e+06,0.6434,1.257e+05,1.602e+05,27.44,7.432,6512,1.257e+05,1.602e+05,27.44,105,2.555e+05,1197,1526
sa1_7021704,46,48,3.6e+04,44730000,1242,8.538e+06,0.6424,2.099e+05,2.671e+05,27.26,7.42,5.099e+04,2.099e+05,2.671e+05,27.26,120,3.728e+05,1749,2226
sa1_7022094,30,30,1.36e+04,16845000,1238,9.03e+06,0.6218,8.167e+04,1.006e+05,23.17,7.396,5.393e+04,8.167e+04,1.006e+05,23.17,96,1.755e+05,850.8,1048
sa1_7022140,55,55,2.92e+04,36160000,1238,1.032e+07,0.5895,1.85e+05,2.16e+05,16.76,7.395,6.162e+04,1.85e+05,2.16e+05,16.76,171,2.115e+05,1082,1263
sa1_7022125,38,38,1.745e+04,21560000,1236,8.542e+06,0.5755,1.129e+05,1.288e+05,14.01,7.38,5.102e+04,1.129e+05,1.288e+05,14.01,105,2.053e+05,1076,1226
sa1_7034744,56,76,3.291e+04,40620000,1234,1.503e+07,0.6439,1.902e+05,2.426e+05,27.55,7.371,8.974e+04,1.902e+05,2.426e+05,27.55,174,2.334e+05,1093,1394
sa1_7021234,47,50,3.008e+04,37080000,1233,1.002e+07,0.5752,1.944e+05,2.214e+05,13.93,7.361,5.985e+04,1.944e+05,2.214e+05,13.93,138,2.687e+05,1408,1605
sa1_7021912,32,42,1.954e+04,24055000,1231,9.843e+06,0.596,1.217e+05,1.437e+05,18.06,7.353,5.878e+04,1.217e+05,1.437e+05,18.06,102,2.358e+05,1193,1408
sa1_7021788,65,67,3.689e+04,45385000,1230,9.805e+06,0.6195,2.209e+05,2.71e+05,22.72,7.347,5.855e+04,2.209e+05,2.71e+05,22.72,210,2.161e+05,1052,1291
sa1_7021262,46,48,2.656e+04,32660000,1230,9.726e+06,0.5375,1.832e+05,1.95e+05,6.475,7.343,5.808e+04,1.832e+05,1.95e+05,6.475,144,2.268e+05,1272,1355
sa1_7021210,53,53,2.585e+04,31780000,1229,9.348e+06,0.5365,1.786e+05,1.898e+05,6.264,7.342,5.583e+04,1.786e+05,1.898e+05,6.264,144,2.207e+05,1240,1318
sa1_7021500,30,35,1.592e+04,19550000,1228,2.682e+06,0.5921,9.955e+04,1.168e+05,17.28,7.333,1.602e+04,9.955e+04,1.168e+05,17.28,90,2.172e+05,1106,1297
sa1_7021269,35,36,1.739e+04,21290000,1224,7.943e+06,0.6103,1.052e+05,1.271e+05,20.89,7.313,4.744e+04,1.052e+05,1.271e+05,20.89,108,1.971e+05,973.9,1177
sa1_7021978,2,9,4006,4900000,1223,5.54e+06,0.6012,2.457e+04,2.926e+04,19.09,7.304,3.309e+04,2.457e+04,2.926e+04,19.09,87,5.632e+04,282.4,336.4
sa1_7021942,24,28,1.619e+04,19770000,1221,9.86e+06,0.5649,2.081e+05,2.153e+05,3.457,13.3,1.074e+05,6.755e+04,8.207e+04,21.51,57,3.468e+05,1185,1440
sa1_7021473,47,48,2.426e+04,29571000,1219,9.204e+06,0.6216,1.444e+05,1.786e+05,23.66,7.363,5.559e+04,1.43e+05,1.759e+05,22.94,150,1.971e+05,953.7,1172
sa1_7021194,18,19,1.216e+04,14800000,1218,6.532e+06,0.5862,7.612e+04,8.839e+04,16.12,7.271,3.901e+04,7.612e+04,8.839e+04,16.12,120,1.233e+05,634.3,736.6
sa1_7022141,56,60,2.546e+04,30945000,1216,9.362e+06,0.6626,1.408e+05,1.848e+05,31.25,7.26,5.591e+04,1.408e+05,1.848e+05,31.25,135,2.292e+05,1043,1369
sa1_7021294,34,39,1.955e+04,23740000,1214,8.07e+06,0.5934,1.206e+05,1.418e+05,17.55,7.251,4.819e+04,1.206e+05,1.418e+05,17.55,117,2.029e+05,1031,1212
sa1_7021274,53,57,2.709e+04,32735000,1208,7.42e+06,0.6531,1.633e+05,2.187e+05,33.93,8.074,4.957e+04,1.466e+05,1.869e+05,27.48,150,2.182e+05,977.4,1246
sa1_7021529,62,63,3.537e+04,42710000,1208,7.871e+06,0.6004,2.145e+05,2.551e+05,18.92,7.212,4.701e+04,2.145e+05,2.551e+05,18.92,189,2.26e+05,1135,1350
sa1_7021244,36,41,2.234e+04,26970000,1207,9.421e+06,0.5513,1.475e+05,1.611e+05,9.205,7.21,5.626e+04,1.475e+05,1.611e+05,9.205,108,2.497e+05,1366,1491
sa1_7034776,17,37,1.165e+04,14030000,1204,1.006e+07,0.483,8.758e+04,8.379e+04,-4.333,7.191,6.006e+04,8.758e+04,8.379e+04,-4.333,99,1.417e+05,884.7,846.3
sa1_7022084,38,40,1.865e+04,22420000,1202,8.012e+06,0.6341,1.066e+05,1.339e+05,25.61,7.18,4.785e+04,1.066e+05,1.339e+05,25.61,108,2.076e+05,987,1240
sa1_7034849,18,18,1.008e+04,12105000,1201,6.608e+06,0.5088,7.173e+04,7.229e+04,0.7904,7.171,3.946e+04,7.173e+04,7.229e+04,0.7904,96,1.261e+05,747.1,753
sa1_7022117,38,44,2.39e+04,28630000,1198,7.153e+06,0.6369,1.424e+05,1.798e+05,26.22,7.525,4.492e+04,1.33e+05,1.677e+05,26.12,132,2.169e+05,1007,1271
sa1_7021762,59,65,3.218e+04,38485000,1196,8.708e+06,0.5999,1.934e+05,2.298e+05,18.83,7.142,5.2e+04,1.934e+05,2.298e+05,18.83,192,2.004e+05,1007,1197
sa1_7021303,57,68,4.126e+04,49275000,1194,1.417e+06,0.6426,2.312e+05,2.943e+05,27.29,7.131,8461,2.312e+05,2.943e+05,27.29,162,3.042e+05,1427,1817
sa1_7021861,76,78,4.853e+04,57900000,1193,8.227e+06,0.6216,2.808e+05,3.458e+05,23.13,7.125,4.913e+04,2.808e+05,3.458e+05,23.13,231,2.506e+05,1216,1497
sa1_7022055,48,51,2.829e+04,33650000,1190,8.592e+06,0.6255,1.622e+05,2.01e+05,23.89,7.104,5.131e+04,1.622e+05,2.01e+05,23.89,174,1.934e+05,932.2,1155
sa1_7021849,22,39,1.514e+04,17970000,1187,7.809e+06,0.5089,1.065e+05,1.073e+05,0.8089,7.09,4.663e+04,1.065e+05,1.073e+05,0.8089,105,1.711e+05,1014,1022
sa1_7021238,54,54,3.384e+04,40120000,1186,9.383e+06,0.5816,2.08e+05,2.396e+05,15.21,7.081,5.603e+04,2.08e+05,2.396e+05,15.21,150,2.675e+05,1386,1597
sa1_7022017,43,43,2.242e+04,26550000,1184,9.682e+06,0.5606,1.428e+05,1.586e+05,11.05,7.071,5.782e+04,1.428e+05,1.586e+05,11.05,84,3.161e+05,1700,1888
sa1_7034960,21,22,1.206e+04,14265000,1183,1.992e+06,0.6295,6.832e+04,8.519e+04,24.7,7.064,1.19e+04,6.832e+04,8.519e+04,24.7,54,2.642e+05,1265,1578
sa1_7021720,60,64,3.814e+04,45095000,1182,9.458e+06,0.5999,2.266e+05,2.693e+05,18.83,7.062,5.648e+04,2.266e+05,2.693e+05,18.83,159,2.836e+05,1425,1694
sa1_7021850,42,72,2.55e+04,30110000,1181,8.177e+06,0.5414,1.677e+05,1.798e+05,7.252,7.051,4.884e+04,1.677e+05,1.798e+05,7.252,213,1.414e+05,787.1,844.2
sa1_7021278,36,48,2.114e+04,24880000,1177,8.103e+06,0.5882,1.535e+05,1.744e+05,13.61,8.25,5.679e+04,1.179e+05,1.39e+05,17.91,153,1.626e+05,770.7,908.7
sa1_7034831,38,39,2.059e+04,24161000,1173,6.966e+06,0.5533,1.349e+05,1.498e+05,11.01,7.275,4.318e+04,1.305e+05,1.423e+05,9.047,183,1.32e+05,712.9,777.4
sa1_7021313,40,40,2.195e+04,25730000,1172,9.426e+06,0.6383,1.215e+05,1.537e+05,26.44,7.002,5.629e+04,1.215e+05,1.537e+05,26.44,126,2.042e+05,964.5,1220
sa1_7021316,66,69,3.3e+04,38610000,1170,9.561e+06,0.5801,2.007e+05,2.306e+05,14.9,6.987,5.71e+04,2.007e+05,2.306e+05,14.9,204,1.893e+05,983.7,1130
sa1_7021239,55,55,4.049e+04,47320000,1169,8.598e+06,0.5897,2.419e+05,2.826e+05,16.8,6.979,5.135e+04,2.419e+05,2.826e+05,16.8,141,3.356e+05,1716,2004
sa1_7020914,51,73,4.45e+04,51715000,1162,8.195e+06,0.5382,5.845e+05,6.018e+05,2.948,13.52,9.535e+04,1.805e+05,2.004e+05,10.98,105,4.925e+05,1719,1908
sa1_7034814,60,62,4.024e+04,46745000,1162,8.234e+06,0.6485,2.173e+05,2.792e+05,28.46,6.937,4.917e+04,2.173e+05,2.792e+05,28.46,156,2.996e+05,1393,1790
sa1_7021477,67,70,3.476e+04,40300000,1159,9.01e+06,0.5885,2.065e+05,2.407e+05,16.57,6.923,5.381e+04,2.065e+05,2.407e+05,16.57,177,2.277e+05,1166,1360
sa1_7021206,52,58,3.425e+04,39610000,1157,8.969e+06,0.5934,2.012e+05,2.366e+05,17.54,6.907,5.357e+04,2.012e+05,2.366e+05,17.54,144,2.751e+05,1398,1643
sa1_7021502,42,57,3.399e+04,39240000,1155,9.863e+06,0.6252,1.892e+05,2.343e+05,23.85,6.895,5.89e+04,1.892e+05,2.343e+05,23.85,126,3.114e+05,1502,1860
sa1_7021764,42,47,2.104e+04,24270000,1154,8.815e+06,0.5321,1.375e+05,1.449e+05,5.393,6.889,5.265e+04,1.375e+05,1.449e+05,5.393,138,1.759e+05,996.6,1050
sa1_7021196,40,40,2.08e+04,23990000,1153,8.345e+06,0.5704,1.268e+05,1.433e+05,12.98,6.888,4.984e+04,1.268e+05,1.433e+05,12.98,111,2.161e+05,1142,1291
sa1_7034827,1,1,433.5,500000,1153,3.422e+05,1,1507,2986,98.08,6.887,2044,1507,2986,98.08,186,2688,8.105,16.05
sa1_7021955,45,61,3.321e+04,38150000,1149,9.872e+06,0.574,2.004e+05,2.278e+05,13.71,6.861,5.896e+04,2.004e+05,2.278e+05,13.71,156,2.446e+05,1284,1460
sa1_7021728,64,69,6.072e+04,69730000,1148,8.681e+06,0.6174,3.405e+05,4.164e+05,22.29,6.858,5.184e+04,3.405e+05,4.164e+05,22.29,177,3.94e+05,1924,2353
sa1_7021951,64,69,4.173e+04,47890000,1148,9.652e+06,0.5819,2.481e+05,2.86e+05,15.26,6.854,5.764e+04,2.481e+05,2.86e+05,15.26,204,2.348e+05,1216,1402
sa1_7021483,50,52,3.388e+04,38880000,1148,9.187e+06,0.6809,1.722e+05,2.322e+05,34.87,6.854,5.486e+04,1.722e+05,2.322e+05,34.87,138,2.817e+05,1248,1683
sa1_7021248,48,53,2.53e+04,29030000,1147,7.831e+06,0.5238,1.671e+05,1.734e+05,3.76,6.852,4.677e+04,1.671e+05,1.734e+05,3.76,147,1.975e+05,1137,1179
sa1_7021727,59,71,5.583e+04,64020000,1147,8.693e+06,0.6067,3.181e+05,3.823e+05,20.18,6.849,5.191e+04,3.181e+05,3.823e+05,20.18,171,3.744e+05,1860,2236
sa1_7021221,29,31,2.858e+04,32750000,1146,9.247e+06,0.6012,1.642e+05,1.956e+05,19.1,6.844,5.523e+04,1.642e+05,1.956e+05,19.1,81,4.043e+05,2027,2415
sa1_7021702,57,58,5.039e+04,57745000,1146,1.51e+06,0.5939,2.931e+05,3.449e+05,17.65,6.844,9016,2.931e+05,3.449e+05,17.65,147,3.928e+05,1994,2346
sa1_7021719,39,43,2.37e+04,27140000,1145,7.584e+06,0.5457,1.499e+05,1.621e+05,8.104,6.838,4.529e+04,1.499e+05,1.621e+05,8.104,102,2.661e+05,1470,1589
sa1_7034797,29,39,1.772e+04,20260000,1143,9.439e+06,0.5247,1.164e+05,1.21e+05,3.933,6.828,5.637e+04,1.164e+05,1.21e+05,3.933,108,1.876e+05,1078,1120
sa1_7021940,33,33,1.766e+04,20170000,1142,9.229e+06,0.5975,1.018e+05,1.205e+05,18.35,6.82,5.512e+04,1.018e+05,1.205e+05,18.35,96,2.101e+05,1060,1255
sa1_7021763,64,64,3.443e+04,39310000,1142,3.647e+06,0.5592,2.119e+05,2.348e+05,10.76,6.819,2.178e+04,2.119e+05,2.348e+05,10.76,198,1.985e+05,1070,1186
sa1_7022051,26,26,1.536e+04,17520000,1141,8.881e+06,0.6624,7.974e+04,1.046e+05,31.21,6.812,5.304e+04,7.974e+04,1.046e+05,31.21,84,2.086e+05,949.3,1246
sa1_7021724,48,50,3.343e+04,38100000,1140,9.708e+06,0.5616,2.045e+05,2.275e+05,11.25,6.807,5.798e+04,2.045e+05,2.275e+05,11.25,144,2.646e+05,1420,1580
sa1_7034926,101,101,5.702e+04,64956000,1139,3.913e+06,0.4596,4.684e+05,4.62e+05,-1.371,8.103,2.783e+04,4.105e+05,3.605e+05,-12.18,213,3.05e+05,1927,1692
sa1_7021705,45,48,2.922e+04,33260000,1138,5.882e+06,0.5293,1.895e+05,1.986e+05,4.842,6.797,3.513e+04,1.895e+05,1.986e+05,4.842,123,2.704e+05,1540,1615
sa1_7021515,65,71,4.578e+04,51980000,1135,8.941e+06,0.5713,2.743e+05,3.104e+05,13.16,6.781,5.339e+04,2.743e+05,3.104e+05,13.16,195,2.666e+05,1407,1592
sa1_7021996,10,10,1.545e+04,17530000,1134,9.994e+06,0.8119,6.509e+04,1.047e+05,60.83,6.775,5.969e+04,6.509e+04,1.047e+05,60.83,207,8.469e+04,314.5,505.8
sa1_7021877,25,51,1.753e+04,19880000,1134,9.599e+06,0.5028,1.192e+05,1.187e+05,-0.3945,6.773,5.732e+04,1.192e+05,1.187e+05,-0.3945,132,1.506e+05,903,899.4
sa1_7021308,55,55,3.607e+04,40883000,1134,9.802e+06,0.5995,2.056e+05,2.442e+05,18.75,6.769,5.854e+04,2.056e+05,2.442e+05,18.75,162,2.524e+05,1269,1507
sa1_7021315,41,44,2.988e+04,33820000,1132,8.529e+06,0.6523,1.563e+05,2.02e+05,29.2,6.759,5.093e+04,1.563e+05,2.02e+05,29.2,111,3.047e+05,1408,1820
sa1_7021893,47,49,2.474e+04,27980000,1131,7.71e+06,0.5595,1.545e+05,1.709e+05,10.58,6.906,4.708e+04,1.494e+05,1.657e+05,10.92,120,2.332e+05,1245,1381
sa1_7034808,43,57,2.823e+04,31865000,1129,6.082e+06,0.6128,1.568e+05,1.903e+05,21.38,6.741,3.632e+04,1.568e+05,1.903e+05,21.38,168,1.897e+05,933.2,1133
sa1_7021271,62,63,3.523e+04,39722000,1128,8.503e+06,0.6352,1.885e+05,2.372e+05,25.83,6.734,5.078e+04,1.885e+05,2.372e+05,25.83,171,2.323e+05,1103,1387
sa1_7021963,39,43,2.977e+04,33465000,1124,9.086e+06,0.5612,1.798e+05,1.999e+05,11.17,6.714,5.426e+04,1.798e+05,1.999e+05,11.17,126,2.656e+05,1427,1586
sa1_7021863,36,57,2.375e+04,26690000,1124,4.77e+06,0.5595,1.438e+05,1.594e+05,10.82,6.712,2.849e+04,1.438e+05,1.594e+05,10.82,141,1.893e+05,1020,1130
sa1_7021910,63,64,3.375e+04,37888000,1122,7.691e+06,0.6006,1.902e+05,2.263e+05,18.97,6.704,4.593e+04,1.902e+05,2.263e+05,18.97,192,1.973e+05,990.6,1178
sa1_7021235,40,41,3.368e+04,37700000,1119,9.644e+06,0.587,1.936e+05,2.251e+05,16.28,6.685,5.759e+04,1.936e+05,2.251e+05,16.28,117,3.222e+05,1655,1924
sa1_7021184,53,73,3.131e+04,35035000,1119,8.475e+06,0.5912,1.787e+05,2.092e+05,17.1,6.683,5.061e+04,1.787e+05,2.092e+05,17.1,174,2.014e+05,1027,1202
sa1_7021891,42,61,2.796e+04,31120000,1113,8.603e+06,0.5561,1.687e+05,1.859e+05,10.16,6.648,5.138e+04,1.687e+05,1.859e+05,10.16,144,2.161e+05,1172,1291
sa1_7022132,41,42,2.508e+04,27920000,1113,1.142e+07,0.5688,1.48e+05,1.667e+05,12.66,6.647,6.819e+04,1.48e+05,1.667e+05,12.66,111,2.515e+05,1333,1502
sa1_7021183,53,63,3.051e+04,33920000,1112,8.348e+06,0.5501,1.859e+05,2.026e+05,8.969,6.64,4.986e+04,1.859e+05,2.026e+05,8.969,156,2.174e+05,1192,1299
sa1_7022054,36,39,2.446e+04,27115000,1109,8.032e+06,0.661,1.237e+05,1.619e+05,30.94,6.62,4.797e+04,1.237e+05,1.619e+05,30.94,90,3.013e+05,1374,1799
sa1_7022052,44,47,2.417e+04,26765000,1107,8.25e+06,0.6318,1.277e+05,1.598e+05,25.16,6.613,4.927e+04,1.277e+05,1.598e+05,25.16,135,1.983e+05,946,1184
sa1_7021765,53,54,3.072e+04,34015000,1107,8.762e+06,0.5864,1.749e+05,2.031e+05,16.15,6.613,5.233e+04,1.749e+05,2.031e+05,16.15,150,2.268e+05,1166,1354
sa1_7021268,57,64,3.05e+04,33740000,1106,7.902e+06,0.6293,1.616e+05,2.015e+05,24.65,6.607,4.719e+04,1.616e+05,2.015e+05,24.65,153,2.205e+05,1057,1317
sa1_7020917,57,64,2.741e+04,30280000,1105,8.97e+06,0.6138,1.487e+05,1.808e+05,21.59,6.597,5.357e+04,1.487e+05,1.808e+05,21.59,180,1.682e+05,826.3,1005
sa1_7021691,36,40,3.335e+04,36666000,1099,6.557e+06,0.768,1.439e+05,2.19e+05,52.13,6.566,3.916e+04,1.439e+05,2.19e+05,52.13,132,2.778e+05,1090,1659
sa1_7021799,48,48,2.647e+04,29100000,1099,7.924e+06,0.5103,1.719e+05,1.738e+05,1.091,6.564,4.732e+04,1.719e+05,1.738e+05,1.091,132,2.205e+05,1302,1317
sa1_7021819,34,40,2.133e+04,23430000,1098,8.827e+06,0.5902,1.197e+05,1.399e+05,16.9,6.56,5.272e+04,1.197e+05,1.399e+05,16.9,105,2.231e+05,1140,1333
sa1_7021718,42,46,3.172e+04,34840000,1098,9.899e+06,0.5298,1.983e+05,2.081e+05,4.946,6.559,5.912e+04,1.983e+05,2.081e+05,4.946,120,2.903e+05,1652,1734
sa1_7021213,46,47,2.792e+04,30660000,1098,8.307e+06,0.5697,1.623e+05,1.831e+05,12.84,6.558,4.961e+04,1.623e+05,1.831e+05,12.84,141,2.174e+05,1151,1299
sa1_7022018,61,75,4.241e+04,46570000,1098,5.152e+06,0.618,2.272e+05,2.781e+05,22.41,6.558,3.077e+04,2.272e+05,2.781e+05,22.41,180,2.587e+05,1262,1545
sa1_7021351,58,67,3.462e+04,37910000,1095,8.199e+06,0.6261,1.826e+05,2.264e+05,24.02,6.54,4.897e+04,1.826e+05,2.264e+05,24.02,171,2.217e+05,1068,1324
sa1_7021228,53,54,3.9e+04,42640000,1093,4.4e+06,0.482,2.667e+05,2.546e+05,-4.519,6.529,2.628e+04,2.667e+05,2.546e+05,-4.519,219,1.947e+05,1218,1163
sa1_7021190,37,53,2.658e+04,29040000,1093,8.581e+06,0.5888,1.487e+05,1.734e+05,16.63,6.526,5.124e+04,1.487e+05,1.734e+05,16.63,126,2.305e+05,1180,1376
sa1_7021373,67,84,4.469e+04,48822500,1093,7.763e+06,0.6361,2.314e+05,2.916e+05,25.99,6.525,4.636e+04,2.314e+05,2.916e+05,25.99,198,2.466e+05,1169,1473
sa1_7022079,41,42,2.474e+04,26990000,1091,8.211e+06,0.6357,1.28e+05,1.612e+05,25.91,6.515,4.904e+04,1.28e+05,1.612e+05,25.91,108,2.499e+05,1185,1492
sa1_7021914,40,47,2.23e+04,24260000,1088,8.671e+06,0.5591,1.308e+05,1.449e+05,10.75,6.498,5.179e+04,1.308e+05,1.449e+05,10.75,135,1.797e+05,969,1073
sa1_7021493,26,30,1.523e+04,16565000,1088,5.938e+06,0.5665,8.816e+04,9.893e+04,12.22,6.498,3.546e+04,8.816e+04,9.893e+04,12.22,75,2.209e+05,1175,1319
sa1_7021953,57,57,3.744e+04,40735000,1088,8.677e+06,0.5675,2.164e+05,2.433e+05,12.41,6.497,5.182e+04,2.164e+05,2.433e+05,12.41,168,2.425e+05,1288,1448
sa1_7021212,46,47,2.818e+04,30640001,1087,8.549e+06,0.5433,1.7e+05,1.83e+05,7.611,6.493,5.105e+04,1.7e+05,1.83e+05,7.611,132,2.321e+05,1288,1386
sa1_7021874,46,53,3.979e+04,43215000,1086,9.513e+06,0.5699,2.286e+05,2.581e+05,12.89,6.486,5.681e+04,2.286e+05,2.581e+05,12.89,123,3.513e+05,1859,2098
sa1_7021217,43,43,2.849e+04,30940000,1086,8.738e+06,0.5483,1.701e+05,1.848e+05,8.607,6.485,5.219e+04,1.701e+05,1.848e+05,8.607,120,2.578e+05,1418,1540
sa1_7021411,38,56,1.992e+04,21620000,1086,8.752e+06,0.5566,1.171e+05,1.291e+05,10.25,6.483,5.227e+04,1.171e+05,1.291e+05,10.25,177,1.221e+05,661.7,729.5
sa1_7021260,53,60,2.844e+04,30830000,1084,6.589e+05,0.5019,1.852e+05,1.841e+05,-0.5873,6.474,3935,1.852e+05,1.841e+05,-0.5873,141,2.187e+05,1314,1306
sa1_7022023,53,55,3.076e+04,33310000,1083,6.167e+06,0.5846,1.718e+05,1.989e+05,15.8,6.468,3.683e+04,1.718e+05,1.989e+05,15.8,144,2.313e+05,1193,1381
sa1_7021276,48,49,2.985e+04,32300000,1082,7.499e+06,0.6213,1.567e+05,1.929e+05,23.06,6.463,4.478e+04,1.567e+05,1.929e+05,23.06,138,2.341e+05,1136,1398
sa1_7021853,42,68,4.006e+04,43310000,1081,7.606e+06,0.5971,2.85e+05,3.901e+05,36.86,9.738,6.85e+04,1.941e+05,2.1e+05,8.18,147,2.946e+05,1320,1428
sa1_7034800,34,40,2.185e+04,23620000,1081,9.619e+06,0.5434,1.311e+05,1.411e+05,7.631,6.455,5.745e+04,1.311e+05,1.411e+05,7.631,105,2.25e+05,1248,1343
sa1_7021296,56,66,2.548e+04,27440000,1077,2.957e+06,0.5269,1.57e+05,1.639e+05,4.377,6.431,1.766e+04,1.57e+05,1.639e+05,4.377,168,1.633e+05,934.5,975.4
sa1_7022119,39,39,1.956e+04,21060000,1077,6.719e+06,0.5849,1.086e+05,1.258e+05,15.86,6.43,4.012e+04,1.086e+05,1.258e+05,15.86,132,1.595e+05,822.4,952.8
sa1_7021505,45,48,2.801e+04,30145000,1076,8.978e+06,0.6103,1.489e+05,1.8e+05,20.9,6.428,5.362e+04,1.489e+05,1.8e+05,20.9,129,2.337e+05,1154,1396
sa1_7021703,64,71,5.711e+04,61400000,1075,9.408e+06,0.614,3.015e+05,3.667e+05,21.62,6.42,5.619e+04,3.015e+05,3.667e+05,21.62,183,3.355e+05,1648,2004
sa1_7020907,39,44,1.768e+04,18970000,1073,7.861e+06,0.5317,1.076e+05,1.133e+05,5.315,6.408,4.695e+04,1.076e+05,1.133e+05,5.315,114,1.664e+05,943.6,993.8
sa1_7021898,68,74,4.096e+04,43935000,1073,7.786e+06,0.5516,2.401e+05,2.624e+05,9.273,6.406,4.65e+04,2.401e+05,2.624e+05,9.273,201,2.186e+05,1195,1305
sa1_7021354,36,61,2.475e+04,26530000,1072,8.849e+06,0.6152,1.3e+05,1.584e+05,21.86,6.4,5.285e+04,1.3e+05,1.584e+05,21.86,114,2.327e+05,1141,1390
sa1_7021916,67,71,4.066e+04,43440000,1068,6.108e+06,0.5934,2.207e+05,2.594e+05,17.55,6.38,3.648e+04,2.207e+05,2.594e+05,17.55,195,2.228e+05,1132,1330
sa1_7021846,35,53,2.689e+04,28715000,1068,6.796e+06,0.5252,1.648e+05,1.715e+05,4.042,6.378,4.059e+04,1.648e+05,1.715e+05,4.042,186,1.544e+05,886.2,922
sa1_7021872,51,51,3.82e+04,40780000,1068,9.639e+06,0.515,2.387e+05,2.435e+05,2.012,6.376,5.757e+04,2.387e+05,2.435e+05,2.012,150,2.719e+05,1592,1624
sa1_7021860,66,74,3.664e+04,39000000,1065,6.925e+06,0.5418,2.17e+05,2.329e+05,7.325,6.357,4.135e+04,2.17e+05,2.329e+05,7.325,183,2.131e+05,1186,1273
sa1_7021956,65,66,4.773e+04,50765000,1064,5.783e+06,0.5989,2.556e+05,3.032e+05,18.62,6.352,3.454e+04,2.556e+05,3.032e+05,18.62,156,3.254e+05,1638,1943
sa1_7021802,60,60,2.838e+04,30040000,1059,5.874e+06,0.4821,1.879e+05,1.794e+05,-4.503,6.322,3.508e+04,1.879e+05,1.794e+05,-4.503,162,1.854e+05,1160,1107
sa1_7021807,40,47,2.271e+04,23970000,1056,2.731e+06,0.4581,1.577e+05,1.432e+05,-9.25,6.305,1.631e+04,1.577e+05,1.432e+05,-9.25,105,2.283e+05,1502,1363
sa1_7022056,33,33,1.771e+04,18685000,1055,9.103e+06,0.6412,8.786e+04,1.116e+05,27.01,6.299,5.437e+04,8.786e+04,1.116e+05,27.01,93,2.009e+05,944.7,1200
sa1_7020841,91,91,4.001e+04,42200000,1055,2.992e+06,0.4149,3.067e+05,2.52e+05,-17.82,6.298,1.787e+04,3.067e+05,2.52e+05,-17.82,300,1.407e+05,1022,840.1
sa1_7021508,28,40,2.055e+04,21670000,1055,8.693e+06,0.575,1.136e+05,1.294e+05,13.89,6.298,5.191e+04,1.136e+05,1.294e+05,13.89,78,2.778e+05,1457,1659
sa1_7021801,70,71,4.133e+04,43570000,1054,8.966e+06,0.508,2.586e+05,2.602e+05,0.6238,6.296,5.355e+04,2.586e+05,2.602e+05,0.6238,216,2.017e+05,1197,1205
sa1_7022081,66,68,4e+04,42119000,1053,8.776e+06,0.6379,1.991e+05,2.515e+05,26.35,6.288,5.241e+04,1.991e+05,2.515e+05,26.35,183,2.302e+05,1088,1375
sa1_7022025,56,63,3.794e+04,39950000,1053,3.748e+06,0.6276,1.919e+05,2.386e+05,24.31,6.288,2.238e+04,1.919e+05,2.386e+05,24.31,159,2.513e+05,1207,1501
sa1_7021283,51,51,4.25e+04,44707000,1052,8.798e+06,0.5806,2.321e+05,2.67e+05,15.01,6.282,5.254e+04,2.321e+05,2.67e+05,15.01,234,1.911e+05,992.1,1141
sa1_7020921,71,85,3.533e+04,37160000,1052,7.36e+06,0.5512,2.033e+05,2.219e+05,9.186,6.281,4.395e+04,2.033e+05,2.219e+05,9.186,204,1.822e+05,996.3,1088
sa1_7022020,63,75,4.192e+04,44039000,1051,8.606e+06,0.6041,2.198e+05,2.63e+05,19.66,6.275,5.14e+04,2.198e+05,2.63e+05,19.66,192,2.294e+05,1145,1370
sa1_7022103,45,52,2.743e+04,28790000,1049,8.666e+06,0.6172,1.406e+05,1.719e+05,22.26,6.268,5.176e+04,1.406e+05,1.719e+05,22.26,141,2.042e+05,997.4,1219
sa1_7021710,38,39,2.602e+04,27290000,1049,8.518e+06,0.5316,1.548e+05,1.63e+05,5.292,6.264,5.087e+04,1.548e+05,1.63e+05,5.292,120,2.274e+05,1290,1358
sa1_7021134,91,91,3.543e+04,37102000,1047,7.579e+06,0.4123,2.713e+05,2.216e+05,-18.32,6.254,4.526e+04,2.713e+05,2.216e+05,-18.32,261,1.422e+05,1039,849
sa1_7021348,69,75,4.305e+04,44890000,1043,8.184e+06,0.5919,2.33e+05,2.704e+05,16.06,6.28,4.929e+04,2.271e+05,2.672e+05,17.69,177,2.536e+05,1283,1510
sa1_7021805,64,66,3.918e+04,40760000,1040,4.252e+06,0.5059,2.429e+05,2.434e+05,0.2096,6.213,2.54e+04,2.429e+05,2.434e+05,0.2096,177,2.303e+05,1372,1375
sa1_7021723,72,74,5.281e+04,54910000,1040,8.661e+06,0.5561,2.977e+05,3.279e+05,10.16,6.209,5.172e+04,2.977e+05,3.279e+05,10.16,189,2.905e+05,1575,1735
sa1_7020901,47,63,2.731e+04,28310000,1036,8.319e+06,0.572,1.492e+05,1.691e+05,13.31,6.19,4.968e+04,1.492e+05,1.691e+05,13.31,189,1.498e+05,789.5,894.5
sa1_7021887,38,41,2.105e+04,21790000,1035,7.225e+06,0.5778,1.152e+05,1.324e+05,14.95,6.289,4.39e+04,1.132e+05,1.293e+05,14.25,129,1.689e+05,877.3,1002
sa1_7021314,29,35,1.967e+04,20350000,1034,9.402e+06,0.6714,9.138e+04,1.215e+05,32.99,6.178,5.615e+04,9.138e+04,1.215e+05,32.99,69,2.949e+05,1324,1761
sa1_7034945,45,53,2.756e+04,28495000,1034,7.849e+06,0.6008,1.43e+05,1.702e+05,19,6.174,4.687e+04,1.43e+05,1.702e+05,19,141,2.021e+05,1014,1207
sa1_7022021,52,55,3.323e+04,34325000,1033,7.961e+06,0.5941,1.742e+05,2.05e+05,17.68,6.168,4.754e+04,1.742e+05,2.05e+05,17.68,141,2.434e+05,1235,1454
sa1_7034961,59,64,3.719e+04,38340000,1031,7.171e+06,0.6638,1.741e+05,2.29e+05,31.48,6.157,4.283e+04,1.741e+05,2.29e+05,31.48,126,3.043e+05,1382,1817
sa1_7020906,69,73,3.097e+04,31890000,1030,8.153e+06,0.5415,1.775e+05,1.904e+05,7.266,6.149,4.869e+04,1.775e+05,1.904e+05,7.266,168,1.898e+05,1057,1134
sa1_7020992,38,49,2.222e+04,22880000,1030,7.833e+06,0.548,1.259e+05,1.366e+05,8.555,6.149,4.678e+04,1.259e+05,1.366e+05,8.555,144,1.589e+05,874.1,948.9
sa1_7021382,15,56,2.578e+04,26539000,1030,9.546e+06,0.4131,1.937e+05,1.585e+05,-18.17,6.149,5.701e+04,1.937e+05,1.585e+05,-18.17,144,1.843e+05,1345,1101
sa1_7021721,59,61,4.382e+04,45040000,1028,8.518e+06,0.5547,2.448e+05,2.69e+05,9.873,6.138,5.087e+04,2.448e+05,2.69e+05,9.873,150,3.003e+05,1632,1793
sa1_7021806,57,58,3.164e+04,32510000,1027,7.92e+06,0.4988,1.965e+05,1.942e+05,-1.186,6.135,4.73e+04,1.965e+05,1.942e+05,-1.186,141,2.306e+05,1393,1377
sa1_7021766,33,33,1.87e+04,19205000,1027,8.526e+06,0.5602,1.034e+05,1.147e+05,10.97,6.135,5.092e+04,1.034e+05,1.147e+05,10.97,96,2.001e+05,1077,1195
sa1_7021532,37,42,2.363e+04,24155000,1022,7.981e+06,0.5861,1.243e+05,1.443e+05,16.1,6.104,4.766e+04,1.243e+05,1.443e+05,16.1,111,2.176e+05,1119,1300
sa1_7021855,41,43,2.229e+04,22770000,1022,8.401e+06,0.6063,1.132e+05,1.36e+05,20.1,6.102,5.017e+04,1.132e+05,1.36e+05,20.1,153,1.488e+05,740,888.8
sa1_7021318,41,43,2.871e+04,29265000,1019,8.301e+06,0.633,1.394e+05,1.748e+05,25.39,6.088,4.957e+04,1.394e+05,1.748e+05,25.39,123,2.379e+05,1133,1421
sa1_7020920,33,40,1.769e+04,18025000,1019,7.466e+06,0.5951,9.507e+04,1.107e+05,16.46,6.257,4.586e+04,8.994e+04,1.065e+05,18.43,99,1.821e+05,908.4,1076
sa1_7021254,45,59,2.648e+04,26965000,1018,8.084e+06,0.5493,1.48e+05,1.61e+05,8.807,6.082,4.828e+04,1.48e+05,1.61e+05,8.807,132,2.043e+05,1121,1220
sa1_7021911,62,69,3.879e+04,39455000,1017,7.656e+06,0.6223,1.911e+05,2.356e+05,23.27,6.074,4.572e+04,1.911e+05,2.356e+05,23.27,210,1.879e+05,910.2,1122
sa1_7020919,38,41,2.04e+04,20740000,1017,7.221e+06,0.6325,9.886e+04,1.239e+05,25.29,6.073,4.312e+04,9.886e+04,1.239e+05,25.29,120,1.728e+05,823.8,1032
sa1_7021800,61,81,3.407e+04,34610000,1016,5.513e+06,0.4348,2.4e+05,2.067e+05,-13.87,6.066,3.293e+04,2.4e+05,2.067e+05,-13.87,198,1.748e+05,1212,1044
sa1_7020899,30,39,1.858e+04,18815000,1013,8.621e+06,0.53,1.07e+05,1.124e+05,4.984,6.049,5.149e+04,1.07e+05,1.124e+05,4.984,117,1.608e+05,914.8,960.4
sa1_7022033,62,62,4.6e+04,46570000,1012,6.248e+06,0.6843,2.052e+05,2.781e+05,35.56,6.046,3.732e+04,2.052e+05,2.781e+05,35.56,192,2.426e+05,1069,1449
sa1_7022010,29,36,2.054e+04,20750000,1010,7.41e+06,0.5736,1.091e+05,1.239e+05,13.62,6.032,4.425e+04,1.091e+05,1.239e+05,13.62,99,2.096e+05,1102,1252
sa1_7021966,1,1,8060,8140000,1010,9.022e+06,0.603,4.07e+04,4.861e+04,19.44,6.032,5.388e+04,4.07e+04,4.861e+04,19.44,174,4.678e+04,233.9,279.4
sa1_7021328,64,75,3.703e+04,37330000,1008,7.042e+06,0.5298,2.124e+05,2.229e+05,4.946,6.021,4.206e+04,2.124e+05,2.229e+05,4.946,198,1.885e+05,1073,1126
sa1_7021478,78,79,4.08e+04,41105000,1008,7.369e+06,0.5703,2.173e+05,2.455e+05,12.96,6.017,4.401e+04,2.173e+05,2.455e+05,12.96,189,2.175e+05,1150,1299
sa1_7021514,62,77,4.212e+04,42365000,1006,7.864e+06,0.5488,2.328e+05,2.53e+05,8.702,6.006,4.696e+04,2.328e+05,2.53e+05,8.702,189,2.242e+05,1231,1339
sa1_7020898,30,35,1.676e+04,16840000,1005,8.473e+06,0.493,1.03e+05,1.006e+05,-2.35,6,5.06e+04,1.03e+05,1.006e+05,-2.35,105,1.604e+05,980.9,957.8
sa1_7022000,41,41,2.217e+04,22270000,1005,7.612e+06,0.6205,1.082e+05,1.33e+05,22.91,6,4.546e+04,1.082e+05,1.33e+05,22.91,135,1.65e+05,801.5,985.2
sa1_7021484,59,63,3.512e+04,35230000,1003,7.648e+06,0.6415,1.656e+05,2.104e+05,27.07,5.991,4.567e+04,1.656e+05,2.104e+05,27.07,171,2.06e+05,968.3,1230
sa1_7021501,32,37,2.315e+04,23160000,1001,3.049e+06,0.7243,1.106e+05,1.56e+05,40.99,6.739,2.054e+04,9.112e+04,1.318e+05,44.6,51,4.541e+05,1787,2584
sa1_7022176,41,44,3.823e+04,38250000,1000,6.767e+06,0.6527,1.767e+05,2.284e+05,29.3,5.975,4.041e+04,1.767e+05,2.284e+05,29.3,120,3.188e+05,1472,1904
sa1_7022011,69,69,3.749e+04,37500000,1000,6.044e+06,0.5439,2.079e+05,2.24e+05,7.732,5.974,3.61e+04,2.079e+05,2.24e+05,7.732,174,2.155e+05,1195,1287
sa1_7022019,54,60,3.647e+04,36430000,999,8.242e+06,0.6072,1.809e+05,2.176e+05,20.27,5.966,4.922e+04,1.809e+05,2.176e+05,20.27,147,2.478e+05,1231,1480
sa1_7021297,56,62,3.251e+04,32470000,998.9,4.287e+06,0.5739,1.706e+05,1.939e+05,13.68,5.966,2.56e+04,1.706e+05,1.939e+05,13.68,174,1.866e+05,980.4,1114
sa1_7020955,31,56,2.336e+04,23335000,998.8,6.89e+06,0.5616,1.253e+05,1.394e+05,11.25,5.965,4.115e+04,1.253e+05,1.394e+05,11.25,162,1.44e+05,773.3,860.2
sa1_7034801,33,37,1.768e+04,17630000,997,6.523e+06,0.5401,9.841e+04,1.053e+05,6.992,5.954,3.896e+04,9.841e+04,1.053e+05,6.992,111,1.588e+05,886.6,948.5
sa1_7020990,26,62,2.518e+04,25085000,996.3,7.434e+06,0.5781,1.308e+05,1.498e+05,14.52,5.95,4.44e+04,1.308e+05,1.498e+05,14.52,120,2.09e+05,1090,1248
sa1_7021369,56,58,2.964e+04,29385000,991.5,7.581e+06,0.6012,1.474e+05,1.755e+05,19.08,5.921,4.527e+04,1.474e+05,1.755e+05,19.08,153,1.921e+05,963.2,1147
sa1_7021935,43,64,3.482e+04,34500000,990.8,7.899e+05,0.7114,1.462e+05,2.06e+05,40.92,5.917,4718,1.462e+05,2.06e+05,40.92,138,2.5e+05,1059,1493
sa1_7021337,43,47,3.53e+04,34890000,988.5,1.779e+06,0.5696,1.847e+05,2.084e+05,12.83,5.903,1.063e+04,1.847e+05,2.084e+05,12.83,141,2.474e+05,1310,1478
sa1_7034770,51,51,2.825e+04,27915000,988.2,6.94e+06,0.5018,1.677e+05,1.667e+05,-0.6021,5.902,4.145e+04,1.677e+05,1.667e+05,-0.6021,153,1.825e+05,1096,1090
sa1_7021793,72,79,4.002e+04,39510000,987.1,7.163e+06,0.4911,2.426e+05,2.36e+05,-2.731,5.895,4.278e+04,2.426e+05,2.36e+05,-2.731,207,1.909e+05,1172,1140
sa1_7021834,37,38,2.445e+04,24120000,986.5,8.036e+06,0.5934,1.226e+05,1.44e+05,17.53,5.892,4.799e+04,1.226e+05,1.44e+05,17.53,93,2.594e+05,1318,1549
sa1_7021902,50,66,3.029e+04,29825000,984.6,7.62e+06,0.6018,1.518e+05,1.828e+05,20.44,6.034,4.67e+04,1.485e+05,1.764e+05,18.74,177,1.685e+05,839.2,996.5
sa1_7021246,41,46,2.619e+04,25780000,984.5,5.733e+06,0.527,1.475e+05,1.54e+05,4.387,5.879,3.424e+04,1.475e+05,1.54e+05,4.387,123,2.096e+05,1199,1252
sa1_7021897,61,68,3.774e+04,37120000,983.7,7.948e+06,0.5603,1.998e+05,2.217e+05,10.98,5.875,4.746e+04,1.998e+05,2.217e+05,10.98,189,1.964e+05,1057,1173
sa1_7022178,61,68,3.608e+04,35480000,983.3,4.363e+06,0.6021,1.777e+05,2.119e+05,19.26,5.872,2.606e+04,1.777e+05,2.119e+05,19.26,180,1.971e+05,987.1,1177
sa1_7034794,24,32,1.332e+04,13090000,982.8,7.898e+06,0.4861,8.119e+04,7.817e+04,-3.716,5.869,4.717e+04,8.119e+04,7.817e+04,-3.716,87,1.505e+05,933.2,898.6
sa1_7020842,36,45,2.127e+04,20905000,982.7,6.211e+06,0.5427,1.161e+05,1.248e+05,7.501,5.869,3.709e+04,1.161e+05,1.248e+05,7.501,138,1.515e+05,841.6,904.7
sa1_7021462,46,46,3.202e+04,31453000,982.3,8.111e+06,0.6128,1.548e+05,1.878e+05,21.38,5.866,4.844e+04,1.548e+05,1.878e+05,21.38,126,2.496e+05,1228,1491
sa1_7022014,66,77,4.6e+04,45175000,982,7.64e+06,0.5817,2.341e+05,2.698e+05,15.23,5.865,4.563e+04,2.341e+05,2.698e+05,15.23,198,2.282e+05,1182,1363
sa1_7021310,49,50,3.301e+04,32370000,980.7,4.981e+06,0.5806,1.681e+05,1.933e+05,15.01,5.857,2.975e+04,1.681e+05,1.933e+05,15.01,150,2.158e+05,1121,1289
sa1_7021474,54,56,3.97e+04,38925000,980.4,7.489e+06,0.6145,1.91e+05,2.325e+05,21.72,5.855,4.472e+04,1.91e+05,2.325e+05,21.72,132,2.949e+05,1447,1761
sa1_7021195,44,47,2.565e+04,25090000,978.1,7.93e+06,0.5013,1.509e+05,1.498e+05,-0.7009,5.841,4.736e+04,1.509e+05,1.498e+05,-0.7009,123,2.04e+05,1227,1218
sa1_7020918,35,40,1.707e+04,16690000,978,7.566e+06,0.5481,9.498e+04,1.06e+05,11.56,6.209,4.803e+04,9.063e+04,9.734e+04,7.411,117,1.426e+05,774.6,832
sa1_7022172,51,57,3.974e+04,38848000,977.4,7.314e+06,0.651,1.799e+05,2.32e+05,28.96,5.837,4.368e+04,1.799e+05,2.32e+05,28.96,141,2.755e+05,1276,1645
sa1_7021884,42,44,2.37e+04,23160000,977.1,5.953e+06,0.5683,1.229e+05,1.383e+05,12.58,5.836,3.555e+04,1.229e+05,1.383e+05,12.58,129,1.795e+05,952.4,1072
sa1_7022035,59,64,4.407e+04,43035000,976.4,8.968e+06,0.6616,1.961e+05,2.57e+05,31.05,5.831,5.356e+04,1.961e+05,2.57e+05,31.05,186,2.314e+05,1054,1382
sa1_7020892,26,29,1.6e+04,15615000,976,7.142e+06,0.6107,7.709e+04,9.325e+04,20.97,5.829,4.265e+04,7.709e+04,9.325e+04,20.97,78,2.002e+05,988.4,1196
sa1_7021263,78,80,4.534e+04,44110000,972.8,7.452e+06,0.6322,2.104e+05,2.634e+05,25.23,5.81,4.45e+04,2.104e+05,2.634e+05,25.23,213,2.071e+05,987.6,1237
sa1_7022153,58,66,3.246e+04,31490000,970.2,6.654e+06,0.5864,1.619e+05,1.881e+05,16.16,5.794,3.974e+04,1.619e+05,1.881e+05,16.16,177,1.779e+05,914.7,1062
sa1_7022144,31,33,2.708e+04,26240000,969.1,6.74e+06,0.5914,1.338e+05,1.567e+05,17.14,5.788,4.025e+04,1.338e+05,1.567e+05,17.14,129,2.034e+05,1037,1215
sa1_7021890,58,81,3.981e+04,38580000,969.1,8.022e+06,0.55,2.115e+05,2.304e+05,8.947,5.787,4.791e+04,2.115e+05,2.304e+05,8.947,204,1.891e+05,1037,1129
sa1_7021509,61,78,4.613e+04,44630000,967.5,8.547e+06,0.5912,2.276e+05,2.665e+05,17.11,5.778,5.104e+04,2.276e+05,2.665e+05,17.11,201,2.22e+05,1132,1326
sa1_7021536,69,78,5.033e+04,48681000,967.2,5.509e+06,0.5964,2.461e+05,2.907e+05,18.14,5.776,3.29e+04,2.461e+05,2.907e+05,18.14,216,2.254e+05,1139,1346
sa1_7020879,48,49,2.326e+04,22440000,964.6,7.555e+06,0.5385,1.256e+05,1.34e+05,6.671,5.761,4.512e+04,1.256e+05,1.34e+05,6.671,138,1.626e+05,910.4,971.1
sa1_7021343,4,4,2.301e+04,22170000,963.7,1.797e+06,0.3526,7.013e+05,4.899e+05,-30.15,21.29,3.971e+04,0,0,,114,1.945e+05,0,0
sa1_7034936,38,40,1.859e+04,17890000,962.5,7.313e+06,0.4967,1.086e+05,1.068e+05,-1.604,5.748,4.367e+04,1.086e+05,1.068e+05,-1.604,102,1.754e+05,1065,1047
sa1_7021885,39,39,2.236e+04,21470000,960,6.689e+06,0.5491,1.179e+05,1.282e+05,8.769,5.733,3.995e+04,1.179e+05,1.282e+05,8.769,96,2.236e+05,1228,1336
sa1_7020885,48,54,2.776e+04,26645000,959.9,8.081e+06,0.5298,1.516e+05,1.591e+05,4.95,5.733,4.826e+04,1.516e+05,1.591e+05,4.95,186,1.433e+05,815.2,855.5
sa1_7022077,62,63,4.748e+04,45510000,958.6,7.916e+06,0.6104,2.248e+05,2.718e+05,20.9,5.725,4.728e+04,2.248e+05,2.718e+05,20.9,162,2.809e+05,1388,1678
sa1_7020903,62,70,3.36e+04,32185000,957.9,6.497e+06,0.5981,1.622e+05,1.922e+05,18.47,5.72,3.88e+04,1.622e+05,1.922e+05,18.47,201,1.601e+05,807.2,956.3
sa1_7021242,50,51,2.621e+04,25100000,957.5,6.615e+06,0.5065,1.494e+05,1.499e+05,0.3208,5.718,3.951e+04,1.494e+05,1.499e+05,0.3208,144,1.743e+05,1038,1041
sa1_7021510,76,76,4.279e+04,40914000,956.2,8.42e+06,0.5652,2.183e+05,2.443e+05,11.95,5.711,5.029e+04,2.183e+05,2.443e+05,11.95,198,2.066e+05,1102,1234
sa1_7022078,75,80,5.383e+04,51437000,955.6,5.099e+06,0.6116,2.536e+05,3.072e+05,21.14,5.707,3.045e+04,2.536e+05,3.072e+05,21.14,195,2.638e+05,1300,1575
sa1_7021261,50,58,3.357e+04,32050000,954.6,6.241e+06,0.4892,1.975e+05,1.914e+05,-3.105,5.701,3.727e+04,1.975e+05,1.914e+05,-3.105,162,1.978e+05,1219,1182
sa1_7034860,72,76,5.496e+04,52424000,953.8,6.288e+06,0.6138,2.575e+05,3.131e+05,21.58,5.696,3.755e+04,2.575e+05,3.131e+05,21.58,186,2.818e+05,1385,1683
sa1_7021803,60,68,3.385e+04,32250300,952.7,6.717e+06,0.5271,1.845e+05,1.926e+05,4.408,5.69,4.012e+04,1.845e+05,1.926e+05,4.408,129,2.5e+05,1430,1493
sa1_7021334,29,37,2.165e+04,20615000,952.2,5.006e+06,0.5832,1.066e+05,1.231e+05,15.52,5.687,2.989e+04,1.066e+05,1.231e+05,15.52,87,2.37e+05,1225,1415
sa1_7021357,58,69,3.878e+04,36860000,950.5,7.191e+06,0.5811,1.912e+05,2.201e+05,15.11,5.676,4.294e+04,1.912e+05,2.201e+05,15.11,165,2.234e+05,1159,1334
sa1_7021511,54,69,3.837e+04,36415000,948.9,7.292e+06,0.5963,1.841e+05,2.175e+05,18.11,5.667,4.355e+04,1.841e+05,2.175e+05,18.11,150,2.428e+05,1227,1450
sa1_7034775,42,49,2.17e+04,20550000,946.9,6.965e+06,0.5368,1.154e+05,1.227e+05,6.338,5.655,4.16e+04,1.154e+05,1.227e+05,6.338,147,1.398e+05,785.1,834.9
sa1_7021707,61,80,4.807e+04,45490000,946.3,6.271e+06,0.5583,2.485e+05,2.76e+05,11.09,5.742,3.805e+04,2.446e+05,2.701e+05,10.4,198,2.297e+05,1235,1364
sa1_7020988,53,57,3.742e+04,35330000,944.1,4.098e+06,0.6716,1.586e+05,2.11e+05,33.03,5.638,2.447e+04,1.586e+05,2.11e+05,33.03,147,2.403e+05,1079,1435
sa1_7022049,37,44,2.761e+04,25965000,940.6,8.059e+06,0.6402,1.223e+05,1.551e+05,26.81,5.617,4.813e+04,1.223e+05,1.551e+05,26.81,135,1.923e+05,905.8,1149
sa1_7021919,44,44,2.586e+04,24230000,936.9,7.152e+06,0.582,1.255e+05,1.447e+05,15.29,5.595,4.271e+04,1.255e+05,1.447e+05,15.29,126,1.923e+05,996.1,1148
sa1_7022053,39,41,2.416e+04,22605000,935.5,7.855e+06,0.5897,1.156e+05,1.35e+05,16.82,5.587,4.691e+04,1.156e+05,1.35e+05,16.82,129,1.752e+05,895.8,1047
sa1_7021256,46,58,2.86e+04,26732000,934.7,7.006e+06,0.5412,1.489e+05,1.596e+05,7.207,5.582,4.184e+04,1.489e+05,1.596e+05,7.207,162,1.65e+05,919.2,985.5
sa1_7020902,58,63,3.16e+04,29535000,934.6,6.948e+06,0.5386,1.653e+05,1.764e+05,6.681,5.581,4.15e+04,1.653e+05,1.764e+05,6.681,192,1.538e+05,861.1,918.7
sa1_7022006,51,57,3.678e+04,34375000,934.5,6.788e+06,0.5807,1.785e+05,2.053e+05,15.02,5.581,4.054e+04,1.785e+05,2.053e+05,15.02,153,2.247e+05,1167,1342
sa1_7020887,48,57,3.06e+04,28520000,932.1,7.396e+06,0.585,1.47e+05,1.703e+05,15.88,5.566,4.417e+04,1.47e+05,1.703e+05,15.88,144,1.981e+05,1021,1183
sa1_7034747,53,82,4.058e+04,37795000,931.4,7.049e+06,0.5213,2.186e+05,2.257e+05,3.256,5.562,4.21e+04,2.186e+05,2.257e+05,3.256,207,1.826e+05,1056,1090
sa1_7020875,29,58,1.878e+04,17490000,931.2,5.968e+06,0.4559,1.157e+05,1.045e+05,-9.685,5.561,3.564e+04,1.157e+05,1.045e+05,-9.685,159,1.1e+05,727.4,656.9
sa1_7021858,54,66,4.003e+04,37100000,926.7,7.647e+06,0.5421,2.063e+05,2.216e+05,7.377,5.535,4.567e+04,2.063e+05,2.216e+05,7.377,174,2.132e+05,1186,1273
sa1_7021513,53,53,3.392e+04,31410000,926,7.263e+06,0.5809,1.63e+05,1.876e+05,15.07,5.53,4.338e+04,1.63e+05,1.876e+05,15.07,135,2.327e+05,1208,1390
sa1_7034795,37,46,2.013e+04,18635000,925.9,3.414e+06,0.458,1.227e+05,1.113e+05,-9.283,5.53,2.039e+04,1.227e+05,1.113e+05,-9.283,135,1.38e+05,908.7,824.4
sa1_7021236,53,57,4.223e+04,39000000,923.5,8.238e+06,0.5624,2.091e+05,2.329e+05,11.41,5.515,4.92e+04,2.091e+05,2.329e+05,11.41,162,2.407e+05,1290,1438
sa1_7020895,67,77,4.372e+04,40315000,922.1,8.364e+06,0.5943,2.045e+05,2.408e+05,17.72,5.507,4.995e+04,2.045e+05,2.408e+05,17.72,180,2.24e+05,1136,1338
sa1_7021203,25,26,1.821e+04,16775000,921.4,7.363e+06,0.5364,9.429e+04,1.002e+05,6.246,5.503,4.397e+04,9.429e+04,1.002e+05,6.246,114,1.471e+05,827.1,878.8
sa1_7021355,64,78,3.997e+04,36830000,921.3,6.409e+06,0.5803,1.913e+05,2.2e+05,14.95,5.502,3.827e+04,1.913e+05,2.2e+05,14.95,198,1.86e+05,966.4,1111
sa1_7021952,43,48,3.053e+04,28075000,919.5,5.968e+06,0.5752,1.471e+05,1.677e+05,13.95,5.491,3.564e+04,1.471e+05,1.677e+05,13.95,135,2.08e+05,1090,1242
sa1_7021490,66,70,3.515e+04,32315000,919.3,7.126e+06,0.4879,1.997e+05,1.93e+05,-3.351,5.49,4.256e+04,1.997e+05,1.93e+05,-3.351,195,1.657e+05,1024,989.7
sa1_7034968,57,99,5.852e+04,53777000,919,7.44e+06,0.5803,2.794e+05,3.212e+05,14.95,5.488,4.443e+04,2.794e+05,3.212e+05,14.95,201,2.675e+05,1390,1598
sa1_7021339,40,69,4.386e+04,40240000,917.4,7.599e+06,0.5765,2.104e+05,2.403e+05,14.2,5.479,4.538e+04,2.104e+05,2.403e+05,14.2,156,2.579e+05,1349,1540
sa1_7021253,79,82,4.732e+04,43390000,916.9,3.021e+06,0.5926,2.208e+05,2.591e+05,17.38,5.476,1.804e+04,2.208e+05,2.591e+05,17.38,186,2.333e+05,1187,1393
sa1_7034803,70,71,4.226e+04,38750000,916.9,7.082e+06,0.6033,1.936e+05,2.314e+05,19.5,5.476,4.23e+04,1.936e+05,2.314e+05,19.5,186,2.083e+05,1041,1244
sa1_7022016,40,42,2.589e+04,23625000,912.4,7.239e+06,0.5563,1.28e+05,1.411e+05,10.19,5.449,4.323e+04,1.28e+05,1.411e+05,10.19,117,2.019e+05,1094,1206
sa1_7034981,29,32,2.112e+04,19255000,911.5,6.799e+06,0.4906,1.183e+05,1.15e+05,-2.825,5.443,4.06e+04,1.183e+05,1.15e+05,-2.825,150,1.284e+05,788.9,766.6
sa1_7020871,32,32,1.937e+04,17650000,911.1,6.914e+06,0.4467,1.191e+05,1.054e+05,-11.51,5.441,4.129e+04,1.191e+05,1.054e+05,-11.51,90,1.961e+05,1324,1171
sa1_7020953,43,45,2.064e+04,18787000,910.4,7.659e+06,0.4425,1.28e+05,1.122e+05,-12.35,5.437,4.574e+04,1.28e+05,1.122e+05,-12.35,141,1.332e+05,907.8,795.7
sa1_7021088,57,83,3.865e+04,35190000,910.4,6.141e+06,0.4876,3.635e+05,2.957e+05,-18.65,7.65,5.161e+04,1.636e+05,1.785e+05,9.116,174,2.022e+05,940,1026
sa1_7021923,65,74,4.261e+04,38740000,909.3,7.555e+06,0.5816,2.008e+05,2.314e+05,15.2,5.43,4.512e+04,2.008e+05,2.314e+05,15.2,192,2.018e+05,1046,1205
sa1_7034947,46,55,3.09e+04,27935000,903.9,7.163e+06,0.5998,1.404e+05,1.668e+05,18.81,5.398,4.278e+04,1.404e+05,1.668e+05,18.81,147,1.9e+05,955.3,1135
sa1_7022171,53,54,3.786e+04,34205000,903.6,6.633e+06,0.6187,1.667e+05,2.043e+05,22.55,5.396,3.961e+04,1.667e+05,2.043e+05,22.55,153,2.236e+05,1089,1335
sa1_7022093,30,31,1.864e+04,16795000,901.2,7.756e+06,0.597,8.481e+04,1.003e+05,18.27,5.382,4.632e+04,8.481e+04,1.003e+05,18.27,99,1.696e+05,856.7,1013
sa1_7020944,21,44,1.734e+04,15620000,901,3.851e+06,0.4804,9.803e+04,9.328e+04,-4.842,5.381,2.3e+04,9.803e+04,9.328e+04,-4.842,99,1.578e+05,990.2,942.3
sa1_7021332,44,47,2.632e+04,23710000,900.8,5.124e+06,0.5184,1.379e+05,1.416e+05,2.68,5.379,3.06e+04,1.379e+05,1.416e+05,2.68,114,2.08e+05,1210,1242
sa1_7021266,44,48,2.645e+04,23790000,899.3,6.43e+06,0.5972,1.201e+05,1.421e+05,18.3,5.37,3.84e+04,1.201e+05,1.421e+05,18.3,129,1.844e+05,931,1101
sa1_7020850,60,82,4.123e+04,36975000,896.9,7.526e+06,0.5776,1.93e+05,2.208e+05,14.42,5.356,4.494e+04,1.93e+05,2.208e+05,14.42,210,1.761e+05,919,1052
sa1_7022024,48,48,3.424e+04,30620000,894.2,7.141e+06,0.5991,1.541e+05,1.829e+05,18.67,5.34,4.265e+04,1.541e+05,1.829e+05,18.67,120,2.552e+05,1284,1524
sa1_7034757,32,33,1.792e+04,16020000,894,6.048e+06,0.5526,8.74e+04,9.567e+04,9.462,5.339,3.612e+04,8.74e+04,9.567e+04,9.462,87,1.841e+05,1005,1100
sa1_7020845,71,71,3.717e+04,33015000,888.2,5.504e+06,0.4836,2.058e+05,1.972e+05,-4.215,5.305,3.287e+04,2.058e+05,1.972e+05,-4.215,186,1.775e+05,1107,1060
sa1_7021909,46,55,2.984e+04,26480000,887.4,3.894e+06,0.6205,1.298e+05,1.6e+05,23.24,5.36,2.352e+04,1.282e+05,1.575e+05,22.79,120,2.207e+05,1069,1312
sa1_7020905,52,57,3.235e+04,28695000,886.9,4.742e+06,0.6254,1.383e+05,1.714e+05,23.88,5.297,2.832e+04,1.383e+05,1.714e+05,23.88,144,1.993e+05,960.7,1190
sa1_7022150,25,28,1.602e+04,14205000,886.7,5.805e+06,0.651,6.714e+04,8.728e+04,30.01,5.448,3.567e+04,6.529e+04,8.393e+04,28.55,174,8.164e+04,375.2,482.3
sa1_7021209,34,35,2.461e+04,21780000,885.1,6.171e+05,0.518,1.268e+05,1.301e+05,2.598,5.286,3685,1.268e+05,1.301e+05,2.598,108,2.017e+05,1174,1204
sa1_7021015,35,67,3.753e+04,33199000,884.5,6.495e+06,0.4601,4.888e+05,4.407e+05,-9.857,11.74,8.621e+04,1.171e+05,1.085e+05,-7.322,87,3.816e+05,1346,1247
sa1_7021908,56,58,3.343e+04,29570000,884.5,6.827e+06,0.5631,1.583e+05,1.766e+05,11.55,5.282,4.077e+04,1.583e+05,1.766e+05,11.55,150,1.971e+05,1055,1177
sa1_7021896,9,9,5880,5180000,881,3.715e+06,0.4781,3.267e+04,3.094e+04,-5.3,5.261,2.218e+04,3.267e+04,3.094e+04,-5.3,36,1.439e+05,907.4,859.3
sa1_7021359,45,46,3.005e+04,26455000,880.4,1.583e+06,0.6314,1.263e+05,1.58e+05,25.07,5.258,9455,1.263e+05,1.58e+05,25.07,108,2.45e+05,1170,1463
sa1_7021264,67,69,3.896e+04,34290000,880.2,6.372e+06,0.6087,1.698e+05,2.048e+05,20.57,5.256,3.805e+04,1.698e+05,2.048e+05,20.57,174,1.971e+05,976.1,1177
sa1_7022146,33,34,1.694e+04,14850000,876.7,4.726e+06,0.5846,7.658e+04,8.869e+04,15.81,5.235,2.823e+04,7.658e+04,8.869e+04,15.81,111,1.338e+05,689.9,799
sa1_7020844,57,58,3.238e+04,28370000,876.2,6.827e+06,0.5422,1.577e+05,1.694e+05,7.409,5.233,4.077e+04,1.577e+05,1.694e+05,7.409,174,1.63e+05,906.6,973.7
sa1_7022139,43,46,4.028e+04,35280000,876,1.524e+06,0.669,1.59e+05,2.107e+05,32.52,5.231,9101,1.59e+05,2.107e+05,32.52,99,3.564e+05,1606,2128
sa1_7020846,68,82,4.506e+04,39460000,875.7,6.367e+06,0.6083,1.956e+05,2.357e+05,20.49,5.23,3.803e+04,1.956e+05,2.357e+05,20.49,219,1.802e+05,893.1,1076
sa1_7021888,53,56,3.54e+04,30985000,875.3,6.873e+06,0.4885,1.912e+05,1.85e+05,-3.23,5.227,4.105e+04,1.912e+05,1.85e+05,-3.23,156,1.986e+05,1226,1186
sa1_7020881,43,56,2.753e+04,24095000,875.3,4.591e+06,0.501,1.45e+05,1.439e+05,-0.7522,5.227,2.742e+04,1.45e+05,1.439e+05,-0.7522,153,1.575e+05,947.6,940.5
sa1_7021329,34,44,2.417e+04,21140000,874.7,4.762e+06,0.545,1.169e+05,1.262e+05,7.953,5.224,2.844e+04,1.169e+05,1.262e+05,7.953,87,2.43e+05,1344,1451
sa1_7021018,39,41,2.143e+04,18685000,871.8,5.469e+06,0.5547,1.016e+05,1.116e+05,9.877,5.206,3.266e+04,1.016e+05,1.116e+05,9.877,102,1.832e+05,995.7,1094
sa1_7022085,31,31,3.341e+04,29100000,871,5.543e+06,0.769,2.651e+05,4.729e+05,78.39,14.16,9.009e+04,5.816e+04,6.301e+04,8.324,63,4.619e+05,923.2,1000
sa1_7020989,63,73,4.719e+04,41100000,871,7.782e+06,0.6447,1.922e+05,2.455e+05,27.71,5.202,4.648e+04,1.922e+05,2.455e+05,27.71,213,1.93e+05,902.4,1152
sa1_7034746,58,72,3.574e+04,31105000,870.3,6.547e+06,0.5995,1.564e+05,1.858e+05,18.75,5.198,3.91e+04,1.564e+05,1.858e+05,18.75,183,1.7e+05,854.8,1015
sa1_7021701,39,45,3.891e+04,33760000,867.6,3.399e+06,0.6017,1.692e+05,2.016e+05,19.18,5.182,2.03e+04,1.692e+05,2.016e+05,19.18,117,2.885e+05,1446,1723
sa1_7021913,47,72,4.073e+04,35280000,866.3,6.573e+06,0.6298,1.689e+05,2.107e+05,24.76,5.174,3.925e+04,1.689e+05,2.107e+05,24.76,168,2.1e+05,1005,1254
sa1_7020878,32,40,2.097e+04,18165000,866.2,7.49e+06,0.5203,1.053e+05,1.085e+05,3.07,5.173,4.473e+04,1.053e+05,1.085e+05,3.07,114,1.593e+05,923.3,951.6
sa1_7021353,56,57,4.513e+04,39070000,865.8,2.608e+06,0.6113,1.927e+05,2.333e+05,21.09,5.17,1.558e+04,1.927e+05,2.333e+05,21.09,153,2.554e+05,1259,1525
sa1_7021641,19,59,4.623e+04,39985000,864.9,7.509e+06,0.5742,2.677e+05,3.3e+05,23.25,7.138,6.197e+04,1.885e+05,2.05e+05,8.739,165,2.423e+05,1143,1243
sa1_7020922,52,55,2.911e+04,25175000,864.9,6.806e+06,0.5709,1.33e+05,1.503e+05,13.08,5.165,4.065e+04,1.33e+05,1.503e+05,13.08,156,1.614e+05,852.3,963.8
sa1_7020908,37,40,2.089e+04,18060000,864.5,6.68e+06,0.5548,9.814e+04,1.079e+05,9.904,5.163,3.989e+04,9.814e+04,1.079e+05,9.904,105,1.72e+05,934.6,1027
sa1_7021907,54,58,3.822e+04,33020000,863.9,6.885e+05,0.6593,1.51e+05,1.972e+05,30.61,5.159,4112,1.51e+05,1.972e+05,30.61,126,2.621e+05,1198,1565
sa1_7020904,30,30,1.786e+04,15415000,863.2,6.902e+06,0.6176,7.525e+04,9.206e+04,22.33,5.155,4.122e+04,7.525e+04,9.206e+04,22.33,99,1.557e+05,760.1,929.9
sa1_7021331,60,62,3.906e+04,33720000,863.2,6.973e+06,0.5106,1.991e+05,2.014e+05,1.141,5.155,4.165e+04,1.991e+05,2.014e+05,1.141,177,1.905e+05,1125,1138
sa1_7021880,40,46,2.593e+04,22370000,862.6,6.976e+06,0.5085,1.357e+05,1.368e+05,0.7821,5.274,4.265e+04,1.315e+05,1.324e+05,0.6949,141,1.587e+05,932.7,939.1
sa1_7022013,44,44,3.443e+04,29630000,860.5,7.189e+06,0.603,1.482e+05,1.77e+05,19.44,5.139,4.293e+04,1.482e+05,1.77e+05,19.44,159,1.864e+05,931.8,1113
sa1_7034799,37,39,3.436e+04,29560000,860.4,7.408e+06,0.6109,1.459e+05,1.765e+05,21,5.138,4.424e+04,1.459e+05,1.765e+05,21,105,2.815e+05,1389,1681
sa1_7021340,59,61,3.75e+04,32195000,858.5,6.604e+06,0.5238,1.853e+05,1.923e+05,3.747,5.127,3.944e+04,1.853e+05,1.923e+05,3.747,165,1.951e+05,1123,1165
sa1_7021058,54,56,2.673e+04,22922000,857.5,6.046e+06,0.4529,1.526e+05,1.369e+05,-10.3,5.121,3.611e+04,1.526e+05,1.369e+05,-10.3,174,1.317e+05,877.1,786.7
sa1_7020849,59,62,3.589e+04,30755000,856.9,7.211e+06,0.5745,1.614e+05,1.837e+05,13.81,5.118,4.306e+04,1.614e+05,1.837e+05,13.81,180,1.709e+05,896.6,1020
sa1_7021065,42,57,2.565e+04,21957000,856,7.798e+06,0.48,1.379e+05,1.311e+05,-4.927,5.112,4.657e+04,1.379e+05,1.311e+05,-4.927,162,1.355e+05,851.4,809.4
sa1_7021326,40,44,2.541e+04,21715000,854.7,6.778e+06,0.5183,1.263e+05,1.297e+05,2.658,5.104,4.048e+04,1.263e+05,1.297e+05,2.658,114,1.905e+05,1108,1138
sa1_7021267,52,59,3.917e+04,33450000,853.9,6.209e+06,0.6938,1.454e+05,1.998e+05,37.42,5.1,3.708e+04,1.454e+05,1.998e+05,37.42,162,2.065e+05,897.3,1233
sa1_7022007,43,45,2.621e+04,22375000,853.5,6.846e+06,0.5011,1.346e+05,1.336e+05,-0.7363,5.097,4.089e+04,1.346e+05,1.336e+05,-0.7363,129,1.734e+05,1044,1036
sa1_7021133,61,61,3.252e+04,27725000,852.4,4.106e+06,0.4579,1.826e+05,1.656e+05,-9.3,5.091,2.452e+04,1.826e+05,1.656e+05,-9.3,177,1.566e+05,1031,935.5
sa1_7022080,71,74,5.201e+04,44305000,851.8,7.261e+06,0.6142,2.175e+05,2.646e+05,21.67,5.087,4.336e+04,2.175e+05,2.646e+05,21.67,207,2.14e+05,1051,1278
sa1_7021087,36,37,1.686e+04,14360000,851.5,6.634e+06,0.4959,8.731e+04,8.576e+04,-1.779,5.085,3.962e+04,8.731e+04,8.576e+04,-1.779,108,1.33e+05,808.4,794.1
sa1_7021162,39,40,2.146e+04,18240000,849.9,5.597e+06,0.522,1.053e+05,1.089e+05,3.407,5.075,3.342e+04,1.053e+05,1.089e+05,3.407,111,1.643e+05,949,981.4
sa1_7020858,65,65,4.038e+04,34315000,849.8,5.436e+06,0.4455,2.322e+05,2.049e+05,-11.76,5.075,3.247e+04,2.322e+05,2.049e+05,-11.76,213,1.611e+05,1090,962.1
sa1_7021320,47,57,3.272e+04,27775000,848.8,7.259e+06,0.5707,1.467e+05,1.659e+05,13.05,5.069,4.335e+04,1.467e+05,1.659e+05,13.05,168,1.653e+05,873.3,987.3
sa1_7021219,58,59,3.448e+04,29260000,848.5,7.463e+06,0.4536,1.945e+05,1.747e+05,-10.15,5.068,4.457e+04,1.945e+05,1.747e+05,-10.15,138,2.12e+05,1409,1266
sa1_7020923,54,63,3.005e+04,25465000,847.5,6.206e+06,0.5503,1.395e+05,1.521e+05,9.005,5.061,3.706e+04,1.395e+05,1.521e+05,9.005,159,1.602e+05,877.5,956.5
sa1_7021166,48,55,3.012e+04,25530000,847.5,6.756e+06,0.4985,1.544e+05,1.525e+05,-1.248,5.061,4.035e+04,1.544e+05,1.525e+05,-1.248,162,1.576e+05,953.1,941.2
sa1_7020960,50,50,2.536e+04,21485000,847.1,6.719e+06,0.5224,1.24e+05,1.283e+05,3.473,5.059,4.012e+04,1.24e+05,1.283e+05,3.473,126,1.705e+05,984.2,1018
sa1_7021181,73,80,4.54e+04,38400000,845.9,6.236e+06,0.5748,2.014e+05,2.293e+05,13.85,5.052,3.724e+04,2.014e+05,2.293e+05,13.85,198,1.939e+05,1017,1158
sa1_7022145,62,67,3.914e+04,33040000,844.1,6.374e+06,0.6373,1.563e+05,1.973e+05,26.25,5.041,3.806e+04,1.563e+05,1.973e+05,26.25,189,1.748e+05,827,1044
sa1_7020966,17,21,1.714e+04,14470000,844.1,4.874e+06,0.5753,7.583e+04,8.642e+04,13.97,5.041,2.911e+04,7.583e+04,8.642e+04,13.97,141,1.026e+05,537.8,612.9
sa1_7021237,40,42,3.598e+04,30330000,843,7.351e+06,0.564,1.621e+05,1.811e+05,11.71,5.035,4.39e+04,1.621e+05,1.811e+05,11.71,129,2.351e+05,1257,1404
sa1_7021921,65,68,4.27e+04,35845000,839.5,6.655e+06,0.5612,1.926e+05,2.141e+05,11.17,5.014,3.975e+04,1.926e+05,2.141e+05,11.17,195,1.838e+05,987.5,1098
sa1_7021197,51,52,3.103e+04,26000000,838,6.83e+06,0.4975,1.576e+05,1.553e+05,-1.451,5.005,4.079e+04,1.576e+05,1.553e+05,-1.451,162,1.605e+05,972.6,958.5
sa1_7020861,47,47,2.59e+04,21705000,837.9,6.999e+06,0.4193,1.561e+05,1.296e+05,-16.94,5.004,4.18e+04,1.561e+05,1.296e+05,-16.94,144,1.507e+05,1084,900.2
sa1_7021200,44,49,2.62e+04,21950000,837.7,4.823e+06,0.5143,1.287e+05,1.311e+05,1.873,5.003,2.88e+04,1.287e+05,1.311e+05,1.873,135,1.626e+05,953.2,971
sa1_7020848,51,60,3.401e+04,28488000,837.5,1.208e+06,0.5409,1.588e+05,1.701e+05,7.143,5.002,7213,1.588e+05,1.701e+05,7.143,171,1.666e+05,928.6,994.9
sa1_7020993,41,54,2.456e+04,20570000,837.5,6.25e+06,0.5402,1.148e+05,1.228e+05,7.001,5.002,3.733e+04,1.148e+05,1.228e+05,7.001,138,1.491e+05,831.9,890.2
sa1_7021216,67,80,4.891e+04,40888000,836,7.592e+06,0.4511,2.732e+05,2.442e+05,-10.64,4.992,4.534e+04,2.732e+05,2.442e+05,-10.64,132,3.098e+05,2070,1850
sa1_7021716,44,46,4.737e+04,39600000,835.9,7.361e+06,0.5825,2.05e+05,2.365e+05,15.38,4.992,4.396e+04,2.05e+05,2.365e+05,15.38,117,3.385e+05,1752,2021
sa1_7020886,44,50,2.583e+04,21590000,835.9,6.761e+06,0.5542,1.175e+05,1.289e+05,9.77,4.992,4.038e+04,1.175e+05,1.289e+05,9.77,126,1.713e+05,932.2,1023
sa1_7020975,63,68,3.154e+04,26360000,835.8,6.329e+06,0.4604,1.726e+05,1.574e+05,-8.811,4.991,3.779e+04,1.726e+05,1.574e+05,-8.811,180,1.464e+05,959.1,874.6
sa1_7021083,43,63,2.628e+04,21941000,835,6.589e+06,0.512,1.292e+05,1.31e+05,1.413,4.986,3.935e+04,1.292e+05,1.31e+05,1.413,171,1.283e+05,755.6,766.3
sa1_7021249,40,45,2.451e+04,20460000,834.7,2.201e+06,0.5345,1.154e+05,1.222e+05,5.872,4.985,1.314e+04,1.154e+05,1.222e+05,5.872,123,1.663e+05,938.3,993.4
sa1_7021875,32,33,1.707e+04,14240000,834.4,1.843e+06,0.5353,8.02e+04,8.504e+04,6.042,4.983,1.101e+04,8.02e+04,8.504e+04,6.042,126,1.13e+05,636.5,674.9
sa1_7021342,68,80,4.6e+04,38380000,834.3,5.784e+06,0.5264,2.198e+05,2.292e+05,4.267,4.983,3.454e+04,2.198e+05,2.292e+05,4.267,204,1.881e+05,1078,1124
sa1_7021156,44,46,2.528e+04,21080000,833.8,6.739e+06,0.5024,1.265e+05,1.259e+05,-0.4861,4.98,4.024e+04,1.265e+05,1.259e+05,-0.4861,123,1.714e+05,1029,1024
sa1_7021840,50,55,5.202e+04,43344000,833.1,8.808e+06,0.6563,1.991e+05,2.589e+05,30.01,4.976,5.261e+04,1.991e+05,2.589e+05,30.01,153,2.833e+05,1301,1692
sa1_7020897,59,76,4.432e+04,36870000,832,7.414e+06,0.6204,1.792e+05,2.202e+05,22.89,4.969,4.428e+04,1.792e+05,2.202e+05,22.89,192,1.92e+05,933.2,1147
sa1_7034772,53,55,2.833e+04,23533000,830.7,6.374e+06,0.4371,1.623e+05,1.405e+05,-13.41,4.961,3.806e+04,1.623e+05,1.405e+05,-13.41,165,1.426e+05,983.7,851.8
sa1_7021892,52,55,3.917e+04,32515000,830,6.281e+06,0.5262,1.863e+05,1.942e+05,4.235,4.957,3.751e+04,1.863e+05,1.942e+05,4.235,180,1.806e+05,1035,1079
sa1_7020867,53,66,3.136e+04,26030000,829.9,3.891e+06,0.456,1.721e+05,1.555e+05,-9.669,4.957,2.324e+04,1.721e+05,1.555e+05,-9.669,183,1.422e+05,940.4,849.5
sa1_7021089,43,44,2.233e+04,18525000,829.7,6.418e+06,0.5406,1.033e+05,1.106e+05,7.076,4.955,3.833e+04,1.033e+05,1.106e+05,7.076,129,1.436e+05,800.9,857.6
sa1_7020969,61,80,5.226e+04,43310000,828.7,5.258e+06,0.5994,2.179e+05,2.587e+05,18.72,4.949,3.14e+04,2.179e+05,2.587e+05,18.72,198,2.187e+05,1100,1306
sa1_7021346,58,62,4.555e+04,37685000,827.3,4.49e+06,0.5557,2.045e+05,2.251e+05,10.07,4.941,2.681e+04,2.045e+05,2.251e+05,10.07,168,2.243e+05,1217,1340
sa1_7022155,39,39,2.448e+04,20230000,826.3,7.571e+05,0.6712,9.087e+04,1.208e+05,32.95,4.935,4521,9.087e+04,1.208e+05,32.95,129,1.568e+05,704.4,936.6
sa1_7020976,37,39,1.964e+04,16220000,826,6.259e+06,0.4988,9.805e+04,9.687e+04,-1.202,4.933,3.738e+04,9.805e+04,9.687e+04,-1.202,126,1.287e+05,778.1,768.8
sa1_7034762,14,14,2.848e+04,23510000,825.4,6.557e+05,0.5346,4.299e+05,4.381e+05,1.904,15.38,1.222e+04,2.249e+04,3.016e+04,34.09,0,,,
sa1_7021226,67,84,8.902e+04,73460000,825.2,7.547e+06,0.6126,3.923e+05,4.719e+05,20.31,5.301,4.849e+04,3.502e+05,4.264e+05,21.77,159,4.62e+05,2202,2682
sa1_7022002,64,67,4.812e+04,39665000,824.4,3.105e+06,0.6336,1.887e+05,2.369e+05,25.5,4.923,1.854e+04,1.887e+05,2.369e+05,25.5,132,3.005e+05,1430,1795
sa1_7022173,68,68,4.46e+04,36700000,822.9,6.78e+06,0.6071,1.823e+05,2.192e+05,20.26,4.915,4.049e+04,1.823e+05,2.192e+05,20.26,189,1.942e+05,964.3,1160
sa1_7021776,55,60,6.904e+04,56800000,822.8,6.57e+06,0.6946,2.465e+05,3.392e+05,37.6,4.914,3.924e+04,2.465e+05,3.392e+05,37.6,156,3.641e+05,1580,2174
sa1_7034855,46,49,3.253e+04,26745000,822,7.038e+06,0.5169,1.56e+05,1.597e+05,2.392,4.909,4.203e+04,1.56e+05,1.597e+05,2.392,156,1.714e+05,1000,1024
sa1_7020860,63,63,3.552e+04,29189000,821.8,6.364e+06,0.4377,2.011e+05,1.743e+05,-13.31,4.908,3.801e+04,2.011e+05,1.743e+05,-13.31,189,1.544e+05,1064,922.3
sa1_7034750,36,37,2.24e+04,18395000,821.3,5.407e+06,0.6092,9.104e+04,1.099e+05,20.67,4.905,3.229e+04,9.104e+04,1.099e+05,20.67,108,1.703e+05,842.9,1017
sa1_7020872,46,47,2.866e+04,23515000,820.6,5.069e+06,0.4527,1.566e+05,1.404e+05,-10.32,4.901,3.027e+04,1.566e+05,1.404e+05,-10.32,150,1.568e+05,1044,936.2
sa1_7034786,16,57,1.792e+04,14700000,820.5,5.892e+06,0.3976,1.325e+05,9.94e+04,-25.01,5.548,3.984e+04,1.037e+05,8.349e+04,-19.45,120,1.225e+05,863.8,695.7
sa1_7034862,33,37,2.596e+04,21270000,819.3,7.059e+06,0.538,1.192e+05,1.27e+05,6.57,4.893,4.215e+04,1.192e+05,1.27e+05,6.57,102,2.085e+05,1169,1245
sa1_7021732,74,75,6.634e+04,54345000,819.1,5.023e+06,0.6161,2.659e+05,3.246e+05,22.04,4.892,3e+04,2.659e+05,3.246e+05,22.04,210,2.588e+05,1266,1545
sa1_7034940,56,89,1.138e+05,93254000,819.1,1.832e+06,0.5901,1.464e+06,1.778e+06,21.51,15.62,3.493e+04,1.109e+05,1.045e+05,-5.742,39,2.391e+06,2843,2679
sa1_7034763,42,42,2.141e+04,17525000,818.4,6.452e+06,0.5186,1.019e+05,1.047e+05,2.735,4.888,3.853e+04,1.019e+05,1.047e+05,2.735,114,1.537e+05,893.6,918.1
sa1_7021182,69,70,4.339e+04,35500000,818.1,6.483e+06,0.6085,1.759e+05,2.12e+05,20.53,4.886,3.871e+04,1.759e+05,2.12e+05,20.53,171,2.076e+05,1029,1240
sa1_7021247,41,41,2.933e+04,23990000,817.9,6.047e+06,0.5331,1.357e+05,1.433e+05,5.601,4.884,3.612e+04,1.357e+05,1.433e+05,5.601,126,1.904e+05,1077,1137
sa1_7022174,52,54,3.375e+04,27560000,816.6,3.569e+06,0.6067,1.37e+05,1.646e+05,20.18,4.877,2.131e+04,1.37e+05,1.646e+05,20.18,129,2.136e+05,1062,1276
sa1_7021356,51,54,3.906e+04,31892000,816.4,6.677e+06,0.5908,1.628e+05,1.905e+05,17.03,4.876,3.988e+04,1.628e+05,1.905e+05,17.03,162,1.969e+05,1005,1176
sa1_7021926,66,67,4.643e+04,37905000,816.4,3.198e+06,0.568,2.012e+05,2.264e+05,12.51,4.875,1.91e+04,2.012e+05,2.264e+05,12.51,210,1.805e+05,958.1,1078
sa1_7020889,45,49,2.762e+04,22540000,815.9,6.351e+06,0.5619,1.209e+05,1.346e+05,11.3,4.873,3.793e+04,1.209e+05,1.346e+05,11.3,132,1.708e+05,916.2,1020
sa1_7020862,58,58,3.523e+04,28725000,815.3,6.366e+06,0.4469,1.938e+05,1.715e+05,-11.47,4.869,3.802e+04,1.938e+05,1.715e+05,-11.47,183,1.57e+05,1059,937.4
sa1_7020979,55,57,3.057e+04,24914000,815,6.419e+06,0.5467,1.374e+05,1.488e+05,8.299,4.867,3.834e+04,1.374e+05,1.488e+05,8.299,162,1.538e+05,848.1,918.4
sa1_7034764,31,31,1.63e+04,13255000,813.2,6.185e+06,0.5094,7.845e+04,7.916e+04,0.907,4.856,3.694e+04,7.845e+04,7.916e+04,0.907,81,1.636e+05,968.5,977.3
sa1_7021205,65,67,5.135e+04,41740000,812.8,7.031e+06,0.5697,2.209e+05,2.493e+05,12.84,4.854,4.199e+04,2.209e+05,2.493e+05,12.84,153,2.728e+05,1444,1629
sa1_7021924,53,53,3.72e+04,30165000,810.8,6.921e+06,0.6003,1.515e+05,1.801e+05,18.91,4.842,4.133e+04,1.515e+05,1.801e+05,18.91,183,1.648e+05,827.9,984.4
sa1_7034777,31,37,2.065e+04,16735000,810.3,6.541e+06,0.5508,9.161e+04,9.994e+04,9.098,4.839,3.906e+04,9.161e+04,9.994e+04,9.098,111,1.508e+05,825.3,900.4
sa1_7022057,51,52,3.362e+04,27231500,809.9,5.763e+06,0.6251,1.313e+05,1.626e+05,23.81,4.837,3.442e+04,1.313e+05,1.626e+05,23.81,123,2.214e+05,1068,1322
sa1_7022151,27,27,1.644e+04,13310000,809.7,6.72e+06,0.6148,6.527e+04,7.949e+04,21.78,4.835,4.013e+04,6.527e+04,7.949e+04,21.78,117,1.138e+05,557.9,679.4
sa1_7034812,50,51,3.138e+04,25395000,809.3,6.476e+06,0.5119,1.496e+05,1.517e+05,1.398,4.833,3.867e+04,1.496e+05,1.517e+05,1.398,129,1.969e+05,1159,1176
sa1_7020855,54,54,3.649e+04,29515000,808.8,2.966e+06,0.4353,2.044e+05,1.763e+05,-13.77,4.83,1.771e+04,2.044e+05,1.763e+05,-13.77,171,1.726e+05,1195,1031
sa1_7020954,42,52,2.809e+04,22693000,807.8,4.906e+06,0.5743,1.24e+05,1.397e+05,12.67,4.974,3.021e+04,1.173e+05,1.34e+05,14.2,141,1.609e+05,832,950.2
sa1_7020882,47,48,2.565e+04,20695000,806.7,6.895e+06,0.5385,1.159e+05,1.236e+05,6.67,4.818,4.118e+04,1.159e+05,1.236e+05,6.67,129,1.604e+05,898.2,958.1
sa1_7022154,29,29,1.899e+04,15310000,806.2,6.26e+06,0.7205,6.407e+04,9.143e+04,42.71,4.814,3.739e+04,6.407e+04,9.143e+04,42.71,171,8.953e+04,374.7,534.7
sa1_7021489,57,65,5.135e+04,41350000,805.2,6.417e+06,0.5454,2.286e+05,2.469e+05,8.043,4.809,3.832e+04,2.286e+05,2.469e+05,8.043,180,2.297e+05,1270,1372
sa1_7021168,35,47,2.193e+04,17660000,805.1,6.302e+06,0.577,9.227e+04,1.055e+05,14.3,4.808,3.764e+04,9.227e+04,1.055e+05,14.3,114,1.549e+05,809.4,925.1
sa1_7034779,23,23,1.041e+04,8370000,803.7,6.388e+06,0.5111,4.937e+04,4.999e+04,1.249,4.8,3.815e+04,4.937e+04,4.999e+04,1.249,63,1.329e+05,783.6,793.4
sa1_7021823,44,47,3.426e+04,27475000,802.1,6.708e+06,0.5959,1.39e+05,1.641e+05,18.03,4.79,4.006e+04,1.39e+05,1.641e+05,18.03,114,2.41e+05,1219,1439
sa1_7021257,54,57,3.537e+04,28370000,802,5.67e+06,0.5582,1.532e+05,1.694e+05,10.57,4.79,3.386e+04,1.532e+05,1.694e+05,10.57,138,2.056e+05,1110,1228
sa1_7021013,55,73,3.971e+04,31835000,801.8,4.743e+06,0.5499,1.745e+05,1.901e+05,8.931,4.788,2.832e+04,1.745e+05,1.901e+05,8.931,150,2.122e+05,1164,1267
sa1_7020977,51,56,3.044e+04,24380000,800.9,5.954e+06,0.5535,1.328e+05,1.456e+05,9.632,4.783,3.556e+04,1.328e+05,1.456e+05,9.632,168,1.451e+05,790.5,866.7
sa1_7021859,30,36,2.45e+04,19620000,800.8,4.283e+06,0.4806,1.231e+05,1.172e+05,-4.803,4.782,2.558e+04,1.231e+05,1.172e+05,-4.803,138,1.422e+05,891.9,849.1
sa1_7021093,56,57,2.998e+04,24007000,800.7,6.391e+06,0.5386,1.344e+05,1.434e+05,6.683,4.782,3.817e+04,1.344e+05,1.434e+05,6.683,162,1.482e+05,829.6,885
sa1_7020942,54,62,3.45e+04,27605000,800.2,5.778e+06,0.4644,1.792e+05,1.649e+05,-8.006,4.779,3.451e+04,1.792e+05,1.649e+05,-8.006,198,1.394e+05,905.1,832.6
sa1_7021085,46,46,2.815e+04,22510000,799.6,6.187e+06,0.5452,1.245e+05,1.344e+05,7.989,4.775,3.695e+04,1.245e+05,1.344e+05,7.989,180,1.251e+05,691.6,746.8
sa1_7021255,49,52,3.271e+04,26065000,796.9,5.386e+06,0.522,1.506e+05,1.557e+05,3.395,4.759,3.217e+04,1.506e+05,1.557e+05,3.395,144,1.81e+05,1045,1081
sa1_7021526,56,66,4.672e+04,37227000,796.8,3.817e+06,0.5912,1.899e+05,2.223e+05,17.1,4.759,2.28e+04,1.899e+05,2.223e+05,17.1,162,2.298e+05,1172,1372
sa1_7021163,55,55,3.056e+04,24340000,796.4,6.437e+06,0.5126,1.431e+05,1.454e+05,1.545,4.756,3.844e+04,1.431e+05,1.454e+05,1.545,156,1.56e+05,917.6,931.8
sa1_7022148,53,53,3.238e+04,25730000,794.6,5.868e+06,0.5514,1.407e+05,1.537e+05,9.23,4.746,3.505e+04,1.407e+05,1.537e+05,9.23,147,1.75e+05,957,1045
sa1_7020866,49,49,3.097e+04,24585000,793.8,2.317e+06,0.4213,1.76e+05,1.468e+05,-16.55,4.741,1.384e+04,1.76e+05,1.468e+05,-16.55,132,1.862e+05,1333,1112
sa1_7034773,37,37,1.999e+04,15850000,792.9,3.611e+06,0.5092,9.385e+04,9.466e+04,0.8553,4.735,2.156e+04,9.385e+04,9.466e+04,0.8553,117,1.355e+05,802.2,809
sa1_7034792,39,39,2.611e+04,20674000,791.7,5.776e+06,0.4712,1.323e+05,1.235e+05,-6.66,4.728,3.449e+04,1.323e+05,1.235e+05,-6.66,120,1.723e+05,1102,1029
sa1_7021894,45,45,3.107e+04,24560000,790.4,6.924e+06,0.5398,1.372e+05,1.467e+05,6.933,4.72,4.135e+04,1.372e+05,1.467e+05,6.933,132,1.861e+05,1039,1111
sa1_7022152,71,73,4.447e+04,35120000,789.7,3.406e+06,0.573,1.848e+05,2.097e+05,13.5,4.716,2.034e+04,1.848e+05,2.097e+05,13.5,204,1.722e+05,905.9,1028
sa1_7021143,50,50,3.216e+04,25385000,789.3,6.414e+06,0.5233,1.463e+05,1.516e+05,3.656,4.714,3.831e+04,1.463e+05,1.516e+05,3.656,132,1.923e+05,1108,1148
sa1_7022175,53,63,3.599e+04,28385000,788.8,4.197e+06,0.595,1.438e+05,1.695e+05,17.86,4.711,2.507e+04,1.438e+05,1.695e+05,17.86,156,1.82e+05,922,1087
sa1_7020864,66,66,4.023e+04,31710000,788.2,4.097e+06,0.4525,2.113e+05,1.894e+05,-10.37,4.707,2.447e+04,2.113e+05,1.894e+05,-10.37,186,1.705e+05,1136,1018
sa1_7020873,45,45,3.188e+04,25105000,787.4,5.248e+06,0.444,1.705e+05,1.499e+05,-12.05,4.703,3.134e+04,1.705e+05,1.499e+05,-12.05,156,1.609e+05,1093,961.1
sa1_7021879,33,33,2.663e+04,20960000,787.1,6.339e+06,0.5127,2.195e+05,2.4e+05,9.347,9.012,7.257e+04,8.761e+04,8.265e+04,-5.661,111,1.888e+05,789.3,744.6
sa1_7020857,38,38,2.339e+04,18410000,787,6.214e+06,0.435,1.276e+05,1.099e+05,-13.83,4.7,3.711e+04,1.276e+05,1.099e+05,-13.83,114,1.615e+05,1119,964.4
sa1_7021155,46,58,3.009e+04,23670000,786.5,6.472e+06,0.5086,1.403e+05,1.414e+05,0.7551,4.697,3.865e+04,1.403e+05,1.414e+05,0.7551,156,1.517e+05,899.4,906.1
sa1_7021347,58,61,5.456e+04,42905000,786.4,4.287e+06,0.5796,2.232e+05,2.562e+05,14.8,4.697,2.56e+04,2.232e+05,2.562e+05,14.8,186,2.307e+05,1200,1378
sa1_7021886,56,56,3.957e+04,31100000,785.9,6.254e+06,0.5352,1.752e+05,1.857e+05,6.022,4.693,3.735e+04,1.752e+05,1.857e+05,6.022,183,1.699e+05,957.3,1015
sa1_7020947,22,61,2.896e+04,22685000,783.4,6.816e+06,0.4968,1.377e+05,1.355e+05,-1.598,4.678,4.07e+04,1.377e+05,1.355e+05,-1.598,147,1.543e+05,936.6,921.6
sa1_7021245,42,43,4.198e+04,32880000,783.2,6.315e+06,0.5828,1.701e+05,1.964e+05,15.44,4.677,3.771e+04,1.701e+05,1.964e+05,15.44,126,2.61e+05,1350,1558
sa1_7020883,35,37,2.092e+04,16345000,781.3,6.088e+06,0.5632,8.749e+04,9.761e+04,11.57,4.666,3.636e+04,8.749e+04,9.761e+04,11.57,114,1.434e+05,767.5,856.3
sa1_7020865,47,50,2.794e+04,21815000,780.7,2.74e+06,0.4353,1.511e+05,1.303e+05,-13.78,4.662,1.636e+04,1.511e+05,1.303e+05,-13.78,129,1.691e+05,1171,1010
sa1_7021889,53,54,3.579e+04,27920000,780.2,6.137e+06,0.5646,1.491e+05,1.667e+05,11.84,4.659,3.665e+04,1.491e+05,1.667e+05,11.84,129,2.164e+05,1156,1293
sa1_7021344,56,68,3.364e+04,26245000,780.1,5.927e+06,0.5206,1.52e+05,1.567e+05,3.118,4.659,3.54e+04,1.52e+05,1.567e+05,3.118,180,1.458e+05,844.4,870.8
sa1_7020890,42,44,2.469e+04,19220000,778.3,2.75e+06,0.5454,1.062e+05,1.148e+05,8.035,4.648,1.643e+04,1.062e+05,1.148e+05,8.035,135,1.424e+05,787,850.2
sa1_7021199,56,60,3.954e+04,30770000,778.2,4.992e+06,0.4837,1.918e+05,1.838e+05,-4.196,4.648,2.982e+04,1.918e+05,1.838e+05,-4.196,171,1.799e+05,1122,1075
sa1_7021110,19,35,1.418e+04,11030000,778.1,5.25e+06,0.4808,6.916e+04,6.587e+04,-4.757,4.647,3.135e+04,6.916e+04,6.587e+04,-4.757,84,1.313e+05,823.4,784.2
sa1_7021180,48,52,2.7e+04,21010000,778,5.632e+06,0.5652,1.121e+05,1.255e+05,11.95,4.647,3.363e+04,1.121e+05,1.255e+05,11.95,153,1.373e+05,732.5,820.1
sa1_7020940,63,69,3.971e+04,30890000,777.9,5.812e+06,0.4276,2.178e+05,1.845e+05,-15.3,4.646,3.471e+04,2.178e+05,1.845e+05,-15.3,198,1.56e+05,1100,931.7
sa1_7021506,69,70,5.539e+04,43064000,777.5,6.34e+06,0.5432,2.39e+05,2.572e+05,7.594,4.643,3.786e+04,2.39e+05,2.572e+05,7.594,168,2.563e+05,1423,1531
sa1_7021138,39,48,2.416e+04,18770000,776.8,3.105e+05,0.5197,1.089e+05,1.121e+05,2.936,4.639,1855,1.089e+05,1.121e+05,2.936,135,1.39e+05,806.7,830.3
sa1_7021864,53,55,5.894e+04,45715000,775.7,5.386e+06,0.6675,2.093e+05,2.786e+05,33.11,4.727,3.282e+04,2.054e+05,2.71e+05,31.89,135,3.386e+05,1522,2007
sa1_7020859,74,74,3.665e+04,28407000,775.2,2.585e+06,0.4117,2.081e+05,1.696e+05,-18.46,4.629,1.544e+04,2.081e+05,1.696e+05,-18.46,222,1.28e+05,937.2,764.2
sa1_7022083,53,164,2.847e+05,220680000,775.1,5.347e+06,0.5417,2.883e+06,3.345e+06,16.03,11.75,8.105e+04,6.154e+05,5.672e+05,-7.827,237,9.311e+05,2596,2393
sa1_7021809,86,90,9.913e+04,76795000,774.7,7.085e+06,0.6014,3.964e+05,4.699e+05,18.55,4.74,4.336e+04,3.808e+05,4.544e+05,19.35,231,3.324e+05,1648,1967
sa1_7021241,38,39,2.361e+04,18280000,774.3,6.022e+06,0.4835,1.14e+05,1.092e+05,-4.232,4.624,3.596e+04,1.14e+05,1.092e+05,-4.232,138,1.325e+05,826,791.1
sa1_7034756,44,50,3.061e+04,23700000,774.3,6.113e+06,0.5878,1.216e+05,1.415e+05,16.43,4.624,3.651e+04,1.216e+05,1.415e+05,16.43,141,1.681e+05,862.1,1004
sa1_7021198,43,53,3.035e+04,23490000,773.9,5.907e+06,0.5195,1.363e+05,1.403e+05,2.897,4.622,3.528e+04,1.363e+05,1.403e+05,2.897,141,1.666e+05,966.9,994.9
sa1_7021928,61,86,5.313e+04,41095000,773.5,2.828e+06,0.5516,2.333e+05,2.555e+05,9.491,4.808,1.758e+04,2.214e+05,2.417e+05,9.187,162,2.537e+05,1366,1492
sa1_7021208,68,72,5.03e+04,38900000,773.4,6.012e+06,0.5221,2.246e+05,2.323e+05,3.415,4.619,3.591e+04,2.246e+05,2.323e+05,3.415,216,1.801e+05,1040,1076
sa1_7021352,39,48,3.491e+04,26945000,771.8,5.227e+06,0.6133,1.325e+05,1.609e+05,21.48,4.609,3.121e+04,1.325e+05,1.609e+05,21.48,117,2.303e+05,1132,1375
sa1_7034946,33,36,2.542e+04,19590000,770.6,6.838e+06,0.5763,1.025e+05,1.17e+05,14.16,4.602,4.084e+04,1.025e+05,1.17e+05,14.16,102,1.921e+05,1005,1147
sa1_7021878,28,28,1.826e+04,14070000,770.5,2.545e+06,0.5247,8.085e+04,8.403e+04,3.936,4.601,1.52e+04,8.085e+04,8.403e+04,3.936,75,1.876e+05,1078,1120
sa1_7021070,44,49,2.642e+04,20330000,769.5,6.518e+06,0.4892,1.253e+05,1.214e+05,-3.091,4.595,3.892e+04,1.253e+05,1.214e+05,-3.091,141,1.442e+05,888.5,861.1
sa1_7020957,40,40,2.22e+04,17070000,769,1.778e+06,0.5013,1.027e+05,1.019e+05,-0.6964,4.593,1.062e+04,1.027e+05,1.019e+05,-0.6964,108,1.581e+05,950.5,943.9
sa1_7020894,36,38,2.259e+04,17355000,768.3,6.879e+06,0.5464,9.575e+04,1.036e+05,8.241,4.588,4.108e+04,9.575e+04,1.036e+05,8.241,90,1.928e+05,1064,1152
sa1_7020888,51,53,2.995e+04,22986000,767.6,6.206e+06,0.5196,1.334e+05,1.373e+05,2.929,4.584,3.706e+04,1.334e+05,1.373e+05,2.929,168,1.368e+05,793.9,817.1
sa1_7034735,91,91,6.068e+04,46565000,767.4,2.941e+06,0.3816,3.679e+05,2.781e+05,-24.42,4.583,1.756e+04,3.679e+05,2.781e+05,-24.42,300,1.552e+05,1226,927
sa1_7034736,68,68,4.442e+04,34080000,767.2,5.855e+06,0.3767,2.728e+05,2.035e+05,-25.39,4.582,3.497e+04,2.728e+05,2.035e+05,-25.39,216,1.578e+05,1263,942.3
sa1_7020884,51,56,3.448e+04,26425000,766.3,6.086e+06,0.5706,1.396e+05,1.578e+05,13.03,4.577,3.634e+04,1.396e+05,1.578e+05,13.03,198,1.335e+05,705.2,797
sa1_7020893,58,66,4.621e+04,35360000,765.1,6.755e+06,0.5973,1.785e+05,2.112e+05,18.31,4.569,4.034e+04,1.785e+05,2.112e+05,18.31,198,1.786e+05,901.4,1067
sa1_7021167,31,43,2.325e+04,17770000,764.4,5.964e+06,0.4841,1.107e+05,1.061e+05,-4.115,4.565,3.562e+04,1.107e+05,1.061e+05,-4.115,108,1.645e+05,1025,982.6
sa1_7021073,47,47,2.36e+04,18010000,763.2,5.78e+06,0.4737,1.146e+05,1.076e+05,-6.168,4.558,3.452e+04,1.146e+05,1.076e+05,-6.168,132,1.364e+05,868.4,814.8
sa1_7021922,40,42,2.879e+04,21944000,762.3,6.03e+06,0.5623,1.177e+05,1.311e+05,11.39,4.552,3.601e+04,1.177e+05,1.311e+05,11.39,129,1.701e+05,912.1,1016
sa1_7034959,18,21,1.275e+04,9710000,761.6,5.707e+06,0.5443,5.379e+04,5.799e+04,7.813,4.548,3.408e+04,5.379e+04,5.799e+04,7.813,63,1.541e+05,853.8,920.5
sa1_7021327,60,62,4.06e+04,30920000,761.5,6.207e+06,0.532,1.752e+05,1.847e+05,5.372,4.548,3.707e+04,1.752e+05,1.847e+05,5.372,168,1.84e+05,1043,1099
sa1_7034925,20,24,8808,6700000,760.7,6.27e+06,0.3743,5.397e+04,4.001e+04,-25.86,4.543,3.744e+04,5.397e+04,4.001e+04,-25.86,54,1.241e+05,999.4,741
sa1_7021335,53,66,4.615e+04,35090000,760.3,4.827e+06,0.5329,1.985e+05,2.096e+05,5.554,4.541,2.883e+04,1.985e+05,2.096e+05,5.554,162,2.166e+05,1226,1294
sa1_7022177,51,56,3.513e+04,26700000,760,5.436e+06,0.5882,1.368e+05,1.595e+05,16.52,4.539,3.246e+04,1.368e+05,1.595e+05,16.52,138,1.935e+05,991.6,1155
sa1_7021056,49,51,2.804e+04,21285000,759.1,6.22e+06,0.5021,1.278e+05,1.271e+05,-0.5376,4.533,3.715e+04,1.278e+05,1.271e+05,-0.5376,147,1.448e+05,869.4,864.7
sa1_7021108,69,80,4.011e+04,30435000,758.8,4.827e+06,0.5089,1.822e+05,1.835e+05,0.7393,4.576,2.911e+04,1.796e+05,1.811e+05,0.8188,168,1.812e+05,1069,1078
sa1_7021165,57,66,4.695e+04,35620000,758.6,6.592e+06,0.5018,2.14e+05,2.127e+05,-0.6094,4.531,3.937e+04,2.14e+05,2.127e+05,-0.6094,189,1.885e+05,1132,1126
sa1_7022149,27,27,1.524e+04,11560000,758.4,6.35e+06,0.591,5.897e+04,6.904e+04,17.07,4.529,3.793e+04,5.897e+04,6.904e+04,17.07,72,1.606e+05,819.1,958.9
sa1_7020868,37,39,2.412e+04,18285000,758.2,6.12e+06,0.4499,1.225e+05,1.092e+05,-10.88,4.528,3.655e+04,1.225e+05,1.092e+05,-10.88,117,1.563e+05,1047,933.3
sa1_7034780,29,35,1.727e+04,13090000,758,4.853e+06,0.4961,7.955e+04,7.817e+04,-1.728,4.527,2.898e+04,7.955e+04,7.817e+04,-1.728,93,1.408e+05,855.4,840.6
sa1_7021358,34,39,2.362e+04,17880000,756.9,2.254e+06,0.5196,1.037e+05,1.068e+05,2.928,4.52,1.346e+04,1.037e+05,1.068e+05,2.928,102,1.753e+05,1017,1047
sa1_7021915,71,76,5.561e+04,42060000,756.4,5.448e+06,0.613,2.069e+05,2.512e+05,21.42,4.517,3.254e+04,2.069e+05,2.512e+05,21.42,213,1.975e+05,971.2,1179
sa1_7020991,59,61,3.973e+04,30027000,755.8,4.958e+06,0.6093,1.486e+05,1.793e+05,20.69,4.514,2.961e+04,1.486e+05,1.793e+05,20.69,150,2.002e+05,990.5,1195
sa1_7020877,55,63,3.214e+04,24285000,755.6,5.681e+06,0.4561,1.605e+05,1.45e+05,-9.663,4.512,3.393e+04,1.605e+05,1.45e+05,-9.663,168,1.446e+05,955.6,863.3
sa1_7021161,55,66,3.514e+04,26540000,755.2,5.87e+06,0.5086,1.573e+05,1.585e+05,0.7501,4.51,3.506e+04,1.573e+05,1.585e+05,0.7501,189,1.404e+05,832.4,838.6
sa1_7034854,30,30,2.575e+04,19445000,755.1,6.622e+06,0.6375,9.196e+04,1.161e+05,26.29,4.51,3.955e+04,9.196e+04,1.161e+05,26.29,84,2.315e+05,1095,1382
sa1_7021525,63,74,5.389e+04,40675000,754.7,3.486e+06,0.5827,2.104e+05,2.429e+05,15.43,4.507,2.082e+04,2.104e+05,2.429e+05,15.43,189,2.152e+05,1113,1285
sa1_7020896,42,44,2.531e+04,19064000,753.2,6.592e+06,0.5232,1.098e+05,1.139e+05,3.647,4.498,3.937e+04,1.098e+05,1.139e+05,3.647,132,1.444e+05,832.2,862.5
sa1_7034737,110,110,7.057e+04,53040000,751.6,6.109e+06,0.3951,4.047e+05,3.168e+05,-21.73,4.489,3.648e+04,4.047e+05,3.168e+05,-21.73,306,1.733e+05,1323,1035
sa1_7021067,59,60,3.335e+04,25050000,751.2,6.079e+06,0.5193,1.454e+05,1.496e+05,2.861,4.486,3.63e+04,1.454e+05,1.496e+05,2.861,165,1.518e+05,881.5,906.7
sa1_7020948,38,40,2.269e+04,17040000,751.1,3.612e+06,0.4838,1.062e+05,1.018e+05,-4.164,4.485,2.157e+04,1.062e+05,1.018e+05,-4.164,108,1.578e+05,983.2,942.3
sa1_7021092,53,54,3.12e+04,23377000,749.2,3.987e+06,0.5106,1.38e+05,1.396e+05,1.134,4.475,2.381e+04,1.38e+05,1.396e+05,1.134,144,1.623e+05,958.6,969.5
sa1_7021293,19,20,1.204e+04,9001000,747.8,4.893e+06,0.5816,4.666e+04,5.375e+04,15.21,4.466,2.922e+04,4.666e+04,5.375e+04,15.21,78,1.154e+05,598.2,689.2
sa1_7034979,18,21,1.854e+04,13860000,747.7,4.1e+05,0.7726,5.409e+04,8.277e+04,53.03,4.466,2449,5.409e+04,8.277e+04,53.03,39,3.554e+05,1387,2122
sa1_7021700,63,76,5.93e+04,44270000,746.6,6.1e+06,0.5363,2.489e+05,2.644e+05,6.235,4.459,3.643e+04,2.489e+05,2.644e+05,6.235,201,2.202e+05,1238,1315
sa1_7034771,47,47,3.679e+04,27460000,746.4,5.878e+06,0.488,1.697e+05,1.64e+05,-3.334,4.457,3.511e+04,1.697e+05,1.64e+05,-3.334,159,1.727e+05,1067,1031
sa1_7020900,45,57,3.435e+04,25635000,746.3,7.697e+06,0.5642,1.37e+05,1.531e+05,11.75,4.457,4.597e+04,1.37e+05,1.531e+05,11.75,150,1.709e+05,913.3,1021
sa1_7021084,52,57,3.321e+04,24760000,745.5,3.314e+06,0.5379,1.388e+05,1.479e+05,6.551,4.452,1.979e+04,1.388e+05,1.479e+05,6.551,141,1.756e+05,984.2,1049
sa1_7020965,42,45,2.452e+04,18215000,742.9,6.076e+06,0.4624,1.188e+05,1.088e+05,-8.401,4.436,3.628e+04,1.188e+05,1.088e+05,-8.401,126,1.446e+05,942.5,863.3
sa1_7022115,27,29,1.658e+05,122780000,740.4,6.079e+06,0.8073,1.614e+06,2.614e+06,61.93,15.76,1.294e+05,3.057e+04,3.679e+04,20.33,24,5.116e+06,1274,1533
sa1_7021191,34,36,2.567e+04,18996000,740,2.794e+06,0.5881,9.739e+04,1.134e+05,16.49,4.419,1.668e+04,9.739e+04,1.134e+05,16.49,135,1.407e+05,721.4,840.3
sa1_7021173,53,59,3.219e+04,23750000,737.8,5.851e+06,0.5377,1.332e+05,1.418e+05,6.509,4.406,3.494e+04,1.332e+05,1.418e+05,6.509,141,1.684e+05,944.5,1006
sa1_7021876,21,21,1.937e+04,14290000,737.8,5.825e+06,0.5674,7.593e+04,8.534e+04,12.39,4.406,3.479e+04,7.593e+04,8.534e+04,12.39,123,1.162e+05,617.3,693.8
sa1_7021174,43,43,2.544e+04,18730000,736.3,5.777e+06,0.5777,9.774e+04,1.119e+05,14.44,4.397,3.45e+04,9.774e+04,1.119e+05,14.44,114,1.643e+05,857.4,981.2
sa1_7034802,44,46,3.048e+04,22440000,736.2,5.413e+06,0.5504,1.229e+05,1.34e+05,9.026,4.396,3.233e+04,1.229e+05,1.34e+05,9.026,123,1.824e+05,999.3,1090
sa1_7021066,35,63,2.95e+04,21705000,735.8,1.886e+06,0.4592,1.425e+05,1.296e+05,-9.036,4.394,1.126e+04,1.425e+05,1.296e+05,-9.036,159,1.365e+05,896.2,815.2
sa1_7021075,64,72,3.624e+04,26635000,734.9,5.839e+06,0.4707,1.706e+05,1.591e+05,-6.769,4.389,3.487e+04,1.706e+05,1.591e+05,-6.769,183,1.455e+05,932.3,869.2
sa1_7021086,44,47,2.603e+04,19120000,734.5,5.734e+06,0.4979,1.158e+05,1.142e+05,-1.371,4.387,3.424e+04,1.158e+05,1.142e+05,-1.371,138,1.386e+05,838.9,827.4
sa1_7021158,31,33,1.87e+04,13710000,733,5.818e+06,0.4775,8.656e+04,8.188e+04,-5.408,4.377,3.475e+04,8.656e+04,8.188e+04,-5.408,102,1.344e+05,848.6,802.7
sa1_7021491,65,73,5.511e+04,40390000,732.9,4.4e+06,0.5344,2.279e+05,2.412e+05,5.849,4.377,2.628e+04,2.279e+05,2.412e+05,5.849,198,2.04e+05,1151,1218
sa1_7022113,23,39,3.76e+04,27500000,731.4,3.99e+06,0.6812,1.353e+05,1.822e+05,34.64,4.846,2.644e+04,1.167e+05,1.576e+05,35.06,96,2.865e+05,1215,1641
sa1_7034766,40,50,2.882e+04,21080000,731.3,6.009e+06,0.4777,1.33e+05,1.259e+05,-5.369,4.368,3.589e+04,1.33e+05,1.259e+05,-5.369,138,1.528e+05,964,912.3
sa1_7020854,34,34,2.175e+04,15900000,731.2,6.342e+06,0.4168,1.15e+05,9.496e+04,-17.44,4.367,3.787e+04,1.15e+05,9.496e+04,-17.44,123,1.293e+05,935.1,772
sa1_7020996,57,73,3.67e+04,26803000,730.4,5.261e+06,0.5008,1.614e+05,1.601e+05,-0.8046,4.362,3.142e+04,1.614e+05,1.601e+05,-0.8046,171,1.567e+05,943.7,936.1
sa1_7034805,59,62,3.593e+04,26200000,729.1,5.29e+06,0.5126,1.541e+05,1.565e+05,1.542,4.354,3.159e+04,1.541e+05,1.565e+05,1.542,150,1.747e+05,1027,1043
sa1_7021114,51,65,3.493e+04,25455000,728.8,4.62e+06,0.5102,1.504e+05,1.52e+05,1.067,4.353,2.759e+04,1.504e+05,1.52e+05,1.067,147,1.732e+05,1023,1034
sa1_7021082,34,46,2.401e+04,17435000,726.3,6.056e+06,0.528,9.955e+04,1.041e+05,4.591,4.337,3.617e+04,9.955e+04,1.041e+05,4.591,129,1.352e+05,771.7,807.2
sa1_7020961,56,56,3.228e+04,23425000,725.6,5.529e+06,0.4806,1.469e+05,1.399e+05,-4.799,4.334,3.302e+04,1.469e+05,1.399e+05,-4.799,171,1.37e+05,859.3,818.1
sa1_7020852,34,34,2.03e+04,14730000,725.5,5.969e+06,0.3969,1.119e+05,8.797e+04,-21.38,4.333,3.565e+04,1.119e+05,8.797e+04,-21.38,96,1.534e+05,1165,916.3
sa1_7021797,39,44,3.181e+04,23010000,723.4,1.512e+06,0.4714,1.472e+05,1.374e+05,-6.619,4.32,9029,1.472e+05,1.374e+05,-6.619,117,1.967e+05,1258,1175
sa1_7021795,62,67,4.307e+04,31140000,723,6.475e+06,0.4444,2.113e+05,1.86e+05,-11.97,4.318,3.867e+04,2.113e+05,1.86e+05,-11.97,171,1.821e+05,1235,1088
sa1_7020926,61,66,4.117e+04,29745000,722.6,5.847e+06,0.5904,1.519e+05,1.776e+05,16.94,4.315,3.492e+04,1.519e+05,1.776e+05,16.94,153,1.944e+05,992.9,1161
sa1_7034778,52,53,2.767e+04,19975000,721.9,5.704e+06,0.5115,1.177e+05,1.193e+05,1.324,4.311,3.406e+04,1.177e+05,1.193e+05,1.324,150,1.332e+05,784.9,795.3
sa1_7021240,48,53,3.712e+04,26722000,719.9,5.907e+06,0.495,1.628e+05,1.596e+05,-1.945,4.299,3.527e+04,1.628e+05,1.596e+05,-1.945,117,2.284e+05,1391,1364
sa1_7021794,27,38,1.804e+04,12980000,719.6,6.082e+06,0.3595,1.089e+05,7.752e+04,-28.8,4.298,3.632e+04,1.089e+05,7.752e+04,-28.8,84,1.545e+05,1296,922.8
sa1_7020982,64,68,3.7e+04,26615000,719.3,5.077e+06,0.5168,1.553e+05,1.589e+05,2.369,4.296,3.032e+04,1.553e+05,1.589e+05,2.369,171,1.556e+05,908,929.5
sa1_7021160,45,73,3.974e+04,28560000,718.7,4.138e+06,0.4941,1.743e+05,1.706e+05,-2.123,4.292,2.471e+04,1.743e+05,1.706e+05,-2.123,174,1.641e+05,1002,980.2
sa1_7021081,27,44,2.076e+04,14885000,717,4.601e+06,0.5215,8.605e+04,8.889e+04,3.31,4.282,2.748e+04,8.605e+04,8.889e+04,3.31,84,1.772e+05,1024,1058
sa1_7020958,60,63,3.771e+04,26985000,715.7,5.428e+06,0.5246,1.551e+05,1.612e+05,3.913,4.274,3.242e+04,1.551e+05,1.612e+05,3.913,168,1.606e+05,923.1,959.3
sa1_7021906,71,73,4.394e+04,31417000,714.9,5.54e+06,0.5292,1.79e+05,1.876e+05,4.817,4.27,3.308e+04,1.79e+05,1.876e+05,4.817,180,1.745e+05,994.5,1042
sa1_7021498,78,78,4.671e+04,33380000,714.7,4.947e+06,0.4918,2.047e+05,1.993e+05,-2.592,4.268,2.954e+04,2.047e+05,1.993e+05,-2.592,177,1.886e+05,1156,1126
sa1_7021726,64,66,8.763e+04,62580000,714.1,6.544e+06,0.5578,3.382e+05,3.737e+05,10.49,4.265,3.908e+04,3.382e+05,3.737e+05,10.49,141,4.438e+05,2399,2651
sa1_7020869,56,69,3.662e+04,26005000,710.1,4.536e+06,0.4543,1.726e+05,1.553e+05,-10.01,4.241,2.709e+04,1.726e+05,1.553e+05,-10.01,183,1.421e+05,943,848.7
sa1_7021282,61,72,6.017e+04,42605000,708.1,3.19e+06,0.5146,2.658e+05,2.866e+05,7.816,4.764,2.146e+04,2.436e+05,2.425e+05,-0.431,189,2.254e+05,1289,1283
sa1_7021862,49,61,7.988e+04,56540000,707.8,3.524e+05,0.6907,4.375e+05,6.752e+05,54.31,8.452,4208,1.762e+05,2.127e+05,20.72,117,4.832e+05,1506,1818
sa1_7021792,78,80,5.778e+04,40870000,707.4,3.804e+06,0.4806,2.564e+05,2.441e+05,-4.796,4.224,2.272e+04,2.564e+05,2.441e+05,-4.796,216,1.892e+05,1187,1130
sa1_7021706,61,63,8.721e+04,61663000,707,6.15e+06,0.6791,2.737e+05,3.683e+05,34.53,4.223,3.673e+04,2.737e+05,3.683e+05,34.53,156,3.953e+05,1755,2361
sa1_7034813,51,54,3.392e+04,23900000,704.7,5.402e+06,0.5358,1.345e+05,1.427e+05,6.124,4.208,3.226e+04,1.345e+05,1.427e+05,6.124,144,1.66e+05,934,991.2
sa1_7020870,79,91,4.996e+04,35200000,704.6,5.712e+06,0.4861,2.183e+05,2.102e+05,-3.721,4.208,3.412e+04,2.183e+05,2.102e+05,-3.721,231,1.524e+05,945.2,910
sa1_7021141,35,36,2.085e+04,14690000,704.5,2.088e+06,0.4454,9.945e+04,8.773e+04,-11.78,4.207,1.247e+04,9.945e+04,8.773e+04,-11.78,108,1.36e+05,920.8,812.3
sa1_7020956,57,57,3.453e+04,24225000,701.5,5.096e+06,0.5144,1.42e+05,1.447e+05,1.902,4.19,3.043e+04,1.42e+05,1.447e+05,1.902,156,1.553e+05,910.1,927.4
sa1_7021330,59,59,4.189e+04,29325000,700.1,5.656e+06,0.4972,1.778e+05,1.751e+05,-1.504,4.181,3.378e+04,1.778e+05,1.751e+05,-1.504,153,1.917e+05,1162,1145
sa1_7020946,56,63,3.804e+04,26595000,699.2,5.65e+06,0.4902,1.636e+05,1.588e+05,-2.893,4.176,3.374e+04,1.636e+05,1.588e+05,-2.893,162,1.642e+05,1010,980.4
sa1_7020952,30,40,2.125e+04,14855000,699.2,5.837e+06,0.4615,9.705e+04,8.872e+04,-8.589,4.175,3.486e+04,9.705e+04,8.872e+04,-8.589,132,1.125e+05,735.2,672.1
sa1_7021798,70,72,6.018e+04,42040000,698.6,5.536e+06,0.5102,2.484e+05,2.511e+05,1.061,4.172,3.306e+04,2.484e+05,2.511e+05,1.061,189,2.224e+05,1314,1328
sa1_7021036,31,31,2.047e+04,14295000,698.3,5.396e+06,0.4911,8.776e+04,8.537e+04,-2.727,4.17,3.223e+04,8.776e+04,8.537e+04,-2.727,105,1.361e+05,835.9,813.1
sa1_7021178,51,56,3.704e+04,25860000,698.2,1.801e+06,0.5841,1.335e+05,1.544e+05,15.71,4.17,1.075e+04,1.335e+05,1.544e+05,15.71,162,1.596e+05,823.9,953.3
sa1_7020939,50,50,3.298e+04,23000000,697.3,5.407e+06,0.4158,1.668e+05,1.374e+05,-17.64,4.165,3.229e+04,1.668e+05,1.374e+05,-17.64,180,1.278e+05,926.6,763.1
sa1_7022082,92,107,9.03e+04,62945000,697.1,1.612e+06,0.6204,3.182e+05,4.001e+05,25.72,4.43,1.025e+04,3.013e+05,3.67e+05,21.79,231,2.725e+05,1304,1589
sa1_7020980,34,35,2.171e+04,15120000,696.3,5.288e+06,0.4843,9.413e+04,9.03e+04,-4.067,4.159,3.158e+04,9.413e+04,9.03e+04,-4.067,99,1.527e+05,950.8,912.1
sa1_7020962,45,56,3.524e+04,24522000,695.9,4.549e+06,0.56,1.32e+05,1.464e+05,10.93,4.156,2.717e+04,1.32e+05,1.464e+05,10.93,162,1.514e+05,814.9,904
sa1_7034923,36,44,2.187e+04,15200000,695.2,5.65e+06,0.4245,1.08e+05,9.078e+04,-15.92,4.152,3.374e+04,1.08e+05,9.078e+04,-15.92,108,1.407e+05,999.7,840.5
sa1_7020853,43,43,3.165e+04,21995000,694.9,5.906e+06,0.4333,1.53e+05,1.314e+05,-14.17,4.15,3.527e+04,1.53e+05,1.314e+05,-14.17,150,1.466e+05,1020,875.7
sa1_7021920,52,56,4.122e+04,28605000,694,5.415e+06,0.5683,1.517e+05,1.708e+05,12.58,4.144,3.234e+04,1.517e+05,1.708e+05,12.58,162,1.766e+05,936.7,1055
sa1_7020891,47,47,3.249e+04,22380000,688.7,6.718e+06,0.5693,1.185e+05,1.337e+05,12.77,4.113,4.012e+04,1.185e+05,1.337e+05,12.77,129,1.735e+05,918.7,1036
sa1_7021106,53,71,3.744e+04,25775000,688.5,4.149e+06,0.5071,1.532e+05,1.539e+05,0.4448,4.112,2.478e+04,1.532e+05,1.539e+05,0.4448,183,1.408e+05,837.4,841.2
sa1_7034739,61,61,4.455e+04,30650000,688,4.885e+06,0.395,2.34e+05,1.83e+05,-21.76,4.109,2.918e+04,2.34e+05,1.83e+05,-21.76,210,1.46e+05,1114,871.6
sa1_7021069,34,45,2.733e+04,18785000,687.4,6.429e+06,0.5249,1.079e+05,1.122e+05,3.968,4.105,3.84e+04,1.079e+05,1.122e+05,3.968,120,1.565e+05,899.2,934.9
sa1_7022165,30,31,5.827e+04,39980000,686.1,6.248e+06,0.6508,1.852e+05,2.388e+05,28.92,4.098,3.731e+04,1.852e+05,2.388e+05,28.92,90,4.442e+05,2058,2653
sa1_7021039,33,33,2.042e+04,14000000,685.5,5.757e+06,0.4705,8.971e+04,8.361e+04,-6.8,4.094,3.438e+04,8.971e+04,8.361e+04,-6.8,87,1.609e+05,1031,961
sa1_7020935,46,47,3.114e+04,21260000,682.7,5.362e+06,0.4626,1.386e+05,1.27e+05,-8.371,4.077,3.202e+04,1.386e+05,1.27e+05,-8.371,156,1.363e+05,888.2,813.9
sa1_7021350,67,71,6.54e+04,44586000,681.7,5.675e+06,0.6402,2.1e+05,2.663e+05,26.82,4.071,3.389e+04,2.1e+05,2.663e+05,26.82,171,2.607e+05,1228,1557
sa1_7020951,42,43,2.725e+04,18560000,681,5.574e+06,0.5001,1.119e+05,1.108e+05,-0.9448,4.067,3.329e+04,1.119e+05,1.108e+05,-0.9448,132,1.406e+05,847.7,839.7
sa1_7034811,42,51,2.5e+04,17020000,680.9,4.298e+06,0.4899,1.047e+05,1.016e+05,-2.954,4.066,2.567e+04,1.047e+05,1.016e+05,-2.954,120,1.418e+05,872.8,847
sa1_7021052,64,69,4.301e+04,29210000,679.1,5.18e+06,0.5181,1.7e+05,1.744e+05,2.625,4.056,3.093e+04,1.7e+05,1.744e+05,2.625,207,1.411e+05,821.2,842.7
sa1_7021856,23,24,1.772e+04,12020000,678.3,2.834e+06,0.5307,6.829e+04,7.178e+04,5.12,4.051,1.693e+04,6.829e+04,7.178e+04,5.12,93,1.292e+05,734.3,771.9
sa1_7021251,29,38,2.013e+04,13607000,676.1,1.079e+06,0.5417,7.573e+04,8.126e+04,7.311,4.038,6445,7.573e+04,8.126e+04,7.311,90,1.512e+05,841.4,902.9
sa1_7021040,56,56,3.822e+04,25820000,675.6,5.175e+06,0.4891,1.592e+05,1.542e+05,-3.116,4.035,3.091e+04,1.592e+05,1.542e+05,-3.116,171,1.51e+05,930.7,901.7
sa1_7021111,44,57,2.372e+04,15986000,673.9,3.95e+06,0.4032,1.254e+05,9.81e+04,-21.76,4.135,2.424e+04,1.174e+05,9.45e+04,-19.5,90,1.776e+05,1304,1050
sa1_7034781,42,56,2.78e+04,18705000,672.9,6.249e+06,0.5048,1.117e+05,1.117e+05,-0.009305,4.019,3.732e+04,1.117e+05,1.117e+05,-0.009305,117,1.599e+05,954.9,954.8
sa1_7021341,64,68,5.05e+04,33885000,671,5.363e+06,0.534,1.913e+05,2.024e+05,5.768,4.008,3.203e+04,1.913e+05,2.024e+05,5.768,180,1.882e+05,1063,1124
sa1_7034740,54,56,4.48e+04,30010000,669.9,3.269e+06,0.4304,2.102e+05,1.792e+05,-14.74,4.001,1.952e+04,2.102e+05,1.792e+05,-14.74,174,1.725e+05,1208,1030
sa1_7022001,28,31,2.424e+04,16215000,668.9,4.577e+05,0.5389,9.072e+04,9.684e+04,6.744,3.995,2733,9.072e+04,9.684e+04,6.744,81,2.002e+05,1120,1196
sa1_7021090,45,46,2.795e+04,18615000,666.1,5.592e+06,0.5045,1.113e+05,1.112e+05,-0.07242,3.978,3.34e+04,1.113e+05,1.112e+05,-0.07242,135,1.379e+05,824.1,823.5
sa1_7021201,39,43,2.735e+04,18210000,665.8,3.61e+06,0.5372,1.022e+05,1.088e+05,6.404,3.976,2.156e+04,1.022e+05,1.088e+05,6.404,108,1.686e+05,946.4,1007
sa1_7021796,46,53,3.632e+04,24160000,665.2,5.283e+06,0.4555,1.599e+05,1.443e+05,-9.772,3.973,3.155e+04,1.599e+05,1.443e+05,-9.772,144,1.678e+05,1110,1002
sa1_7021068,61,65,3.493e+04,23220000,664.7,5.125e+06,0.4779,1.465e+05,1.387e+05,-5.341,3.97,3.061e+04,1.465e+05,1.387e+05,-5.341,201,1.155e+05,728.8,689.9
sa1_7021252,58,60,3.802e+04,25255000,664.3,8.774e+05,0.5067,1.503e+05,1.508e+05,0.3733,3.967,5240,1.503e+05,1.508e+05,0.3733,144,1.754e+05,1044,1047
sa1_7021179,58,60,3.879e+04,25600000,659.9,5.312e+06,0.5451,1.416e+05,1.529e+05,7.984,3.941,3.172e+04,1.416e+05,1.529e+05,7.984,150,1.707e+05,943.9,1019
sa1_7021189,56,57,4.162e+04,27460000,659.7,4.776e+06,0.5193,1.594e+05,1.64e+05,2.863,3.94,2.853e+04,1.594e+05,1.64e+05,2.863,96,2.86e+05,1661,1708
sa1_7021949,62,66,6.309e+04,41580000,659.1,8.967e+06,0.6144,2.041e+05,2.483e+05,21.7,3.936,5.355e+04,2.041e+05,2.483e+05,21.7,174,2.39e+05,1173,1427
sa1_7021495,56,67,4.068e+04,26735000,657.2,5.531e+06,0.4861,1.658e+05,1.597e+05,-3.713,3.925,3.303e+04,1.658e+05,1.597e+05,-3.713,168,1.591e+05,987,950.4
sa1_7020847,75,85,6.034e+04,39610000,656.4,5.374e+06,0.5381,2.219e+05,2.366e+05,6.583,3.92,3.209e+04,2.219e+05,2.366e+05,6.583,198,2.001e+05,1121,1195
sa1_7021895,54,58,5.055e+04,33130000,655.5,5.462e+06,0.533,1.874e+05,1.979e+05,5.575,3.914,3.262e+04,1.874e+05,1.979e+05,5.575,171,1.937e+05,1096,1157
sa1_7020943,44,44,2.812e+04,18410000,654.6,2.025e+06,0.4886,1.136e+05,1.099e+05,-3.219,3.909,1.209e+04,1.136e+05,1.099e+05,-3.219,123,1.497e+05,923.6,893.9
sa1_7021078,25,35,1.706e+04,11145000,653.4,6.026e+06,0.4831,6.955e+04,6.656e+04,-4.307,3.902,3.599e+04,6.955e+04,6.656e+04,-4.307,99,1.126e+05,702.6,672.3
sa1_7020981,54,62,3.549e+04,23175000,653,5.431e+06,0.536,1.304e+05,1.384e+05,6.178,3.9,3.243e+04,1.304e+05,1.384e+05,6.178,168,1.379e+05,775.9,823.8
sa1_7021016,77,90,6.291e+04,41075000,652.9,5.13e+06,0.5053,3.124e+05,3.119e+05,-0.1378,4.959,3.896e+04,2.201e+05,2.206e+05,0.2261,201,2.044e+05,1095,1098
sa1_7034755,24,37,1.99e+04,12970000,651.9,3.304e+06,0.4679,8.357e+04,7.746e+04,-7.318,3.893,1.973e+04,8.357e+04,7.746e+04,-7.318,87,1.491e+05,960.6,890.3
sa1_7021029,50,57,3.252e+04,21110000,649.2,2.553e+06,0.4693,1.356e+05,1.261e+05,-7.035,3.877,1.524e+04,1.356e+05,1.261e+05,-7.035,168,1.257e+05,807.2,750.4
sa1_7020963,37,39,2.478e+04,16025000,646.6,5.011e+06,0.4817,1.003e+05,9.57e+04,-4.59,3.862,2.993e+04,1.003e+05,9.57e+04,-4.59,99,1.619e+05,1013,966.7
sa1_7020967,40,42,3.628e+04,23450000,646.4,5.631e+06,0.5336,1.325e+05,1.4e+05,5.69,3.86,3.363e+04,1.325e+05,1.4e+05,5.69,111,2.113e+05,1194,1262
sa1_7020934,75,80,5.372e+04,34460000,641.5,4.126e+06,0.4733,2.195e+05,2.058e+05,-6.243,3.831,2.464e+04,2.195e+05,2.058e+05,-6.243,210,1.641e+05,1045,980
sa1_7020937,62,62,4.561e+04,29195000,640.1,4.777e+05,0.4527,1.944e+05,1.744e+05,-10.33,3.822,2853,1.944e+05,1.744e+05,-10.33,180,1.622e+05,1080,968.6
sa1_7021041,54,54,3.969e+04,25390000,639.7,4.294e+06,0.4853,1.577e+05,1.516e+05,-3.864,3.82,2.564e+04,1.577e+05,1.516e+05,-3.864,174,1.459e+05,906.5,871.4
sa1_7021790,49,55,3.092e+04,19777000,639.6,4.78e+06,0.4323,1.379e+05,1.181e+05,-14.38,3.82,2.855e+04,1.379e+05,1.181e+05,-14.38,150,1.318e+05,919.6,787.4
sa1_7034924,50,53,3.141e+04,20045000,638.2,5.39e+06,0.4636,1.304e+05,1.197e+05,-8.173,3.811,3.219e+04,1.304e+05,1.197e+05,-8.173,126,1.591e+05,1035,950.1
sa1_7021497,52,65,3.698e+04,23579000,637.6,4.85e+06,0.4797,1.482e+05,1.408e+05,-4.97,3.808,2.897e+04,1.482e+05,1.408e+05,-4.97,174,1.355e+05,851.6,809.3
sa1_7034809,21,64,4.455e+04,28355000,636.5,5.924e+06,0.5514,1.55e+05,1.693e+05,9.22,3.801,3.538e+04,1.55e+05,1.693e+05,9.22,156,1.818e+05,993.9,1086
sa1_7021144,47,47,4.167e+04,26460000,635,1.971e+06,0.4097,1.947e+05,1.58e+05,-18.84,3.792,1.177e+04,1.947e+05,1.58e+05,-18.84,126,2.1e+05,1545,1254
sa1_7021693,50,60,3.144e+04,19955000,634.6,4.288e+06,0.4076,1.476e+05,1.192e+05,-19.27,3.79,2.561e+04,1.476e+05,1.192e+05,-19.27,168,1.188e+05,878.6,709.4
sa1_7020936,55,56,4.188e+04,26575000,634.5,1.772e+06,0.4659,1.72e+05,1.587e+05,-7.721,3.789,1.058e+04,1.72e+05,1.587e+05,-7.721,171,1.554e+05,1006,928.1
sa1_7021697,54,63,3.64e+04,23035000,632.9,4.925e+06,0.4352,1.596e+05,1.376e+05,-13.79,3.78,2.941e+04,1.596e+05,1.376e+05,-13.79,171,1.347e+05,933.1,804.5
sa1_7021188,38,39,2.996e+04,18930000,631.9,5.693e+06,0.5089,1.122e+05,1.131e+05,0.799,3.774,3.4e+04,1.122e+05,1.131e+05,0.799,120,1.578e+05,934.6,942.1
sa1_7021159,31,43,2.602e+04,16430000,631.3,5.433e+06,0.5118,9.678e+04,9.812e+04,1.387,3.77,3.244e+04,9.678e+04,9.812e+04,1.387,96,1.711e+05,1008,1022
sa1_7021808,41,41,4.134e+04,26083000,631,2.902e+06,0.5246,1.499e+05,1.558e+05,3.908,3.768,1.733e+04,1.499e+05,1.558e+05,3.908,105,2.484e+05,1428,1484
sa1_7020970,57,72,3.973e+04,25060000,630.8,3.855e+06,0.4681,1.614e+05,1.497e+05,-7.267,3.767,2.302e+04,1.614e+05,1.497e+05,-7.267,210,1.193e+05,768.5,712.7
sa1_7021499,65,79,5.6e+04,35295000,630.3,4.827e+06,0.5174,2.056e+05,2.108e+05,2.498,3.764,2.883e+04,2.056e+05,2.108e+05,2.498,192,1.838e+05,1071,1098
sa1_7034859,20,103,1.977e+05,124502000,629.8,1.143e+07,0.3624,3.249e+06,2.172e+06,-33.14,10.99,1.994e+05,2.162e+05,2.144e+05,-0.8062,99,1.258e+06,2184,2166
sa1_7020984,57,61,3.428e+04,21585000,629.7,4.894e+06,0.4976,1.308e+05,1.289e+05,-1.438,3.761,2.923e+04,1.308e+05,1.289e+05,-1.438,159,1.358e+05,822.6,810.7
sa1_7021207,58,63,6.487e+04,40840000,629.6,2.7e+06,0.527,2.337e+05,2.439e+05,4.384,3.76,1.613e+04,2.337e+05,2.439e+05,4.384,168,2.431e+05,1391,1452
sa1_7021496,52,68,3.969e+04,24810000,625.1,5.137e+06,0.4713,1.587e+05,1.482e+05,-6.64,3.733,3.068e+04,1.587e+05,1.482e+05,-6.64,165,1.504e+05,961.9,898
sa1_7021517,76,81,7.302e+04,45635000,625,4.781e+06,0.6,2.293e+05,2.725e+05,18.85,3.732,2.855e+04,2.293e+05,2.725e+05,18.85,183,2.494e+05,1253,1489
sa1_7021494,35,37,2.777e+04,17350000,624.8,4.987e+06,0.4531,1.154e+05,1.036e+05,-10.24,3.731,2.978e+04,1.154e+05,1.036e+05,-10.24,114,1.522e+05,1013,908.9
sa1_7021037,24,27,1.794e+04,11195000,624,4.919e+06,0.4774,7.07e+04,6.686e+04,-5.435,3.727,2.937e+04,7.07e+04,6.686e+04,-5.435,81,1.382e+05,872.8,825.4
sa1_7021034,34,34,2.459e+04,15340000,623.8,5.118e+06,0.4946,9.351e+04,9.161e+04,-2.028,3.725,3.057e+04,9.351e+04,9.161e+04,-2.028,90,1.704e+05,1039,1018
sa1_7021049,46,50,3.162e+04,19715000,623.5,5.176e+06,0.4985,1.192e+05,1.177e+05,-1.259,3.723,3.091e+04,1.192e+05,1.177e+05,-1.259,132,1.494e+05,903.3,892
sa1_7021905,54,54,4.041e+04,25095000,621,4.942e+06,0.5602,1.351e+05,1.499e+05,10.96,3.708,2.951e+04,1.351e+05,1.499e+05,10.96,162,1.549e+05,833.8,925.1
sa1_7021142,51,55,3.462e+04,21465000,620.1,5.336e+06,0.44,1.471e+05,1.282e+05,-12.84,3.703,3.187e+04,1.471e+05,1.282e+05,-12.84,150,1.431e+05,980.5,854.6
sa1_7021175,31,33,1.98e+04,12260000,619.2,4.428e+06,0.4507,8.201e+04,7.322e+04,-10.72,3.698,2.645e+04,8.201e+04,7.322e+04,-10.72,96,1.277e+05,854.2,762.7
sa1_7022005,32,33,2.964e+04,18330000,618.5,5.102e+06,0.5166,1.07e+05,1.095e+05,2.336,3.694,3.047e+04,1.07e+05,1.095e+05,2.336,108,1.697e+05,990.5,1014
sa1_7020959,75,75,5.262e+04,32435000,616.4,3.778e+06,0.5185,1.886e+05,1.937e+05,2.715,3.681,2.256e+04,1.886e+05,1.937e+05,2.715,213,1.523e+05,885.4,909.4
sa1_7021014,24,77,4.078e+04,25131000,616.2,4.115e+06,0.5015,2.528e+05,2.726e+05,7.826,6.685,4.464e+04,1.134e+05,1.047e+05,-7.678,108,2.327e+05,1050,969.4
sa1_7020997,61,64,4e+04,24640000,616,3.262e+06,0.4684,1.586e+05,1.472e+05,-7.227,3.679,1.948e+04,1.586e+05,1.472e+05,-7.227,207,1.19e+05,766.3,710.9
sa1_7021074,77,80,4.939e+04,30355000,614.6,4.869e+06,0.4779,1.915e+05,1.813e+05,-5.34,3.67,2.908e+04,1.915e+05,1.813e+05,-5.34,237,1.281e+05,808.1,764.9
sa1_7021113,65,69,4.336e+04,26500000,611.2,5.027e+06,0.4864,1.643e+05,1.583e+05,-3.649,3.65,3.002e+04,1.643e+05,1.583e+05,-3.649,186,1.425e+05,883.1,850.9
sa1_7020880,34,40,2.733e+04,16640000,608.9,4.765e+06,0.491,1.022e+05,9.938e+04,-2.741,3.636,2.846e+04,1.022e+05,9.938e+04,-2.741,123,1.353e+05,830.7,807.9
sa1_7021035,67,68,4.495e+04,27200000,605.1,5.22e+06,0.4687,1.75e+05,1.624e+05,-7.154,3.614,3.117e+04,1.75e+05,1.624e+05,-7.154,210,1.295e+05,833.1,773.5
sa1_7021031,51,52,3.617e+04,21675000,599.2,4.655e+06,0.4682,1.396e+05,1.294e+05,-7.259,3.579,2.78e+04,1.396e+05,1.294e+05,-7.259,150,1.445e+05,930.5,863
sa1_7020874,26,36,2.101e+04,12590000,599.1,4.908e+06,0.456,8.324e+04,7.519e+04,-9.675,3.578,2.931e+04,8.324e+04,7.519e+04,-9.675,93,1.354e+05,895.1,808.5
sa1_7020998,41,41,2.685e+04,16080000,599,2.944e+06,0.4516,1.073e+05,9.603e+04,-10.54,3.577,1.758e+04,1.073e+05,9.603e+04,-10.54,150,1.072e+05,715.6,640.2
sa1_7021038,58,58,4.367e+04,26135000,598.5,5.121e+06,0.4789,1.645e+05,1.561e+05,-5.133,3.574,3.058e+04,1.645e+05,1.561e+05,-5.133,183,1.428e+05,899,852.9
sa1_7021021,73,74,4.328e+04,25845000,597.2,2.853e+06,0.4434,1.757e+05,1.543e+05,-12.17,3.566,1.704e+04,1.757e+05,1.543e+05,-12.17,192,1.346e+05,915.3,803.9
sa1_7021917,40,49,3.822e+04,22776500,595.9,4.282e+06,0.5372,1.278e+05,1.36e+05,6.416,3.559,2.557e+04,1.278e+05,1.36e+05,6.416,120,1.898e+05,1065,1134
sa1_7021109,53,59,3.753e+04,22295000,594.1,4.722e+06,0.4598,1.462e+05,1.331e+05,-8.915,3.548,2.82e+04,1.462e+05,1.331e+05,-8.915,177,1.26e+05,825.9,752.2
sa1_7021171,24,33,2.187e+04,12950000,592.2,4.683e+06,0.5211,7.492e+04,7.734e+04,3.227,3.537,2.797e+04,7.492e+04,7.734e+04,3.227,105,1.233e+05,713.5,736.6
sa1_7021699,53,63,4.334e+04,25610000,590.9,5.128e+06,0.467,1.653e+05,1.529e+05,-7.496,3.529,3.063e+04,1.653e+05,1.529e+05,-7.496,180,1.423e+05,918.5,849.7
sa1_7021336,37,39,3.785e+04,22365000,590.9,5.238e+06,0.4882,1.381e+05,1.336e+05,-3.293,3.529,3.128e+04,1.381e+05,1.336e+05,-3.293,99,2.259e+05,1395,1349
sa1_7021854,13,14,1.78e+04,10495000,589.7,5.461e+06,0.5451,5.805e+04,6.268e+04,7.966,3.522,3.262e+04,5.805e+04,6.268e+04,7.966,147,7.139e+04,394.9,426.4
sa1_7021345,60,78,6.307e+04,37091000,588.1,3.023e+06,0.5484,2.039e+05,2.215e+05,8.619,3.512,1.805e+04,2.039e+05,2.215e+05,8.619,201,1.845e+05,1015,1102
sa1_7021140,34,35,2.316e+04,13615000,587.8,4.811e+06,0.5058,8.116e+04,8.131e+04,0.1824,3.511,2.873e+04,8.116e+04,8.131e+04,0.1824,105,1.297e+05,773,774.4
sa1_7021051,43,45,3.272e+04,19210000,587.1,1.634e+06,0.5031,1.151e+05,1.147e+05,-0.3356,3.506,9760,1.151e+05,1.147e+05,-0.3356,123,1.562e+05,935.9,932.7
sa1_7020994,55,59,4.853e+04,28440000,586,3.671e+06,0.5091,1.684e+05,1.698e+05,0.8413,3.5,2.193e+04,1.684e+05,1.698e+05,0.8413,171,1.663e+05,985,993.3
sa1_7034861,5,5,5095,2985000,585.8,1.44e+06,0.4045,5.042e+04,3.814e+04,-24.34,7.486,1.84e+04,1.182e+04,1.03e+04,-12.83,3,9.95e+05,3940,3434
sa1_7020983,62,62,4.019e+04,23425000,582.9,4.627e+06,0.5026,1.405e+05,1.399e+05,-0.4482,3.481,2.763e+04,1.405e+05,1.399e+05,-0.4482,165,1.42e+05,851.7,847.9
sa1_7021698,62,70,4.391e+04,25545000,581.8,5.068e+06,0.4413,1.745e+05,1.526e+05,-12.58,3.474,3.027e+04,1.745e+05,1.526e+05,-12.58,156,1.638e+05,1119,977.9
sa1_7021061,32,51,3.208e+04,18625000,580.6,5.163e+06,0.483,1.163e+05,1.112e+05,-4.323,3.468,3.083e+04,1.163e+05,1.112e+05,-4.323,135,1.38e+05,861.2,823.9
sa1_7021103,35,37,2.759e+04,15955000,578.4,3.769e+06,0.5428,8.862e+04,9.528e+04,7.516,3.454,2.251e+04,8.862e+04,9.528e+04,7.516,93,1.716e+05,952.9,1025
sa1_7021696,59,60,3.943e+04,22775000,577.6,1.154e+06,0.4077,1.684e+05,1.36e+05,-19.24,3.449,6891,1.684e+05,1.36e+05,-19.24,186,1.224e+05,905.5,731.3
sa1_7021007,44,44,2.786e+04,16040000,575.8,3.499e+06,0.4835,1e+05,9.579e+04,-4.227,3.439,2.09e+04,1e+05,9.579e+04,-4.227,135,1.188e+05,740.9,709.6
sa1_7020949,42,47,3.585e+04,20640000,575.8,2.972e+06,0.5155,1.207e+05,1.233e+05,2.109,3.439,1.775e+04,1.207e+05,1.233e+05,2.109,126,1.638e+05,958.1,978.3
sa1_7021032,64,66,4.134e+04,23685000,573,4.607e+06,0.4459,1.602e+05,1.414e+05,-11.68,3.422,2.751e+04,1.602e+05,1.414e+05,-11.68,180,1.316e+05,889.7,785.8
sa1_7021824,43,60,4.708e+04,26713500,567.5,4.509e+06,0.5368,1.5e+05,1.595e+05,6.322,3.389,2.693e+04,1.5e+05,1.595e+05,6.322,120,2.226e+05,1250,1329
sa1_7021947,44,44,5.542e+04,31290000,564.6,5.775e+06,0.6262,1.507e+05,1.869e+05,24.04,3.372,3.449e+04,1.507e+05,1.869e+05,24.04,135,2.318e+05,1116,1384
sa1_7034752,112,112,1.275e+05,71925000,564.2,1.556e+06,0.6119,3.544e+05,4.295e+05,21.21,3.369,9291,3.544e+05,4.295e+05,21.21,132,5.449e+05,2685,3254
sa1_7020985,59,66,4.337e+04,24455000,563.8,4.957e+06,0.4974,1.482e+05,1.46e+05,-1.482,3.367,2.96e+04,1.482e+05,1.46e+05,-1.482,165,1.482e+05,898.4,885.1
sa1_7021019,40,43,3.398e+04,19151000,563.6,4.273e+06,0.4958,1.165e+05,1.144e+05,-1.799,3.366,2.552e+04,1.165e+05,1.144e+05,-1.799,120,1.596e+05,970.6,953.1
sa1_7021164,34,34,2.717e+04,15300000,563.2,4.419e+06,0.5344,8.632e+04,9.137e+04,5.857,3.364,2.639e+04,8.632e+04,9.137e+04,5.857,102,1.5e+05,846.2,895.8
sa1_7021172,42,42,2.722e+04,15330000,563.1,9.049e+06,0.4395,1.052e+05,9.155e+04,-12.94,3.363,5.404e+04,1.052e+05,9.155e+04,-12.94,102,1.503e+05,1031,897.6
sa1_7021122,69,69,5.562e+04,31321500,563.1,4.1e+06,0.4316,2.188e+05,1.871e+05,-14.51,3.363,2.449e+04,2.188e+05,1.871e+05,-14.51,201,1.558e+05,1089,930.6
sa1_7021054,78,81,6.013e+04,33790000,562,4.704e+06,0.5007,2.035e+05,2.018e+05,-0.8261,3.356,2.809e+04,2.035e+05,2.018e+05,-0.8261,234,1.444e+05,869.6,862.4
sa1_7021901,45,57,4.548e+04,25540000,561.6,4.991e+06,0.632,1.218e+05,1.525e+05,25.19,3.354,2.981e+04,1.218e+05,1.525e+05,25.19,135,1.892e+05,902.5,1130
sa1_7021157,45,45,3.561e+04,19980000,561.1,4.593e+06,0.5122,1.176e+05,1.193e+05,1.454,3.351,2.743e+04,1.176e+05,1.193e+05,1.454,153,1.306e+05,768.7,779.9
sa1_7021008,64,67,4.554e+04,25510000,560.2,3.296e+06,0.4672,1.646e+05,1.523e+05,-7.461,3.345,1.968e+04,1.646e+05,1.523e+05,-7.461,186,1.372e+05,885.1,819.1
sa1_7021022,67,80,5.932e+04,33225000,560.1,4.369e+06,0.4839,2.768e+05,2.753e+05,-0.5458,4.641,3.621e+04,1.811e+05,1.699e+05,-6.178,174,1.909e+05,1041,976.6
sa1_7021904,62,62,6.267e+04,35058000,559.4,2.212e+06,0.5388,1.962e+05,2.094e+05,6.734,3.341,1.321e+04,1.962e+05,2.094e+05,6.734,219,1.601e+05,895.7,956
sa1_7022147,35,35,3.99e+04,22290000,558.7,3.685e+06,0.6801,9.881e+04,1.331e+05,34.72,3.337,2.2e+04,9.881e+04,1.331e+05,34.72,138,1.615e+05,716,964.6
sa1_7021017,59,68,4.588e+04,25510000,556.1,2.867e+06,0.4508,1.706e+05,1.523e+05,-10.71,3.321,1.712e+04,1.706e+05,1.523e+05,-10.71,180,1.417e+05,947.9,846.4
sa1_7021482,63,64,5.154e+04,28455000,552.1,4.278e+06,0.5552,1.545e+05,1.699e+05,9.969,3.297,2.555e+04,1.545e+05,1.699e+05,9.969,141,2.018e+05,1096,1205
sa1_7021132,40,40,3.914e+04,21564000,550.9,4.491e+06,0.4724,1.376e+05,1.288e+05,-6.418,3.29,2.682e+04,1.376e+05,1.288e+05,-6.418,132,1.634e+05,1043,975.6
sa1_7020999,57,57,4.056e+04,22265000,548.9,3.273e+06,0.4594,1.461e+05,1.33e+05,-9.009,3.278,1.955e+04,1.461e+05,1.33e+05,-9.009,195,1.142e+05,749.4,681.9
sa1_7021169,31,39,2.764e+04,15170000,548.9,5.768e+06,0.5332,8.577e+04,9.06e+04,5.621,3.278,3.445e+04,8.577e+04,9.06e+04,5.621,99,1.532e+05,866.4,915.1
sa1_7021002,40,40,2.5e+04,13705000,548.3,4.231e+06,0.4288,9.637e+04,8.185e+04,-15.07,3.274,2.527e+04,9.637e+04,8.185e+04,-15.07,162,8.46e+04,594.9,505.2
sa1_7020941,57,57,4.893e+04,26746000,546.6,4.202e+06,0.4575,1.762e+05,1.597e+05,-9.373,3.264,2.51e+04,1.762e+05,1.597e+05,-9.373,153,1.748e+05,1152,1044
sa1_7034785,39,41,2.861e+04,15625000,546.1,3.631e+06,0.5023,9.378e+04,9.331e+04,-0.4965,3.262,2.168e+04,9.378e+04,9.331e+04,-0.4965,123,1.27e+05,762.4,758.6
sa1_7021009,61,64,4.058e+04,22160000,546.1,4.175e+06,0.4327,1.544e+05,1.323e+05,-14.29,3.261,2.493e+04,1.544e+05,1.323e+05,-14.29,174,1.274e+05,887.4,760.6
sa1_7021139,44,54,3.37e+04,18345000,544.4,2.1e+06,0.501,1.104e+05,1.096e+05,-0.7688,3.251,1.254e+04,1.104e+05,1.096e+05,-0.7688,147,1.248e+05,751.1,745.3
sa1_7021119,60,60,4.152e+04,22570000,543.5,1.985e+06,0.4454,1.528e+05,1.348e+05,-11.78,3.246,1.186e+04,1.528e+05,1.348e+05,-11.78,192,1.176e+05,795.7,702
sa1_7021107,37,41,2.457e+04,13280000,540.4,2.526e+06,0.4569,8.763e+04,7.931e+04,-9.494,3.228,1.509e+04,8.763e+04,7.931e+04,-9.494,111,1.196e+05,789.4,714.5
sa1_7021121,54,54,4.383e+04,23630000,539.2,1.843e+06,0.473,1.506e+05,1.411e+05,-6.311,3.22,1.101e+04,1.506e+05,1.411e+05,-6.311,159,1.486e+05,947.3,887.5
sa1_7021028,31,38,2.252e+04,12130000,538.6,4.429e+06,0.4325,8.455e+04,7.244e+04,-14.33,3.217,2.645e+04,8.455e+04,7.244e+04,-14.33,105,1.155e+05,805.3,689.9
sa1_7022058,59,60,6.143e+04,33077000,538.5,6.394e+06,0.61,1.635e+05,1.975e+05,20.83,3.216,3.818e+04,1.635e+05,1.975e+05,20.83,150,2.205e+05,1090,1317
sa1_7021012,78,83,5.859e+04,31545000,538.4,4.16e+06,0.4954,1.92e+05,1.884e+05,-1.864,3.215,2.484e+04,1.92e+05,1.884e+05,-1.864,216,1.46e+05,888.7,872.2
sa1_7021004,61,61,4.116e+04,22155000,538.2,4.298e+06,0.5191,1.287e+05,1.323e+05,2.824,3.214,2.567e+04,1.287e+05,1.323e+05,2.824,192,1.154e+05,670.2,689.1
sa1_7021692,31,34,2.152e+04,11545000,536.4,4.483e+06,0.3999,8.704e+04,6.895e+04,-20.79,3.204,2.677e+04,8.704e+04,6.895e+04,-20.79,96,1.203e+05,906.7,718.2
sa1_7021903,46,49,4.749e+04,25471000,536.4,3.581e+05,0.52,1.477e+05,1.521e+05,3.011,3.203,2139,1.477e+05,1.521e+05,3.011,171,1.49e+05,863.6,889.6
sa1_7034741,51,55,4.442e+04,23800000,535.8,4.651e+06,0.5117,1.402e+05,1.421e+05,1.363,3.2,2.778e+04,1.402e+05,1.421e+05,1.363,150,1.587e+05,934.8,947.6
sa1_7021126,41,41,2.161e+04,11575000,535.7,4.279e+06,0.4234,8.243e+04,6.913e+04,-16.14,3.199,2.555e+04,8.243e+04,6.913e+04,-16.14,117,9.893e+04,704.5,590.8
sa1_7021131,36,38,2.653e+04,14205000,535.4,3.057e+06,0.4607,9.297e+04,8.483e+04,-8.747,3.197,1.825e+04,9.297e+04,8.483e+04,-8.747,93,1.527e+05,999.6,912.2
sa1_7021001,50,50,3.431e+04,18285000,533,4.245e+06,0.4396,1.254e+05,1.092e+05,-12.91,3.183,2.535e+04,1.254e+05,1.092e+05,-12.91,153,1.195e+05,819.5,713.7
sa1_7020927,45,47,3.699e+04,19705000,532.7,4.491e+06,0.5297,1.122e+05,1.177e+05,4.926,3.181,2.682e+04,1.122e+05,1.177e+05,4.926,129,1.528e+05,869.4,912.2
sa1_7021072,33,33,2.419e+04,12845000,531,4.433e+06,0.4891,7.917e+04,7.671e+04,-3.108,3.171,2.647e+04,7.917e+04,7.671e+04,-3.108,102,1.259e+05,776.2,752.1
sa1_7020932,70,73,5.717e+04,30320000,530.4,4.54e+06,0.4868,1.878e+05,1.811e+05,-3.566,3.167,2.711e+04,1.878e+05,1.811e+05,-3.566,201,1.508e+05,934.2,900.9
sa1_7022076,54,81,6.89e+04,36421000,528.6,4.192e+06,0.5609,1.958e+05,2.175e+05,11.1,3.157,2.504e+04,1.958e+05,2.175e+05,11.1,168,2.168e+05,1165,1295
sa1_7021000,64,65,4.805e+04,25245000,525.4,2.13e+06,0.4484,1.698e+05,1.508e+05,-11.19,3.138,1.272e+04,1.698e+05,1.508e+05,-11.19,204,1.238e+05,832.1,739
sa1_7034791,96,96,7.547e+04,39490000,523.3,6.644e+06,0.4048,2.942e+05,2.358e+05,-19.82,3.125,3.968e+04,2.942e+05,2.358e+05,-19.82,261,1.513e+05,1127,903.6
sa1_7034790,38,38,3.616e+04,18895000,522.5,4.642e+06,0.4236,1.345e+05,1.128e+05,-16.1,3.121,2.772e+04,1.345e+05,1.128e+05,-16.1,99,1.909e+05,1359,1140
sa1_7021695,61,66,3.865e+04,20195000,522.5,4.11e+06,0.379,1.607e+05,1.206e+05,-24.93,3.12,2.454e+04,1.607e+05,1.206e+05,-24.93,174,1.161e+05,923.3,693.1
sa1_7021130,35,39,2.643e+04,13805000,522.4,3.241e+06,0.4665,8.921e+04,8.244e+04,-7.585,3.12,1.935e+04,8.921e+04,8.244e+04,-7.585,93,1.484e+05,959.3,886.5
sa1_7021026,37,37,2.396e+04,12500000,521.8,3.086e+06,0.4438,8.492e+04,7.465e+04,-12.09,3.116,1.843e+04,8.492e+04,7.465e+04,-12.09,96,1.302e+05,884.5,777.6
sa1_7021025,49,50,3.12e+04,16250000,520.8,2.88e+06,0.4163,1.177e+05,9.705e+04,-17.54,3.11,1.72e+04,1.177e+05,9.705e+04,-17.54,147,1.105e+05,800.6,660.2
sa1_7021079,36,40,2.653e+04,13700000,516.4,4.239e+06,0.4499,9.18e+04,8.182e+04,-10.88,3.084,2.531e+04,9.18e+04,8.182e+04,-10.88,111,1.234e+05,827.1,737.1
sa1_7021005,66,66,4.453e+04,22990000,516.3,4.268e+06,0.4996,1.387e+05,1.373e+05,-1.033,3.083,2.549e+04,1.387e+05,1.373e+05,-1.033,183,1.256e+05,758.1,750.3
sa1_7020986,55,57,5.141e+04,26535000,516.2,2.451e+06,0.5057,1.582e+05,1.585e+05,0.1629,3.083,1.464e+04,1.582e+05,1.585e+05,0.1629,135,1.966e+05,1172,1174
sa1_7021097,46,46,3.37e+04,17375000,515.6,3.905e+06,0.4528,1.157e+05,1.038e+05,-10.31,3.079,2.332e+04,1.157e+05,1.038e+05,-10.31,126,1.379e+05,918.2,823.5
sa1_7021102,54,60,4.414e+04,22746000,515.3,2.226e+06,0.5074,1.351e+05,1.358e+05,0.5133,3.078,1.329e+04,1.351e+05,1.358e+05,0.5133,153,1.487e+05,883.3,887.8
sa1_7021333,30,31,3.261e+04,16790000,514.9,3.082e+06,0.5157,9.817e+04,1.003e+05,2.145,3.075,1.841e+04,9.817e+04,1.003e+05,2.145,84,1.999e+05,1169,1194
sa1_7021077,49,51,3.802e+04,19530000,513.7,4.381e+06,0.4902,1.201e+05,1.166e+05,-2.897,3.068,2.616e+04,1.201e+05,1.166e+05,-2.897,144,1.356e+05,834.1,810
sa1_7020995,38,47,3.053e+04,15653000,512.6,2.124e+06,0.497,9.496e+04,9.348e+04,-1.562,3.062,1.268e+04,9.496e+04,9.348e+04,-1.562,144,1.087e+05,659.5,649.2
sa1_7037230,44,45,2.57e+04,13140000,511.3,3.136e+06,0.4593,8.626e+04,7.847e+04,-9.024,3.054,1.873e+04,8.626e+04,7.847e+04,-9.024,141,9.319e+04,611.8,556.5
sa1_7021010,68,70,4.923e+04,25165000,511.2,4.326e+06,0.4731,1.604e+05,1.503e+05,-6.284,3.053,2.583e+04,1.604e+05,1.503e+05,-6.284,186,1.353e+05,862.2,808
sa1_7021152,34,39,3.604e+04,18370000,509.7,4.236e+06,0.5748,9.636e+04,1.097e+05,13.85,3.044,2.53e+04,9.636e+04,1.097e+05,13.85,102,1.801e+05,944.7,1076
sa1_7022169,79,81,1.214e+05,61325000,505.2,2.483e+06,0.6795,2.721e+05,3.662e+05,34.61,3.017,1.483e+04,2.721e+05,3.662e+05,34.61,141,4.349e+05,1930,2597
sa1_7021900,58,66,6.227e+04,31185000,500.8,4.533e+06,0.5979,1.572e+05,1.862e+05,18.44,2.991,2.707e+04,1.572e+05,1.862e+05,18.44,171,1.824e+05,919.6,1089
sa1_7021918,33,34,4.536e+04,22545000,497,4.467e+06,0.6681,1.017e+05,1.346e+05,32.34,2.968,2.667e+04,1.017e+05,1.346e+05,32.34,99,2.277e+05,1028,1360
sa1_7021116,40,40,2.684e+04,13315000,496.1,2.484e+06,0.4351,9.226e+04,7.952e+04,-13.81,2.963,1.483e+04,9.226e+04,7.952e+04,-13.81,111,1.2e+05,831.1,716.4
sa1_7021791,49,55,4.049e+04,20034500,494.8,3.334e+06,0.4321,1.398e+05,1.196e+05,-14.41,2.955,1.991e+04,1.398e+05,1.196e+05,-14.41,120,1.67e+05,1165,997.1
sa1_7021104,51,53,3.058e+04,14950000,488.8,3.146e+06,0.4648,9.698e+04,8.928e+04,-7.933,2.919,1.879e+04,9.698e+04,8.928e+04,-7.933,117,1.278e+05,828.8,763.1
sa1_7021030,25,25,1.911e+04,9290000,486.2,1.763e+06,0.4478,6.254e+04,5.548e+04,-11.29,2.904,1.053e+04,6.254e+04,5.548e+04,-11.29,69,1.346e+05,906.4,804.1
sa1_7021187,75,79,7.19e+04,34860000,484.8,3.731e+06,0.5721,1.837e+05,2.082e+05,13.33,2.895,2.228e+04,1.837e+05,2.082e+05,13.33,186,1.874e+05,987.6,1119
sa1_7021488,41,55,4.876e+04,23605000,484.1,4.146e+06,0.4599,1.548e+05,1.41e+05,-8.908,2.891,2.476e+04,1.548e+05,1.41e+05,-8.908,159,1.485e+05,973.3,886.6
sa1_7034941,66,68,6.315e+04,30560000,483.9,6.416e+06,0.4809,1.916e+05,1.825e+05,-4.745,2.89,3.832e+04,1.916e+05,1.825e+05,-4.745,216,1.415e+05,887,844.9
sa1_7021306,26,26,3.385e+04,16360000,483.3,9.694e+05,0.5392,9.147e+04,9.77e+04,6.811,2.886,5789,9.147e+04,9.77e+04,6.811,78,2.097e+05,1173,1253
sa1_7021811,76,77,7.965e+04,38430500,482.5,2.802e+06,0.4221,2.745e+05,2.295e+05,-16.39,2.882,1.673e+04,2.745e+05,2.295e+05,-16.39,126,3.05e+05,2179,1822
sa1_7020843,42,42,4.773e+04,22983000,481.5,3.64e+06,0.5386,1.287e+05,1.373e+05,6.685,2.876,2.174e+04,1.287e+05,1.373e+05,6.685,108,2.128e+05,1191,1271
sa1_7021120,53,53,5.16e+04,24760000,479.8,4.012e+06,0.4849,1.539e+05,1.479e+05,-3.945,2.866,2.396e+04,1.539e+05,1.479e+05,-3.945,171,1.448e+05,900.2,864.7
sa1_7020964,62,64,6.718e+04,32040000,476.9,3.805e+06,0.5582,1.731e+05,1.913e+05,10.57,2.848,2.272e+04,1.731e+05,1.913e+05,10.57,174,1.841e+05,994.6,1100
sa1_7021250,78,79,1.024e+05,48569000,474.3,2.924e+06,0.5724,2.558e+05,2.901e+05,13.39,2.833,1.746e+04,2.558e+05,2.901e+05,13.39,240,2.024e+05,1066,1209
sa1_7021033,30,35,2.676e+04,12650000,472.8,4.073e+06,0.4499,8.476e+04,7.555e+04,-10.87,2.823,2.432e+04,8.476e+04,7.555e+04,-10.87,102,1.24e+05,831,740.7
sa1_7021053,59,66,5.971e+04,28040000,469.6,4.125e+06,0.5195,1.627e+05,1.675e+05,2.904,2.804,2.463e+04,1.627e+05,1.675e+05,2.904,189,1.484e+05,861,886
sa1_7021055,64,65,5.584e+04,26155000,468.4,1.097e+06,0.4737,1.665e+05,1.562e+05,-6.161,2.797,6548,1.665e+05,1.562e+05,-6.161,174,1.503e+05,956.6,897.7
sa1_7034759,16,17,1.485e+04,6735000,453.7,3.314e+06,0.4818,4.215e+04,4.022e+04,-4.571,2.709,1.979e+04,4.215e+04,4.022e+04,-4.571,60,1.122e+05,702.5,670.4
sa1_7034784,37,41,2.587e+04,11680000,451.6,3.621e+06,0.4053,8.688e+04,6.975e+04,-19.71,2.697,2.163e+04,8.688e+04,6.975e+04,-19.71,126,9.27e+04,689.5,553.6
sa1_7034738,56,56,7.187e+04,32390000,450.7,4.665e+05,0.5144,1.899e+05,1.934e+05,1.889,2.692,2786,1.899e+05,1.934e+05,1.889,117,2.768e+05,1623,1653
sa1_7021154,64,69,6.706e+04,30160000,449.7,2.157e+06,0.4926,1.846e+05,1.801e+05,-2.43,2.686,1.288e+04,1.846e+05,1.801e+05,-2.43,165,1.828e+05,1119,1092
sa1_7021023,62,63,5.106e+04,22785000,446.2,2.493e+06,0.4777,1.438e+05,1.361e+05,-5.381,2.665,1.489e+04,1.438e+05,1.361e+05,-5.381,171,1.332e+05,841,795.8
sa1_7021006,39,39,2.974e+04,13250000,445.6,2.802e+06,0.4742,8.424e+04,7.913e+04,-6.063,2.661,1.673e+04,8.424e+04,7.913e+04,-6.063,123,1.077e+05,684.9,643.3
sa1_7034730,136,136,1.359e+05,60124000,442.5,2.305e+06,0.5016,3.614e+05,3.591e+05,-0.6409,2.643,1.377e+04,3.614e+05,3.591e+05,-0.6409,210,2.863e+05,1721,1710
sa1_7021265,30,30,3.536e+04,15531000,439.2,1.773e+06,0.5641,8.3e+04,9.275e+04,11.75,2.623,1.059e+04,8.3e+04,9.275e+04,11.75,84,1.849e+05,988.1,1104
sa1_7021020,53,67,7.033e+04,30872000,439,3.414e+06,0.4832,1.984e+05,1.959e+05,-1.278,2.786,2.166e+04,1.905e+05,1.801e+05,-5.439,162,1.906e+05,1176,1112
sa1_7034916,1,1,1.435e+04,6300000,438.9,4.131e+06,0.4315,4.402e+04,3.762e+04,-14.53,2.621,2.467e+04,4.402e+04,3.762e+04,-14.53,141,4.468e+04,312.2,266.8
sa1_7020931,68,70,5.808e+04,25335000,436.2,3.787e+06,0.4451,1.716e+05,1.513e+05,-11.83,2.605,2.262e+04,1.716e+05,1.513e+05,-11.83,186,1.362e+05,922.6,813.5
sa1_7021027,34,117,1.088e+05,47030000,432.2,3.059e+06,0.3965,6.965e+05,5.237e+05,-24.81,4.813,3.406e+04,2.322e+05,1.909e+05,-17.75,129,3.646e+05,1800,1480
sa1_7020929,57,57,5.217e+04,22450000,430.4,3.546e+06,0.4996,1.355e+05,1.341e+05,-1.046,2.57,2.118e+04,1.355e+05,1.341e+05,-1.046,177,1.268e+05,765.5,757.5
sa1_7034765,8,20,2.17e+04,9305000,428.9,3.64e+06,0.4747,5.909e+04,5.557e+04,-5.961,2.561,2.174e+04,5.909e+04,5.557e+04,-5.961,87,1.07e+05,679.2,638.7
sa1_7021003,55,55,4.466e+04,19035000,426.2,3.655e+06,0.4855,1.182e+05,1.137e+05,-3.825,2.545,2.183e+04,1.182e+05,1.137e+05,-3.825,156,1.22e+05,757.7,728.7
sa1_7021882,36,40,6.507e+04,27655000,425,4.05e+06,0.6532,1.301e+05,1.693e+05,30.2,2.602,2.48e+04,1.268e+05,1.636e+05,29.07,90,3.073e+05,1408,1818
sa1_7021117,63,66,5.726e+04,24135000,421.5,3.527e+06,0.4578,1.589e+05,1.441e+05,-9.318,2.517,2.106e+04,1.589e+05,1.441e+05,-9.318,201,1.201e+05,790.8,717.1
sa1_7021137,90,119,1.195e+05,50028000,418.6,2.996e+06,0.5093,2.961e+05,2.988e+05,0.8881,2.5,1.789e+04,2.961e+05,2.988e+05,0.8881,228,2.194e+05,1299,1310
sa1_7020950,38,43,4.484e+04,18760000,418.4,1.836e+06,0.4813,1.175e+05,1.12e+05,-4.668,2.499,1.096e+04,1.175e+05,1.12e+05,-4.668,102,1.839e+05,1152,1098
sa1_7021011,48,49,4.787e+04,19980000,417.4,3.482e+06,0.4979,1.21e+05,1.193e+05,-1.378,2.493,2.079e+04,1.21e+05,1.193e+05,-1.378,156,1.281e+05,775.6,764.9
sa1_7020971,60,64,9.638e+04,39645000,411.3,2.972e+06,0.452,5.867e+05,5.231e+05,-10.83,5.428,3.921e+04,1.451e+05,1.307e+05,-9.936,198,2.002e+05,732.9,660.1
sa1_7034927,89,252,7.232e+05,296536000,410,2.686e+06,0.5349,5.43e+06,5.929e+06,9.185,8.198,5.37e+04,2.794e+05,2.31e+05,-17.34,159,1.865e+06,1758,1453
sa1_7034982,35,38,8.032e+04,32775000,408.1,3.346e+06,0.7355,1.343e+05,1.957e+05,45.7,2.437,1.998e+04,1.343e+05,1.957e+05,45.7,129,2.541e+05,1041,1517
sa1_7034783,39,40,3.179e+04,12900000,405.8,3.006e+06,0.4529,8.588e+04,7.704e+04,-10.29,2.424,1.795e+04,8.588e+04,7.704e+04,-10.29,123,1.049e+05,698.2,626.3
sa1_7021100,29,39,2.409e+04,9685000,402,3.294e+06,0.4063,7.186e+04,5.784e+04,-19.51,2.401,1.967e+04,7.186e+04,5.784e+04,-19.51,159,6.091e+04,452,363.8
sa1_7021098,39,40,2.643e+04,10565000,399.8,3.238e+06,0.4332,7.353e+04,6.31e+04,-14.2,2.388,1.934e+04,7.353e+04,6.31e+04,-14.2,168,6.289e+04,437.7,375.6
sa1_7021064,47,47,6.174e+04,24655000,399.4,3.203e+06,0.5064,1.468e+05,1.472e+05,0.303,2.385,1.913e+04,1.468e+05,1.472e+05,0.303,132,1.868e+05,1112,1115
sa1_7021338,31,32,4.56e+04,18205000,399.3,8.712e+05,0.5544,9.9e+04,1.087e+05,9.825,2.384,5203,9.9e+04,1.087e+05,9.825,87,2.093e+05,1138,1250
sa1_7021312,37,37,6.038e+04,23945000,396.6,1.726e+06,0.5979,1.207e+05,1.43e+05,18.43,2.368,1.031e+04,1.207e+05,1.43e+05,18.43,117,2.047e+05,1032,1222
sa1_7021112,59,60,5.943e+04,23520000,395.8,2.695e+06,0.4517,1.57e+05,1.405e+05,-10.53,2.364,1.61e+04,1.57e+05,1.405e+05,-10.53,189,1.244e+05,830.7,743.2
sa1_7021118,61,65,6.671e+04,25660000,384.7,3.299e+06,0.4733,1.635e+05,1.532e+05,-6.247,2.297,1.97e+04,1.635e+05,1.532e+05,-6.247,159,1.614e+05,1028,963.8
sa1_7034944,33,40,5.786e+04,22125000,382.4,3.563e+06,0.6459,1.033e+05,1.321e+05,27.94,2.284,2.128e+04,1.033e+05,1.321e+05,27.94,108,2.049e+05,956.3,1223
sa1_7021309,40,55,7.389e+04,28180000,381.4,3.303e+06,0.5484,1.549e+05,1.683e+05,8.62,2.278,1.973e+04,1.549e+05,1.683e+05,8.62,120,2.348e+05,1291,1402
sa1_7021177,31,37,3.991e+04,15040000,376.9,3.407e+06,0.5206,8.71e+04,8.982e+04,3.121,2.251,2.035e+04,8.71e+04,8.982e+04,3.121,120,1.253e+05,725.8,748.5
sa1_7021096,40,40,3.01e+04,11130000,369.8,3.123e+06,0.4471,7.506e+04,6.647e+04,-11.44,2.208,1.865e+04,7.506e+04,6.647e+04,-11.44,174,6.397e+04,431.4,382
sa1_7021095,52,53,3.971e+04,14640000,368.6,2.369e+06,0.4203,1.06e+05,8.888e+04,-16.16,2.238,1.438e+04,1.046e+05,8.689e+04,-16.96,189,7.746e+04,553.6,459.8
sa1_7021091,58,62,7.444e+04,27430000,368.5,2.72e+06,0.5048,1.638e+05,1.638e+05,-0.00119,2.2,1.624e+04,1.638e+05,1.638e+05,-0.00119,183,1.499e+05,895.2,895.2
sa1_7020913,17,19,5.977e+04,22010000,368.2,2.852e+06,0.697,9.521e+04,1.314e+05,38.06,2.199,1.703e+04,9.521e+04,1.314e+05,38.06,102,2.158e+05,933.4,1289
sa1_7021186,38,43,4.878e+04,17930000,367.6,3.22e+06,0.4898,1.104e+05,1.071e+05,-2.987,2.195,1.923e+04,1.104e+05,1.071e+05,-2.987,117,1.532e+05,943.4,915.2
sa1_7021185,35,35,3.797e+04,13850000,364.8,3.342e+06,0.4501,9.277e+04,8.271e+04,-10.84,2.179,1.996e+04,9.277e+04,8.271e+04,-10.84,99,1.399e+05,937.1,835.5
sa1_7021984,1,2,4.673e+04,16400000,350.9,3.274e+06,0.2259,2.541e+05,1.137e+05,-55.25,2.433,2.27e+04,2.058e+05,9.21e+04,-55.25,258,6.357e+04,797.8,357
sa1_7021024,75,79,1.106e+05,38610000,349.2,2.564e+06,0.5099,2.283e+05,2.306e+05,1.011,2.085,1.531e+04,2.283e+05,2.306e+05,1.011,219,1.763e+05,1042,1053
sa1_7034753,99,99,1.697e+05,58550000,345,2.757e+06,0.4422,3.992e+05,3.497e+05,-12.4,2.061,1.647e+04,3.992e+05,3.497e+05,-12.4,258,2.269e+05,1547,1355
sa1_7034949,24,24,4.288e+04,14565000,339.7,3.807e+06,0.6394,6.868e+04,8.698e+04,26.65,2.029,2.274e+04,6.868e+04,8.698e+04,26.65,57,2.555e+05,1205,1526
sa1_7021145,69,69,1.189e+05,40335000,339.2,1.357e+06,0.5279,2.304e+05,2.409e+05,4.564,2.026,8105,2.304e+05,2.409e+05,4.564,156,2.586e+05,1477,1544
sa1_7020863,57,60,9.052e+04,30530000,337.3,4.627e+06,0.4232,3.119e+05,2.389e+05,-23.4,2.639,3.621e+04,1.825e+05,1.614e+05,-11.59,153,1.995e+05,1193,1055
sa1_7021941,97,101,1.592e+05,53625500,336.8,7.928e+06,0.6566,2.462e+05,3.203e+05,30.06,2.011,4.734e+04,2.462e+05,3.203e+05,30.06,195,2.75e+05,1263,1642
sa1_7034761,74,74,1.158e+05,35805000,309.2,2.737e+06,0.5439,1.985e+05,2.138e+05,7.738,1.847,1.634e+04,1.985e+05,2.138e+05,7.738,105,3.41e+05,1890,2036
sa1_7021044,94,189,2.04e+05,61001000,299,9.134e+05,0.437,6.012e+05,6.02e+05,0.1361,2.95,9014,3.541e+05,2.763e+05,-21.97,171,3.567e+05,2071,1616
sa1_7034856,55,58,1.046e+05,31096000,297.4,1.626e+06,0.4921,1.905e+05,1.857e+05,-2.516,1.776,9709,1.905e+05,1.857e+05,-2.516,135,2.303e+05,1411,1376
sa1_7021099,22,23,2.548e+04,7405000,290.7,1.568e+06,0.4305,5.186e+04,4.422e+04,-14.72,1.736,9362,5.186e+04,4.422e+04,-14.72,153,4.84e+04,338.9,289
sa1_7021211,77,81,1.322e+05,38200000,288.9,2.598e+06,0.4795,2.402e+05,2.281e+05,-5.023,1.725,1.551e+04,2.402e+05,2.281e+05,-5.023,204,1.873e+05,1177,1118
sa1_7034734,49,49,1.153e+05,33055000,286.7,2.483e+06,0.5472,1.821e+05,1.974e+05,8.396,1.712,1.483e+04,1.821e+05,1.974e+05,8.396,123,2.687e+05,1481,1605
sa1_7020933,67,67,1.163e+05,33270000,286,1.521e+06,0.5099,1.967e+05,1.987e+05,0.9999,1.708,9081,1.967e+05,1.987e+05,0.9999,192,1.733e+05,1025,1035
sa1_7034806,87,89,1.302e+05,37095000,284.9,9.8e+05,0.5628,1.987e+05,2.215e+05,11.48,1.701,5853,1.987e+05,2.215e+05,11.48,207,1.792e+05,960,1070
sa1_7034939,26,53,5.777e+04,16109300,278.8,2.889e+06,0.4177,1.163e+05,9.621e+04,-17.27,1.665,1.725e+04,1.163e+05,9.621e+04,-17.27,111,1.451e+05,1048,866.7
sa1_7021311,39,39,1.042e+05,28375000,272.3,2.426e+06,0.5677,1.507e+05,1.695e+05,12.46,1.626,1.449e+04,1.507e+05,1.695e+05,12.46,126,2.252e+05,1196,1345
sa1_7021317,40,45,8.297e+04,22310000,268.9,3.506e+06,0.5783,1.163e+05,1.332e+05,14.55,1.606,2.094e+04,1.163e+05,1.332e+05,14.55,126,1.771e+05,923.1,1057
sa1_7021619,30,46,2.632e+05,70155000,266.5,2.487e+06,0.7027,3.14e+05,4.409e+05,40.4,1.675,1.563e+04,2.962e+05,4.109e+05,38.73,111,6.32e+05,2668,3702
sa1_7034980,2,4,1.047e+06,265800000,253.8,2.666e+06,0.4501,6.587e+06,5.873e+06,-10.83,5.607,5.891e+04,0,0,,0,,,
sa1_7021048,81,81,2.726e+05,63191000,231.8,1.409e+06,0.4319,1.008e+06,8.365e+05,-17.04,3.069,1.865e+04,2.31e+05,2.074e+05,-10.25,216,2.926e+05,1070,960
sa1_7020930,44,46,7.662e+04,17510000,228.5,2.171e+06,0.4889,1.08e+05,1.046e+05,-3.157,1.365,1.297e+04,1.08e+05,1.046e+05,-3.157,123,1.424e+05,877.9,850.2
sa1_7021123,48,48,1.11e+05,24615000,221.8,1.551e+06,0.4052,1.831e+05,1.47e+05,-19.73,1.324,9266,1.831e+05,1.47e+05,-19.73,153,1.609e+05,1197,960.8
sa1_7037224,96,198,6.894e+05,146381000,212.3,7.683e+05,0.482,2.544e+06,2.408e+06,-5.345,3.494,1.264e+04,3.124e+05,3.059e+05,-2.053,51,2.87e+06,6125,5999
sa1_7034760,104,104,2.696e+05,56240000,208.6,2.071e+06,0.5641,3.006e+05,3.359e+05,11.74,1.246,1.237e+04,3.006e+05,3.359e+05,11.74,234,2.403e+05,1285,1435
sa1_7034787,128,185,8.496e+05,166620000,196.1,1.17e+06,0.5315,2.627e+06,2.769e+06,5.4,3.259,1.944e+04,3.224e+05,3.382e+05,4.909,123,1.355e+06,2621,2749
sa1_7021043,48,51,1.203e+05,23270000,193.5,2.727e+06,0.4863,1.443e+05,1.39e+05,-3.67,1.155,1.628e+04,1.443e+05,1.39e+05,-3.67,150,1.551e+05,961.8,926.5
sa1_7034749,22,26,6.314e+04,11603000,183.8,4.733e+05,0.5147,6.797e+04,6.929e+04,1.955,1.097,2826,6.797e+04,6.929e+04,1.955,60,1.934e+05,1133,1155
sa1_7021259,17,17,8.491e+04,15583000,183.5,5.272e+05,0.5974,7.864e+04,9.306e+04,18.34,1.096,3148,7.864e+04,9.306e+04,18.34,123,1.267e+05,639.3,756.6
sa1_7021319,77,113,2.417e+05,43840000,181.4,1.09e+07,0.491,2.692e+05,2.618e+05,-2.749,1.083,6.507e+04,2.692e+05,2.618e+05,-2.749,210,2.088e+05,1282,1247
sa1_7034807,56,59,1.861e+05,33565000,180.4,1.674e+06,0.623,1.624e+05,2.005e+05,23.41,1.077,9996,1.624e+05,2.005e+05,23.41,156,2.152e+05,1041,1285
sa1_7034754,85,85,2.437e+05,43470000,178.3,1.553e+06,0.5748,2.28e+05,2.596e+05,13.86,1.065,9273,2.28e+05,2.596e+05,13.86,108,4.025e+05,2111,2404
sa1_7021176,82,96,1.889e+05,33283000,176.2,3.371e+06,0.4445,2.257e+05,1.988e+05,-11.95,1.052,2.013e+04,2.257e+05,1.988e+05,-11.95,183,1.819e+05,1234,1086
sa1_7034758,73,75,1.582e+05,27815000,175.9,1.585e+06,0.4646,1.805e+05,1.661e+05,-7.972,1.05,9467,1.805e+05,1.661e+05,-7.972,186,1.495e+05,970.5,893.1
sa1_7034788,41,41,1.752e+05,27460000,156.7,1.462e+06,0.5508,2.065e+05,2.728e+05,32.14,1.557,1.453e+04,1.295e+05,1.237e+05,-4.497,108,2.543e+05,1199,1145
sa1_7034768,14,105,3.104e+05,42510000,136.9,5.903e+05,0.5583,3.487e+05,4.188e+05,20.1,1.349,5816,1.854e+05,1.928e+05,3.97,186,2.285e+05,996.9,1036
sa1_7034798,42,54,3.019e+05,39510000,130.9,9.399e+05,0.5748,2.123e+05,2.419e+05,13.95,0.8014,5755,2.054e+05,2.337e+05,13.82,117,3.377e+05,1755,1998
sa1_7034774,61,69,2.628e+05,30825000,117.3,1.341e+06,0.4566,2.035e+05,1.841e+05,-9.555,0.7005,8012,2.035e+05,1.841e+05,-9.555,186,1.657e+05,1094,989.7
sa1_7021147,40,41,1.849e+05,21350000,115.5,9.384e+05,0.4881,1.889e+05,1.814e+05,-3.97,0.9807,7972,1.108e+05,1.076e+05,-2.902,117,1.825e+05,946.8,919.3
sa1_7021115,66,68,2.311e+05,26445000,114.4,6.413e+05,0.4538,1.757e+05,1.579e+05,-10.1,0.6834,3830,1.757e+05,1.579e+05,-10.1,189,1.399e+05,929.5,835.6
sa1_7034943,60,74,2.516e+05,27220000,108.2,9.103e+05,0.4534,1.81e+05,1.626e+05,-10.2,0.646,5436,1.81e+05,1.626e+05,-10.2,210,1.296e+05,862,774.1
sa1_7034793,70,73,3.46e+05,36875000,106.6,1.153e+06,0.4995,2.226e+05,2.202e+05,-1.052,0.6365,6883,2.226e+05,2.202e+05,-1.052,192,1.921e+05,1159,1147
sa1_7021129,5,5,3.47e+04,3630000,104.6,2.335e+05,0.3727,2.937e+04,2.168e+04,-26.18,0.6247,1394,2.937e+04,2.168e+04,-26.18,3,1.21e+06,9788,7226
sa1_7034978,1,1,1.29e+05,13050000,101.2,4.058e+05,1,1.456e+05,2.884e+05,98.08,2.235,8967,0,0,,0,,,
sa1_7021080,46,46,3.545e+05,29485000,83.18,4.797e+05,0.5624,1.581e+05,1.761e+05,11.41,0.4967,2865,1.581e+05,1.761e+05,11.41,156,1.89e+05,1013,1129
sa1_7020928,39,39,1.924e+05,15500000,80.54,4.621e+05,0.4542,1.029e+05,9.257e+04,-10.03,0.481,2759,1.029e+05,9.257e+04,-10.03,114,1.36e+05,902.5,812
sa1_7034857,1,1,8464,560000,66.17,4.423e+05,0.7778,2171,3344,54.07,0.3951,2642,2171,3344,54.07,0,,,
sa1_7021938,16,20,4.295e+05,20965000,48.81,8.446e+05,0.4321,1.463e+05,1.252e+05,-14.4,0.2915,5044,1.463e+05,1.252e+05,-14.4,102,2.055e+05,1434,1227
sa1_7021149,33,34,4.412e+05,20890000,47.35,3.562e+05,0.3779,1.737e+05,1.309e+05,-24.65,0.2966,2232,1.64e+05,1.225e+05,-25.33,99,2.11e+05,1657,1237
sa1_7021322,36,41,5.241e+05,20505000,39.12,3.362e+05,0.5817,1.063e+05,1.225e+05,15.23,0.2336,2008,1.063e+05,1.225e+05,15.23,111,1.847e+05,957.4,1103
sa1_7034782,1,1,1.894e+04,640000,33.79,9.767e+04,0.6214,3105,3822,23.08,0.2018,583.3,3105,3822,23.08,0,,,
sa1_7034810,33,35,5.369e+05,14178000,26.41,2.398e+05,0.5815,7.859e+04,8.675e+04,10.38,0.1616,1468,7.163e+04,8.39e+04,17.13,96,1.477e+05,746.2,874
sa1_7021148,51,51,1.318e+06,33214000,25.2,2.384e+05,0.5225,1.917e+05,1.984e+05,3.496,0.1505,1424,1.917e+05,1.984e+05,3.496,141,2.356e+05,1359,1407
sa1_7034942,24,26,5.886e+05,13585000,23.08,7.303e+04,0.5781,1.585e+05,1.698e+05,7.068,0.2884,912.5,3.837e+04,4.831e+04,25.9,39,3.483e+05,983.9,1239
sa1_7034796,80,80,6.08e+06,96269300,15.83,1.325e+05,0.7509,5.238e+05,8.218e+05,56.88,0.1352,1131,3.357e+05,4.835e+05,44.05,183,5.261e+05,1834,2642
sa1_7034767,16,16,7.428e+05,10020000,13.49,9.81e+04,0.5626,5.37e+04,5.984e+04,11.44,0.08056,585.9,5.37e+04,5.984e+04,11.44,42,2.386e+05,1278,1425
sa1_7034733,60,60,5.437e+06,63640000,11.7,1.086e+05,0.6547,2.931e+05,3.801e+05,29.68,0.0699,648.3,2.931e+05,3.801e+05,29.68,147,4.329e+05,1994,2585
sa1_7034729,48,48,4.401e+06,48360000,10.99,1.224e+05,0.6172,2.362e+05,2.888e+05,22.26,0.06562,731,2.362e+05,2.888e+05,22.26,114,4.242e+05,2072,2533
sa1_7034723,66,67,3.724e+06,36704000,9.855,7.689e+04,0.5788,1.912e+05,2.192e+05,14.66,0.05886,459.2,1.912e+05,2.192e+05,14.66,153,2.399e+05,1250,1433
sa1_7034728,57,59,9.181e+06,56791500,6.186,5.833e+04,0.5436,3.15e+05,3.392e+05,7.684,0.03694,348.4,3.15e+05,3.392e+05,7.684,153,3.712e+05,2059,2217
sa1_7034726,77,86,8.555e+06,50435000,5.895,5.012e+04,0.5767,2.636e+05,3.012e+05,14.24,0.03521,299.3,2.636e+05,3.012e+05,14.24,189,2.669e+05,1395,1594
sa1_7021150,37,38,7.871e+06,33899000,4.307,2.88e+04,0.6692,1.527e+05,2.024e+05,32.55,0.02572,172,1.527e+05,2.024e+05,32.55,81,4.185e+05,1886,2499
sa1_7034724,63,66,1.26e+07,47937000,3.804,1.65e+04,0.6716,2.152e+05,2.863e+05,33.02,0.02272,98.53,2.152e+05,2.863e+05,33.02,120,3.995e+05,1793,2386
sa1_7034725,60,61,1.373e+07,49882000,3.633,2.329e+04,0.7184,2.093e+05,2.979e+05,42.31,0.02169,139.1,2.093e+05,2.979e+05,42.31,96,5.196e+05,2181,3103
sa1_7034727,15,19,2.694e+07,41015000,1.523,1.554e+04,0.5388,2.322e+05,2.474e+05,6.566,0.009187,93.75,2.285e+05,2.44e+05,6.784,0,,,
sa1_7034731,7,7,7.504e+06,10260000,1.367,6147,0.7215,4.287e+04,6.127e+04,42.92,0.008165,36.71,4.287e+04,6.127e+04,42.92,0,,,
sa1_7034722,5,9,6.615e+07,34770000,0.5256,7185,0.2873,3.648e+05,2.076e+05,-43.08,0.003139,42.91,3.648e+05,2.076e+05,-43.08,0,,,
