ValuationID,FullAddress,Suburb,zone,ptype,land_area,LandValue,ImprovementsValue,lv_m2,neighbours,neighbour_median_lv_m2,ratio
17290-24600,"11 Macdonald Crescent, Te Aro",Te Aro,CCZ,"Commercial land, little or no building",100,100,0,1,9,7091,0.000141
17280-10483,"11 Jessie Street, Te Aro",Te Aro,CCZ,"Commercial land, little or no building",556,600,0,1.079,60,3678,0.0002934
17280-10439,"97 Taranaki Street, Te Aro",Te Aro,CCZ,"Commercial land, little or no building",379,600,0,1.583,59,4029,0.0003929
17100-67601,"2B Dunedin Terrace, Melrose",Melrose,MRZ,Residential vacant land,335,1500,0,4.478,124,1088,0.004117
17270-26762,"259 Willis Street, Te Aro",Te Aro,CCZ,"Commercial land, little or no building",283,5000,0,17.67,58,3571,0.004947
17270-26764,"259 Willis Street, Te Aro",Te Aro,CCZ,"Commercial land, little or no building",192,5000,0,26.04,50,3538,0.007362
16801-35903,"131 Burma Road, Broadmeadows",Broadmeadows,MRZ,Residential vacant land,228,2000,0,8.772,20,1000,0.008769
17090-13502,"15 Duncan Terrace, Kilbirnie",Kilbirnie,HRZ,Residential vacant land,835,12000,0,14.37,51,1510,0.009514
17270-26765,"259 Willis Street, Te Aro",Te Aro,CCZ,"Commercial land, little or no building",137,5000,0,36.5,39,3504,0.01042
17020-6901,"94B Eden Street, Island Bay",Island Bay,MRZ,Residential vacant land,338,5500,0,16.27,185,1489,0.01093
16851-11800,"40 Barnard Street, Wadestown",Wadestown,MRZ,Residential vacant land,744,12000,0,16.13,146,1418,0.01137
17270-26763,"259 Willis Street, Te Aro",Te Aro,CCZ,"Commercial land, little or no building",112,5000,0,44.64,31,3894,0.01146
16920-12899,"66 Montgomery Avenue, Karori",Karori,MRZ,Residential vacant land,100,3000,0,30,23,2095,0.01432
16820-41301,"4D Rangiora Avenue, Kaiwharawhara",Kaiwharawhara,MRZ,Residential vacant land,202,5500,0,27.23,23,1566,0.01738
17020-22801,"122B The Parade, Island Bay",Island Bay,MRZ,Residential vacant land,323,10000,0,30.96,234,1548,0.01999
16970-101,"16 Disley Street, Kelburn",Kelburn,MRZ,Residential vacant land,265,10000,0,37.74,84,1601,0.02358
17140-23902,"381B Karaka Bay Road, Karaka Bays",Karaka Bays,MRZ,Residential vacant land,157,10000,0,63.69,14,2684,0.02373
16742-82300,"23A Tarawera Road, Johnsonville",Johnsonville,MRZ,Residential vacant land,1032,13000,0,12.6,41,493,0.02555
17060-3501,"41C Grafton Road, Roseneath",Roseneath,MRZ,Residential vacant land,1440,35000,0,24.31,40,896.7,0.0271
16851-71100-B,"11B Hanover Street, Wadestown",Wadestown,MRZ,Residential vacant land,580,20000,0,34.48,103,1208,0.02854
17300-28701,"3 Hood Street, Oriental Bay",Oriental Bay,HRZ,Residential vacant land,160,20000,0,125,46,4107,0.03043
17240-65000,"272 Willis Street, Te Aro",Te Aro,CCZ,"Commercial land, little or no building",50,10000,0,200,11,5492,0.03642
17270-31002,"112C Cuba Street, Te Aro",Te Aro,CCZ,"Commercial land, little or no building",174,24000,0,137.9,39,3443,0.04007
17270-31103,"0 Left Bank, Te Aro",Te Aro,CCZ,"Commercial land, little or no building",200,29000,0,145,40,3576,0.04054
17290-12700,"14 Kensington Street, Te Aro",Te Aro,CCZ,"Commercial land, little or no building",105,20000,0,190.5,28,4328,0.04401
16930-13901,"74 Ponsonby Road, Karori",Karori,MRZ,Residential vacant land,984,68000,0,69.11,141,1482,0.04662
17190-48201,"51B Ahuriri Street, Strathmore Park",Strathmore Park,MRZ,Residential vacant land,1035,40000,0,38.65,88,803.4,0.04811
16851-22600,"129 Sefton Street, Wadestown",Wadestown,MRZ,Residential vacant land,1925,49000,0,25.45,25,505,0.05041
17230-28005,"215 Tinakori Road, Thorndon",Thorndon,HRZ,Residential vacant land,302,50000,0,165.6,20,3270,0.05063
17020-16401-A,"46A Derwent Street, Island Bay",Island Bay,MRZ,Residential vacant land,115,29000,0,252.2,10,4916,0.0513
17220-14800,"21E Tinakori Road, Thorndon",Thorndon,MRZ,Residential vacant land,194,31000,0,159.8,78,3089,0.05172
16752-42901,"129A Ironside Road, Johnsonville",Johnsonville,MRZ,Residential vacant land,466,26000,0,55.79,308,972.2,0.05739
16881-84710,"46B Norway Street, Aro Valley",Aro Valley,MRZ,Residential vacant land,333,31000,0,93.09,274,1612,0.05775
16830-38400,"121 Churchill Drive, Crofton Downs",Crofton Downs,HRZ,Residential vacant land,1336,55000,0,41.17,34,676.1,0.06089
17240-72500,"0 Motorway, Te Aro",Te Aro,CCZ,"Commercial land, little or no building",328,75000,0,228.7,35,3594,0.06362
17250-44901,"4E Maarama Crescent, Aro Valley",Aro Valley,MRZ,Residential vacant land,78,20000,0,256.4,14,3843,0.06672
17140-7501,"52A Totara Road, Miramar",Miramar,MRZ,Residential vacant land,204,20000,0,98.04,41,1449,0.06767
17220-14501,"0 Motorway, Thorndon",Thorndon,MRZ,Residential vacant land,208,51000,0,245.2,136,3022,0.08112
16820-46500,"19 Lohia Street, Khandallah",Khandallah,MRZ,Residential vacant land,2080,93000,0,44.71,26,541,0.08264
17070-41016,"55 Arcus Way, Hataitai",Hataitai,MRZ,Residential vacant land,215,39000,0,181.4,177,2152,0.0843
17170-19902,"14 Beacon Hill Road, Strathmore Park",Strathmore Park,MRZ,Residential vacant land,1104,100000,0,90.58,110,1062,0.08529
16752-10300,"86B Woodland Road, Johnsonville",Johnsonville,MRZ,Residential vacant land,521,39000,0,74.86,233,866,0.08644
16743-22360,"125 McLintock Street, Johnsonville",Johnsonville,MRZ,Residential vacant land,681,62000,0,91.04,126,987.5,0.09219
16790-1301,"9B Iwi Street, Ngaio",Ngaio,HRZ,Residential vacant land,153,30000,0,196.1,18,2115,0.09272
17040-1390,"18 Erica Pabst Way, Island Bay",Island Bay,MRZ,Residential vacant land,119,41000,0,344.5,80,3713,0.09279
17040-1391,"53 Avon Street, Island Bay",Island Bay,MRZ,Residential vacant land,163,55000,0,337.4,77,3447,0.09789
16742-87901,"32A Dominion Park Street, Johnsonville",Johnsonville,MRZ,Residential vacant land,181,20000,0,110.5,10,1118,0.09883
16970-26900,"1B Holloway Road, Aro Valley",Aro Valley,MRZ,Residential vacant land,2703,70000,0,25.9,6,256.2,0.1011
17230-53812,"12B Parliament Street, Thorndon",Thorndon,MRZ,Residential vacant land,99,44000,0,444.4,63,4218,0.1054
16690-17287,"11 Ramarama Lane, Crofton Downs",Crofton Downs,MRZ,Residential vacant land,526,54000,0,102.7,115,918.6,0.1118
16891-20000,"49 Patanga Crescent, Thorndon",Thorndon,MRZ,Residential vacant land,597,132000,0,221.1,64,1897,0.1165
16840-48706,"39F Imlay Crescent, Ngaio",Ngaio,MRZ,Residential vacant land,152,34000,0,223.7,17,1805,0.1239
17290-13600,"19 Karo Drive, Te Aro",Te Aro,CCZ,"Commercial land, little or no building",119,60000,0,504.2,40,3860,0.1306
16840-4102,"103 Ngaio Gorge Road, Ngaio",Ngaio,MRZ,Residential vacant land,2005,132000,0,65.84,45,502.4,0.131
16820-82000,"2 School Road, Kaiwharawhara",Kaiwharawhara,MUZ,"Commercial land, little or no building",416,69000,0,165.9,8,1259,0.1317
17100-76300,"63 Carlton Street, Melrose",Melrose,MRZ,Residential vacant land,151,42000,0,278.1,30,2064,0.1347
16721-40000,"98 Kentwood Drive, Woodridge",Woodridge,MRZ,Residential vacant land,72,32000,0,444.4,8,3280,0.1355
17010-10516,"21A Robertson Street, Owhiro Bay",Owhiro Bay,MRZ,Residential vacant land,116,31000,0,267.2,8,1933,0.1383
17010-1057,"17A Robertson Street, Owhiro Bay",Owhiro Bay,MRZ,Residential vacant land,115,31000,0,269.6,8,1933,0.1395
16820-40127,"8A Curnow Way, Kaiwharawhara",Kaiwharawhara,MRZ,Residential vacant land,141,40000,0,283.7,12,1997,0.142
17170-33601,"83A Marine Parade, Seatoun",Seatoun,MRZ,Residential vacant land,369,110000,0,298.1,142,2088,0.1428
17290-13700,"17A Karo Drive, Te Aro",Te Aro,CCZ,"Commercial land, little or no building",296,150000,0,506.8,66,3509,0.1444
16980-10102,"29A Laura Avenue, Brooklyn",Brooklyn,MRZ,Residential vacant land,255,78000,0,305.9,111,2112,0.1448
17002-71201,"473B Ohiro Road, Brooklyn",Brooklyn,MRZ,Residential vacant land,1331,109000,0,81.89,46,559.9,0.1463
16820-33809,"16 Sovereign Point, Kaiwharawhara",Kaiwharawhara,MRZ,Residential vacant land,541,70000,0,129.4,54,881.6,0.1468
16741-4001,"113 Centennial Highway, Ngauranga",Ngauranga,GIZ,"Commercial land, little or no building",4026,170000,0,42.23,5,282.9,0.1493
17360-33201,"5B Chatham Street, Berhampore",Berhampore,MRZ,Residential vacant land,129,57000,0,441.9,123,2865,0.1542
17100-66403,"127 Hornsey Road, Melrose",Melrose,MRZ,Residential vacant land,1429,165000,0,115.5,43,718.4,0.1607
17002-35800,"35 Priscilla Crescent, Kingston",Kingston,MRZ,Residential vacant land,781,112000,0,143.4,181,890.2,0.1611
16760-22201,"16A Chapman Street, Newlands",Newlands,MRZ,Residential vacant land,147,39000,0,265.3,18,1645,0.1613
17002-36000,"39 Priscilla Crescent, Kingston",Kingston,MRZ,Residential vacant land,749,112000,0,149.5,196,891.5,0.1677
17290-13800,"17 Karo Drive, Te Aro",Te Aro,CCZ,"Commercial land, little or no building",306,180000,0,588.2,65,3462,0.1699
16760-56803,"20B Glen Alton Avenue, Paparangi",Paparangi,MRZ,Residential vacant land,1437,137000,0,95.34,33,554.9,0.1718
17002-35900,"37 Priscilla Crescent, Kingston",Kingston,MRZ,Residential vacant land,775,120000,0,154.8,187,897,0.1726
16851-7101,"3 Sar Street, Wadestown",Wadestown,MRZ,Residential vacant land,791,230000,0,290.8,108,1540,0.1888
16701-79885,"36D Erlestoke Crescent, Churton Park",Churton Park,MRZ,Residential vacant land,893,137000,0,153.4,101,807.1,0.1901
16851-71501-A,"3 Hanover Street, Wadestown",Wadestown,MRZ,Residential vacant land,204,75000,0,367.6,32,1931,0.1903
17270-12101,"24 Cuba Street, Te Aro",Te Aro,CCZ,"Commercial land, little or no building",284,220000,0,774.6,19,3991,0.1941
17290-23600,"8 Arthur Street, Te Aro",Te Aro,CCZ,"Commercial land, little or no building",656,425000,0,647.9,47,3294,0.1967
17010-31400,"35 Domanski Crescent, Owhiro Bay",Owhiro Bay,MRZ,Residential vacant land,2340,143000,0,61.11,15,310.1,0.1971
16840-3700,"91 Ngaio Gorge Road, Ngaio",Ngaio,MRZ,Residential vacant land,1053,160000,0,151.9,105,752.7,0.2019
17240-16601,"10A Everton Terrace, Kelburn",Kelburn,HRZ,Residential vacant land,1148,530000,0,461.7,31,2221,0.2079
16840-2501,"59 Ngaio Gorge Road, Ngaio",Ngaio,MRZ,Residential vacant land,2200,220000,0,100,16,480.1,0.2083
16861-15901,"45A Warwick Street, Wilton",Wilton,MRZ,Residential vacant land,149,52000,0,349,15,1660,0.2102
16930-10800,"4 Birdwood Street, Karori",Karori,MRZ,Residential vacant land,925,290000,0,313.5,201,1476,0.2124
16840-3500,"87 Ngaio Gorge Road, Ngaio",Ngaio,MRZ,Residential vacant land,1007,175000,0,173.8,108,812,0.214
16840-2500,"53 Ngaio Gorge Road, Ngaio",Ngaio,MRZ,Residential vacant land,2049,220000,0,107.4,24,498.4,0.2154
17070-94700,"290 Evans Bay Parade, Hataitai",Hataitai,MRZ,Residential vacant land,1055,290000,0,274.9,91,1272,0.2161
16851-71500-A,"1 Hanover Street, Wadestown",Wadestown,MRZ,Residential vacant land,289,98000,0,339.1,53,1565,0.2166
15690-2200,"13B Linden Avenue, Tawa",Tawa,HRZ,Residential vacant land,1495,175000,5000,117.1,52,537.7,0.2177
17290-75302,"34A Torrens Terrace, Mt Cook",Mt Cook,CCZ,"Commercial land, little or no building",365,245000,0,671.2,41,3065,0.219
16820-37802,"122B Nicholson Road, Khandallah",Khandallah,MRZ,Residential vacant land,1302,270000,0,207.4,99,942.6,0.22
17060-45902,"200 Evans Bay Parade, Hataitai",Hataitai,MRZ,Residential vacant land,1649,295000,0,178.9,36,811.5,0.2205
17300-17314,"32A Hay Street, Oriental Bay",Oriental Bay,MRZ,Residential vacant land,739,560000,0,757.8,72,3411,0.2221
16851-7200,"5 Sar Street, Wadestown",Wadestown,MRZ,Residential vacant land,653,230000,0,352.2,118,1562,0.2254
16950-24112,"2 Mewburn Rise, Karori",Karori,MRZ,Residential vacant land,717,170000,0,237.1,135,1045,0.2269
16891-16000,"34 Orangi Kaupapa Road, Northland",Northland,MRZ,Residential vacant land,492,170000,0,345.5,167,1522,0.2271
16830-74301,"50B Chartwell Drive, Crofton Downs",Crofton Downs,MRZ,Residential vacant land,529,87000,0,164.5,109,721.9,0.2278
16840-4104,"101 Ngaio Gorge Road, Ngaio",Ngaio,MRZ,Residential vacant land,5772,220000,0,38.12,6,162.4,0.2346
16719-29318,"0 Mark Avenue, Grenada Village",Grenada Village,MRZ,Residential vacant land,175,54000,0,308.6,6,1290,0.2392
17240-8501,"2A Easdale Street, Kelburn",Kelburn,MRZ,Residential vacant land,238,195000,0,819.3,69,3400,0.241
17240-13802,"17 Salmont Place, Kelburn",Kelburn,HRZ,Residential vacant land,207,150000,0,724.6,57,2997,0.2418
16840-3600,"89 Ngaio Gorge Road, Ngaio",Ngaio,MRZ,Residential vacant land,1040,205000,0,197.1,107,806.3,0.2445
16820-9140,"19G Kabul Street, Khandallah",Khandallah,MRZ,Residential vacant land,1791,210000,0,117.3,20,473.2,0.2478
16820-38400,"146 Nicholson Road, Khandallah",Khandallah,MRZ,Residential vacant land,1172,320000,0,273,119,1099,0.2484
16910-57302,"58B David Crescent, Karori",Karori,MRZ,Residential vacant land,3996,590000,0,147.6,5,593.3,0.2488
17240-41901,"2 Athol Crescent, Wellington Central",Wellington Central,CCZ,"Commercial land, little or no building",998,1310000,0,1313,29,5241,0.2504
17240-41601,"6 Athol Crescent, Wellington Central",Wellington Central,CCZ,"Commercial land, little or no building",255,280000,0,1098,8,4360,0.2519
16980-47802,"6E Reuben Avenue, Brooklyn",Brooklyn,MRZ,Residential vacant land,1067,280000,0,262.4,113,1031,0.2546
17001-37600,"9 Whaui Street, Vogeltown",Vogeltown,MRZ,Residential vacant land,1112,295000,0,265.3,120,1014,0.2616
17310-47101,"19A Hania Street, Mt Victoria",Mt Victoria,CCZ,"Commercial land, little or no building",137,130000,0,948.9,11,3612,0.2627
17001-34301,"51 Mana Street, Vogeltown",Vogeltown,MRZ,Residential vacant land,1163,260000,0,223.6,139,849.7,0.2631
16780-26800,"190A Newlands Road, Newlands",Newlands,MRZ,Residential vacant land,128,67000,0,523.4,26,1985,0.2637
16881-16101,"26B Ngaio Road, Kelburn",Kelburn,MRZ,Residential vacant land,296,175000,0,591.2,202,2235,0.2645
17170-14101,"161 Townsend Road, Miramar",Miramar,MRZ,Residential vacant land,665,200000,0,300.8,221,1129,0.2664
17001-34300,"49 Mana Street, Vogeltown",Vogeltown,MRZ,Residential vacant land,1012,260000,0,256.9,195,952.4,0.2698
16891-24201,"61A Garden Road, Northland",Northland,MRZ,Residential vacant land,149,90000,0,604,13,2217,0.2724
17240-44501,"10A Percival Street, Te Aro",Te Aro,HRZ,Residential vacant land,78,80000,0,1026,11,3684,0.2784
15670-403,"1A Little Collins Street, Tawa",Tawa,MRZ,Residential vacant land,235,55000,0,234,18,839.5,0.2788
17001-40100,"2 Whaui Street, Vogeltown",Vogeltown,MRZ,Residential vacant land,591,200000,0,338.4,269,1204,0.2812
16701-39401,"237 Middleton Road, Glenside",Glenside,MRZ,Residential vacant land,991,190000,0,191.7,142,681.2,0.2815
16881-4500-A,"15 Boundary Road, Kelburn",Kelburn,MRZ,Residential vacant land,396,170000,0,429.3,245,1524,0.2817
17070-94603,"284 Evans Bay Parade, Hataitai",Hataitai,MRZ,Residential vacant land,379,170000,0,448.5,119,1586,0.2828
16840-4000,"99 Ngaio Gorge Road, Ngaio",Ngaio,MRZ,Residential vacant land,791,175000,0,221.2,92,779.3,0.2839
16861-69301,"87 Mairangi Road, Wadestown",Wadestown,MRZ,Residential vacant land,497,150000,0,301.8,199,1061,0.2844
17060-46100,"182 Evans Bay Parade, Roseneath",Roseneath,MRZ,Residential vacant land,291,143000,0,491.4,39,1679,0.2926
16851-73701,"126 Wadestown Road, Wadestown",Wadestown,MRZ,Residential vacant land,1331,295000,0,221.6,49,752.4,0.2946
16851-5300,"7 Orchard Street, Wadestown",Wadestown,MRZ,Residential vacant land,425,285000,0,670.6,130,2262,0.2965
17240-41600,"5 Athol Crescent, Wellington Central",Wellington Central,CCZ,"Commercial land, little or no building",583,810000,0,1389,17,4683,0.2967
16861-63404,"79 Mairangi Road, Wadestown",Wadestown,MRZ,Residential vacant land,838,250000,0,298.3,196,1005,0.2967
16970-5500,"166 Raroa Road, Aro Valley",Aro Valley,MRZ,Residential vacant land,648,200000,0,308.6,176,1023,0.3018
17070-94601,"286 Evans Bay Parade, Hataitai",Hataitai,MRZ,Residential vacant land,537,250000,0,465.5,141,1542,0.3019
15720-69200,"20B Greer Crescent, Tawa",Tawa,MRZ,Residential vacant land,1286,170000,0,132.2,72,435.7,0.3034
16970-5507,"160 Raroa Road, Aro Valley",Aro Valley,MRZ,Residential vacant land,605,190000,0,314,163,1029,0.3051
16910-57800,"100 Futuna Close, Karori",Karori,MRZ,Residential vacant land,1336,370000,0,276.9,81,897.5,0.3086
16840-4001,"75 Old Porirua Road, Ngaio",Ngaio,MRZ,Residential vacant land,755,132000,0,174.8,64,557.4,0.3136
17001-46800,"34 Moffitt Street, Vogeltown",Vogeltown,MRZ,Residential vacant land,594,225000,0,378.8,244,1206,0.3142
17040-20202,"136 Buckley Road, Southgate",Southgate,MRZ,Residential vacant land,442,150000,0,339.4,171,1072,0.3165
17060-45905,"176 Evans Bay Parade, Roseneath",Roseneath,MRZ,Residential vacant land,779,290000,0,372.3,84,1172,0.3176
16751-4400,"6 Disraeli Street, Johnsonville",Johnsonville,MCZ,"Commercial land, little or no building",341,225000,0,659.8,11,2071,0.3186
17270-7100,"6 Ellers Avenue, Te Aro",Te Aro,CCZ,"Commercial land, little or no building",194,265000,0,1366,13,4251,0.3213
16990-44509,"11 Coolidge Street, Brooklyn",Brooklyn,MRZ,Residential vacant land,1143,455000,0,398.1,105,1236,0.322
17060-33801,"63B Roseneath Terrace, Roseneath",Roseneath,MRZ,Residential vacant land,180,133000,0,738.9,27,2288,0.3229
16840-2200,"39 Ngaio Gorge Road, Ngaio",Ngaio,MRZ,Residential vacant land,588,200000,0,340.1,108,1046,0.3252
16970-5501,"156 Raroa Road, Aro Valley",Aro Valley,MRZ,Residential vacant land,621,210000,0,338.2,154,1032,0.3277
17001-34104,"47 Mana Street, Vogeltown",Vogeltown,MRZ,Residential vacant land,506,180000,0,355.7,236,1081,0.3292
16851-65900,"19 Weld Street, Wadestown",Wadestown,MRZ,Residential vacant land,377,200000,0,530.5,216,1581,0.3356
16820-82400,"17 School Road, Kaiwharawhara",Kaiwharawhara,MUZ,"Commercial land, little or no building",5719,2060000,0,360.2,5,1068,0.3373
17290-29200,"98 Webb Street, Te Aro",Te Aro,CCZ,"Commercial land, little or no building",239,275000,0,1151,51,3389,0.3395
16840-4100,"113 Ngaio Gorge Road, Ngaio",Ngaio,MRZ,Residential vacant land,654,132000,0,201.8,53,586.5,0.3441
16970-5503,"154 Raroa Road, Aro Valley",Aro Valley,MRZ,Residential vacant land,568,210000,0,369.7,152,1063,0.3478
17002-13500,"30A Balfour Street, Mornington",Mornington,MRZ,Residential vacant land,933,265000,0,284,169,815.3,0.3484
16990-31200,"1A Washington Avenue, Brooklyn",Brooklyn,MRZ,Residential vacant land,200,140000,0,700,35,2007,0.3488
17060-45903,"162 Evans Bay Parade, Roseneath",Roseneath,MRZ,Residential vacant land,650,265000,0,407.7,89,1166,0.3496
16980-46000,"5A Charlotte Avenue, Brooklyn",Brooklyn,MRZ,Residential vacant land,804,360000,0,447.8,241,1277,0.3507
16719-29317,"0 Mark Avenue, Grenada Village",Grenada Village,MRZ,Residential vacant land,444,133000,0,299.5,111,853.2,0.3511
17001-3103,"15 Livingstone Street, Brooklyn",Brooklyn,MRZ,Residential vacant land,991,340000,0,343.1,122,975.6,0.3517
17001-3104,"17 Livingstone Street, Brooklyn",Brooklyn,MRZ,Residential vacant land,960,340000,0,354.2,135,1005,0.3525
17001-3102,"13 Livingstone Street, Brooklyn",Brooklyn,MRZ,Residential vacant land,1023,340000,0,332.4,116,941.9,0.3529
16851-22900,"125 Sefton Street, Wadestown",Wadestown,MRZ,Residential vacant land,1122,295000,0,262.9,86,739.4,0.3556
16930-35201,"65 Messines Road, Karori",Karori,MRZ,Residential vacant land,728,390000,0,535.7,183,1485,0.3607
15670-26801,"17 Kilkelly Close, Tawa",Tawa,MRZ,Residential vacant land,2555,295000,0,115.5,18,317.7,0.3634
16891-23700,"73 Garden Road, Northland",Northland,MRZ,Residential vacant land,644,335000,0,520.2,123,1431,0.3634
16861-63403,"77 Mairangi Road, Wadestown",Wadestown,MRZ,Residential vacant land,696,260000,0,373.6,198,1027,0.3638
17240-76705,"21 Kelburn Parade, Kelburn",Kelburn,HRZ,Residential vacant land,234,170000,0,726.5,109,1987,0.3657
16970-7300,"1 Thule Street, Aro Valley",Aro Valley,MRZ,Residential vacant land,961,350000,0,364.2,124,989.9,0.3679
17001-3202,"5 Livingstone Street, Brooklyn",Brooklyn,MRZ,Residential vacant land,1214,340000,0,280.1,75,758.4,0.3693
17001-3200,"1 Livingstone Street, Brooklyn",Brooklyn,MRZ,Residential vacant land,1012,340000,0,336,114,891.5,0.3769
17001-3304,"21 Stock Street, Brooklyn",Brooklyn,MRZ,Residential vacant land,688,255000,0,370.6,148,973.9,0.3806
16881-63100,"10 St Michaels Crescent, Kelburn",Kelburn,MRZ,Residential vacant land,1081,510000,0,471.8,99,1240,0.3806
16970-11200,"21 Highbury Road, Highbury",Highbury,MRZ,Residential vacant land,658,300000,0,455.9,165,1196,0.3813
16790-21901,"14 Amapur Drive, Khandallah",Khandallah,HRZ,Residential vacant land,2480,590000,0,237.9,8,622.9,0.3819
17060-40601,"155A Grafton Road, Roseneath",Roseneath,MRZ,Residential vacant land,592,310000,0,523.6,168,1369,0.3825
16891-28903,"80 Curtis Street, Northland",Northland,MRZ,Residential vacant land,233,144000,0,618,63,1609,0.3842
16861-63400,"71 Mairangi Road, Wadestown",Wadestown,MRZ,Residential vacant land,847,330000,0,389.6,186,1011,0.3854
17040-33400,"108A The Esplanade, Houghton Bay",Houghton Bay,MRZ,Residential vacant land,1107,350000,0,316.2,61,818.4,0.3863
16790-23400,"9 Nadia Grove, Khandallah",Khandallah,HRZ,Residential vacant land,1598,530000,0,331.7,26,856.6,0.3872
16950-24107,"15 Beatty Avenue, Karori",Karori,MRZ,Residential vacant land,2046,540000,0,263.9,24,678.5,0.389
16820-45616,"22A Lohia Street, Khandallah",Khandallah,MRZ,Residential vacant land,613,250000,0,407.8,218,1048,0.3893
16721-36101,"14C Woodridge Drive, Woodridge",Woodridge,MRZ,Residential vacant land,1439,320000,0,222.4,13,569.1,0.3907
16851-10901,"64B Barnard Street, Wadestown",Wadestown,MRZ,Residential vacant land,531,240000,0,452,105,1140,0.3965
16760-56804,"1A Glen Alton Avenue, Paparangi",Paparangi,HRZ,Residential vacant land,600,240000,0,400,80,993.2,0.4028
16760-58201,"73 Helston Road, Paparangi",Paparangi,HRZ,Residential vacant land,491,220000,0,448.1,61,1105,0.4055
16861-79100,"209 Cecil Road, Wilton",Wilton,MRZ,Residential vacant land,1815,360000,0,198.3,10,486.3,0.4079
17060-45904,"166 Evans Bay Parade, Roseneath",Roseneath,MRZ,Residential vacant land,1412,390000,0,276.2,37,676.8,0.4081
16891-28900,"74 Curtis Street, Northland",Northland,MRZ,Residential vacant land,416,200000,0,480.8,200,1168,0.4117
17240-39100,"63 Boulcott Street, Wellington Central",Wellington Central,CCZ,"Commercial land, little or no building",2700,7400000,0,2741,20,6623,0.4138
16861-74003,"93C Cecil Road, Wadestown",Wadestown,MRZ,Residential vacant land,594,260000,0,437.7,116,1050,0.417
17250-10800,"46A Devon Street, Aro Valley",Aro Valley,HRZ,Residential vacant land,906,400000,0,441.5,65,1056,0.4181
16891-28904,"82 Curtis Street, Northland",Northland,MRZ,Residential vacant land,192,138000,0,718.8,29,1703,0.422
16891-16500,"48 Orangi Kaupapa Road, Northland",Northland,MRZ,Residential vacant land,516,320000,0,620.2,179,1468,0.4224
16970-26800,"118 Holloway Road, Aro Valley",Aro Valley,MRZ,Residential vacant land,2077,340000,0,163.7,7,385,0.4252
17060-45600,"138 Evans Bay Parade, Roseneath",Roseneath,MRZ,Residential vacant land,495,265000,0,535.4,139,1256,0.4263
16891-28902,"78 Curtis Street, Northland",Northland,MRZ,Residential vacant land,310,165000,0,532.3,146,1247,0.4268
16861-50901,"180 Wadestown Road, Wadestown",Wadestown,MRZ,Residential vacant land,2011,430000,0,213.8,22,500.8,0.4269
17230-42501,"101 Hill Street, Thorndon",Thorndon,CCZ,"Commercial land, little or no building",526,750000,0,1426,15,3324,0.429
17050-3800,"123 Houghton Bay Road, Houghton Bay",Houghton Bay,MRZ,Residential vacant land,1024,410000,0,400.4,113,932.8,0.4292
17050-9903,"41C View Road, Houghton Bay",Houghton Bay,MRZ,Residential vacant land,574,285000,0,496.5,172,1148,0.4323
17230-42500,"99 Hill Street, Thorndon",Thorndon,CCZ,"Commercial land, little or no building",429,620000,0,1445,16,3339,0.4328
17140-28801,"319B Karaka Bay Road, Karaka Bays",Karaka Bays,MRZ,Residential vacant land,364,240000,0,659.3,94,1520,0.4337
17040-1354,"0 Jean Caldwell Way, Island Bay",Island Bay,MRZ,Residential vacant land,1576,540000,0,342.6,37,790,0.4337
16830-69301,"6 Chequers Way, Crofton Downs",Crofton Downs,MRZ,Residential vacant land,440,144000,0,327.3,94,750.6,0.436
17220-80100,"85 Waterloo Quay, Pipitea",Pipitea,CCZ,"Commercial land, little or no building",1615,3250000,0,2012,5,4615,0.436
16820-32502,"45A Amritsar Street, Khandallah",Khandallah,MRZ,Residential vacant land,711,380000,0,534.5,134,1223,0.437
17040-1389,"0 Erica Pabst Way, Island Bay",Island Bay,MRZ,Residential vacant land,1408,480000,0,340.9,68,777.4,0.4385
16861-74301,"101 Cecil Road, Wadestown",Wadestown,MRZ,Residential vacant land,1098,415000,0,378,113,861.6,0.4387
16970-28300,"31 Holloway Road, Aro Valley",Aro Valley,MRZ,Residential vacant land,291,160000,0,549.8,106,1251,0.4395
16920-35732,"5 Caldwell Street, Karori",Karori,MRZ,Residential vacant land,1940,300000,0,154.6,18,350.9,0.4407
16830-66400,"15 Admiralty Street, Crofton Downs",Crofton Downs,MRZ,Residential vacant land,1715,320000,0,186.6,20,423,0.4411
17060-45901,"192 Evans Bay Parade, Roseneath",Roseneath,MRZ,Residential vacant land,2206,490000,0,222.1,9,497.8,0.4462
16721-14801,"21C Kentwood Drive, Woodridge",Woodridge,MRZ,Residential vacant land,200,117000,0,585,16,1306,0.448
17100-74700,"100 Sutherland Road, Melrose",Melrose,MRZ,Residential vacant land,622,275000,0,442.1,186,979.8,0.4512
17280-2001,"12 Tory Street, Te Aro",Te Aro,CCZ,"Commercial land, little or no building",436,945000,0,2167,35,4793,0.4522
17070-95401,"384 Evans Bay Parade, Hataitai",Hataitai,MRZ,Residential vacant land,1000,700000,0,700,73,1547,0.4524
17350-57601,"30 Te Wharepouri Street, Berhampore",Berhampore,MRZ,Residential vacant land,1098,710000,20000,646.6,6,1429,0.4526
17001-2500,"373 Ohiro Road, Brooklyn",Brooklyn,MRZ,Residential vacant land,1055,365000,0,346,77,764.2,0.4527
17170-32100,"36 Ferry Street, Seatoun",Seatoun,MRZ,Residential vacant land,768,730000,0,950.5,178,2075,0.4581
16753-5601,"141 Ironside Road, Johnsonville",Johnsonville,MRZ,Residential vacant land,550,240000,0,436.4,255,949.8,0.4594
17100-63910,"117 Hornsey Road, Melrose",Melrose,MRZ,Residential vacant land,1900,470000,0,247.4,28,534.2,0.463
17070-95500,"17 Rewa Road, Hataitai",Hataitai,MRZ,Residential vacant land,481,425000,0,883.6,304,1907,0.4634
16820-6207,"72 Old Porirua Road, Ngaio",Ngaio,MRZ,Residential vacant land,1123,240000,0,213.7,45,457.8,0.4669
16881-60900,"67 Upland Road, Kelburn",Kelburn,MRZ,Residential vacant land,407,430000,0,1057,314,2261,0.4672
17002-13900,"24A Balfour Street, Mornington",Mornington,MRZ,Residential vacant land,881,345000,0,391.6,200,830,0.4718
17230-43200,"107 Hill Street, Thorndon",Thorndon,MRZ,Residential vacant land,1265,1200000,0,948.6,16,1979,0.4793
16840-51701,"33 Abbott Street, Ngaio",Ngaio,HRZ,Residential vacant land,936,470000,0,502.1,137,1045,0.4803
16861-63401,"73 Mairangi Road, Wadestown",Wadestown,MRZ,Residential vacant land,623,315000,0,505.6,198,1048,0.4825
16851-86300,"97A Wadestown Road, Wadestown",Wadestown,MRZ,Residential vacant land,288,250000,0,868.1,216,1799,0.4827
17020-13500,"29A Freeling Street, Island Bay",Island Bay,MRZ,Residential vacant land,2124,500000,0,235.4,15,487.6,0.4828
16730-4301,"8 Malvern Road, Ngauranga",Ngauranga,GIZ,Residential vacant land,3240,1220000,1000,376.5,6,779.4,0.4831
16920-35941,"43 Alanbrooke Place, Karori",Karori,MRZ,Residential vacant land,3265,380000,0,116.4,5,240.9,0.4831
16851-19500,"197 Barnard Street, Wadestown",Wadestown,MRZ,Residential vacant land,382,230000,0,602.1,95,1244,0.4839
17240-21101,"13 Everton Terrace, Kelburn",Kelburn,HRZ,Residential vacant land,669,750000,0,1121,53,2315,0.4843
17250-32900,"28 Honiana Te Puni Street, Aro Valley",Aro Valley,MRZ,Residential vacant land,455,380000,0,835.2,124,1717,0.4865
16970-23102,"55A Mt Pleasant Road, Aro Valley",Aro Valley,MRZ,Residential vacant land,415,220000,0,530.1,129,1089,0.4867
17060-38901,"123A Grafton Road, Roseneath",Roseneath,MRZ,Residential vacant land,920,530000,0,576.1,153,1182,0.4875
17230-1600,"151 Grant Road, Thorndon",Thorndon,MRZ,Residential vacant land,1119,1040000,0,929.4,6,1902,0.4887
17001-3000,"14 Livingstone Street, Brooklyn",Brooklyn,MRZ,Residential vacant land,809,340000,0,420.3,112,858.2,0.4897
17100-63909,"107 Hornsey Road, Melrose",Melrose,MRZ,Residential vacant land,1554,430000,0,276.7,33,564.1,0.4905
17010-40201,"55A Frobisher Street, Island Bay",Island Bay,MRZ,Residential vacant land,1639,435000,0,265.4,30,540.8,0.4907
16861-73801,"118 Weld Street, Wadestown",Wadestown,MRZ,Residential vacant land,912,450000,0,493.4,102,1004,0.4912
17130-24200,"188 Nevay Road, Karaka Bays",Karaka Bays,MRZ,Residential vacant land,1079,540000,0,500.5,54,1018,0.4914
16861-70500,"92 Cecil Road, Wadestown",Wadestown,MRZ,Residential vacant land,2441,660000,0,270.4,24,549.7,0.4919
17020-21500,"4 Travancore Street, Island Bay",Island Bay,MRZ,Residential vacant land,505,340000,0,673.3,250,1363,0.4941
16820-40922,"80 Rangiora Avenue, Kaiwharawhara",Kaiwharawhara,MRZ,Residential vacant land,1882,500000,0,265.7,25,527.5,0.5037
16702-22001,"113 Churton Drive, Churton Park",Churton Park,MRZ,Residential vacant land,976,340000,0,348.4,143,691.1,0.5041
17250-14600,"16 Essex Street, Aro Valley",Aro Valley,HRZ,Residential vacant land,823,440000,0,534.6,104,1055,0.5066
15670-28401,"122A Woodman Drive, Tawa",Tawa,MRZ,Residential vacant land,1082,325000,0,300.4,75,592.9,0.5066
16970-18600,"47 Koromiko Road, Aro Valley",Aro Valley,MRZ,Residential vacant land,249,180000,0,722.9,115,1416,0.5106
17040-7207,"39 Volga Street, Southgate",Southgate,MRZ,Residential vacant land,671,340000,0,506.7,169,992,0.5108
17002-22100,"169 The Ridgeway, Mornington",Mornington,MRZ,Residential vacant land,1467,455000,0,310.2,49,606.8,0.5112
16970-11300,"21A Highbury Road, Highbury",Highbury,MRZ,Residential vacant land,473,300000,0,634.2,173,1232,0.515
17110-92200,"50 Moa Point Road, Moa Point",Moa Point,MRZ,Residential vacant land,1453,600000,0,412.9,19,797.7,0.5177
17060-9201,"45 Maida Vale Road, Roseneath",Roseneath,MRZ,Residential vacant land,264,345000,0,1307,112,2519,0.5189
16891-53301,"138 Curtis Street, Northland",Northland,MRZ,Residential vacant land,1282,490000,0,382.2,36,729,0.5243
16710-112,"42 Jamaica Drive, Grenada North",Grenada North,GIZ,"Commercial land, little or no building",9229,1840000,0,199.4,8,380.2,0.5243
17001-536,"79 Tiketike Way, Brooklyn",Brooklyn,MRZ,Residential vacant land,946,490000,0,518,171,987.1,0.5248
16861-8602,"28 Worcester Street, Wilton",Wilton,MRZ,Residential vacant land,780,365000,0,467.9,170,888.7,0.5266
16891-61202,"6 Te Ara Tauhuna, Northland",Northland,MRZ,Residential vacant land,666,380000,0,570.6,204,1083,0.527
16930-10501,"3 Birdwood Street, Karori",Karori,MRZ,Residential vacant land,706,540000,10000,764.9,221,1445,0.5293
17240-43000,"1 Allenby Terrace, Wellington Central",Wellington Central,HRZ,Residential vacant land,554,650000,0,1173,73,2215,0.5297
17001-56501,"33 Liardet Street, Vogeltown",Vogeltown,MRZ,Residential vacant land,363,230000,0,633.6,168,1192,0.5317
17240-38701,"3 Athol Crescent, Wellington Central",Wellington Central,CCZ,Residential vacant land,695,1740000,20000,2504,23,4691,0.5338
16820-37801,"128 Nicholson Road, Khandallah",Khandallah,MRZ,Residential vacant land,544,350000,0,643.4,124,1202,0.5354
16820-42812,"17 Onslow Road, Khandallah",Khandallah,MRZ,Residential vacant land,686,340000,10000,495.6,65,925.5,0.5355
17250-500,"10 Adams Terrace, Aro Valley",Aro Valley,HRZ,Residential vacant land,2517,750000,0,298,7,555.8,0.5362
17100-43400,"44 Queens Drive, Lyall Bay",Lyall Bay,HRZ,Residential vacant land,654,580000,0,886.9,176,1654,0.5363
17240-43001,"1A Allenby Terrace, Wellington Central",Wellington Central,HRZ,Residential vacant land,534,640000,0,1199,73,2231,0.5372
16751-1600,"26 Johnsonville Road, Johnsonville",Johnsonville,MCZ,"Commercial land, little or no building",484,495000,0,1023,26,1903,0.5373
17020-12918,"37 Ara Paekawakawa, Island Bay",Island Bay,MRZ,Residential vacant land,692,470000,0,679.2,135,1262,0.5381
17040-30000,"39 Cave Road, Houghton Bay",Houghton Bay,MRZ,Residential vacant land,980,475000,0,484.7,103,900.1,0.5385
16830-37229,"130 Heke Street, Ngaio",Ngaio,MRZ,Residential vacant land,1354,445000,0,328.7,44,609.8,0.539
16851-103,"58 Sar Street, Pipitea",Pipitea,MUZ,"Commercial land, little or no building",538,400000,0,743.5,5,1378,0.5394
16990-44518,"12C Coolidge Street, Brooklyn",Brooklyn,MRZ,Residential vacant land,623,480000,0,770.5,170,1427,0.54
16881-62201,"26B St Michaels Crescent, Kelburn",Kelburn,MRZ,Residential vacant land,195,210000,0,1077,75,1989,0.5414
17170-12500,"113A Townsend Road, Miramar",Miramar,MRZ,Residential vacant land,2281,610000,10000,267.4,34,492.5,0.543
17340-53201,"153A Owen Street, Newtown",Newtown,MRZ,Residential vacant land,814,700000,0,860,71,1580,0.5443
17110-17305,"85 Onepu Road, Lyall Bay",Lyall Bay,HRZ,Residential vacant land,771,650000,0,843.1,115,1548,0.5446
16891-20601,"9 Kilmister Avenue, Thorndon",Thorndon,MRZ,Residential vacant land,448,500000,0,1116,76,2045,0.5456
16719-29434,"3 Antigua Way, Grenada Village",Grenada Village,MRZ,Residential vacant land,1081,435000,0,402.4,79,736.6,0.5463
16920-12993,"19C Percy Dyett Drive, Karori",Karori,MRZ,Residential vacant land,1197,410000,0,342.5,46,626,0.5472
16901-33900,"62 Moana Road, Kelburn",Kelburn,MRZ,Residential vacant land,686,510000,0,743.4,164,1359,0.5472
16851-99601,"22 Lennel Road, Wadestown",Wadestown,MRZ,Residential vacant land,969,820000,0,846.2,174,1546,0.5472
16701-44002,"1 Stebbings Road, Glenside",Glenside,MRZ,Residential vacant land,1338,365000,0,272.8,61,498.4,0.5473
17110-92100,"49 Moa Point Road, Moa Point",Moa Point,MRZ,Residential vacant land,1369,600000,0,438.3,20,797.7,0.5494
16810-78301,"17A Rangoon Street, Khandallah",Khandallah,MRZ,Residential vacant land,200,140000,0,700,9,1272,0.5502
17280-7500,"24 Tory Street, Te Aro",Te Aro,CCZ,"Commercial land, little or no building",3459,7500000,0,2168,7,3933,0.5514
17050-8102,"86 View Road, Houghton Bay",Houghton Bay,MRZ,Residential vacant land,506,310000,0,612.6,163,1111,0.5514
17280-7201,"37A Taranaki Street, Te Aro",Te Aro,CCZ,"Commercial land, little or no building",512,1300000,0,2539,36,4594,0.5527
16820-20000,"109 Calcutta Street, Khandallah",Khandallah,MRZ,Residential vacant land,1116,700000,0,627.2,133,1131,0.5547
17040-20301,"21 Melrose Road, Island Bay",Island Bay,MRZ,Residential vacant land,913,540000,0,591.5,225,1065,0.5556
17100-63600,"63 Hornsey Road, Melrose",Melrose,MRZ,Residential vacant land,917,440000,0,479.8,141,863.1,0.5559
17080-30801,"3A Busaco Road, Hataitai",Hataitai,MRZ,Residential vacant land,405,345000,0,851.9,256,1531,0.5563
16820-32501,"45 Amritsar Street, Khandallah",Khandallah,MRZ,Residential vacant land,534,380000,0,711.6,131,1272,0.5594
16970-23500,"65 Mt Pleasant Road, Aro Valley",Aro Valley,MRZ,Residential vacant land,506,300000,0,592.9,105,1057,0.561
17280-7101,"25A Taranaki Street, Te Aro",Te Aro,CCZ,"Commercial land, little or no building",708,1770000,0,2500,31,4454,0.5612
16810-68719,"14 Karachi Crescent, Khandallah",Khandallah,MRZ,Residential vacant land,3325,580000,0,174.4,8,310.6,0.5617
16830-68900,"16 Chequers Way, Crofton Downs",Crofton Downs,MRZ,Residential vacant land,931,355000,0,381.3,94,677.6,0.5627
16820-46580,"55 Lohia Street, Khandallah",Khandallah,MRZ,Residential vacant land,2999,690000,0,230.1,16,408.6,0.5631
17040-1357,"22 Erica Pabst Way, Island Bay",Island Bay,MRZ,Residential vacant land,1254,590000,0,470.5,75,834.6,0.5638
17002-6100,"56 Farnham Street, Mornington",Mornington,MRZ,Residential vacant land,2368,540000,0,228,18,403.9,0.5646
16970-15203,"19 Highbury Crescent, Highbury",Highbury,MRZ,Residential vacant land,678,400000,0,590,134,1038,0.5682
16830-17014,"120 Downing Street, Crofton Downs",Crofton Downs,MRZ,Residential vacant land,1155,450000,0,389.6,45,684,0.5696
16970-23200,"59 Mt Pleasant Road, Aro Valley",Aro Valley,MRZ,Residential vacant land,552,320000,0,579.7,123,1018,0.5696
17260-6401,"1 Lambton Quay, Pipitea",Pipitea,CCZ,"Commercial land, little or no building",749,2710000,0,3618,5,6313,0.5731
17040-7208,"43 Volga Street, Southgate",Southgate,MRZ,Residential vacant land,584,340000,0,582.2,179,1015,0.5735
16742-7310,"21 Meadowcroft Grove, Johnsonville",Johnsonville,MRZ,Residential vacant land,1350,495000,0,366.7,44,638.6,0.5741
16760-49302,"177C Newlands Road, Newlands",Newlands,MRZ,Residential vacant land,2594,620000,0,239,5,416.1,0.5744
16810-65801,"13 Cashmere Avenue, Khandallah",Khandallah,HRZ,Residential vacant land,284,210000,0,739.4,105,1279,0.578
16751-6800,"25 Burgess Road, Johnsonville",Johnsonville,MCZ,"Commercial land, little or no building",447,480000,0,1074,19,1858,0.578
16820-15939,"9 Butavas Street, Khandallah",Khandallah,MRZ,Residential vacant land,1004,760000,0,757,89,1305,0.58
16730-1651,"49 Boeing Way, Newlands",Newlands,MRZ,Residential vacant land,1209,475000,0,392.9,10,676.8,0.5805
16721-70004,"87 Kentwood Drive, Woodridge",Woodridge,MRZ,Residential vacant land,955,490000,0,513.1,96,883.5,0.5807
16820-33801,"3 Sovereign Point, Kaiwharawhara",Kaiwharawhara,MRZ,Residential vacant land,2023,620000,0,306.5,41,527.5,0.581
16970-29700,"45A Holloway Road, Aro Valley",Aro Valley,MRZ,Residential vacant land,192,175000,0,911.5,49,1565,0.5824
16760-49408,"82 Burgess Road, Newlands",Newlands,MRZ,Residential vacant land,972,450000,0,463,174,794.3,0.5828
17290-9500,"12 Knigges Avenue, Te Aro",Te Aro,CCZ,"Commercial land, little or no building",1730,3030000,0,1751,21,3001,0.5836
17070-25901,"108A Rakau Road, Hataitai",Hataitai,MRZ,Residential vacant land,419,310000,0,739.9,257,1267,0.584
16830-17265,"22 Porokaiwhiri Street, Crofton Downs",Crofton Downs,MRZ,Residential vacant land,1033,430000,0,416.3,45,712,0.5847
17170-30301,"22 Pinelands Avenue, Seatoun",Seatoun,MRZ,Residential vacant land,419,490000,0,1169,189,2000,0.5847
16830-25104,"25A Motueka Street, Ngaio",Ngaio,HRZ,Residential vacant land,907,430000,0,474.1,116,807.8,0.5869
17150-500,"36 Maupuia Road, Miramar",Miramar,MRZ,Residential vacant land,371,300000,0,808.6,103,1376,0.5878
16830-68901,"14 Chequers Way, Crofton Downs",Crofton Downs,MRZ,Residential vacant land,875,355000,0,405.7,91,688.7,0.5891
17350-58200,"5 Millward Street, Newtown",Newtown,HRZ,Residential vacant land,476,620000,20000,1303,162,2210,0.5893
17020-12907,"15 Ara Paekawakawa, Island Bay",Island Bay,MRZ,Residential vacant land,578,430000,0,743.9,136,1262,0.5894
16920-35504,"69C Chamberlain Road, Karori",Karori,MRZ,Residential vacant land,599,290000,0,484.1,192,817.9,0.5919
17010-50001,"38A Frobisher Street, Island Bay",Island Bay,MRZ,Residential vacant land,983,510000,0,518.8,171,875.3,0.5927
17280-7102,"27 Taranaki Street, Te Aro",Te Aro,CCZ,"Commercial land, little or no building",350,970000,0,2771,32,4667,0.5938
16810-78302,"17C Rangoon Street, Khandallah",Khandallah,MRZ,Residential vacant land,320,150000,0,468.8,44,789.1,0.5941
16901-22500,"4 Governor Road, Northland",Northland,MRZ,Residential vacant land,559,470000,10000,840.8,273,1414,0.5946
17220-26700,"66 Murphy Street, Thorndon",Thorndon,CCZ,"Commercial land, little or no building",644,1500000,0,2329,20,3899,0.5974
17310-24400,"7 Claremont Grove, Mt Victoria",Mt Victoria,HRZ,Residential vacant land,1316,2170000,60000,1649,18,2755,0.5985
17310-85800-B,"19 Paterson Street, Mt Victoria",Mt Victoria,HRZ,Residential vacant land,404,830000,20000,2054,90,3428,0.5993
17040-34500,"138 The Esplanade, Houghton Bay",Houghton Bay,MRZ,Residential vacant land,790,500000,0,632.9,94,1053,0.601
16851-79901,"18 Margaret Street, Wadestown",Wadestown,MRZ,Residential vacant land,422,375000,0,888.6,172,1472,0.6037
16990-44519,"2C Coolidge Street, Brooklyn",Brooklyn,MRZ,Residential vacant land,517,450000,0,870.4,246,1436,0.6061
16851-24100,"115 Sefton Street, Wadestown",Wadestown,MRZ,Residential vacant land,1234,560000,0,453.8,97,748.6,0.6062
16830-25100,"25B Motueka Street, Ngaio",Ngaio,HRZ,Residential vacant land,825,420000,0,509.1,129,837.5,0.6079
17310-86700,"7 Austin Terrace, Mt Victoria",Mt Victoria,HRZ,Residential vacant land,607,1230000,0,2026,49,3333,0.6079
16940-49902,"36A Verviers Street, Karori",Karori,MRZ,Residential vacant land,837,530000,0,633.2,235,1040,0.6091
17002-6000,"72 Farnham Street, Mornington",Mornington,MRZ,Residential vacant land,2624,600000,0,228.7,10,375,0.6098
16742-1533,"106 John Sims Drive, Johnsonville",Johnsonville,MRZ,Residential vacant land,1206,450000,0,373.1,83,611.8,0.6099
16690-31504,"287B Happy Valley Road, Owhiro Bay",Owhiro Bay,MRZ,Residential vacant land,576,220000,0,381.9,7,626.1,0.6101
16970-24900,"60 Holloway Road, Aro Valley",Aro Valley,MRZ,Residential vacant land,771,400000,0,518.8,102,849.8,0.6105
17130-24301,"192A Nevay Road, Karaka Bays",Karaka Bays,MRZ,Residential vacant land,723,530000,0,733.1,73,1200,0.6109
17290-38800,"7 Haining Street, Te Aro",Te Aro,CCZ,"Commercial land, little or no building",709,1520000,0,2144,42,3509,0.611
16851-71200-AA,"5 Hanover Street, Wadestown",Wadestown,MRZ,Residential vacant land,2347,590000,0,251.4,11,411.4,0.611
17310-14000,"43 Austin Street, Mt Victoria",Mt Victoria,HRZ,Residential vacant land,1472,2800000,0,1902,10,3112,0.6112
16730-1636,"19 Boeing Way, Newlands",Newlands,MRZ,Residential vacant land,769,455000,0,591.7,56,966.8,0.612
16861-74400,"105 Cecil Road, Wadestown",Wadestown,MRZ,Residential vacant land,974,560000,0,574.9,135,939,0.6123
17020-12906,"13 Ara Paekawakawa, Island Bay",Island Bay,MRZ,Residential vacant land,556,430000,0,773.4,135,1262,0.6127
16702-34015,"63 Hawtrey Terrace, Churton Park",Churton Park,MRZ,Residential vacant land,619,305000,0,492.7,233,804.1,0.6128
16730-1644,"35 Boeing Way, Newlands",Newlands,MRZ,Residential vacant land,1116,475000,0,425.6,16,693,0.6142
17020-12919,"39 Ara Paekawakawa, Island Bay",Island Bay,MRZ,Residential vacant land,630,490000,0,777.8,135,1265,0.6149
16801-4203,"37C Simla Crescent, Khandallah",Khandallah,HRZ,Residential vacant land,761,630000,0,827.9,218,1342,0.6169
16891-15400,"38A Garden Road, Northland",Northland,MRZ,Residential vacant land,650,550000,0,846.2,218,1370,0.6176
16701-80119,"7 Melksham Drive, Churton Park",Churton Park,MRZ,Residential vacant land,839,405000,0,482.7,133,779,0.6197
17250-37100,"11 Durham Street, Aro Valley",Aro Valley,HRZ,Residential vacant land,683,560000,0,819.9,118,1323,0.6199
16701-905,"16F Halswater Drive, Churton Park",Churton Park,MRZ,Residential vacant land,1003,455000,0,453.6,170,729.2,0.6221
16820-40198,"14 Brasch Way, Kaiwharawhara",Kaiwharawhara,MRZ,Residential vacant land,442,420000,0,950.2,103,1524,0.6237
16830-17305,"136 Silverstream Road, Crofton Downs",Crofton Downs,MRZ,Residential vacant land,872,470000,0,539,37,863.3,0.6243
16920-35895,"24 Alanbrooke Place, Karori",Karori,MRZ,Residential vacant land,741,340000,0,458.8,150,732.8,0.6262
16742-80601,"5 Kitchener Terrace, Johnsonville",Johnsonville,HRZ,Residential vacant land,1432,500000,0,349.2,38,553.1,0.6312
16830-17333,"170 Silverstream Road, Crofton Downs",Crofton Downs,MRZ,Residential vacant land,844,460000,0,545,43,863.3,0.6313
15660-52403,"1 Main Road, Tawa",Tawa,MUZ,"Commercial land, little or no building",243,270000,0,1111,19,1759,0.6318
16830-17344,"150 Silverstream Road, Crofton Downs",Crofton Downs,MRZ,Residential vacant land,739,430000,0,581.9,35,918.6,0.6334
16950-5842,"19 Woodhouse Avenue, Karori",Karori,MRZ,Residential vacant land,1009,540000,10000,535.2,184,844.8,0.6335
16891-17909,"24 Mataroa Avenue, Northland",Northland,MRZ,Residential vacant land,955,820000,0,858.6,86,1350,0.636
17300-9801,"16 Telford Terrace, Oriental Bay",Oriental Bay,MRZ,Residential vacant land,531,1150000,0,2166,147,3401,0.6368
16701-75120,"28 Gifford Grove, Churton Park",Churton Park,MRZ,Residential vacant land,1969,520000,0,264.1,21,413.6,0.6385
16910-50108,"62 Homewood Crescent, Karori",Karori,MRZ,Residential vacant land,550,440000,0,800,130,1249,0.6405
17340-18200,"70 Daniell Street, Newtown",Newtown,LCZ,"Commercial land, little or no building",431,660000,0,1531,21,2387,0.6415
17002-59100,"2A Vancouver Street, Kingston",Kingston,MRZ,Residential vacant land,708,440000,0,621.5,180,968.2,0.6419
17170-23400,"65A Seatoun Heights Road, Seatoun",Seatoun,MRZ,Residential vacant land,1012,730000,0,721.3,166,1124,0.642
16721-70152,"33 Lemonwood Way, Woodridge",Woodridge,MRZ,Residential vacant land,1351,570000,0,421.9,26,656.3,0.6429
16970-18101,"33 Koromiko Road, Aro Valley",Aro Valley,MRZ,Residential vacant land,465,350000,0,752.7,176,1169,0.6438
17050-22103,"67C Hungerford Road, Melrose",Melrose,MRZ,Residential vacant land,339,255000,0,752.2,91,1168,0.6441
17350-58900,"19 Millward Street, Newtown",Newtown,HRZ,Residential vacant land,470,660000,0,1404,153,2180,0.6442
15710-18001,"12 Chastudon Place, Tawa",Tawa,MRZ,Residential vacant land,823,355000,0,431.3,147,668.5,0.6452
16743-22317,"25 Comber Place, Johnsonville",Johnsonville,MRZ,Residential vacant land,768,480000,10000,625,85,966.5,0.6467
17300-9802,"14 Telford Terrace, Oriental Bay",Oriental Bay,MRZ,Residential vacant land,531,1150000,0,2166,151,3346,0.6473
16730-2901,"20 Malvern Road, Ngauranga",Ngauranga,MRZ,Residential vacant land,862,285000,0,330.6,10,509.3,0.6492
17050-22002,"63A Hungerford Road, Houghton Bay",Houghton Bay,MRZ,Residential vacant land,320,245000,0,765.6,97,1179,0.6492
16830-17332,"172 Silverstream Road, Crofton Downs",Crofton Downs,MRZ,Residential vacant land,906,470000,0,518.8,38,798.9,0.6493
16901-11801,"20A Putnam Street, Northland",Northland,MRZ,Residential vacant land,702,640000,0,911.7,211,1403,0.6497
17030-65601,"8A Knoll Street, Island Bay",Island Bay,MRZ,Residential vacant land,410,360000,0,878,184,1350,0.6504
16930-18002,"21 Espin Crescent, Karori",Karori,MRZ,Residential vacant land,741,650000,0,877.2,180,1346,0.6516
17002-55701,"40A Montreal Grove, Kingston",Kingston,MRZ,Residential vacant land,630,370000,0,587.3,108,900.9,0.6519
16820-40177,"8 Satchell Way, Kaiwharawhara",Kaiwharawhara,MRZ,Residential vacant land,840,840000,0,1000,73,1530,0.6536
17040-20302,"21 Melrose Road, Island Bay",Island Bay,MRZ,Residential vacant land,678,495000,0,730.1,260,1116,0.654
17050-22102,"67B Hungerford Road, Melrose",Melrose,MRZ,Residential vacant land,316,245000,0,775.3,88,1185,0.6542
17001-11401,"70B Mornington Road, Brooklyn",Brooklyn,MRZ,Residential vacant land,261,260000,0,996.2,179,1520,0.6552
16730-3901,"11 Malvern Road, Ngauranga",Ngauranga,MRZ,Residential vacant land,854,285000,0,333.7,10,509.3,0.6553
16950-6879,"2 Debra Way, Karori",Karori,MRZ,Residential vacant land,858,430000,0,501.2,224,764.6,0.6555
17220-31702,"8 Lambton Quay, Pipitea",Pipitea,CCZ,"Commercial land, little or no building",674,2780000,0,4125,6,6285,0.6563
17170-32200,"38A Ferry Street, Seatoun",Seatoun,MRZ,Residential vacant land,385,580000,0,1506,189,2292,0.6571
16719-29459,"10 Saba Way, Grenada Village",Grenada Village,MRZ,Residential vacant land,1332,530000,0,397.9,40,604.1,0.6586
16810-82100,"6 Imran Terrace, Khandallah",Khandallah,MRZ,Residential vacant land,706,360000,0,509.9,137,773,0.6596
16760-68004,"130 Helston Road, Paparangi",Paparangi,MRZ,Residential vacant land,949,425000,0,447.8,160,677.7,0.6608
16770-72002,"21 Padnell Crescent, Paparangi",Paparangi,MRZ,Residential vacant land,975,500000,0,512.8,185,772,0.6643
17040-10301,"24 Carlisle Street, Island Bay",Island Bay,MRZ,Residential vacant land,748,550000,0,735.3,249,1106,0.665
16861-16000,"54 Warwick Street, Wilton",Wilton,MRZ,Residential vacant land,653,415000,0,635.5,228,955.1,0.6654
16730-2144,"31 Tamworth Crescent, Newlands",Newlands,MRZ,Residential vacant land,1016,475000,0,467.5,77,702.2,0.6657
16760-31402,"74 Salford Street, Newlands",Newlands,MRZ,Residential vacant land,1358,415000,0,305.6,86,457.9,0.6674
17270-33900,"153 Cuba Street, Te Aro",Te Aro,CCZ,"Commercial land, little or no building",1008,2220000,0,2202,38,3299,0.6675
17320-59700,"2 Drummond Street, Mt Cook",Mt Cook,CCZ,Residential vacant land,895,1500000,60000,1676,17,2506,0.6687
17020-12921,"43 Ara Paekawakawa, Island Bay",Island Bay,MRZ,Residential vacant land,553,480000,0,868,136,1294,0.671
16830-17331,"174 Silverstream Road, Crofton Downs",Crofton Downs,MRZ,Residential vacant land,981,470000,0,479.1,30,712.6,0.6723
17030-42301,"29 Liffey Street, Island Bay",Island Bay,MRZ,Residential vacant land,666,590000,10000,885.9,252,1316,0.6733
16730-1650,"47 Boeing Way, Newlands",Newlands,MRZ,Residential vacant land,658,475000,0,721.9,65,1070,0.6743
17020-12901,"3 Ara Paekawakawa, Island Bay",Island Bay,MRZ,Residential vacant land,540,460000,0,851.9,136,1263,0.6744
16753-32316,"191 McLintock Street North, Johnsonville",Johnsonville,MRZ,Residential vacant land,659,480000,0,728.4,124,1078,0.6757
16719-19112,"58 Guadeloupe Crescent, Grenada Village",Grenada Village,MRZ,Residential vacant land,1157,435000,0,376,78,556.2,0.6759
16820-44300,"92 Onslow Road, Khandallah",Khandallah,MRZ,Residential vacant land,952,580000,0,609.2,130,901.2,0.676
16830-17334,"168 Silverstream Road, Crofton Downs",Crofton Downs,MRZ,Residential vacant land,706,450000,0,637.4,57,942.2,0.6765
16980-48601,"26 Reuben Avenue, Brooklyn",Brooklyn,MRZ,Residential vacant land,2955,990000,0,335,7,495,0.6768
16820-33401,"85 Amritsar Street, Khandallah",Khandallah,MRZ,Residential vacant land,5051,980000,0,194,6,286.7,0.6768
17020-12902,"5 Ara Paekawakawa, Island Bay",Island Bay,MRZ,Residential vacant land,538,460000,0,855,134,1263,0.6769
17001-6500,"301 Ohiro Road, Brooklyn",Brooklyn,MRZ,Residential vacant land,610,450000,0,737.7,248,1088,0.6779
16920-49802,"4 Paddington Grove, Karori",Karori,MRZ,Residential vacant land,1875,510000,0,272,40,401.1,0.6781
17310-2600,"6 Lipman Street, Mt Victoria",Mt Victoria,CCZ,"Commercial land, little or no building",443,1370000,0,3093,25,4559,0.6783
17050-1343,"83A Buckley Road, Southgate",Southgate,MRZ,Residential vacant land,330,270000,0,818.2,78,1206,0.6786
16701-80474,"5 Swinton Place, Churton Park",Churton Park,MRZ,Residential vacant land,774,440000,0,568.5,161,837.4,0.6788
17001-58801,"25 Finnimore Terrace, Vogeltown",Vogeltown,MRZ,Residential vacant land,2011,720000,0,358,14,527.1,0.6793
16730-33500,"20 Tamworth Crescent, Newlands",Newlands,MRZ,Residential vacant land,736,410000,0,557.1,146,819.2,0.68
17010-10300,"30 Robertson Street, Owhiro Bay",Owhiro Bay,MRZ,Residential vacant land,355,245000,0,690.1,171,1014,0.6806
16990-48205,"1B Connaught Terrace, Brooklyn",Brooklyn,MRZ,Residential vacant land,154,275000,0,1786,12,2624,0.6806
17020-12909,"19 Ara Paekawakawa, Island Bay",Island Bay,MRZ,Residential vacant land,492,430000,0,874,137,1283,0.6812
16820-41200,"6B Rangiora Avenue, Kaiwharawhara",Kaiwharawhara,MRZ,Residential vacant land,368,290000,0,788,34,1154,0.6826
16901-22600,"6 The Rigi, Northland",Northland,MRZ,Residential vacant land,733,680000,0,927.7,226,1358,0.6831
16820-40921,"29 Rangiora Avenue, Kaiwharawhara",Kaiwharawhara,MRZ,Residential vacant land,965,415000,0,430.1,49,629.3,0.6834
16830-17256,"16 Riroriro Close, Crofton Downs",Crofton Downs,MRZ,Residential vacant land,900,490000,0,544.4,69,795.6,0.6843
16830-17231,"124 Silverstream Road, Crofton Downs",Crofton Downs,MRZ,Residential vacant land,731,460000,0,629.3,75,918.6,0.6851
16830-17347,"158 Silverstream Road, Crofton Downs",Crofton Downs,MRZ,Residential vacant land,1392,460000,0,330.5,8,481.7,0.686
17100-73000,"47 Carlton Street, Melrose",Melrose,MRZ,Residential vacant land,685,435000,0,635,193,925.2,0.6864
17170-19601,"21 Fettes Crescent, Seatoun",Seatoun,MRZ,Residential vacant land,407,580000,0,1425,211,2074,0.6871
16690-50046,"180 Bing Lucas Drive, Tawa",Tawa,LLRZ,Residential vacant land,2.469e+04,710000,0,28.76,6,41.77,0.6885
16820-40919,"1B Rangiora Avenue, Kaiwharawhara",Kaiwharawhara,MRZ,Residential vacant land,916,420000,0,458.5,42,665.7,0.6888
16980-41801,"45 Todman Street, Brooklyn",Brooklyn,MRZ,Residential vacant land,598,550000,0,919.7,313,1332,0.6906
15650-28800,"39 Roberts Street, Tawa",Tawa,HRZ,Residential vacant land,986,255000,10000,258.6,119,374.4,0.6907
16730-1670,"48B Spenmoor Street, Newlands",Newlands,MRZ,Residential vacant land,1278,390000,0,305.2,22,441.4,0.6913
17020-12910,"21 Ara Paekawakawa, Island Bay",Island Bay,MRZ,Residential vacant land,475,430000,0,905.3,140,1308,0.6922
15720-69907,"23 Westra View, Tawa",Tawa,LLRZ,Residential vacant land,1.662e+04,430000,20000,25.87,6,37.37,0.6924
16830-69000,"12 Chequers Way, Crofton Downs",Crofton Downs,MRZ,Residential vacant land,799,385000,0,481.9,100,695.5,0.6929
17001-3303,"19 Stock Street, Brooklyn",Brooklyn,MRZ,Residential vacant land,250,230000,0,920,66,1327,0.6932
16820-40920,"1A Rangiora Avenue, Kaiwharawhara",Kaiwharawhara,MRZ,Residential vacant land,1057,430000,0,406.8,37,586.5,0.6936
16840-5208,"7 Jacobsen Lane, Ngaio",Ngaio,MRZ,Residential vacant land,540,380000,0,703.7,82,1013,0.6947
17220-2601,"17A Grant Road, Thorndon",Thorndon,MRZ,Residential vacant land,101,255000,0,2525,13,3618,0.6978
17250-15700,"10 Semeloff Terrace, Aro Valley",Aro Valley,HRZ,Residential vacant land,1406,650000,0,462.3,15,662.2,0.6982
16820-9142,"3 Ara Koa, Khandallah",Khandallah,MRZ,Residential vacant land,470,480000,0,1021,59,1462,0.6984
16730-1522,"106 Spenmoor Street, Newlands",Newlands,MRZ,Residential vacant land,647,510000,0,788.3,56,1126,0.6999
17110-10800,"69 Coutts Street, Kilbirnie",Kilbirnie,HRZ,Residential vacant land,372,490000,10000,1317,174,1881,0.7004
17010-15601,"98 Owhiro Bay Parade, Owhiro Bay",Owhiro Bay,MRZ,Residential vacant land,502,280000,0,557.8,29,796.2,0.7005
15690-40300,"179 Main Road, Tawa",Tawa,LCZ,"Commercial land, little or no building",772,480000,0,621.8,26,886.7,0.7012
16760-30736,"50 Cresswell Place, Johnsonville",Johnsonville,MRZ,Residential vacant land,553,330000,0,596.7,165,850.8,0.7014
16980-59402,"145 Mitchell Street, Brooklyn",Brooklyn,MRZ,Residential vacant land,552,460000,0,833.3,178,1187,0.7018
16840-5210,"9 Jacobsen Lane, Ngaio",Ngaio,MRZ,Residential vacant land,517,370000,0,715.7,73,1020,0.7019
16891-17913,"32 Mataroa Avenue, Northland",Northland,MRZ,Residential vacant land,623,620000,0,995.2,103,1416,0.7029
16820-40910,"46 Rangiora Avenue, Kaiwharawhara",Kaiwharawhara,MRZ,Residential vacant land,1186,490000,0,413.2,69,586.5,0.7044
17020-12913,"27 Ara Paekawakawa, Island Bay",Island Bay,MRZ,Residential vacant land,498,460000,0,923.7,140,1308,0.7063
16690-49962,"66 Bing Lucas Drive, Tawa",Tawa,LLRZ,Residential vacant land,1.7e+04,750000,10000,44.12,11,62.43,0.7066
17240-32201,"224 The Terrace, Wellington Central",Wellington Central,HRZ,Residential vacant land,89,190000,0,2135,5,3020,0.7069
16730-1640,"27 Boeing Way, Newlands",Newlands,MRZ,Residential vacant land,828,510000,0,615.9,42,871.1,0.707
17020-12911,"25 Ara Paekawakawa, Island Bay",Island Bay,MRZ,Residential vacant land,461,430000,0,932.8,137,1318,0.7079
17050-7910,"13 Twomey Grove, Houghton Bay",Houghton Bay,MRZ,Residential vacant land,912,610000,0,668.9,142,943.4,0.709
16820-40172,"60 Cameron Street, Kaiwharawhara",Kaiwharawhara,MRZ,Residential vacant land,554,610000,0,1101,116,1552,0.7095
16701-75104,"22 Foxham Terrace, Churton Park",Churton Park,MRZ,Residential vacant land,977,570000,0,583.4,150,821.9,0.7098
17240-51800,"338 The Terrace, Te Aro",Te Aro,HRZ,Residential vacant land,492,640000,0,1301,121,1831,0.7106
17060-26301,"49 Roseneath Terrace, Roseneath",Roseneath,MRZ,Residential vacant land,221,345000,0,1561,70,2195,0.7113
17090-7800,"44 Kilbirnie Crescent, Kilbirnie",Kilbirnie,MRZ,Residential vacant land,850,750000,10000,882.4,89,1240,0.7114
17040-22437,"68A Buckley Road, Southgate",Southgate,MRZ,Residential vacant land,588,455000,0,773.8,148,1088,0.7114
17220-18200,"165 Thorndon Quay, Pipitea",Pipitea,CCZ,"Commercial land, little or no building",454,970000,0,2137,14,3002,0.7118
17280-1600,"200 Wakefield Street, Te Aro",Te Aro,CCZ,"Commercial land, little or no building",3500,9900000,0,2829,8,3972,0.7121
17060-32901,"47 Roseneath Terrace, Roseneath",Roseneath,MRZ,Residential vacant land,300,360000,0,1200,186,1683,0.7131
16861-60000,"70 Cecil Road, Wadestown",Wadestown,MRZ,Residential vacant land,933,700000,30000,750.3,148,1051,0.7136
15690-14800,"8 Linden Avenue, Tawa",Tawa,HRZ,Residential vacant land,2023,770000,30000,380.6,13,532.7,0.7145
16990-49001,"3A Fortunatus Street, Brooklyn",Brooklyn,MRZ,Residential vacant land,701,620000,0,884.5,243,1238,0.7145
16730-2133,"8 Sunhaven Drive, Newlands",Newlands,MRZ,Residential vacant land,962,450000,0,467.8,202,654.6,0.7146
16861-24605,"185 Pembroke Road, Wilton",Wilton,MRZ,Residential vacant land,402,260000,0,646.8,187,905.1,0.7146
17250-11000,"48 Devon Street, Aro Valley",Aro Valley,HRZ,Residential vacant land,438,500000,0,1142,142,1595,0.7156
17300-5900,"17 Grass Street, Oriental Bay",Oriental Bay,MRZ,Residential vacant land,746,1500000,70000,2011,110,2809,0.7159
16742-76701,"69 Tarawera Road, Johnsonville",Johnsonville,MRZ,Residential vacant land,928,375000,0,404.1,26,564.1,0.7164
16820-38603,"84B Calcutta Street, Khandallah",Khandallah,MRZ,Residential vacant land,519,490000,0,944.1,149,1317,0.7168
16760-30800,"222 Centennial Highway, Newlands",Newlands,MRZ,Residential vacant land,1080,430000,0,398.1,62,555.2,0.7171
16760-67005,"180D Helston Road, Paparangi",Paparangi,MRZ,Residential vacant land,744,415000,0,557.8,230,777.6,0.7174
16801-52003,"10 Jaunpur Crescent, Broadmeadows",Broadmeadows,MRZ,Residential vacant land,2314,470000,0,203.1,6,283.1,0.7175
16730-1583,"12 Cessna Way, Newlands",Newlands,MRZ,Residential vacant land,604,510000,0,844.4,45,1175,0.7185
16920-35940,"41 Alanbrooke Place, Karori",Karori,MRZ,Residential vacant land,644,360000,0,559,91,777.4,0.7191
17290-24100,"3C Kelvin Grove, Te Aro",Te Aro,CCZ,"Commercial land, little or no building",476,1190000,0,2500,60,3465,0.7215
16730-1633,"10 Epic Way, Newlands",Newlands,MRZ,Residential vacant land,851,475000,0,558.2,34,771.7,0.7233
16742-28601,"77A Broderick Road, Johnsonville",Johnsonville,HRZ,Residential vacant land,690,450000,0,652.2,58,899.6,0.725
16719-29435,"5 Antigua Way, Grenada Village",Grenada Village,MRZ,Residential vacant land,763,425000,0,557,92,768.3,0.725
17190-98074,"6A Birkhall Grove, Strathmore Park",Strathmore Park,MRZ,Residential vacant land,278,250000,0,899.3,94,1239,0.726
16730-3500,"19 Malvern Road, Ngauranga",Ngauranga,MRZ,Residential vacant land,809,310000,0,383.2,11,527.5,0.7264
17070-19901,"37 Marewa Road, Hataitai",Hataitai,MRZ,Residential vacant land,611,500000,0,818.3,259,1126,0.7264
16780-35602,"50A Link Road, Newlands",Newlands,MRZ,Residential vacant land,2279,620000,0,272,8,374.4,0.7265
16830-17289,"176 Silverstream Road, Crofton Downs",Crofton Downs,MRZ,Residential vacant land,1396,510000,0,365.3,15,502.8,0.7266
17020-12920,"41 Ara Paekawakawa, Island Bay",Island Bay,MRZ,Residential vacant land,499,480000,0,961.9,137,1322,0.7278
17310-52301,"158 Brougham Street, Mt Victoria",Mt Victoria,HRZ,Residential vacant land,561,1350000,0,2406,41,3306,0.7278
17350-39101,"1 Hall Avenue, Newtown",Newtown,LCZ,"Commercial land, little or no building",364,720000,0,1978,5,2713,0.7292
17320-95000,"14 Hugh Street, Mt Cook",Mt Cook,CCZ,Residential vacant land,892,1580000,20000,1771,12,2429,0.7292
16810-68703,"68A Madras Street, Khandallah",Khandallah,MRZ,Residential vacant land,2346,750000,0,319.7,19,438,0.7299
16830-17304,"134 Silverstream Road, Crofton Downs",Crofton Downs,MRZ,Residential vacant land,642,450000,0,700.9,56,958.9,0.731
16830-17335,"166 Silverstream Road, Crofton Downs",Crofton Downs,MRZ,Residential vacant land,601,440000,0,732.1,52,998.9,0.7329
16840-5209,"8 Jacobsen Lane, Ngaio",Ngaio,MRZ,Residential vacant land,461,360000,0,780.9,74,1065,0.7332
16810-22509,"27 Torwood Road, Khandallah",Khandallah,HRZ,Residential vacant land,384,430000,0,1120,134,1525,0.7343
16840-49800,"26A Abbott Street, Ngaio",Ngaio,HRZ,Residential vacant land,705,570000,0,808.5,137,1101,0.7345
16830-17301,"128 Silverstream Road, Crofton Downs",Crofton Downs,MRZ,Residential vacant land,650,450000,0,692.3,67,942.2,0.7348
17220-24401,"30 Pipitea Street, Thorndon",Thorndon,HRZ,Residential vacant land,329,930000,30000,2827,19,3843,0.7355
16810-31200,"9 Ganges Road, Khandallah",Khandallah,LCZ,Residential vacant land,595,870000,1000,1462,6,1983,0.7372
17100-67700,"4 Dunedin Terrace, Melrose",Melrose,MRZ,Residential vacant land,658,440000,0,668.7,166,906.8,0.7374
16930-63300,"91 Donald Street, Karori",Karori,MRZ,Residential vacant land,509,430000,0,844.8,271,1146,0.7374
17230-39400,"18 Eccleston Hill, Thorndon",Thorndon,CCZ,"Commercial land, little or no building",1256,3710000,0,2954,21,3991,0.7401
17220-31700,"9 Kate Sheppard Place, Pipitea",Pipitea,CCZ,"Commercial land, little or no building",1760,8150000,0,4631,11,6256,0.7401
17050-22901,"237 Houghton Bay Road, Houghton Bay",Houghton Bay,MRZ,Residential vacant land,1408,790000,0,561.1,25,757.8,0.7404
17020-12900,"1 Ara Paekawakawa, Island Bay",Island Bay,MRZ,Residential vacant land,488,460000,0,942.6,136,1273,0.7405
17001-53703,"70 Liardet Street, Vogeltown",Vogeltown,MRZ,Residential vacant land,217,255000,0,1175,29,1586,0.741
16970-31400,"113A Holloway Road, Aro Valley",Aro Valley,MRZ,Residential vacant land,464,300000,0,646.6,37,871.5,0.7419
16801-55204,"64 Kanpur Road, Broadmeadows",Broadmeadows,MRZ,Residential vacant land,1083,475000,0,438.6,114,589.3,0.7443
16743-22316,"23 Comber Place, Johnsonville",Johnsonville,MRZ,Residential vacant land,838,600000,0,716,95,959.9,0.7459
16830-32591,"43A Spencer Street, Crofton Downs",Crofton Downs,HRZ,Residential vacant land,822,500000,0,608.3,100,814.9,0.7465
16820-59104,"7A Ravi Street, Khandallah",Khandallah,MRZ,Residential vacant land,506,380000,0,751,209,1006,0.7466
16702-55219,"14 Prestbury Grove, Churton Park",Churton Park,MRZ,Residential vacant land,1219,570000,0,467.6,94,625.8,0.7471
16801-70102,"69A John Sims Drive, Broadmeadows",Broadmeadows,MRZ,Residential vacant land,803,365000,0,454.5,172,607.8,0.7478
17320-59900,"8 Drummond Street, Mt Cook",Mt Cook,CCZ,"Commercial land, little or no building",253,570000,0,2253,27,3005,0.7498
16820-39405,"121 Nicholson Road, Khandallah",Khandallah,MRZ,Residential vacant land,607,470000,10000,774.3,101,1033,0.7498
16730-1581,"11 Cessna Way, Newlands",Newlands,MRZ,Residential vacant land,583,510000,0,874.8,51,1166,0.7504
15650-19100,"35 Bell Street, Tawa",Tawa,HRZ,Residential vacant land,190,105000,0,552.6,17,736.2,0.7507
17310-60900,"15 Porritt Avenue, Mt Victoria",Mt Victoria,MRZ,Residential vacant land,450,1140000,0,2533,161,3374,0.7509
17280-2400,"260 Wakefield Street, Te Aro",Te Aro,CCZ,"Commercial land, little or no building",831,2780000,0,3345,21,4454,0.751
15690-48500,"206 Main Road, Tawa",Tawa,LCZ,"Commercial land, little or no building",645,450000,0,697.7,27,928.9,0.7511
17020-12903,"7 Ara Paekawakawa, Island Bay",Island Bay,MRZ,Residential vacant land,481,460000,0,956.3,135,1273,0.7511
17020-12934,"2 Ara Paekawakawa, Island Bay",Island Bay,MRZ,Residential vacant land,481,460000,0,956.3,135,1273,0.7511
17120-49800,"53A Apu Crescent, Lyall Bay",Lyall Bay,MRZ,Residential vacant land,245,310000,0,1265,76,1684,0.7516
16730-1593,"12 Piper Way, Newlands",Newlands,MRZ,Residential vacant land,1937,430000,0,222,7,295,0.7524
16810-81303,"96 Burma Road, Khandallah",Khandallah,MRZ,Residential vacant land,761,400000,0,525.6,89,697.3,0.7538
17290-90501,"102 Nairn Street, Brooklyn",Brooklyn,HRZ,Residential vacant land,206,390000,10000,1893,63,2511,0.754
16702-55209,"24 Prestbury Grove, Churton Park",Churton Park,MRZ,Residential vacant land,1427,600000,0,420.5,68,557.7,0.754
17220-26200,"11 Turnbull Street, Thorndon",Thorndon,CCZ,"Commercial land, little or no building",3762,13100000,200000,3482,9,4615,0.7545
17001-4600,"327 Ohiro Road, Brooklyn",Brooklyn,MRZ,Residential vacant land,521,425000,0,815.7,193,1081,0.7546
17130-75600,"13 Countess Close, Maupuia",Maupuia,MRZ,Residential vacant land,758,660000,0,870.7,42,1154,0.7546
17030-64813,"10 Dennis Way, Island Bay",Island Bay,MRZ,Residential vacant land,2124,770000,0,362.5,9,480.2,0.7549
16830-17341,"146 Silverstream Road, Crofton Downs",Crofton Downs,MRZ,Residential vacant land,589,410000,0,696.1,30,920.1,0.7566
16851-39100,"25 Orchard Street, Wadestown",Wadestown,MRZ,Residential vacant land,589,820000,0,1392,142,1838,0.7574
17010-21200,"177 Happy Valley Road, Owhiro Bay",Owhiro Bay,MRZ,Residential vacant land,759,330000,0,434.8,29,574,0.7575
16770-31501,"205 Newlands Road, Newlands",Newlands,LCZ,"Commercial land, little or no building",425,285000,0,670.6,9,884.8,0.7579
16770-31504,"203A Newlands Road, Newlands",Newlands,LCZ,"Commercial land, little or no building",425,285000,0,670.6,9,884.8,0.7579
17290-24101,"3C Kelvin Grove, Te Aro",Te Aro,CCZ,"Commercial land, little or no building",376,1000000,0,2660,74,3507,0.7583
15730-32200,"11 Kiwi Crescent, Tawa",Tawa,MRZ,Residential vacant land,862,325000,0,377,212,497.2,0.7583
17070-56301,"11 Kio Road, Hataitai",Hataitai,MRZ,Residential vacant land,647,730000,0,1128,219,1487,0.7589
17100-24201,"82 Rodrigo Road, Melrose",Melrose,MRZ,Residential vacant land,595,550000,0,924.4,205,1218,0.759
16719-29436,"7 Antigua Way, Grenada Village",Grenada Village,MRZ,Residential vacant land,729,425000,0,583,89,768.1,0.759
17130-34600,"455 Karaka Bay Road, Karaka Bays",Karaka Bays,MRZ,Residential vacant land,672,670000,0,997,97,1313,0.7594
17110-80201,"39A Moa Point Road, Moa Point",Moa Point,MRZ,Residential vacant land,1205,730000,0,605.8,21,797.7,0.7595
17310-72400,"10 Armour Avenue, Mt Victoria",Mt Victoria,MRZ,Residential vacant land,1163,2570000,0,2210,6,2907,0.7602
16810-32701,"14A Lochiel Road, Khandallah",Khandallah,HRZ,Residential vacant land,630,760000,0,1206,201,1586,0.7606
16730-1559,"29 Grumman Lane, Newlands",Newlands,GRUZ,Residential vacant land,3919,500000,0,127.6,7,167.7,0.7607
17050-1305,"87 Buckley Road, Southgate",Southgate,MRZ,Residential vacant land,933,720000,0,771.7,106,1014,0.7608
16751-24000,"6 Trafalgar Street, Johnsonville",Johnsonville,MCZ,"Commercial land, little or no building",598,780000,0,1304,22,1713,0.7615
17260-27100,"23 Bolton Street, Wellington Central",Wellington Central,CCZ,"Commercial land, little or no building",2259,10600000,0,4692,23,6155,0.7624
17190-51201,"110A Sidlaw Street, Strathmore Park",Strathmore Park,MRZ,Residential vacant land,300,230000,0,766.7,102,1006,0.7625
17001-8000,"15 Butt Street, Brooklyn",Brooklyn,MRZ,Residential vacant land,830,670000,0,807.2,204,1058,0.7628
16820-40911,"44 Rangiora Avenue, Kaiwharawhara",Kaiwharawhara,MRZ,Residential vacant land,1074,490000,0,456.2,81,597.9,0.7631
16721-70143,"4 Cottonwood Lane, Woodridge",Woodridge,MRZ,Residential vacant land,830,490000,0,590.4,78,773,0.7638
16721-70137,"16 Cottonwood Lane, Woodridge",Woodridge,MRZ,Residential vacant land,902,490000,0,543.2,56,710.6,0.7645
17070-77324,"28 Treasure Grove, Hataitai",Hataitai,MRZ,Residential vacant land,705,990000,0,1404,205,1833,0.766
16801-52101,"44A Jaunpur Crescent, Broadmeadows",Broadmeadows,MRZ,Residential vacant land,610,275000,0,450.8,128,588,0.7666
17020-12917,"35 Ara Paekawakawa, Island Bay",Island Bay,MRZ,Residential vacant land,464,470000,0,1013,144,1320,0.7674
16830-17345,"154 Silverstream Road, Crofton Downs",Crofton Downs,MRZ,Residential vacant land,633,450000,0,710.9,38,926.1,0.7676
17020-12922,"45 Ara Paekawakawa, Island Bay",Island Bay,MRZ,Residential vacant land,473,480000,0,1015,137,1322,0.7678
16743-3300,"9 Tolhurst Street, Johnsonville",Johnsonville,MRZ,Residential vacant land,686,500000,0,728.9,241,948.6,0.7683
17010-20900,"171 Happy Valley Road, Owhiro Bay",Owhiro Bay,MRZ,Residential vacant land,617,300000,0,486.2,32,632.5,0.7688
16980-54100,"156A Ohiro Road, Brooklyn",Brooklyn,MRZ,Residential vacant land,517,640000,30000,1238,318,1610,0.769
16861-4001,"153 Wilton Road, Wilton",Wilton,MRZ,Residential vacant land,816,550000,0,674,116,876.1,0.7694
15740-5302,"105 Redwood Avenue, Tawa",Tawa,HRZ,Residential vacant land,990,515000,25000,520.2,33,675.9,0.7696
16861-44100,"19 Gloucester Street, Wilton",Wilton,MRZ,Residential vacant land,844,550000,0,651.7,199,846.6,0.7697
16820-39703,"73A Nicholson Road, Khandallah",Khandallah,MRZ,Residential vacant land,350,400000,0,1143,103,1481,0.7717
17180-39900,"67 Mantell Street, Seatoun",Seatoun,MRZ,Residential vacant land,599,870000,30000,1452,142,1882,0.7718
16830-17336,"164 Silverstream Road, Crofton Downs",Crofton Downs,MRZ,Residential vacant land,570,440000,0,771.9,48,998.9,0.7728
17002-45707,"491A Ohiro Road, Brooklyn",Brooklyn,MRZ,Residential vacant land,435,320000,0,735.6,77,951.6,0.7731
16830-17303,"132 Silverstream Road, Crofton Downs",Crofton Downs,MRZ,Residential vacant land,616,450000,0,730.5,59,943.8,0.774
16970-17500,"15 Koromiko Road, Aro Valley",Aro Valley,MRZ,Residential vacant land,443,370000,0,835.2,165,1078,0.7749
16701-80523,"33 Farnworth Terrace, Churton Park",Churton Park,MRZ,Residential vacant land,1055,750000,0,710.9,53,916.9,0.7753
17350-63000,"242 Riddiford Street, Newtown",Newtown,LCZ,Residential vacant land,263,485000,5000,1844,21,2376,0.7761
17220-26602,"8 Katherine Avenue, Thorndon",Thorndon,HRZ,Residential vacant land,1393,2830000,50000,2032,11,2618,0.7761
17070-77325,"26 Treasure Grove, Hataitai",Hataitai,MRZ,Residential vacant land,820,990000,0,1207,144,1555,0.7762
17110-19900,"50 Ross Street, Kilbirnie",Kilbirnie,MCZ,"Commercial land, little or no building",306,400000,0,1307,10,1680,0.7779
17010-21201,"175 Happy Valley Road, Owhiro Bay",Owhiro Bay,MRZ,Residential vacant land,736,340000,0,462,30,593.4,0.7785
17260-9500,"94 Featherston Street, Wellington Central",Wellington Central,CCZ,"Commercial land, little or no building",634,4050000,0,6388,35,8204,0.7787
16701-80453,"5 Stockport Grove, Churton Park",Churton Park,MRZ,Residential vacant land,821,530000,0,645.6,183,827.9,0.7797
16861-19900,"7 Rochester Street, Wilton",Wilton,MRZ,Residential vacant land,721,480000,0,665.7,229,853.5,0.78
16901-31001,"3 Moana Road, Kelburn",Kelburn,MRZ,Residential vacant land,402,470000,0,1169,179,1497,0.781
16830-17346,"156 Silverstream Road, Crofton Downs",Crofton Downs,MRZ,Residential vacant land,622,450000,0,723.5,38,926.1,0.7812
17340-43600,"9 Lawrence Street, Newtown",Newtown,MRZ,Residential vacant land,461,730000,10000,1584,206,2025,0.7819
16920-35933,"35 Alanbrooke Place, Karori",Karori,MRZ,Residential vacant land,625,380000,0,608,103,777.4,0.7821
17130-28000,"159 Nevay Road, Miramar",Miramar,MRZ,Residential vacant land,575,550000,0,956.5,113,1223,0.7822
16970-26901,"1C Holloway Road, Aro Valley",Aro Valley,MRZ,Residential vacant land,925,550000,0,594.6,48,759.6,0.7828
16730-1540,"33 Grumman Lane, Newlands",Newlands,GRUZ,Residential vacant land,3716,500000,0,134.6,8,171.8,0.7831
17150-1105,"7 Portsmouth Road, Miramar",Miramar,GIZ,"Commercial land, little or no building",1565,2020000,0,1291,6,1645,0.7848
17300-30600,"2 Prince Street, Mt Victoria",Mt Victoria,MRZ,Residential vacant land,202,740000,20000,3663,163,4667,0.785
17020-12904,"9 Ara Paekawakawa, Island Bay",Island Bay,MRZ,Residential vacant land,458,460000,0,1004,139,1279,0.7852
17010-45600,"23 Murchison Street, Island Bay",Island Bay,MRZ,Residential vacant land,599,440000,0,734.6,103,934.7,0.7859
17290-8100,"45 Abel Smith Street, Te Aro",Te Aro,CCZ,"Commercial land, little or no building",423,1150000,0,2719,81,3459,0.7859
16820-60919,"19 Benares Street, Khandallah",Khandallah,MRZ,Residential vacant land,290,280000,0,965.5,188,1228,0.7866
17030-68002,"15 Beach Street, Island Bay",Island Bay,MRZ,Residential vacant land,668,660000,10000,988,155,1255,0.7872
16830-17219,"5 Pihipihi Way, Crofton Downs",Crofton Downs,MRZ,Residential vacant land,607,440000,0,724.9,95,918.6,0.7891
17290-46501,"26 Barker Street, Te Aro",Te Aro,CCZ,"Commercial land, little or no building",656,1840000,0,2805,43,3554,0.7893
16851-97201,"15A Wade Street, Wadestown",Wadestown,MRZ,Residential vacant land,403,650000,0,1613,140,2043,0.7895
17150-53206,"124 Maupuia Road, Miramar",Miramar,MRZ,Residential vacant land,250,290000,0,1160,93,1467,0.7909
16820-11500,"40 Waru Street, Khandallah",Khandallah,MRZ,Residential vacant land,1012,970000,0,958.5,175,1211,0.7917
16830-17302,"130 Silverstream Road, Crofton Downs",Crofton Downs,MRZ,Residential vacant land,602,450000,0,747.5,63,943.8,0.792
16760-46300,"119 Newlands Road, Newlands",Newlands,MRZ,Residential vacant land,601,310000,0,515.8,240,651.1,0.7922
17260-2800,"21 The Terrace, Wellington Central",Wellington Central,CCZ,"Commercial land, little or no building",192,1110000,0,5781,5,7293,0.7927
16901-22602,"2 Governor Road, Northland",Northland,MRZ,Residential vacant land,561,630000,0,1123,272,1416,0.7933
17360-59700,"25 Palm Grove, Berhampore",Berhampore,MRZ,Residential vacant land,715,870000,0,1217,61,1531,0.7948
17100-61001,"78 Sutherland Road, Melrose",Melrose,MRZ,Residential vacant land,326,320000,0,981.6,154,1234,0.7956
16910-18601,"1A Seaforth Terrace, Karori",Karori,MRZ,Residential vacant land,409,340000,0,831.3,129,1045,0.7957
17270-12100,"40 Cuba Street, Te Aro",Te Aro,CCZ,"Commercial land, little or no building",397,1250000,0,3149,29,3949,0.7973
15670-23701,"58C Raroa Terrace, Tawa",Tawa,MRZ,Residential vacant land,2089,540000,0,258.5,19,324.2,0.7973
17040-20201,"59A Witham Street, Island Bay",Island Bay,MRZ,Residential vacant land,706,600000,20000,849.9,200,1065,0.7977
16710-14100,"15 Dragon Street, Grenada North",Grenada North,GIZ,"Commercial land, little or no building",3321,1270000,0,382.4,13,479.3,0.7979
16752-22304,"44E Phillip Street, Johnsonville",Johnsonville,HRZ,Residential vacant land,134,420000,0,3134,43,3922,0.7991
16752-22303,"44D Phillip Street, Johnsonville",Johnsonville,HRZ,Residential vacant land,134,420000,0,3134,43,3922,0.7991
17220-27200,"10 Halswell Street, Thorndon",Thorndon,HRZ,Residential vacant land,1229,2630000,0,2140,13,2678,0.7992
15720-56500,"17 Romney Square, Tawa",Tawa,MRZ,Residential vacant land,933,350000,10000,375.1,180,469.2,0.7995
16690-17501,"16 Patna Street, Ngaio",Ngaio,MRZ,Residential vacant land,748,480000,0,641.7,98,802,0.8001
16730-530,"135 Black Rock Road, Newlands",Newlands,LLRZ,Residential vacant land,1.143e+04,660000,0,57.75,10,72.12,0.8008
17240-19000,"34 Clifton Terrace, Kelburn",Kelburn,HRZ,Residential vacant land,650,1330000,0,2046,70,2554,0.8011
17280-18401,"8 Ebor Street, Te Aro",Te Aro,CCZ,"Commercial land, little or no building",585,1970000,0,3368,55,4202,0.8014
17100-79203,"212C Sutherland Road, Lyall Bay",Lyall Bay,MRZ,Residential vacant land,2444,590000,0,241.4,15,301.1,0.8019
16760-30737,"52 Cresswell Place, Johnsonville",Johnsonville,MRZ,Residential vacant land,458,320000,0,698.7,173,870.9,0.8023
16801-69702,"20 Bandipur Terrace, Broadmeadows",Broadmeadows,MRZ,Residential vacant land,447,245000,0,548.1,193,683.1,0.8024
17020-12915,"31 Ara Paekawakawa, Island Bay",Island Bay,MRZ,Residential vacant land,424,450000,0,1061,143,1322,0.803
16891-37900,"29 Woburn Road, Northland",Northland,MRZ,Residential vacant land,535,550000,0,1028,289,1280,0.8035
17290-2100,"327 Willis Street, Te Aro",Te Aro,CCZ,Residential vacant land,551,1460000,1000,2650,31,3296,0.8038
16891-20903,"14D Glenmore Street, Thorndon",Thorndon,MRZ,Residential vacant land,274,550000,0,2007,86,2497,0.804
16861-85801,"140A Mairangi Road, Wilton",Wilton,MRZ,Residential vacant land,136,195000,0,1434,12,1781,0.805
16851-800,"18 Sar Street, Pipitea",Pipitea,MUZ,"Commercial land, little or no building",1101,1170000,0,1063,9,1317,0.8066
17220-31902,"19A Kate Sheppard Place, Pipitea",Pipitea,CCZ,"Commercial land, little or no building",702,3550000,0,5057,7,6256,0.8083
17020-12926,"24 Ara Paekawakawa, Island Bay",Island Bay,MRZ,Residential vacant land,449,480000,0,1069,135,1322,0.8088
17090-18900,"59 Childers Terrace, Kilbirnie",Kilbirnie,MCZ,Residential vacant land,396,650000,10000,1641,26,2025,0.8106
16861-29900,"166 Pembroke Road, Wilton",Wilton,MRZ,Residential vacant land,577,415000,0,719.2,265,886.5,0.8113
16820-40935,"82 Rangiora Avenue, Kaiwharawhara",Kaiwharawhara,MRZ,Residential vacant land,355,340000,0,957.7,42,1180,0.8118
17070-77323,"30 Treasure Grove, Hataitai",Hataitai,MRZ,Residential vacant land,648,990000,0,1528,215,1882,0.812
16891-18300,"12 Puketiro Avenue, Northland",Northland,MRZ,Residential vacant land,513,540000,0,1053,111,1296,0.812
17020-12914,"29 Ara Paekawakawa, Island Bay",Island Bay,MRZ,Residential vacant land,419,450000,0,1074,143,1322,0.8125
17130-31102,"20 Pretoria Road, Karaka Bays",Karaka Bays,MRZ,Residential vacant land,627,660000,0,1053,98,1295,0.8126
16752-49352,"21A Lomita Road, Johnsonville",Johnsonville,MRZ,Residential vacant land,463,350000,0,755.9,260,930.2,0.8126
17310-83300,"57 Ellice Street, Mt Victoria",Mt Victoria,HRZ,Residential vacant land,1076,2520000,60000,2342,13,2881,0.813
16701-70016,"220 Westchester Drive, Churton Park",Churton Park,MRZ,Residential vacant land,671,475000,0,707.9,143,870.4,0.8133
17350-66000,"11 Stoke Street, Newtown",Newtown,HRZ,Residential vacant land,458,790000,0,1725,136,2120,0.8135
16851-21500,"194B Barnard Street, Wadestown",Wadestown,MRZ,Residential vacant land,643,570000,0,886.5,96,1089,0.8143
17100-51600,"34 Coutts Street, Kilbirnie",Kilbirnie,MCZ,"Commercial land, little or no building",311,490000,0,1576,26,1935,0.8144
17220-13700-B,"88 Hobson Street, Thorndon",Thorndon,HRZ,Residential vacant land,586,1840000,10000,3140,22,3853,0.8148
17020-12916,"33 Ara Paekawakawa, Island Bay",Island Bay,MRZ,Residential vacant land,417,450000,0,1079,145,1324,0.815
17080-40601,"85B Overtoun Terrace, Hataitai",Hataitai,MRZ,Residential vacant land,359,450000,0,1253,195,1537,0.8154
16840-14600,"6 Waikowhai Street, Ngaio",Ngaio,HRZ,Residential vacant land,784,620000,0,790.8,188,969.6,0.8156
16730-1551,"25 Cirrus Close, Newlands",Newlands,MRZ,Residential vacant land,540,495000,0,916.7,66,1123,0.8162
16940-63200,"7 Wrights Hill Road, Karori",Karori,MRZ,Residential vacant land,534,390000,0,730.3,183,894.5,0.8165
17060-18601,"20 Palliser Road, Roseneath",Roseneath,MRZ,Residential vacant land,1633,1830000,0,1121,33,1372,0.8166
17010-12601,"10 Owhiro Bay Parade, Island Bay",Island Bay,MRZ,Residential vacant land,515,405000,0,786.4,118,961.9,0.8175
16950-51300,"81 Woodhouse Avenue, Karori",Karori,MRZ,Residential vacant land,1025,600000,0,585.4,72,715.8,0.8178
17150-20513,"23 Maupuia Road, Miramar",Miramar,MUZ,"Commercial land, little or no building",804,720000,0,895.5,5,1095,0.818
16701-80475,"7 Swinton Place, Churton Park",Churton Park,MRZ,Residential vacant land,627,440000,0,701.8,153,857.6,0.8182
16760-30727,"48 Cresswell Place, Johnsonville",Johnsonville,MRZ,Residential vacant land,427,320000,0,749.4,155,913.8,0.8201
16719-29358,"68 Havana Rise, Grenada Village",Grenada Village,MRZ,Residential vacant land,1037,640000,0,617.2,49,751.3,0.8215
17020-12925,"26 Ara Paekawakawa, Island Bay",Island Bay,MRZ,Residential vacant land,441,480000,0,1088,135,1322,0.8235
16830-17337,"162 Silverstream Road, Crofton Downs",Crofton Downs,MRZ,Residential vacant land,566,440000,0,777.4,41,943.8,0.8237
16980-2931,"120 Karepa Street, Brooklyn",Brooklyn,MRZ,Residential vacant land,491,520000,0,1059,162,1285,0.8242
17030-74300,"312 The Esplanade, Island Bay",Island Bay,MRZ,Residential vacant land,473,520000,0,1099,158,1333,0.8249
16851-97302,"13B Wade Street, Wadestown",Wadestown,MRZ,Residential vacant land,735,1070000,0,1456,157,1765,0.8249
16701-80633,"74 Crompton Avenue, Churton Park",Churton Park,MRZ,Residential vacant land,883,600000,0,679.5,17,821.5,0.8272
16742-14701,"39A Truscott Avenue, Johnsonville",Johnsonville,MRZ,Residential vacant land,348,295000,0,847.7,213,1021,0.8301
16751-102,"22 Broderick Road, Johnsonville",Johnsonville,MCZ,"Commercial land, little or no building",1099,1170000,0,1065,20,1282,0.8306
17110-308,"1 Jean Batten Street, Rongotai",Rongotai,GIZ,"Commercial land, little or no building",2393,3240000,0,1354,5,1630,0.8307
17290-53800,"37 Nairn Street, Mt Cook",Mt Cook,HRZ,Residential vacant land,341,600000,0,1760,90,2118,0.8308
16730-1675,"108 Spenmoor Street, Newlands",Newlands,MRZ,Residential vacant land,509,495000,0,972.5,56,1170,0.8309
16730-32601,"40 Tamworth Crescent, Newlands",Newlands,MRZ,Residential vacant land,435,310000,0,712.6,124,857.2,0.8313
16830-17223,"101 Silverstream Road, Crofton Downs",Crofton Downs,MRZ,Residential vacant land,549,420000,0,765,90,920.1,0.8315
16730-1584,"10 Cessna Way, Newlands",Newlands,MRZ,Residential vacant land,456,455000,0,997.8,46,1199,0.8319
17020-12932,"6 Ara Paekawakawa, Island Bay",Island Bay,MRZ,Residential vacant land,188,320000,0,1702,32,2045,0.8325
17270-42400,"43 Ghuznee Street, Te Aro",Te Aro,CCZ,"Commercial land, little or no building",443,1310000,0,2957,48,3546,0.834
17190-68103,"21 Tukanae Street, Strathmore Park",Strathmore Park,MRZ,Residential vacant land,673,460000,0,683.5,221,819.4,0.8341
15660-28500,"5 Tawa Terrace, Tawa",Tawa,HRZ,Residential vacant land,853,380000,15000,445.5,105,534,0.8343
16920-25133,"68A Victory Avenue, Karori",Karori,MRZ,Residential vacant land,266,250000,0,939.8,135,1126,0.8343
16760-71202,"3A Hardy Street, Johnsonville",Johnsonville,HRZ,Residential vacant land,546,560000,0,1026,74,1229,0.8344
17340-62700,"305B Mansfield Street, Newtown",Newtown,MRZ,Residential vacant land,1206,1640000,0,1360,21,1628,0.8353
17290-44800,"10 Fifeshire Avenue, Te Aro",Te Aro,CCZ,Residential vacant land,501,1500000,1000,2994,43,3583,0.8357
17040-34401,"132 The Esplanade, Houghton Bay",Houghton Bay,MRZ,Residential vacant land,846,700000,20000,827.4,96,989.2,0.8365
17170-26102,"41 Khyber Road, Seatoun",Seatoun,MRZ,Residential vacant land,984,940000,0,955.3,136,1142,0.8366
16701-70015,"218 Westchester Drive, Churton Park",Churton Park,MRZ,Residential vacant land,652,475000,0,728.5,150,870.3,0.8371
17070-18801,"15 Marewa Road, Hataitai",Hataitai,MRZ,Residential vacant land,541,510000,0,942.7,265,1126,0.8371
16830-16401,"58A Chelmsford Street, Ngaio",Ngaio,HRZ,Residential vacant land,516,400000,0,775.2,204,925.8,0.8374
17350-68900,"32 Te Wharepouri Street, Berhampore",Berhampore,HRZ,Residential vacant land,736,1120000,0,1522,31,1817,0.8377
16710-15019,"17 Jamaica Drive, Grenada North",Grenada North,GIZ,"Commercial land, little or no building",2000,830000,0,415,13,495.3,0.8378
16861-22802,"13 Hereford Street, Wilton",Wilton,MRZ,Residential vacant land,1560,810000,0,519.2,59,616.7,0.842
16970-31200,"111 Holloway Road, Aro Valley",Aro Valley,MRZ,Residential vacant land,394,300000,0,761.4,48,904.2,0.842
17020-12935,"8 Ara Paekawakawa, Island Bay",Island Bay,MRZ,Residential vacant land,200,340000,0,1700,36,2017,0.8426
17020-12912,"23 Ara Paekawakawa, Island Bay",Island Bay,MRZ,Residential vacant land,413,460000,0,1114,139,1322,0.8427
17001-10401,"15 Stock Street, Brooklyn",Brooklyn,MRZ,Residential vacant land,403,365000,0,905.7,144,1074,0.8432
17270-26300,"233A Willis Street, Te Aro",Te Aro,CCZ,"Commercial land, little or no building",818,2070000,30000,2531,30,3000,0.8434
16730-1671,"6 Cirrus Close, Newlands",Newlands,MRZ,Residential vacant land,503,495000,0,984.1,57,1166,0.8441
16701-901,"16B Halswater Drive, Churton Park",Churton Park,MRZ,Residential vacant land,640,390000,0,609.4,173,721.4,0.8447
17090-20200,"54 Rongotai Road, Kilbirnie",Kilbirnie,MCZ,"Commercial land, little or no building",573,1020000,0,1780,27,2107,0.845
17220-4300,"15 Burnell Avenue, Thorndon",Thorndon,MRZ,Residential vacant land,1652,3310000,0,2004,10,2371,0.8452
16861-69200,"120C Cecil Road, Wadestown",Wadestown,MRZ,Residential vacant land,485,435000,0,896.9,197,1061,0.8454
16701-903,"16D Halswater Drive, Churton Park",Churton Park,MRZ,Residential vacant land,615,385000,0,626,185,740.4,0.8455
17310-15603,"2 Lipman Street, Mt Victoria",Mt Victoria,CCZ,"Commercial land, little or no building",215,850000,0,3953,24,4676,0.8455
17290-23300,"14 Karo Drive, Te Aro",Te Aro,CCZ,"Commercial land, little or no building",584,1610000,0,2757,47,3258,0.8461
16730-1669,"30 Boeing Way, Newlands",Newlands,MRZ,Residential vacant land,2081,520000,0,249.9,7,295,0.8469
17360-25301,"52 Herald Street, Berhampore",Berhampore,HRZ,Residential vacant land,314,600000,0,1911,71,2255,0.8472
16950-8419,"5 Lynmouth Avenue, Karori",Karori,MRZ,Residential vacant land,668,500000,0,748.5,269,882.4,0.8483
17040-2400,"108 Volga Street, Island Bay",Island Bay,MRZ,Residential vacant land,441,440000,0,997.7,227,1175,0.8488
17110-47600,"34 Tirangi Road, Rongotai",Rongotai,MRZ,Residential vacant land,470,520000,0,1106,230,1303,0.8489
17320-29300,"12 Adelaide Road, Mt Cook",Mt Cook,CCZ,"Commercial land, little or no building",2362,4970000,230000,2104,6,2478,0.8493
17110-47601,"36 Tirangi Road, Rongotai",Rongotai,MRZ,Residential vacant land,470,520000,0,1106,226,1302,0.8498
15750-28900,"8 Achilles Close, Tawa",Tawa,MRZ,Residential vacant land,824,500000,0,606.8,213,712.1,0.8521
15730-15202,"102 Larsen Crescent, Tawa",Tawa,MRZ,Residential vacant land,783,465000,0,593.9,162,696.2,0.853
17020-12923,"47 Ara Paekawakawa, Island Bay",Island Bay,MRZ,Residential vacant land,424,480000,0,1132,137,1327,0.8531
15650-12100,"20 Tremewan Street, Tawa",Tawa,MRZ,Residential vacant land,989,345000,0,348.8,47,408.9,0.8532
17180-1900,"61 Beacon Hill Road, Strathmore Park",Strathmore Park,MRZ,Residential vacant land,760,730000,0,960.5,197,1125,0.8538
17270-7300,"145 Willis Street, Te Aro",Te Aro,CCZ,"Commercial land, little or no building",438,1460000,0,3333,28,3903,0.8541
17020-12929,"16 Ara Paekawakawa, Island Bay",Island Bay,MRZ,Residential vacant land,425,480000,0,1129,140,1320,0.8556
17270-30601,"151 Victoria Street, Te Aro",Te Aro,CCZ,"Commercial land, little or no building",1172,3410000,0,2910,37,3399,0.856
16701-80576,"48 Rochdale Drive, Churton Park",Churton Park,MRZ,Residential vacant land,865,640000,0,739.9,74,861.3,0.859
17310-85600,"15 Paterson Street, Mt Victoria",Mt Victoria,HRZ,Residential vacant land,450,1320000,0,2933,91,3414,0.8593
16820-40184,"18 Satchell Way, Kaiwharawhara",Kaiwharawhara,MRZ,Residential vacant land,585,770000,0,1316,74,1531,0.86
17250-47500,"318 Willis Street, Aro Valley",Aro Valley,CCZ,"Commercial land, little or no building",458,1200000,0,2620,24,3045,0.8605
17190-51305,"3 Kastos Way, Strathmore Park",Strathmore Park,MRZ,Residential vacant land,768,550000,0,716.1,196,831.9,0.8608
16790-21301,"4A Amapur Drive, Khandallah",Khandallah,HRZ,Residential vacant land,252,380000,0,1508,65,1751,0.8614
17320-38300,"20 Belfast Street, Mt Cook",Mt Cook,CCZ,Residential vacant land,316,820000,1000,2595,18,3012,0.8616
17020-12905,"11 Ara Paekawakawa, Island Bay",Island Bay,MRZ,Residential vacant land,411,460000,0,1119,141,1299,0.8618
17020-12908,"17 Ara Paekawakawa, Island Bay",Island Bay,MRZ,Residential vacant land,410,460000,0,1122,138,1302,0.862
17300-9803,"18A Telford Terrace, Oriental Bay",Oriental Bay,MRZ,Residential vacant land,308,950000,0,3084,134,3575,0.8628
16810-29600,"6 Dekka Street, Khandallah",Khandallah,LCZ,"Commercial land, little or no building",759,1300000,0,1713,6,1983,0.8635
16830-17210,"100 Silverstream Road, Crofton Downs",Crofton Downs,MRZ,Residential vacant land,537,420000,0,782.1,104,904.1,0.8651
17160-8600,"10 Kauri Street, Miramar",Miramar,MRZ,Residential vacant land,609,700000,0,1149,127,1329,0.8652
17140-10501,"27A Totara Road, Miramar",Miramar,MRZ,Residential vacant land,423,400000,0,945.6,204,1093,0.8653
16730-3108,"38 Malvern Road, Ngauranga",Ngauranga,MRZ,Residential vacant land,1157,510000,0,440.8,10,509.3,0.8655
17250-47300,"306 Willis Street, Aro Valley",Aro Valley,CCZ,"Commercial land, little or no building",1016,2640000,100000,2598,15,3001,0.8659
16820-40196,"3 Brasch Way, Kaiwharawhara",Kaiwharawhara,MRZ,Residential vacant land,475,630000,0,1326,108,1531,0.8666
17270-29603,"10 Bute Street, Te Aro",Te Aro,CCZ,"Commercial land, little or no building",90,390000,0,4333,19,5000,0.8667
17270-29604,"12 Bute Street, Te Aro",Te Aro,CCZ,"Commercial land, little or no building",90,390000,0,4333,19,5000,0.8667
17310-80500,"90 Ellice Street, Mt Victoria",Mt Victoria,HRZ,Residential vacant land,405,1230000,0,3037,86,3503,0.867
17020-12936,"10 Ara Paekawakawa, Island Bay",Island Bay,MRZ,Residential vacant land,230,360000,0,1565,44,1804,0.8678
17002-9301,"35 Balfour Street, Mornington",Mornington,MRZ,Residential vacant land,466,385000,0,826.2,204,951.5,0.8683
16751-24400,"18 Moorefield Road, Johnsonville",Johnsonville,MCZ,Residential vacant land,773,1150000,40000,1488,26,1713,0.8685
17340-55700,"28 Rhodes Street, Newtown",Newtown,HRZ,Residential vacant land,423,800000,20000,1891,108,2177,0.8685
17270-32700,"162 Cuba Street, Te Aro",Te Aro,CCZ,"Commercial land, little or no building",798,2290000,0,2870,49,3293,0.8714
16701-80578,"52 Rochdale Drive, Churton Park",Churton Park,MRZ,Residential vacant land,869,640000,0,736.5,71,844.4,0.8722
17140-15301,"50C Nevay Road, Karaka Bays",Karaka Bays,MRZ,Residential vacant land,2856,1770000,0,619.7,11,709.2,0.8738
17001-49200,"11 Moffitt Street, Vogeltown",Vogeltown,MRZ,Residential vacant land,818,820000,40000,1002,184,1147,0.8742
17260-3700,"25 Bowen Street, Wellington Central",Wellington Central,CCZ,"Commercial land, little or no building",778,5200000,0,6684,25,7643,0.8745
16701-80454,"7 Stockport Grove, Churton Park",Churton Park,MRZ,Residential vacant land,696,510000,0,732.8,194,837.4,0.875
17110-59700,"129 Rongotai Road, Kilbirnie",Kilbirnie,MRZ,Residential vacant land,753,950000,0,1262,62,1441,0.8755
17270-46100,"174 Vivian Street, Te Aro",Te Aro,CCZ,"Commercial land, little or no building",1813,4440000,0,2449,21,2797,0.8755
17300-47201,"7 Shannon Street, Mt Victoria",Mt Victoria,MRZ,Residential vacant land,248,1080000,0,4355,165,4968,0.8765
17090-18700,"55 Childers Terrace, Kilbirnie",Kilbirnie,MCZ,Residential vacant land,366,650000,30000,1776,26,2025,0.8771
16751-100,"28 Broderick Road, Johnsonville",Johnsonville,MCZ,"Commercial land, little or no building",4059,3650000,0,899.2,5,1024,0.8777
17030-44300,"35A Humber Street, Island Bay",Island Bay,MRZ,Residential vacant land,700,810000,30000,1157,287,1318,0.878
17340-29800,"26 Newtown Avenue, Newtown",Newtown,LCZ,Residential vacant land,215,460000,10000,2140,27,2433,0.8793
17340-59700,"3 Horner Street, Newtown",Newtown,HRZ,Residential vacant land,422,790000,1000,1872,99,2128,0.8799
17310-21101,"9 Home Street, Mt Victoria",Mt Victoria,CCZ,"Commercial land, little or no building",310,1120000,0,3613,25,4102,0.8808
16721-70138,"14 Cottonwood Lane, Woodridge",Woodridge,MRZ,Residential vacant land,754,490000,0,649.9,61,737.3,0.8814
17010-12602,"170A Severn Street, Island Bay",Island Bay,MRZ,Residential vacant land,507,430000,0,848.1,125,961.9,0.8817
17220-17800,"149 Thorndon Quay, Pipitea",Pipitea,CCZ,"Commercial land, little or no building",616,1620000,0,2630,18,2983,0.8817
16920-35934,"40 Alanbrooke Place, Karori",Karori,MRZ,Residential vacant land,475,350000,0,736.8,108,835.7,0.8818
16830-32431,"33A Thatcher Crescent, Crofton Downs",Crofton Downs,HRZ,Residential vacant land,1248,740000,0,592.9,59,672.5,0.8818
17060-22401,"24 Robieson Street, Roseneath",Roseneath,MRZ,Residential vacant land,306,650000,0,2124,161,2408,0.882
16702-55217,"10 Prestbury Grove, Churton Park",Churton Park,MRZ,Residential vacant land,815,570000,0,699.4,149,792.8,0.8821
17150-9600,"9 Park Road, Miramar",Miramar,LCZ,Residential vacant land,815,1310000,50000,1607,8,1822,0.8823
17001-13201,"4 Coleridge Street, Brooklyn",Brooklyn,MRZ,Residential vacant land,552,510000,0,923.9,171,1047,0.8825
17330-46201,"2 Wilson Street, Newtown",Newtown,LCZ,Residential vacant land,731,1540000,70000,2107,17,2387,0.8825
17310-48900,"30 Hania Street, Mt Victoria",Mt Victoria,CCZ,"Commercial land, little or no building",372,1120000,0,3011,17,3411,0.8827
16721-70142,"6 Cottonwood Lane, Woodridge",Woodridge,MRZ,Residential vacant land,702,490000,0,698,81,790.3,0.8832
16721-70160,"2A Cottonwood Lane, Woodridge",Woodridge,MRZ,Residential vacant land,464,365000,0,786.6,110,890.2,0.8837
16861-46100,"35 Worcester Street, Wilton",Wilton,MRZ,Residential vacant land,591,480000,0,812.2,206,918.8,0.884
17310-45700,"16 Hania Street, Mt Victoria",Mt Victoria,CCZ,"Commercial land, little or no building",307,950000,0,3094,24,3500,0.8842
17140-15300,"50A Nevay Road, Karaka Bays",Karaka Bays,MRZ,Residential vacant land,1908,1300000,0,681.3,41,770,0.8848
17020-12931,"12 Ara Paekawakawa, Island Bay",Island Bay,MRZ,Residential vacant land,410,480000,0,1171,138,1323,0.8849
16690-21400,"1074 Makara Road, Makara Beach",Makara Beach,GRUZ,Residential vacant land,837,330000,5000,394.3,28,445.5,0.885
17280-27000,"68 Vivian Street, Te Aro",Te Aro,CCZ,"Commercial land, little or no building",1410,4230000,0,3000,20,3389,0.8852
17290-34900,"31 Vivian Street, Te Aro",Te Aro,CCZ,Residential vacant land,278,1010000,40000,3633,49,4102,0.8857
16721-70139,"12 Cottonwood Lane, Woodridge",Woodridge,MRZ,Residential vacant land,731,490000,0,670.3,66,756.7,0.8858
17290-2501,"341 Willis Street, Te Aro",Te Aro,CCZ,"Commercial land, little or no building",597,1670000,0,2797,28,3156,0.8863
17310-24800,"16 Elizabeth Street, Mt Victoria",Mt Victoria,CCZ,"Commercial land, little or no building",723,2670000,1000,3693,19,4162,0.8873
16830-2100,"13 Khandallah Road, Ngaio",Ngaio,HRZ,Residential vacant land,698,550000,0,788,185,887.1,0.8883
17310-45800,"18 Hania Street, Mt Victoria",Mt Victoria,CCZ,"Commercial land, little or no building",312,970000,0,3109,24,3500,0.8884
16701-80560,"83 Farnworth Terrace, Glenside",Glenside,MRZ,Residential vacant land,702,615000,0,876.1,37,985.7,0.8888
17020-12924,"49 Ara Paekawakawa, Island Bay",Island Bay,MRZ,Residential vacant land,405,480000,0,1185,134,1332,0.8898
17310-49000,"27 Hania Street, Mt Victoria",Mt Victoria,CCZ,"Commercial land, little or no building",1110,3160000,0,2847,11,3199,0.8899
17060-43405,"74 Evans Bay Parade, Roseneath",Roseneath,MRZ,Residential vacant land,336,530000,20000,1577,145,1772,0.8901
16920-35894,"29 Alanbrooke Place, Karori",Karori,MRZ,Residential vacant land,554,380000,0,685.9,111,770.5,0.8903
16830-17294,"126 Silverstream Road, Crofton Downs",Crofton Downs,MRZ,Residential vacant land,536,450000,0,839.6,68,943,0.8903
16743-52003,"16 Carmichael Street, Johnsonville",Johnsonville,MRZ,Residential vacant land,563,500000,0,888.1,196,997.1,0.8907
15720-65003,"27C Westhaven Drive, Tawa",Tawa,MRZ,Residential vacant land,224,190000,0,848.2,18,949.6,0.8932
17020-12928,"18 Ara Paekawakawa, Island Bay",Island Bay,MRZ,Residential vacant land,406,480000,0,1182,138,1323,0.8937
16730-1654,"55 Boeing Way, Newlands",Newlands,MRZ,Residential vacant land,555,550000,0,991,73,1107,0.8952
16990-23901,"19 Mornington Road, Brooklyn",Brooklyn,MRZ,Residential vacant land,194,320000,0,1649,129,1842,0.8954
17230-64800,"35 Patanga Crescent, Thorndon",Thorndon,MRZ,Residential vacant land,247,640000,30000,2591,88,2893,0.8956
17020-30200,"130 The Parade, Island Bay",Island Bay,LCZ,Residential vacant land,539,830000,20000,1540,9,1719,0.8956
16701-904,"16E Halswater Drive, Churton Park",Churton Park,MRZ,Residential vacant land,658,440000,0,668.7,191,746,0.8963
17261-100,"7 Taranaki Street, Te Aro",Te Aro,CCZ,"Commercial land, little or no building",3307,11900000,0,3598,5,4011,0.8971
16730-1621,"73 Spenmoor Street, Newlands",Newlands,MRZ,Residential vacant land,407,410000,0,1007,77,1123,0.8973
17320-20900,"60 Tasman Street, Mt Cook",Mt Cook,MRZ,Residential vacant land,298,660000,0,2215,40,2468,0.8975
16840-25402,"39 Crofton Road, Ngaio",Ngaio,HRZ,Residential vacant land,557,540000,0,969.5,83,1080,0.8978
16701-80622,"69 Rochdale Drive, Churton Park",Churton Park,MRZ,Residential vacant land,852,640000,0,751.2,66,836,0.8985
17350-57400,"97 Rintoul Street, Newtown",Newtown,HRZ,Residential vacant land,539,950000,20000,1763,90,1961,0.8988
17190-74400,"3 Wharekauri Street, Strathmore Park",Strathmore Park,MRZ,Residential vacant land,335,270000,0,806,63,896.7,0.8988
17020-12930,"14 Ara Paekawakawa, Island Bay",Island Bay,MRZ,Residential vacant land,404,480000,0,1188,139,1322,0.8989
17030-65401,"21A Oku Street, Island Bay",Island Bay,MRZ,Residential vacant land,303,385000,0,1271,139,1412,0.8996
17320-5400,"33 Bidwill Street, Mt Cook",Mt Cook,MRZ,Residential vacant land,860,1800000,80000,2093,16,2325,0.9002
17270-26700,"188 Victoria Street, Te Aro",Te Aro,CCZ,"Commercial land, little or no building",844,2280000,0,2701,28,3000,0.9003
15720-65001,"27A Westhaven Drive, Tawa",Tawa,MRZ,Residential vacant land,222,190000,0,855.9,17,950,0.9009
17150-53226,"Dwelling 3 104 Maupuia Road, Maupuia",Maupuia,MRZ,Residential vacant land,629,630000,0,1002,169,1111,0.9014
16830-17222,"112 Silverstream Road, Crofton Downs",Crofton Downs,MRZ,Residential vacant land,522,430000,0,823.8,88,912.9,0.9024
17020-12927,"20 Ara Paekawakawa, Island Bay",Island Bay,MRZ,Residential vacant land,402,480000,0,1194,138,1323,0.9026
17220-28700,"65 Thorndon Quay, Pipitea",Pipitea,CCZ,"Commercial land, little or no building",1107,3170000,0,2864,7,3172,0.9027
16701-80632,"76 Crompton Avenue, Churton Park",Churton Park,MRZ,Residential vacant land,809,600000,0,741.7,25,821.5,0.9028
16701-80623,"71 Rochdale Drive, Churton Park",Churton Park,MRZ,Residential vacant land,849,640000,0,753.8,65,834.7,0.9031
16840-26217,"17 Capt Edward Daniell Drive, Ngaio",Ngaio,MRZ,Residential vacant land,1250,710000,0,568,81,628.6,0.9036
17270-37400,"29 Marion Street, Te Aro",Te Aro,CCZ,"Commercial land, little or no building",629,2010000,0,3196,66,3535,0.9039
16810-81200,"14 Maldive Street, Khandallah",Khandallah,MRZ,Residential vacant land,703,440000,0,625.9,87,692.4,0.9039
16910-18602,"3 Seaforth Terrace, Karori",Karori,MRZ,Residential vacant land,310,300000,0,967.7,96,1070,0.9043
17290-6200,"218 Cuba Street, Te Aro",Te Aro,CCZ,"Commercial land, little or no building",1862,4710000,0,2530,21,2797,0.9043
17270-46402,"182 Vivian Street, Te Aro",Te Aro,CCZ,"Commercial land, little or no building",1261,3380000,0,2680,27,2964,0.9043
17290-69800,"63 Hopper Street, Mt Cook",Mt Cook,CCZ,Residential vacant land,422,1225000,25000,2903,17,3208,0.905
17290-86800,"23 Tasman Street, Mt Cook",Mt Cook,CCZ,"Commercial land, little or no building",353,1090000,0,3088,19,3411,0.9052
16730-1620,"71 Spenmoor Street, Newlands",Newlands,MRZ,Residential vacant land,409,410000,0,1002,73,1107,0.9055
17060-20500,"1 Palliser Road, Roseneath",Roseneath,MRZ,Residential vacant land,324,650000,10000,2006,192,2213,0.9066
17010-28400,"31 Jordan Street, Island Bay",Island Bay,MRZ,Residential vacant land,1562,780000,0,499.4,50,550.8,0.9066
17002-15700,"21 Farnham Street, Mornington",Mornington,MRZ,Residential vacant land,584,475000,0,813.4,201,897,0.9067
16721-70141,"8 Cottonwood Lane, Woodridge",Woodridge,MRZ,Residential vacant land,696,490000,0,704,82,776.2,0.907
16801-7000,"60 Box Hill, Khandallah",Khandallah,HRZ,Residential vacant land,1287,1355000,40000,1053,97,1159,0.9083
16701-39501,"2 Glenside Road, Glenside",Glenside,MRZ,Residential vacant land,516,350000,0,678.3,154,746.6,0.9085
17310-200,"12 Kent Terrace, Mt Victoria",Mt Victoria,CCZ,"Commercial land, little or no building",1332,4760000,1000,3574,15,3933,0.9087
17100-66804,"11 Pari Tai Way, Houghton Bay",Houghton Bay,MRZ,Residential vacant land,799,810000,0,1014,126,1114,0.9098
17170-30402,"5 Pinelands Avenue, Seatoun",Seatoun,MRZ,Residential vacant land,609,1150000,0,1888,158,2075,0.91
17220-26900,"21 Fitzherbert Terrace, Thorndon",Thorndon,HRZ,Residential vacant land,572,1940000,0,3392,30,3724,0.9108
15720-65000,"27 Westhaven Drive, Tawa",Tawa,MRZ,Residential vacant land,254,210000,0,826.8,22,907.1,0.9115
16820-89900,"126 Hutt Road, Kaiwharawhara",Kaiwharawhara,MUZ,"Commercial land, little or no building",3243,3390000,0,1045,8,1146,0.9123
17280-9200,"25 Allen Street, Te Aro",Te Aro,CCZ,Residential vacant land,300,1300000,1000,4333,34,4749,0.9125
15720-65002,"27B Westhaven Drive, Tawa",Tawa,MRZ,Residential vacant land,219,190000,0,867.6,17,950,0.9132
17320-1301,"39A Hankey Street, Mt Cook",Mt Cook,HRZ,Residential vacant land,276,620000,20000,2246,138,2459,0.9135
16721-70161,"2A Lemonwood Way, Woodridge",Woodridge,MRZ,Residential vacant land,337,365000,0,1083,136,1185,0.9142
17110-64000,"81 Kemp Street, Kilbirnie",Kilbirnie,MRZ,Residential vacant land,730,870000,10000,1192,77,1302,0.9156
16830-4800,"11 Awarua Street, Ngaio",Ngaio,HRZ,Residential vacant land,1894,930000,0,491,16,536.3,0.9156
16701-39502,"4 Glenside Road, Glenside",Glenside,MRZ,Residential vacant land,514,350000,0,680.9,160,743.7,0.9156
16760-49300,"177A Newlands Road, Newlands",Newlands,MRZ,Residential vacant land,403,300000,0,744.4,267,812.9,0.9158
17130-12300,"191 Darlington Road, Miramar",Miramar,MRZ,Residential vacant land,616,510000,0,827.9,194,902.6,0.9173
16701-80317,"92 Melksham Drive, Churton Park",Churton Park,MRZ,Residential vacant land,591,480000,0,812.2,137,885.4,0.9173
17250-8200,"5 Landcross Street, Kelburn",Kelburn,HRZ,Residential vacant land,489,610000,0,1247,155,1359,0.9181
17190-81301,"114 Breaker Bay Road, Breaker Bay",Breaker Bay,MRZ,Residential vacant land,1088,810000,0,744.5,70,810.9,0.9181
17350-50800,"437 Adelaide Road, Berhampore",Berhampore,MRZ,Residential vacant land,746,1040000,0,1394,38,1518,0.9185
16830-17342,"148 Silverstream Road, Crofton Downs",Crofton Downs,MRZ,Residential vacant land,508,430000,0,846.5,31,921.6,0.9185
16690-32207,"25 Rarangi Way, Owhiro Bay",Owhiro Bay,MRZ,Residential vacant land,610,360000,0,590.2,22,642.5,0.9186
16980-80200,"293 Mitchell Street, Brooklyn",Brooklyn,MRZ,Residential vacant land,773,530000,0,685.6,54,746.2,0.9188
17170-14405,"12 Inverell Way, Seatoun",Seatoun,MRZ,Residential vacant land,1535,1075000,0,700.3,79,761.7,0.9194
17290-44700,"6 Fifeshire Avenue, Te Aro",Te Aro,CCZ,"Commercial land, little or no building",367,1190000,0,3243,36,3525,0.9199
16751-7100,"9 Burgess Road, Johnsonville",Johnsonville,MCZ,Residential vacant land,562,900000,20000,1601,20,1740,0.9201
17300-28900,"57 Roxburgh Street, Mt Victoria",Mt Victoria,HRZ,Residential vacant land,296,1050000,0,3547,64,3855,0.9202
16851-76100,"145B Wadestown Road, Wadestown",Wadestown,MRZ,Residential vacant land,1847,1100000,0,595.6,40,647.2,0.9203
16801-54800,"82 Kanpur Road, Broadmeadows",Broadmeadows,MRZ,Residential vacant land,3084,680000,0,220.5,5,239.6,0.9203
15670-13103,"10 Te Ara Kohuhu, Tawa",Tawa,MRZ,Residential vacant land,1168,520000,0,445.2,140,483.6,0.9205
16701-80621,"67 Rochdale Drive, Churton Park",Churton Park,MRZ,Residential vacant land,830,640000,0,771.1,72,837.4,0.9208
17290-8001,"257 Cuba Street, Te Aro",Te Aro,CCZ,"Commercial land, little or no building",242,800000,0,3306,88,3588,0.9214
17320-78900,"179 Tasman Street, Mt Cook",Mt Cook,CCZ,"Commercial land, little or no building",341,840000,0,2463,18,2673,0.9214
16730-1612,"9B Grumman Lane, Newlands",Newlands,MRZ,Residential vacant land,458,475000,0,1037,67,1123,0.9231
17310-47900,"37 Hania Street, Mt Victoria",Mt Victoria,CCZ,"Commercial land, little or no building",329,1020000,0,3100,15,3354,0.9242
17050-22904,"239 Houghton Bay Road, Houghton Bay",Houghton Bay,MRZ,Residential vacant land,1573,850000,0,540.4,19,584.5,0.9245
16751-500,"4 Broderick Road, Johnsonville",Johnsonville,MCZ,Residential vacant land,1215,1440000,1000,1185,24,1282,0.9246
16851-6701,"24 Grosvenor Terrace, Wadestown",Wadestown,MRZ,Residential vacant land,503,800000,0,1590,127,1720,0.9248
17290-36001,"55 Vivian Street, Te Aro",Te Aro,CCZ,"Commercial land, little or no building",1163,3660000,1000,3147,23,3401,0.9253
16950-22101,"7A Blakey Avenue, Karori",Karori,MRZ,Residential vacant land,210,330000,0,1571,12,1697,0.926
17290-22100,"65 Abel Smith Street, Te Aro",Te Aro,CCZ,"Commercial land, little or no building",1376,3760000,0,2733,20,2949,0.9265
15670-13104,"7 Te Ara Kohuhu, Tawa",Tawa,MRZ,Residential vacant land,1018,500000,0,491.2,144,529.9,0.9268
17120-27700,"143 Onepu Road, Lyall Bay",Lyall Bay,HRZ,Residential vacant land,401,630000,0,1571,236,1694,0.9277
17290-21501,"15 Abel Smith Street, Te Aro",Te Aro,CCZ,"Commercial land, little or no building",1965,5100000,0,2595,19,2797,0.9279
17170-31400,"22 Ferry Street, Seatoun",Seatoun,MRZ,Residential vacant land,506,1050000,50000,2075,178,2236,0.9281
17240-66600,"3 Maurice Terrace, Te Aro",Te Aro,HRZ,Residential vacant land,508,930000,0,1831,116,1972,0.9282
16690-50000,"15 Rangatira Road, Tawa",Tawa,LLRZ,Residential vacant land,1.665e+04,860000,10000,51.65,6,55.63,0.9283
16820-33807,"22 Sovereign Point, Kaiwharawhara",Kaiwharawhara,MRZ,Residential vacant land,2843,1020000,0,358.8,17,386.4,0.9285
16830-14101,"45 Collingwood Street, Ngaio",Ngaio,HRZ,Residential vacant land,493,460000,0,933.1,140,1004,0.929
17110-10700,"67 Coutts Street, Kilbirnie",Kilbirnie,MCZ,"Commercial land, little or no building",610,1310000,0,2148,18,2311,0.9291
16701-80577,"50 Rochdale Drive, Churton Park",Churton Park,MRZ,Residential vacant land,778,640000,0,822.6,80,885.3,0.9292
16920-35938,"37 Alanbrooke Place, Karori",Karori,MRZ,Residential vacant land,464,360000,0,775.9,93,834.8,0.9294
16730-1619,"69 Spenmoor Street, Newlands",Newlands,MRZ,Residential vacant land,401,410000,0,1022,70,1099,0.93
17310-57800,"145 Brougham Street, Mt Victoria",Mt Victoria,HRZ,Residential vacant land,363,1160000,20000,3196,90,3436,0.9301
17290-59501,"41 Thompson Street, Mt Cook",Mt Cook,HRZ,Residential vacant land,279,580000,0,2079,92,2235,0.9302
17220-17000,"174 Thorndon Quay, Pipitea",Pipitea,CCZ,"Commercial land, little or no building",985,2730000,0,2772,14,2979,0.9302
17260-17900,"128 Featherston Street, Wellington Central",Wellington Central,CCZ,"Commercial land, little or no building",380,2910000,1000,7658,32,8227,0.9308
17030-57500,"195 Severn Street, Island Bay",Island Bay,MRZ,Residential vacant land,517,480000,0,928.4,75,996.5,0.9317
16920-53217,"43 Khouri Avenue, Karori",Karori,MRZ,Residential vacant land,1431,630000,0,440.3,34,472.2,0.9323
17040-42900,"70 Southgate Road, Southgate",Southgate,MRZ,Residential vacant land,685,680000,0,992.7,216,1064,0.9328
16701-80263,"89 Melksham Drive, Churton Park",Churton Park,MRZ,Residential vacant land,689,550000,0,798.3,151,855.7,0.9329
17360-18700,"8 Luxford Street, Berhampore",Berhampore,HRZ,Residential vacant land,285,620000,0,2175,76,2331,0.9333
17320-83800,"152 Adelaide Road, Mt Cook",Mt Cook,CCZ,"Commercial land, little or no building",1190,2870000,80000,2412,7,2584,0.9333
16830-17205,"90 Silverstream Road, Crofton Downs",Crofton Downs,MRZ,Residential vacant land,496,420000,0,846.8,103,907.2,0.9334
16701-80533,"40 Farnworth Terrace, Glenside",Glenside,MRZ,Residential vacant land,1116,780000,0,698.9,69,748.5,0.9337
17310-85800-A,"21 Paterson Street, Mt Victoria",Mt Victoria,HRZ,Residential vacant land,413,1320000,0,3196,91,3422,0.934
17040-1356,"30 Jean Caldwell Way, Island Bay",Island Bay,MRZ,Residential vacant land,829,860000,0,1037,202,1110,0.9342
16701-80617,"77 Farnworth Terrace, Glenside",Glenside,MRZ,Residential vacant land,553,490000,0,886.1,42,947.8,0.9349
16881-79701,"67 Raroa Road, Kelburn",Kelburn,MRZ,Residential vacant land,252,350000,0,1389,166,1485,0.9352
16721-70132,"5 Cottonwood Lane, Woodridge",Woodridge,MRZ,Residential vacant land,434,365000,0,841,109,898.7,0.9359
16830-17338,"160 Silverstream Road, Crofton Downs",Crofton Downs,MRZ,Residential vacant land,498,440000,0,883.5,39,943.8,0.9362
17320-4800,"21 Bidwill Street, Mt Cook",Mt Cook,MRZ,Residential vacant land,589,1450000,60000,2462,35,2629,0.9364
17320-82901,"136 Adelaide Road, Mt Cook",Mt Cook,CCZ,"Commercial land, little or no building",507,1230000,0,2426,18,2590,0.9365
16751-5500,"27 Johnsonville Road, Johnsonville",Johnsonville,MCZ,"Commercial land, little or no building",604,970000,0,1606,28,1713,0.9375
16721-70144,"2 Cottonwood Lane, Woodridge",Woodridge,MRZ,Residential vacant land,423,365000,0,862.9,123,919.2,0.9387
17290-68401,"7 Hopper Street, Mt Cook",Mt Cook,CCZ,"Commercial land, little or no building",428,1390000,0,3248,49,3459,0.9389
17320-30300,"32 Adelaide Road, Mt Cook",Mt Cook,CCZ,"Commercial land, little or no building",2016,4690000,0,2326,12,2478,0.939
16721-70140,"10 Cottonwood Lane, Woodridge",Woodridge,MRZ,Residential vacant land,674,490000,0,727,77,774.2,0.939
17280-27200,"8 Jessie Street, Te Aro",Te Aro,CCZ,"Commercial land, little or no building",975,3220000,1000,3303,31,3516,0.9393
16701-80666,"45 Crompton Avenue, Churton Park",Churton Park,MRZ,Residential vacant land,703,620000,0,881.9,49,938.4,0.9398
16950-24115,"3 Mewburn Rise, Karori",Karori,MRZ,Residential vacant land,684,650000,0,950.3,119,1010,0.9406
17110-54500,"26 Bridge Street, Rongotai",Rongotai,MRZ,Residential vacant land,446,540000,20000,1211,198,1287,0.9407
16861-2800,"131 Wilton Road, Wilton",Wilton,MRZ,Residential vacant land,777,640000,30000,823.7,145,875.5,0.9408
17150-55701,"5 Akaroa Drive, Maupuia",Maupuia,MRZ,Residential vacant land,1359,930000,0,684.3,15,726.3,0.9422
17170-14410,"85J Seatoun Heights Road, Seatoun",Seatoun,MRZ,Residential vacant land,506,580000,0,1146,197,1216,0.9429
17290-53900,"39 Nairn Street, Mt Cook",Mt Cook,HRZ,Residential vacant land,291,600000,0,2062,85,2185,0.9436
17080-900,"6 Moxham Avenue, Hataitai",Hataitai,LCZ,Residential vacant land,374,690000,30000,1845,11,1951,0.9455
16690-49948,"145 Bing Lucas Drive, Tawa",Tawa,LLRZ,Residential vacant land,1.409e+04,680000,0,48.27,6,50.94,0.9476
16920-16501,"26B Victory Avenue, Karori",Karori,MRZ,Residential vacant land,600,450000,5000,750,237,790.9,0.9483
17001-53704,"70A Liardet Street, Vogeltown",Vogeltown,MRZ,Residential vacant land,340,365000,0,1074,92,1131,0.9491
17290-68402,"9 Hopper Street, Mt Cook",Mt Cook,CCZ,"Commercial land, little or no building",168,550000,0,3274,32,3449,0.9492
17040-35500,"164 The Esplanade, Houghton Bay",Houghton Bay,MRZ,Residential vacant land,556,550000,0,989.2,82,1042,0.9497
17090-1200,"47 Wellington Road, Kilbirnie",Kilbirnie,MRZ,Residential vacant land,395,550000,0,1392,168,1466,0.9499
17090-21302,"51 Rongotai Road, Kilbirnie",Kilbirnie,MCZ,"Commercial land, little or no building",1563,3130000,90000,2003,7,2107,0.9507
17070-28701,"55A Rakau Road, Hataitai",Hataitai,MRZ,Residential vacant land,178,450000,0,2528,54,2658,0.9513
17130-2408,"8B Waiwera Crescent, Maupuia",Maupuia,MRZ,Residential vacant land,422,450000,0,1066,166,1121,0.9516
17110-60500,"145 Rongotai Road, Kilbirnie",Kilbirnie,MRZ,Residential vacant land,615,800000,20000,1301,123,1367,0.9516
16830-32388,"23 Huntleigh Park Way, Ngaio",Ngaio,MRZ,Residential vacant land,562,475000,0,845.2,102,887.9,0.952
16701-80665,"43 Crompton Avenue, Churton Park",Churton Park,MRZ,Residential vacant land,688,620000,0,901.2,53,946.6,0.952
17002-70200,"439 Ohiro Road, Brooklyn",Brooklyn,MRZ,Residential vacant land,3019,530000,0,175.6,9,184.4,0.9521
17310-86800,"8 Austin Terrace, Mt Victoria",Mt Victoria,HRZ,Residential vacant land,369,1230000,0,3333,76,3500,0.9524
17340-62400,"42 Roy Street, Newtown",Newtown,MRZ,Residential vacant land,1282,1890000,0,1474,20,1547,0.9528
17290-58600,"17 Thompson Street, Mt Cook",Mt Cook,HRZ,Residential vacant land,527,970000,0,1841,78,1932,0.9529
16780-48212,"7C Edgecombe Street, Newlands",Newlands,MRZ,Residential vacant land,511,405000,0,792.6,217,831.6,0.9531
17150-52700,"Dwelling 1 104 Maupuia Road, Maupuia",Maupuia,MRZ,Residential vacant land,199,360000,0,1809,51,1898,0.9532
16820-47106,"73 Onslow Road, Khandallah",Khandallah,MRZ,Residential vacant land,275,290000,0,1055,82,1105,0.9541
17090-19400,"8 Rongotai Road, Kilbirnie",Kilbirnie,MCZ,"Commercial land, little or no building",395,860000,0,2177,22,2281,0.9544
16730-1674,"110 Spenmoor Street, Newlands",Newlands,MRZ,Residential vacant land,435,495000,0,1138,54,1190,0.9559
16920-58900,"86 Allington Road, Karori",Karori,MRZ,Residential vacant land,694,530000,0,763.7,152,798.6,0.9562
16861-17801,"27 Rochester Street, Wilton",Wilton,MRZ,Residential vacant land,392,350000,10000,892.9,180,933.3,0.9567
17310-47300,"49 Hania Street, Mt Victoria",Mt Victoria,CCZ,Residential vacant land,333,1025000,50000,3078,15,3216,0.9572
17170-7969,"30 Ira Street, Miramar",Miramar,MRZ,Residential vacant land,299,420000,0,1405,236,1467,0.9573
17070-97400,"32 Waitoa Road, Hataitai",Hataitai,LCZ,Residential vacant land,574,1010000,30000,1760,9,1837,0.9577
17270-41800,"17 Ghuznee Street, Te Aro",Te Aro,CCZ,"Commercial land, little or no building",194,800000,0,4124,48,4305,0.9578
16730-1672,"4 Cirrus Close, Newlands",Newlands,MRZ,Residential vacant land,434,495000,0,1141,58,1190,0.9581
17270-7701,"151 Willis Street, Te Aro",Te Aro,CCZ,"Commercial land, little or no building",129,540000,0,4186,17,4366,0.9587
17290-39401,"9 Martin Square, Te Aro",Te Aro,CCZ,"Commercial land, little or no building",200,760000,0,3800,48,3962,0.9592
16701-80449,"48 Atherton Terrace, Churton Park",Churton Park,MRZ,Residential vacant land,617,500000,20000,810.4,130,844.6,0.9595
16830-17218,"7 Pihipihi Way, Crofton Downs",Crofton Downs,MRZ,Residential vacant land,499,440000,0,881.8,97,918.6,0.9599
15690-7201,"2 Findlay Street, Tawa",Tawa,MRZ,Residential vacant land,708,235000,0,331.9,13,345.6,0.9604
17310-6300,"13 Brougham Street, Mt Victoria",Mt Victoria,HRZ,Residential vacant land,857,2220000,0,2590,51,2696,0.9609
17150-801,"42 Maupuia Road, Miramar",Miramar,MRZ,Residential vacant land,433,550000,0,1270,126,1321,0.9619
16701-80664,"41 Crompton Avenue, Churton Park",Churton Park,MRZ,Residential vacant land,651,610000,0,937,57,973.3,0.9627
16820-54201,"55A Homebush Road, Khandallah",Khandallah,MRZ,Residential vacant land,326,370000,0,1135,158,1179,0.9629
17070-56302,"13 Kio Road, Hataitai",Hataitai,MRZ,Residential vacant land,608,880000,0,1447,206,1503,0.9632
16801-21100,"18 Woodmancote Road, Khandallah",Khandallah,HRZ,Residential vacant land,1260,1200000,0,952.4,84,988.6,0.9634
17340-35400,"7 Donald McLean Street, Newtown",Newtown,MUZ,Residential vacant land,376,960000,30000,2553,5,2649,0.9637
16760-16001,"47 Sheridan Terrace, Johnsonville",Johnsonville,MRZ,Residential vacant land,620,510000,0,822.6,188,853.3,0.964
16730-3107,"36 Malvern Road, Ngauranga",Ngauranga,MRZ,Residential vacant land,1038,510000,0,491.3,10,509.3,0.9647
16770-61902,"11A Kahikatea Grove, Paparangi",Paparangi,MRZ,Residential vacant land,511,415000,0,812.1,198,841.5,0.9651
17290-39403,"5 Martin Square, Te Aro",Te Aro,CCZ,"Commercial land, little or no building",232,870000,0,3750,58,3884,0.9656
16701-80579,"54 Rochdale Drive, Churton Park",Churton Park,MRZ,Residential vacant land,781,640000,0,819.5,73,848.6,0.9657
16701-80575,"61 Rochdale Drive, Churton Park",Churton Park,MRZ,Residential vacant land,800,640000,0,800,92,828.3,0.9658
17280-2100,"246 Wakefield Street, Te Aro",Te Aro,CCZ,"Commercial land, little or no building",489,2250000,0,4601,32,4763,0.9661
16742-51400,"48 Hindmarsh Street, Johnsonville",Johnsonville,HRZ,Residential vacant land,643,520000,0,808.7,216,836.7,0.9665
17350-19801,"175 Hanson Street, Newtown",Newtown,MRZ,Residential vacant land,495,960000,0,1939,175,2006,0.9666
17100-45101,"82A Queens Drive, Lyall Bay",Lyall Bay,HRZ,Residential vacant land,404,650000,0,1609,134,1662,0.9679
16820-49501,"18 Homebush Road, Khandallah",Khandallah,MRZ,Residential vacant land,676,620000,0,917.2,93,947.5,0.9679
16752-15702,"52 Frankmoore Avenue, Johnsonville",Johnsonville,MRZ,Residential vacant land,735,560000,0,761.9,147,787.1,0.968
17100-50501,"3A Lerwick Terrace, Melrose",Melrose,HRZ,Residential vacant land,335,540000,10000,1612,182,1662,0.9697
17220-17001,"162 Thorndon Quay, Pipitea",Pipitea,CCZ,"Commercial land, little or no building",919,2660000,0,2894,10,2983,0.9704
16721-70131,"3 Cottonwood Lane, Woodridge",Woodridge,MRZ,Residential vacant land,400,365000,0,912.5,121,939.5,0.9713
17290-64800,"4 Hopper Street, Mt Cook",Mt Cook,CCZ,"Commercial land, little or no building",1257,3390000,0,2697,14,2774,0.9722
17240-12601,"35 Salamanca Road, Kelburn",Kelburn,HRZ,Residential vacant land,740,1800000,0,2432,73,2500,0.973
17310-71001,"9 Scarborough Terrace, Mt Victoria",Mt Victoria,HRZ,Residential vacant land,191,690000,0,3613,103,3713,0.9731
16820-40148,"9 Marsh Way, Kaiwharawhara",Kaiwharawhara,MRZ,Residential vacant land,429,650000,0,1515,125,1556,0.9737
16721-70068,"2B Lemonwood Way, Woodridge",Woodridge,MRZ,Residential vacant land,274,360000,0,1314,106,1349,0.9743
17110-54000,"16 Bridge Street, Rongotai",Rongotai,MRZ,Residential vacant land,445,560000,0,1258,182,1289,0.9764
17170-7968,"28 Ira Street, Miramar",Miramar,MRZ,Residential vacant land,294,420000,0,1429,237,1462,0.9768
17290-38001,"8 Haining Street, Te Aro",Te Aro,CCZ,"Commercial land, little or no building",152,620000,0,4079,22,4175,0.9771
16701-80580,"56 Rochdale Drive, Churton Park",Churton Park,MRZ,Residential vacant land,778,640000,0,822.6,69,841.4,0.9777
17340-10700,"131 Coromandel Street, Newtown",Newtown,MRZ,Residential vacant land,1924,1820000,0,945.9,10,967.2,0.978
17030-68800,"6 Tyne Street, Island Bay",Island Bay,MRZ,Residential vacant land,427,550000,10000,1288,188,1317,0.9781
17310-81400,"7 Ellice Street, Mt Victoria",Mt Victoria,CCZ,"Commercial land, little or no building",213,670000,0,3146,19,3216,0.9782
16930-300,"89C Karori Road, Karori",Karori,MRZ,Residential vacant land,381,480000,0,1260,195,1288,0.9785
17340-29301,"18 Newtown Avenue, Newtown",Newtown,LCZ,"Commercial land, little or no building",210,500000,0,2381,26,2433,0.9785
17290-900,"283 Willis Street, Te Aro",Te Aro,CCZ,"Commercial land, little or no building",1275,3700000,0,2902,17,2964,0.9791
17290-2000,"325 Willis Street, Te Aro",Te Aro,CCZ,"Commercial land, little or no building",607,1920000,0,3163,30,3230,0.9792
16730-1673,"2 Cirrus Close, Newlands",Newlands,MRZ,Residential vacant land,413,495000,0,1199,54,1223,0.9797
17150-33022,"144 Park Road, Miramar",Miramar,MUZ,"Commercial land, little or no building",938,1640000,0,1748,8,1784,0.9799
17340-34200,"10 Donald McLean Street, Newtown",Newtown,MUZ,Residential vacant land,545,1360000,40000,2495,5,2546,0.9801
16820-46522,"20 Harbour Park Terrace, Khandallah",Khandallah,MRZ,Residential vacant land,2983,1330000,0,445.9,12,454.7,0.9805
16719-7902,"29 Dominica Crescent, Grenada Village",Grenada Village,MRZ,Residential vacant land,468,345000,0,737.2,118,751.5,0.9809
16861-72201,"88 Weld Street, Wadestown",Wadestown,MRZ,Residential vacant land,188,390000,0,2074,30,2114,0.9811
16701-80606,"51 Farnworth Terrace, Glenside",Glenside,MRZ,Residential vacant land,544,510000,0,937.5,64,955.2,0.9815
17270-42500,"59 Ghuznee Street, Te Aro",Te Aro,CCZ,"Commercial land, little or no building",251,880000,0,3506,52,3571,0.9817
17060-23106,"81A Palliser Road, Roseneath",Roseneath,MRZ,Residential vacant land,288,730000,10000,2535,124,2582,0.9818
16820-19500,"99 Calcutta Street, Khandallah",Khandallah,MRZ,Residential vacant land,489,610000,0,1247,182,1270,0.9819
17010-16100,"116 Owhiro Bay Parade, Owhiro Bay",Owhiro Bay,MRZ,Residential vacant land,741,580000,20000,782.7,34,796.2,0.9831
17270-43300,"85 Ghuznee Street, Te Aro",Te Aro,CCZ,"Commercial land, little or no building",1408,3840000,0,2727,21,2773,0.9836
17310-58000,"151 Brougham Street, Mt Victoria",Mt Victoria,HRZ,Residential vacant land,373,1240000,60000,3324,81,3379,0.9837
17070-2001,"27A Alexandra Road, Hataitai",Hataitai,MRZ,Residential vacant land,253,435000,0,1719,101,1747,0.984
17260-21400,"107 Customhouse Quay, Wellington Central",Wellington Central,CCZ,"Commercial land, little or no building",607,4780000,0,7875,34,7990,0.9856
17310-81500,"9 Ellice Street, Mt Victoria",Mt Victoria,CCZ,"Commercial land, little or no building",202,640000,0,3168,19,3212,0.9865
15720-46900,"9 Frederick Street, Tawa",Tawa,MRZ,Residential vacant land,832,405000,0,486.8,238,493,0.9875
17140-45102,"2 Barretts Way, Miramar",Miramar,MRZ,Residential vacant land,566,620000,0,1095,263,1109,0.9875
17220-15900,"238 Thorndon Quay, Pipitea",Pipitea,CCZ,"Commercial land, little or no building",887,2530000,1000,2852,16,2886,0.9883
17001-32201,"27A Fortunatus Street, Brooklyn",Brooklyn,MRZ,Residential vacant land,318,450000,0,1415,238,1432,0.9885
17280-16200,"41 Courtenay Place, Te Aro",Te Aro,CCZ,"Commercial land, little or no building",215,1020000,0,4744,41,4797,0.9889
16742-64000,"78 Fraser Avenue, Johnsonville",Johnsonville,HRZ,Residential vacant land,650,520000,0,800,172,808.9,0.989
17290-38000,"6 Haining Street, Te Aro",Te Aro,CCZ,"Commercial land, little or no building",150,620000,0,4133,21,4176,0.9897
15720-60901,"3E Chester Road, Tawa",Tawa,MRZ,Residential vacant land,255,220000,0,862.7,33,871.7,0.9898
17280-18300,"2 Ebor Street, Te Aro",Te Aro,CCZ,"Commercial land, little or no building",324,1500000,0,4630,50,4672,0.991
17310-100,"9 Kent Terrace, Mt Victoria",Mt Victoria,CCZ,"Commercial land, little or no building",1561,6050000,1000,3876,11,3900,0.9937
17240-13700,"7 Salmont Place, Kelburn",Kelburn,HRZ,Residential vacant land,251,740000,0,2948,72,2964,0.9947
17240-17100,"29 Talavera Terrace, Kelburn",Kelburn,HRZ,Residential vacant land,543,1380000,0,2541,90,2554,0.995
17290-17500,"12 Wigan Street, Te Aro",Te Aro,CCZ,"Commercial land, little or no building",439,1545000,0,3519,86,3537,0.995
17220-17700,"143 Thorndon Quay, Pipitea",Pipitea,CCZ,"Commercial land, little or no building",744,2210000,0,2970,14,2983,0.9959
17180-46673,"16 Steeple Lane, Seatoun",Seatoun,MRZ,Residential vacant land,462,1050000,0,2273,107,2279,0.9973
17270-43800,"97 Ghuznee Street, Te Aro",Te Aro,CCZ,"Commercial land, little or no building",231,810000,0,3506,46,3515,0.9975
17120-30700,"91 Yule Street, Lyall Bay",Lyall Bay,HRZ,Residential vacant land,367,620000,0,1689,257,1694,0.9975
17150-21500,"116 Park Road, Miramar",Miramar,MRZ,Residential vacant land,576,700000,0,1215,191,1218,0.9976
17350-50701,"437A Adelaide Road, Berhampore",Berhampore,MRZ,Residential vacant land,1206,1590000,0,1318,9,1321,0.9978
17110-53700,"10 Bridge Street, Rongotai",Rongotai,MRZ,Residential vacant land,444,560000,0,1261,166,1263,0.9989
16721-70130,"27 Lemonwood Way, Woodridge",Woodridge,MRZ,Residential vacant land,372,365000,0,981.2,134,982,0.9992
16690-50059,"225 Takapu Road, Takapu Valley",Takapu Valley,LLRZ,Residential vacant land,1.089e+04,630000,0,57.87,10,57.92,0.9993
17270-13500,"71 Cuba Street, Te Aro",Te Aro,CCZ,"Commercial land, little or no building",1814,7250000,300000,3997,19,3999,0.9995
16861-58001,"56 Mairangi Road, Wadestown",Wadestown,MRZ,Residential vacant land,454,495000,0,1090,167,1090,1
17110-53600,"8 Bridge Street, Rongotai",Rongotai,MRZ,Residential vacant land,444,560000,0,1261,157,1258,1.002
17310-81700,"15 Ellice Street, Mt Victoria",Mt Victoria,CCZ,"Commercial land, little or no building",630,2020000,1000,3206,13,3199,1.002
17270-24100,"109 Manners Street, Te Aro",Te Aro,CCZ,"Commercial land, little or no building",2863,11500000,0,4017,8,4005,1.003
17270-40600,"20 Ghuznee Street, Te Aro",Te Aro,CCZ,"Commercial land, little or no building",2199,7500000,0,3411,11,3399,1.003
15670-34700,"115 Woodman Drive, Tawa",Tawa,MRZ,Residential vacant land,660,430000,0,651.5,84,649.3,1.003
17090-600,"29 Wellington Road, Kilbirnie",Kilbirnie,MRZ,Residential vacant land,563,760000,0,1350,194,1343,1.005
17280-14500,"46 Cambridge Terrace, Te Aro",Te Aro,CCZ,"Commercial land, little or no building",529,2270000,0,4291,42,4266,1.006
17090-21400,"4 Bay Road, Kilbirnie",Kilbirnie,MCZ,"Commercial land, little or no building",308,730000,0,2370,20,2356,1.006
17290-40201,"17A Martin Square, Te Aro",Te Aro,CCZ,"Commercial land, little or no building",107,600000,0,5607,27,5571,1.006
17110-53500,"6 Bridge Street, Rongotai",Rongotai,MRZ,Residential vacant land,443,560000,0,1264,149,1256,1.007
16730-3102,"26 Malvern Road, Ngauranga",Ngauranga,MRZ,Residential vacant land,877,450000,0,513.1,10,509.3,1.008
16891-18200,"10 Puketiro Avenue, Northland",Northland,MRZ,Residential vacant land,397,530000,0,1335,128,1324,1.008
16950-19800,"421 Karori Road, Karori",Karori,MRZ,Residential vacant land,1030,790000,0,767,125,759.9,1.009
17001-564,"85 Tiketike Way, Brooklyn",Brooklyn,MRZ,Residential vacant land,2408,1000000,0,415.3,9,411.2,1.01
17290-37302,"46 Frederick Street, Te Aro",Te Aro,CCZ,"Commercial land, little or no building",139,610000,0,4388,33,4346,1.01
17180-43100,"48 Burnham Street, Seatoun",Seatoun,MRZ,Residential vacant land,506,1120000,10000,2213,245,2191,1.01
17310-52000,"1 Dufferin Street, Mt Victoria",Mt Victoria,HRZ,Residential vacant land,1464,3720000,0,2541,9,2515,1.01
17002-45708,"493B Ohiro Road, Brooklyn",Brooklyn,MRZ,Residential vacant land,233,295000,0,1266,14,1253,1.01
17340-52300-AA,"194 Owen Street, Newtown",Newtown,MRZ,Residential vacant land,3000,2930000,0,976.7,7,966.7,1.01
16701-80620,"65 Rochdale Drive, Churton Park",Churton Park,MRZ,Residential vacant land,741,630000,0,850.2,81,841.4,1.01
17320-34000,"45 Adelaide Road, Mt Cook",Mt Cook,CCZ,"Commercial land, little or no building",2452,6150000,0,2508,6,2478,1.012
17040-32902,"98B The Esplanade, Houghton Bay",Houghton Bay,MRZ,Residential vacant land,331,400000,0,1208,62,1193,1.013
17290-37500,"7 Frederick Street, Te Aro",Te Aro,CCZ,Residential vacant land,144,610000,1000,4236,22,4175,1.015
17260-8600,"109 Featherston Street, Wellington Central",Wellington Central,CCZ,"Commercial land, little or no building",1602,13800000,0,8614,31,8488,1.015
17030-54308,"103 Severn Street, Island Bay",Island Bay,MRZ,Residential vacant land,468,495000,0,1058,223,1041,1.016
17290-34800,"29 Vivian Street, Te Aro",Te Aro,CCZ,Residential vacant land,491,1840000,1000,3747,50,3687,1.016
16701-80604,"47 Farnworth Terrace, Glenside",Glenside,MRZ,Residential vacant land,523,510000,0,975.1,66,959.3,1.017
16820-56400,"22 Benares Street, Khandallah",Khandallah,MRZ,Residential vacant land,568,570000,0,1004,203,987.1,1.017
17270-7102,"129 Willis Street, Te Aro",Te Aro,CCZ,Residential vacant land,215,930000,1000,4326,15,4251,1.017
16730-1626,"9 Boeing Way, Newlands",Newlands,MRZ,Residential vacant land,404,455000,0,1126,71,1107,1.018
17270-40000,"91 Dixon Street, Te Aro",Te Aro,CCZ,"Commercial land, little or no building",551,2150000,0,3902,36,3835,1.018
17320-35200,"107 Adelaide Road, Mt Cook",Mt Cook,CCZ,"Commercial land, little or no building",789,2140000,0,2712,19,2664,1.018
16710-14705,"19 Cashew Street, Grenada North",Grenada North,GIZ,"Commercial land, little or no building",1359,760000,0,559.2,15,548.8,1.019
17360-57200,"516 Adelaide Road, Berhampore",Berhampore,MRZ,Residential vacant land,270,580000,0,2148,320,2108,1.019
17270-46001,"150 Vivian Street, Te Aro",Te Aro,CCZ,"Commercial land, little or no building",524,1880000,0,3588,62,3516,1.02
17290-34400,"21 Vivian Street, Te Aro",Te Aro,CCZ,"Commercial land, little or no building",582,2190000,1000,3763,42,3687,1.021
17290-65800,"32 Hopper Street, Mt Cook",Mt Cook,CCZ,"Commercial land, little or no building",976,2840000,80000,2910,13,2850,1.021
17310-66300,"101 Austin Street, Mt Victoria",Mt Victoria,HRZ,Residential vacant land,340,1230000,20000,3618,133,3543,1.021
17070-54402,"113 Te Anau Road, Hataitai",Hataitai,MRZ,Residential vacant land,312,550000,0,1763,176,1725,1.022
15660-17901,"33 Cecil Road, Tawa",Tawa,HRZ,Residential vacant land,378,315000,15000,833.3,26,815.4,1.022
17050-22809,"6 Ara Haewai, Houghton Bay",Houghton Bay,MRZ,Residential vacant land,448,490000,0,1094,70,1069,1.023
16990-2600,"211 Ohiro Road, Brooklyn",Brooklyn,LCZ,"Commercial land, little or no building",435,910000,0,2092,6,2045,1.023
16730-3106,"34 Malvern Road, Ngauranga",Ngauranga,MRZ,Residential vacant land,863,450000,0,521.4,10,509.3,1.024
17020-30400,"134 The Parade, Island Bay",Island Bay,LCZ,"Commercial land, little or no building",418,740000,0,1770,9,1728,1.024
17360-54802,"3 Post Office Avenue, Berhampore",Berhampore,NCZ,"Commercial land, little or no building",100,275000,0,2750,5,2684,1.025
16730-1628,"13 Boeing Way, Newlands",Newlands,MRZ,Residential vacant land,407,455000,0,1118,65,1091,1.025
16701-80676,"47 Crompton Avenue, Churton Park",Churton Park,MRZ,Residential vacant land,683,620000,0,907.8,46,885.3,1.025
17360-70201,"15 Akatea Street, Berhampore",Berhampore,MRZ,Residential vacant land,251,560000,0,2231,230,2174,1.026
16701-80607,"53 Farnworth Terrace, Glenside",Glenside,MRZ,Residential vacant land,522,510000,0,977,65,951.2,1.027
16970-12001,"39A Highbury Road, Highbury",Highbury,MRZ,Residential vacant land,488,570000,0,1168,150,1137,1.027
15720-45003,"58C Lincoln Avenue, Tawa",Tawa,MRZ,Residential vacant land,368,280000,0,760.9,87,740.4,1.028
16701-80602,"43 Farnworth Terrace, Glenside",Glenside,MRZ,Residential vacant land,512,510000,0,996.1,66,969.2,1.028
17270-29605,"14 Bute Street, Te Aro",Te Aro,CCZ,"Commercial land, little or no building",182,670000,0,3681,54,3582,1.028
16730-2236,"26 Domett Street, Newlands",Newlands,MRZ,Residential vacant land,593,480000,0,809.4,210,787.1,1.028
17310-23000,"10 Levy Street, Mt Victoria",Mt Victoria,HRZ,Residential vacant land,430,1660000,0,3860,112,3754,1.028
17310-22900,"8 Levy Street, Mt Victoria",Mt Victoria,HRZ,Residential vacant land,430,1660000,60000,3860,108,3754,1.028
17001-18500,"3 Harland Street, Brooklyn",Brooklyn,MRZ,Residential vacant land,507,680000,0,1341,327,1304,1.029
17040-48201,"213 Buckley Road, Southgate",Southgate,MRZ,Residential vacant land,617,610000,0,988.7,155,961,1.029
17220-28400,"89 Thorndon Quay, Pipitea",Pipitea,CCZ,"Commercial land, little or no building",908,2920000,70000,3216,6,3125,1.029
16920-35936,"36 Alanbrooke Place, Karori",Karori,MRZ,Residential vacant land,401,350000,0,872.8,105,847.8,1.03
17310-77900,"30 Ellice Street, Mt Victoria",Mt Victoria,HRZ,Residential vacant land,473,1630000,0,3446,60,3345,1.03
17290-63800,"27 Torrens Terrace, Mt Cook",Mt Cook,CCZ,"Commercial land, little or no building",586,1820000,0,3106,24,3013,1.031
16701-80567,"45 Rochdale Drive, Churton Park",Churton Park,MRZ,Residential vacant land,690,620000,0,898.6,100,871.5,1.031
17350-54901,"46 Te Wharepouri Street, Berhampore",Berhampore,MRZ,Residential vacant land,247,570000,0,2308,187,2237,1.032
17270-38201,"106 Taranaki Street, Te Aro",Te Aro,CCZ,"Commercial land, little or no building",548,2020000,0,3686,58,3571,1.032
16891-61205,"1 Te Ara Tauhuna, Northland",Northland,MRZ,Residential vacant land,707,760000,0,1075,208,1041,1.033
17280-23400,"26 Tennyson Street, Te Aro",Te Aro,CCZ,"Commercial land, little or no building",297,1400000,0,4714,55,4559,1.034
16730-1627,"11 Boeing Way, Newlands",Newlands,MRZ,Residential vacant land,403,455000,0,1129,67,1092,1.034
17220-18300,"167 Thorndon Quay, Pipitea",Pipitea,CCZ,"Commercial land, little or no building",506,1560000,0,3083,19,2981,1.034
16701-80675,"42 Crompton Avenue, Churton Park",Churton Park,MRZ,Residential vacant land,576,590000,0,1024,51,989.8,1.035
17270-30400,"17 Bute Street, Te Aro",Te Aro,CCZ,"Commercial land, little or no building",308,1140000,0,3701,68,3576,1.035
15660-12701,"18A Hinau Street, Tawa",Tawa,HRZ,Residential vacant land,429,325000,15000,757.6,215,731.5,1.036
17310-48700,"36 Hania Street, Mt Victoria",Mt Victoria,CCZ,"Commercial land, little or no building",183,640000,0,3497,14,3376,1.036
16751-6901,"15 Burgess Road, Johnsonville",Johnsonville,MCZ,"Commercial land, little or no building",543,1045000,0,1924,19,1858,1.036
16701-80603,"45 Farnworth Terrace, Glenside",Glenside,MRZ,Residential vacant land,503,510000,0,1014,63,977.6,1.037
16830-17290,"82 Silverstream Road, Crofton Downs",Crofton Downs,MRZ,Residential vacant land,472,450000,0,953.4,103,918.6,1.038
17150-53207,"122 Maupuia Road, Miramar",Miramar,MRZ,Residential vacant land,234,360000,0,1538,78,1482,1.038
17310-48300,"29 Hania Street, Mt Victoria",Mt Victoria,CCZ,Residential vacant land,336,1170000,40000,3482,17,3354,1.038
16730-1652,"51 Boeing Way, Newlands",Newlands,MRZ,Residential vacant land,487,570000,0,1170,74,1126,1.039
17240-14900,"18 Talavera Terrace, Kelburn",Kelburn,HRZ,Residential vacant land,341,960000,10000,2815,98,2707,1.04
16730-1656,"26 Boeing Way, Newlands",Newlands,MRZ,Residential vacant land,462,550000,0,1190,62,1144,1.041
17310-10100,"14 Austin Street, Mt Victoria",Mt Victoria,HRZ,Residential vacant land,556,1870000,0,3363,117,3231,1.041
17330-46200,"6 Wilson Street, Newtown",Newtown,LCZ,"Commercial land, little or no building",362,900000,0,2486,21,2387,1.041
16701-80553,"12 Pine Hill Rise, Glenside",Glenside,MRZ,Residential vacant land,1151,800000,0,695,73,666.7,1.043
16801-99904,"7J Marjory Close, Broadmeadows",Broadmeadows,MRZ,Residential vacant land,487,385000,0,790.6,181,757.6,1.044
17100-39900,"19 Buckingham Street, Melrose",Melrose,MRZ,Residential vacant land,489,600000,10000,1227,204,1176,1.044
17310-1800,"35 Kent Terrace, Mt Victoria",Mt Victoria,CCZ,"Commercial land, little or no building",2532,9900000,0,3910,5,3745,1.044
17290-27300,"34 Webb Street, Te Aro",Te Aro,CCZ,"Commercial land, little or no building",232,850000,0,3664,54,3509,1.044
17320-85901,"163 Adelaide Road, Newtown",Newtown,LCZ,Residential vacant land,323,820000,1000,2539,12,2431,1.044
17290-18200,"9 Wigan Street, Te Aro",Te Aro,CCZ,"Commercial land, little or no building",422,1550000,0,3673,81,3517,1.044
17310-23100,"12 Levy Street, Mt Victoria",Mt Victoria,HRZ,Residential vacant land,430,1660000,0,3860,123,3695,1.045
17150-21800,"65 Park Road, Miramar",Miramar,MRZ,Residential vacant land,592,850000,40000,1436,243,1374,1.045
17310-64600,"124 Austin Street, Mt Victoria",Mt Victoria,HRZ,Residential vacant land,334,1240000,0,3713,132,3551,1.045
16701-80559,"81 Farnworth Terrace, Glenside",Glenside,MRZ,Residential vacant land,510,525000,0,1029,36,983.8,1.046
16801-99907,"7K Marjory Close, Broadmeadows",Broadmeadows,MRZ,Residential vacant land,487,385000,0,790.6,183,755.1,1.047
16851-84901,"55 Weld Street, Wadestown",Wadestown,MRZ,Residential vacant land,354,650000,0,1836,251,1753,1.048
17310-64400,"120 Austin Street, Mt Victoria",Mt Victoria,HRZ,Residential vacant land,334,1240000,30000,3713,137,3543,1.048
16891-61203,"11 Te Ara Tauhuna, Northland",Northland,MRZ,Residential vacant land,170,380000,0,2235,33,2132,1.049
17260-8700,"101 Featherston Street, Wellington Central",Wellington Central,CCZ,"Commercial land, little or no building",539,4650000,0,8627,40,8227,1.049
17350-66400,"19 Stoke Street, Newtown",Newtown,HRZ,Residential vacant land,594,1180000,20000,1987,93,1894,1.049
16820-83701,"57 Kaiwharawhara Road, Kaiwharawhara",Kaiwharawhara,MUZ,"Commercial land, little or no building",463,620000,0,1339,5,1276,1.049
17280-24100,"17 Lorne Street, Te Aro",Te Aro,CCZ,Residential vacant land,326,1525000,75000,4678,53,4452,1.051
16751-6401,"10 Burgess Road, Johnsonville",Johnsonville,MCZ,Residential vacant land,400,800000,20000,2000,18,1903,1.051
16920-35937,"34 Alanbrooke Place, Karori",Karori,MRZ,Residential vacant land,381,350000,0,918.6,103,873.8,1.051
16820-42900,"249 Hutt Road, Khandallah",Khandallah,MRZ,Residential vacant land,493,500000,0,1014,21,964.6,1.051
17290-40200,"17 Martin Square, Te Aro",Te Aro,CCZ,"Commercial land, little or no building",127,570000,0,4488,27,4268,1.052
17270-29602,"18 Bute Street, Te Aro",Te Aro,CCZ,"Commercial land, little or no building",427,1580000,0,3700,54,3518,1.052
16752-26700,"66 Broderick Road, Johnsonville",Johnsonville,HRZ,Residential vacant land,279,400000,0,1434,73,1362,1.052
16701-80634,"72 Crompton Avenue, Churton Park",Churton Park,MRZ,Residential vacant land,676,590000,0,872.8,8,829.4,1.052
16760-60000,"139 Helston Road, Paparangi",Paparangi,MRZ,Residential vacant land,551,470000,0,853,240,809.9,1.053
16990-29901,"124 Washington Avenue, Brooklyn",Brooklyn,MRZ,Residential vacant land,226,430000,20000,1903,113,1805,1.054
17150-37801,"18A Rotherham Terrace, Miramar",Miramar,MRZ,Residential vacant land,224,410000,0,1830,115,1735,1.055
17100-4600,"62 Duncan Terrace, Kilbirnie",Kilbirnie,MRZ,Residential vacant land,729,910000,0,1248,58,1183,1.056
16701-80663,"39 Crompton Avenue, Churton Park",Churton Park,MRZ,Residential vacant land,575,590000,0,1026,62,971.1,1.057
17270-45100,"21 Garrett Street, Te Aro",Te Aro,CCZ,Residential vacant land,98,450000,1000,4592,27,4346,1.057
16742-18801,"4A Kipling Street, Johnsonville",Johnsonville,HRZ,Residential vacant land,185,335000,0,1811,56,1713,1.057
16920-35935,"38 Alanbrooke Place, Karori",Karori,MRZ,Residential vacant land,379,350000,0,923.5,101,873.8,1.057
16730-3103,"28 Malvern Road, Ngauranga",Ngauranga,MRZ,Residential vacant land,836,450000,0,538.3,10,509.3,1.057
17002-30300,"1 Quebec Street, Kingston",Kingston,MRZ,Residential vacant land,518,540000,10000,1042,222,986.3,1.057
17040-2402,"104 Volga Street, Island Bay",Island Bay,MRZ,Residential vacant land,292,400000,0,1370,157,1296,1.057
15660-22701,"2A Cecil Road, Tawa",Tawa,HRZ,Residential vacant land,181,205000,10000,1133,18,1071,1.057
17320-13600,"55 Rolleston Street, Mt Cook",Mt Cook,HRZ,Residential vacant land,407,1020000,30000,2506,114,2370,1.057
17290-24501,"11 Kelvin Grove, Te Aro",Te Aro,CCZ,"Commercial land, little or no building",230,870000,0,3783,64,3576,1.058
16940-32601,"14 Verviers Street, Karori",Karori,MRZ,Residential vacant land,193,350000,10000,1813,16,1714,1.058
16730-3104,"30 Malvern Road, Ngauranga",Ngauranga,MRZ,Residential vacant land,835,450000,0,538.9,10,509.3,1.058
15730-15201,"98 Larsen Crescent, Tawa",Tawa,MRZ,Residential vacant land,642,465000,0,724.3,162,684.1,1.059
17270-45600,"124 Vivian Street, Te Aro",Te Aro,CCZ,"Commercial land, little or no building",814,2930000,0,3600,48,3398,1.059
17300-56800,"77 Majoribanks Street, Mt Victoria",Mt Victoria,HRZ,Residential vacant land,365,1380000,60000,3781,130,3569,1.059
17310-10700,"26 Austin Street, Mt Victoria",Mt Victoria,HRZ,Residential vacant land,521,1870000,0,3589,145,3388,1.059
15690-49800,"43 Oxford Street, Tawa",Tawa,HRZ,Residential vacant land,458,410000,20000,895.2,81,844.6,1.06
17320-9901,"56 Rolleston Street, Mt Cook",Mt Cook,HRZ,Residential vacant land,181,520000,0,2873,93,2710,1.06
17270-46500,"192 Vivian Street, Te Aro",Te Aro,CCZ,"Commercial land, little or no building",1084,3380000,0,3118,28,2941,1.06
17220-18500,"181 Thorndon Quay, Pipitea",Pipitea,CCZ,"Commercial land, little or no building",668,2110000,80000,3159,20,2979,1.06
17180-27000,"7 Ludlam Street, Seatoun",Seatoun,MRZ,Residential vacant land,521,1160000,10000,2226,213,2099,1.061
17150-17005,"35 Stone Street, Miramar",Miramar,GIZ,"Commercial land, little or no building",1517,2700000,0,1780,5,1678,1.061
17310-1000,"23 Kent Terrace, Mt Victoria",Mt Victoria,CCZ,Residential vacant land,324,1570000,1000,4846,28,4568,1.061
17290-25701,"27 Arthur Street, Te Aro",Te Aro,CCZ,"Commercial land, little or no building",162,600000,0,3704,42,3491,1.061
17002-45705,"493A Ohiro Road, Brooklyn",Brooklyn,MRZ,Residential vacant land,233,310000,0,1330,14,1253,1.062
17060-20900,"13 Palliser Road, Roseneath",Roseneath,MRZ,Residential vacant land,524,1050000,50000,2004,244,1887,1.062
16770-31600,"209 Newlands Road, Newlands",Newlands,LCZ,Residential vacant land,420,395000,1000,940.5,9,884.8,1.063
16851-1500,"25 Hutt Road, Pipitea",Pipitea,MUZ,"Commercial land, little or no building",744,1050000,0,1411,7,1328,1.063
17310-1001,"24 Kent Terrace, Mt Victoria",Mt Victoria,CCZ,"Commercial land, little or no building",319,1550000,0,4859,28,4568,1.064
17180-46672,"18 Steeple Lane, Seatoun",Seatoun,MRZ,Residential vacant land,1167,2350000,40000,2014,38,1890,1.065
17230-49400,"368 Tinakori Road, Thorndon",Thorndon,MRZ,Residential vacant land,407,1180000,0,2899,66,2720,1.066
17310-45000,"86 Kent Terrace, Mt Victoria",Mt Victoria,CCZ,"Commercial land, little or no building",255,890000,0,3490,21,3270,1.067
17030-77302,"444 The Esplanade, Island Bay",Island Bay,MRZ,Residential vacant land,479,510000,10000,1065,69,996.5,1.068
16710-15018,"56 Takapu Road, Grenada North",Grenada North,GIZ,"Commercial land, little or no building",7127,3080000,0,432.2,9,404.4,1.069
17270-38400,"116 Taranaki Street, Te Aro",Te Aro,CCZ,"Commercial land, little or no building",484,1900000,0,3926,66,3672,1.069
16701-80581,"58 Rochdale Drive, Churton Park",Churton Park,MRZ,Residential vacant land,717,640000,0,892.6,67,834.7,1.069
16760-71200,"46 Helston Road, Johnsonville",Johnsonville,HRZ,Residential vacant land,224,380000,0,1696,30,1586,1.07
17280-5300,"28 Courtenay Place, Te Aro",Te Aro,CCZ,Residential vacant land,228,1170000,1000,5132,33,4797,1.07
17320-17500,"44 Wallace Street, Mt Cook",Mt Cook,HRZ,Residential vacant land,988,1890000,0,1913,24,1787,1.07
15690-23800,"19 Beauchamp Street, Tawa",Tawa,HRZ,Residential vacant land,809,615000,25000,760.2,133,709.6,1.071
17130-25100,"75 Camperdown Road, Miramar",Miramar,MRZ,Residential vacant land,2006,1300000,0,648.1,35,604.7,1.072
16730-1677,"17 Epic Way, Newlands",Newlands,MRZ,Residential vacant land,958,490000,0,511.5,49,476.6,1.073
17230-66500,"12 Glenbervie Terrace, Thorndon",Thorndon,MRZ,Residential vacant land,118,500000,0,4237,83,3946,1.074
17280-11800,"90 Tory Street, Te Aro",Te Aro,CCZ,"Commercial land, little or no building",349,1690000,0,4842,49,4506,1.075
17270-7702,"153 Willis Street, Te Aro",Te Aro,CCZ,"Commercial land, little or no building",307,1270000,0,4137,26,3847,1.075
17050-17100,"14 Hungerford Road, Lyall Bay",Lyall Bay,MRZ,Residential vacant land,563,650000,10000,1155,120,1074,1.075
16881-2000,"151 Glenmore Street, Kelburn",Kelburn,MRZ,Residential vacant land,513,800000,20000,1559,275,1450,1.075
17050-22800,"4 Ara Haewai, Houghton Bay",Houghton Bay,MRZ,Residential vacant land,473,540000,0,1142,69,1061,1.076
16820-36300,"94B Nicholson Road, Khandallah",Khandallah,MRZ,Residential vacant land,303,530000,0,1749,63,1625,1.077
17250-52400,"16 Aro Street, Aro Valley",Aro Valley,HRZ,Residential vacant land,266,660000,0,2481,105,2305,1.077
16881-46101,"124 Kelburn Parade, Kelburn",Kelburn,MRZ,Residential vacant land,238,590000,0,2479,90,2301,1.077
16701-80572,"55 Rochdale Drive, Churton Park",Churton Park,MRZ,Residential vacant land,687,620000,0,902.5,95,837.4,1.078
16719-29280,"6 St Vincent Terrace, Grenada Village",Grenada Village,MRZ,Residential vacant land,564,590000,0,1046,89,970.3,1.078
17310-81600,"11 Ellice Street, Mt Victoria",Mt Victoria,CCZ,"Commercial land, little or no building",228,790000,0,3465,18,3214,1.078
16751-8100,"7 Moorefield Road, Johnsonville",Johnsonville,MCZ,Residential vacant land,559,1050000,40000,1878,17,1742,1.078
16910-64800,"226 Karori Road, Karori",Karori,MRZ,Residential vacant land,2039,2000000,50000,980.9,24,907.1,1.081
16752-15701,"46 Frankmoore Avenue, Johnsonville",Johnsonville,MRZ,Residential vacant land,601,520000,0,865.2,132,799.8,1.082
16730-1554,"21 Grumman Lane, Newlands",Newlands,GRUZ,Residential vacant land,4022,730000,0,181.5,7,167.7,1.082
17320-2200,"59 Hankey Street, Mt Cook",Mt Cook,HRZ,Residential vacant land,463,1030000,40000,2225,110,2054,1.083
17310-19801,"9A Edge Hill, Mt Victoria",Mt Victoria,HRZ,Residential vacant land,124,580000,0,4677,71,4316,1.084
17290-19800,"70 Abel Smith Street, Te Aro",Te Aro,CCZ,Residential vacant land,157,620000,30000,3949,57,3640,1.085
17300-25700,"56 Roxburgh Street, Mt Victoria",Mt Victoria,HRZ,Residential vacant land,392,1440000,0,3673,58,3384,1.086
17320-16600,"22 Wallace Street, Mt Cook",Mt Cook,HRZ,Residential vacant land,394,1070000,0,2716,124,2500,1.086
16830-5200,"23A Awarua Street, Ngaio",Ngaio,HRZ,Residential vacant land,381,380000,0,997.4,195,918.1,1.086
16801-73100,"5 Marjory Close, Broadmeadows",Broadmeadows,MRZ,Residential vacant land,356,345000,0,969.1,140,892,1.086
17280-12600,"118 Tory Street, Te Aro",Te Aro,CCZ,"Commercial land, little or no building",486,2140000,0,4403,48,4049,1.087
17320-85000,"135 Adelaide Road, Mt Cook",Mt Cook,CCZ,"Commercial land, little or no building",279,850000,0,3047,22,2800,1.088
17060-25000,"7 Roseneath Terrace, Roseneath",Roseneath,MRZ,Residential vacant land,394,1000000,40000,2538,216,2331,1.089
17280-24000,"13 Lorne Street, Te Aro",Te Aro,CCZ,"Commercial land, little or no building",752,3280000,0,4362,35,4005,1.089
17040-1355,"75A Melbourne Road, Island Bay",Island Bay,MRZ,Residential vacant land,689,860000,0,1248,226,1146,1.089
17280-11500,"82 Tory Street, Te Aro",Te Aro,CCZ,Residential vacant land,326,1660000,1000,5092,52,4672,1.09
17260-18000,"24 Johnston Street, Wellington Central",Wellington Central,CCZ,"Commercial land, little or no building",436,3910000,190000,8968,42,8227,1.09
17290-18900,"12 Abel Smith Street, Te Aro",Te Aro,CCZ,"Commercial land, little or no building",663,2450000,60000,3695,62,3389,1.09
15720-18501,"11A Wakefield Terrace, Tawa",Tawa,MRZ,Residential vacant land,301,220000,0,730.9,63,670.3,1.09
16851-97301,"13A Wade Street, Wadestown",Wadestown,MRZ,Residential vacant land,471,970000,0,2059,159,1888,1.091
17320-84500,"123 Adelaide Road, Mt Cook",Mt Cook,CCZ,Residential vacant land,545,1540000,40000,2826,20,2590,1.091
17330-37901,"31 Daniell Street, Newtown",Newtown,HRZ,Residential vacant land,733,1690000,60000,2306,33,2113,1.091
17280-25600,"6 Vivian Street, Te Aro",Te Aro,CCZ,"Commercial land, little or no building",736,3130000,0,4253,30,3894,1.092
17270-38001,"84 Taranaki Street, Te Aro",Te Aro,CCZ,"Commercial land, little or no building",581,2610000,80000,4492,53,4113,1.092
15710-6900,"331 Main Road, Tawa",Tawa,HRZ,Residential vacant land,613,480000,20000,783,123,716.8,1.092
17230-66400,"10 Glenbervie Terrace, Thorndon",Thorndon,MRZ,Residential vacant land,116,500000,0,4310,83,3946,1.092
17150-20501,"1 Aranui Street, Miramar",Miramar,MUZ,Residential vacant land,1321,1580000,60000,1196,5,1095,1.093
16801-2900,"49A Simla Crescent, Khandallah",Khandallah,HRZ,Residential vacant land,552,775000,25000,1404,154,1285,1.093
17280-26700,"52 Vivian Street, Te Aro",Te Aro,CCZ,"Commercial land, little or no building",347,1560000,0,4496,47,4113,1.093
17270-17600,"142 Wakefield Street, Te Aro",Te Aro,CCZ,"Commercial land, little or no building",1307,5900000,0,4514,24,4129,1.093
17310-78000,"32 Ellice Street, Mt Victoria",Mt Victoria,HRZ,Residential vacant land,420,1560000,0,3714,70,3397,1.094
17050-22811,"10 Ara Haewai, Houghton Bay",Houghton Bay,MRZ,Residential vacant land,477,540000,0,1132,76,1034,1.094
16920-35939,"39 Alanbrooke Place, Karori",Karori,MRZ,Residential vacant land,381,360000,0,944.9,83,862.9,1.095
17280-10900,"40 Tory Street, Te Aro",Te Aro,CCZ,"Commercial land, little or no building",733,3520000,0,4802,41,4386,1.095
17270-6400,"97 Willis Street, Te Aro",Te Aro,CCZ,Residential vacant land,89,560000,10000,6292,9,5733,1.097
16801-55001,"78A Kanpur Road, Broadmeadows",Broadmeadows,MRZ,Residential vacant land,373,295000,0,790.9,182,720.4,1.098
17310-7800,"33 Brougham Street, Mt Victoria",Mt Victoria,HRZ,Residential vacant land,631,2310000,1000,3661,104,3333,1.098
17290-75101,"63 Webb Street, Mt Cook",Mt Cook,CCZ,"Commercial land, little or no building",64,380000,0,5938,6,5405,1.099
17270-37100,"19 Marion Street, Te Aro",Te Aro,CCZ,"Commercial land, little or no building",255,1075000,0,4216,71,3832,1.1
16730-2190,"21 Cromwell Point, Newlands",Newlands,MRZ,Residential vacant land,524,510000,0,973.3,71,880.8,1.105
17190-9700,"16A Glamis Avenue, Strathmore Park",Strathmore Park,MRZ,Residential vacant land,158,290000,0,1835,32,1661,1.105
17310-44300,"70 Kent Terrace, Mt Victoria",Mt Victoria,CCZ,"Commercial land, little or no building",900,3370000,0,3744,14,3387,1.105
17180-7901,"11 Ventnor Street, Seatoun",Seatoun,MRZ,Residential vacant land,1044,2280000,40000,2184,64,1976,1.105
17310-25600,"54 Elizabeth Street, Mt Victoria",Mt Victoria,MRZ,Residential vacant land,447,1610000,0,3602,121,3258,1.106
17310-44600,"46 Hania Street, Mt Victoria",Mt Victoria,CCZ,"Commercial land, little or no building",1922,7150000,1000,3720,9,3364,1.106
16701-80562,"37 Crompton Avenue, Churton Park",Churton Park,MRZ,Residential vacant land,537,580000,0,1080,64,976.4,1.106
16801-23200,"11 Woodmancote Road, Khandallah",Khandallah,HRZ,Residential vacant land,2691,2580000,0,958.8,20,865.6,1.108
16730-1648,"43 Boeing Way, Newlands",Newlands,MRZ,Residential vacant land,438,550000,0,1256,80,1133,1.108
16891-61204,"9 Te Ara Tauhuna, Northland",Northland,MRZ,Residential vacant land,148,380000,0,2568,27,2317,1.108
16861-53400,"15 Wilton Road, Wadestown",Wadestown,MRZ,Residential vacant land,639,740000,30000,1158,128,1045,1.109
17280-13800,"32 Cambridge Terrace, Te Aro",Te Aro,CCZ,"Commercial land, little or no building",459,2210000,70000,4815,47,4341,1.109
16970-30400,"75 Holloway Road, Aro Valley",Aro Valley,MRZ,Residential vacant land,243,340000,0,1399,80,1261,1.109
16701-80667,"49 Crompton Avenue, Churton Park",Churton Park,MRZ,Residential vacant land,642,610000,0,950.2,43,855.7,1.11
16820-39415,"125 Nicholson Road, Khandallah",Khandallah,MRZ,Residential vacant land,571,650000,0,1138,106,1024,1.112
16861-59700,"3 Lytton Street, Wadestown",Wadestown,MRZ,Residential vacant land,702,850000,0,1211,134,1089,1.112
17150-32601,"99 Tauhinu Road, Miramar",Miramar,MRZ,Residential vacant land,242,410000,0,1694,109,1523,1.113
17280-2200,"250 Wakefield Street, Te Aro",Te Aro,CCZ,"Commercial land, little or no building",500,2650000,0,5300,32,4763,1.113
16810-68715,"84A Madras Street, Khandallah",Khandallah,MRZ,Residential vacant land,609,560000,0,919.5,153,826,1.113
17140-39900,"11 Ashleigh Crescent, Miramar",Miramar,MRZ,Residential vacant land,545,660000,0,1211,228,1087,1.114
17320-94300,"2 Hospital Road, Newtown",Newtown,LCZ,"Commercial land, little or no building",239,670000,0,2803,7,2515,1.115
17300-29000,"59 Roxburgh Street, Mt Victoria",Mt Victoria,HRZ,Residential vacant land,401,1490000,0,3716,48,3330,1.116
17290-33300,"66 Cambridge Terrace, Te Aro",Te Aro,CCZ,"Commercial land, little or no building",3318,12300000,0,3707,6,3320,1.116
17090-24800,"49 Bay Road, Kilbirnie",Kilbirnie,MCZ,"Commercial land, little or no building",1052,2460000,40000,2338,14,2093,1.117
16752-60903,"22C Ohariu Road, Johnsonville",Johnsonville,HRZ,Residential vacant land,400,425000,0,1062,131,951,1.117
17001-11900,"80 Mornington Road, Brooklyn",Brooklyn,MRZ,Residential vacant land,407,530000,20000,1302,236,1165,1.118
17280-24300,"21 Lorne Street, Te Aro",Te Aro,CCZ,"Commercial land, little or no building",660,3085000,0,4674,45,4178,1.119
17290-19000,"24 Abel Smith Street, Te Aro",Te Aro,CCZ,"Commercial land, little or no building",818,3020000,0,3692,47,3296,1.12
17240-13701,"9 Salmont Place, Kelburn",Kelburn,HRZ,Residential vacant land,250,830000,0,3320,72,2964,1.12
17050-1303,"83 Buckley Road, Southgate",Southgate,MRZ,Residential vacant land,296,425000,0,1436,57,1281,1.12
16730-2255,"41 Domett Street, Newlands",Newlands,MRZ,Residential vacant land,869,720000,0,828.5,164,739.5,1.12
17280-16900,"63 Courtenay Place, Te Aro",Te Aro,CCZ,"Commercial land, little or no building",485,2490000,30000,5134,49,4578,1.122
16891-24202,"63A Garden Road, Northland",Northland,MRZ,Residential vacant land,304,530000,0,1743,145,1554,1.122
17290-55300,"71 Nairn Street, Mt Cook",Mt Cook,HRZ,Residential vacant land,408,940000,0,2304,99,2054,1.122
17320-2100,"57 Hankey Street, Mt Cook",Mt Cook,HRZ,Residential vacant land,440,1030000,0,2341,115,2086,1.122
16730-1661,"16 Boeing Way, Newlands",Newlands,MRZ,Residential vacant land,412,540000,0,1311,77,1166,1.124
17340-16000,"191 Riddiford Street, Newtown",Newtown,LCZ,"Commercial land, little or no building",358,960000,0,2682,24,2382,1.126
16701-80211,"13 Crompton Avenue, Churton Park",Churton Park,MRZ,Residential vacant land,535,590000,0,1103,89,979.5,1.126
16742-58600,"8 Bould Street, Johnsonville",Johnsonville,HRZ,Residential vacant land,566,615000,0,1087,81,964.4,1.127
16742-58500,"10 Bould Street, Johnsonville",Johnsonville,HRZ,Residential vacant land,566,615000,0,1087,88,964.2,1.127
16690-50058,"231 Takapu Road, Takapu Valley",Takapu Valley,LLRZ,Residential vacant land,1.04e+04,630000,0,60.58,11,53.73,1.128
16701-80574,"59 Rochdale Drive, Churton Park",Churton Park,MRZ,Residential vacant land,656,620000,0,945.1,98,837.4,1.129
17090-23200,"1 Bay Road, Kilbirnie",Kilbirnie,MCZ,"Commercial land, little or no building",1227,2920000,40000,2380,7,2107,1.13
16730-1647,"41 Boeing Way, Newlands",Newlands,MRZ,Residential vacant land,432,550000,0,1273,80,1126,1.13
17320-82601,"130 Adelaide Road, Mt Cook",Mt Cook,CCZ,"Commercial land, little or no building",732,2140000,60000,2923,15,2584,1.131
16701-80646,"66 Crompton Avenue, Churton Park",Churton Park,MRZ,Residential vacant land,626,600000,0,958.5,14,846.7,1.132
17290-10800,"208 Taranaki Street, Te Aro",Te Aro,CCZ,"Commercial land, little or no building",829,2920000,0,3522,37,3112,1.132
16730-1662,"14 Boeing Way, Newlands",Newlands,MRZ,Residential vacant land,410,540000,0,1317,79,1161,1.134
17070-85801,"33A Matai Road, Hataitai",Hataitai,MRZ,Residential vacant land,163,500000,0,3067,63,2704,1.134
16840-55805,"10 Bladon Terrace, Ngaio",Ngaio,MRZ,Residential vacant land,561,630000,0,1123,237,988.3,1.136
17220-26600,"4 Katherine Avenue, Thorndon",Thorndon,HRZ,Residential vacant land,1077,3450000,0,3203,14,2819,1.136
17150-33018,"140 Park Road, Miramar",Miramar,MUZ,"Commercial land, little or no building",1121,2120000,0,1891,7,1663,1.137
17220-27801,"9 Little Pipitea Street, Thorndon",Thorndon,CCZ,"Commercial land, little or no building",236,1370000,0,5805,17,5105,1.137
15710-17400,"84 Victory Crescent, Tawa",Tawa,MRZ,Residential vacant land,594,405000,0,681.8,214,599.4,1.138
15710-1900,"36 Rembrandt Avenue, Tawa",Tawa,MRZ,Residential vacant land,607,380000,0,626,57,549.7,1.139
16742-44700,"121 Moorefield Road, Johnsonville",Johnsonville,HRZ,Residential vacant land,578,570000,0,986.2,130,865.1,1.14
16701-80608,"55 Farnworth Terrace, Glenside",Glenside,MRZ,Residential vacant land,455,510000,0,1121,65,982,1.141
16730-510,"37 Dungarvan Road, Newlands",Newlands,LLRZ,Residential vacant land,1.124e+04,900000,0,80.08,11,70.12,1.142
16801-16001,"26A Baroda Street, Khandallah",Khandallah,HRZ,Residential vacant land,379,535000,0,1412,95,1235,1.143
17280-14100,"35 Cambridge Terrace, Te Aro",Te Aro,CCZ,"Commercial land, little or no building",525,2570000,1000,4895,45,4281,1.143
17290-29900,"129 Taranaki Street, Te Aro",Te Aro,CCZ,"Commercial land, little or no building",379,1610000,0,4248,64,3711,1.145
17220-28500,"81 Thorndon Quay, Pipitea",Pipitea,CCZ,"Commercial land, little or no building",871,3120000,0,3582,7,3127,1.146
16701-80673,"46 Crompton Avenue, Churton Park",Churton Park,MRZ,Residential vacant land,516,580000,0,1124,35,980.7,1.146
17270-20300,"104 Dixon Street, Te Aro",Te Aro,CCZ,"Commercial land, little or no building",698,3070000,0,4398,36,3835,1.147
17290-37400,"1 Frederick Street, Te Aro",Te Aro,CCZ,"Commercial land, little or no building",401,1780000,0,4439,44,3870,1.147
16861-40800,"107 Pembroke Road, Wilton",Wilton,MRZ,Residential vacant land,478,520000,0,1088,246,947.9,1.148
17020-18100,"41 Derwent Street, Island Bay",Island Bay,MRZ,Residential vacant land,488,770000,0,1578,256,1375,1.148
16861-58700,"36 Rose Street, Wadestown",Wadestown,MRZ,Residential vacant land,477,610000,30000,1279,146,1114,1.148
16940-55091,"8 Kilsyth Street, Karori",Karori,MRZ,Residential vacant land,501,590000,0,1178,131,1025,1.149
15720-33102,"1 Rimu Street, Tawa",Tawa,MRZ,Residential vacant land,158,230000,0,1456,18,1266,1.15
16840-21901,"15A Perth Street, Ngaio",Ngaio,MRZ,Residential vacant land,498,650000,0,1305,130,1134,1.15
16701-80605,"49 Farnworth Terrace, Glenside",Glenside,MRZ,Residential vacant land,451,510000,0,1131,65,982,1.152
17180-31101,"5 Monro Street, Seatoun",Seatoun,MRZ,Residential vacant land,560,1510000,0,2696,150,2334,1.155
17030-1901,"46A Ribble Street, Island Bay",Island Bay,MRZ,Residential vacant land,270,420000,0,1556,65,1347,1.155
16840-32001,"161 Cockayne Road, Khandallah",Khandallah,MRZ,Residential vacant land,400,530000,0,1325,172,1147,1.156
15740-5303,"101 Redwood Avenue, Tawa",Tawa,HRZ,Residential vacant land,546,435000,20000,796.7,36,688.5,1.157
15720-56801,"13B Romney Square, Tawa",Tawa,MRZ,Residential vacant land,472,300000,0,635.6,148,549.1,1.158
16760-51500,"4 Arthur Carman Street, Johnsonville",Johnsonville,HRZ,Residential vacant land,698,895000,35000,1282,79,1107,1.158
16701-80672,"48 Crompton Avenue, Churton Park",Churton Park,MRZ,Residential vacant land,524,590000,0,1126,32,971.1,1.16
17050-22903,"245 Houghton Bay Road, Houghton Bay",Houghton Bay,MRZ,Residential vacant land,1753,1190000,0,678.8,15,584.5,1.161
16801-4201,"37D Simla Crescent, Khandallah",Khandallah,HRZ,Residential vacant land,331,620000,0,1873,144,1612,1.162
16701-80612,"63 Farnworth Terrace, Glenside",Glenside,MRZ,Residential vacant land,383,495000,0,1292,44,1112,1.162
17310-80200,"84A Ellice Street, Mt Victoria",Mt Victoria,HRZ,Residential vacant land,1012,3390000,150000,3350,13,2881,1.163
15670-29834,"158 Woodman Drive, Tawa",Tawa,MRZ,Residential vacant land,631,480000,0,760.7,122,654,1.163
17190-38801,"68A Beacon Hill Road, Strathmore Park",Strathmore Park,MRZ,Residential vacant land,226,340000,0,1504,22,1292,1.164
16690-51000,"53 Takapu Road, Takapu Valley",Takapu Valley,GIZ,"Commercial land, little or no building",5099,2330000,100000,457,5,392,1.166
16701-80626,"90 Rochdale Drive, Churton Park",Churton Park,MRZ,Residential vacant land,635,620000,0,976.4,51,837.4,1.166
16701-80319,"39 Farnworth Terrace, Glenside",Glenside,MRZ,Residential vacant land,247,430000,0,1741,19,1491,1.167
17320-94000,"12 John Street, Mt Cook",Mt Cook,CCZ,Residential vacant land,305,1070000,1000,3508,15,3005,1.168
17320-82400,"114 Adelaide Road, Mt Cook",Mt Cook,CCZ,"Commercial land, little or no building",456,1390000,0,3048,18,2611,1.168
16701-75095,"102 Amesbury Drive, Churton Park",Churton Park,MRZ,Residential vacant land,509,510000,0,1002,179,858,1.168
17280-27301,"2 Jessie Street, Te Aro",Te Aro,CCZ,"Commercial land, little or no building",400,1790000,0,4475,65,3832,1.168
17100-55700,"1 Endeavour Street, Lyall Bay",Lyall Bay,HRZ,Residential vacant land,318,650000,0,2044,214,1749,1.168
16990-32701,"29A Washington Avenue, Brooklyn",Brooklyn,MRZ,Residential vacant land,264,580000,0,2197,114,1878,1.17
16830-84401,"6 Sandhurst Way, Crofton Downs",Crofton Downs,MRZ,Residential vacant land,379,340000,0,897.1,83,766.6,1.17
17010-12401,"172A Severn Street, Island Bay",Island Bay,MRZ,Residential vacant land,318,400000,0,1258,77,1075,1.17
17220-29300,"32 Mulgrave Street, Pipitea",Pipitea,CCZ,"Commercial land, little or no building",931,5450000,0,5854,10,4996,1.172
16730-1665,"2 Boeing Way, Newlands",Newlands,MRZ,Residential vacant land,400,540000,0,1350,81,1151,1.172
17310-81300,"5 Ellice Street, Mt Victoria",Mt Victoria,CCZ,"Commercial land, little or no building",139,530000,0,3813,15,3250,1.173
17150-33005,"148 Park Road, Miramar",Miramar,MUZ,"Commercial land, little or no building",859,1800000,0,2095,8,1784,1.174
17280-27300,"96 Vivian Street, Te Aro",Te Aro,CCZ,"Commercial land, little or no building",400,1800000,0,4500,61,3832,1.174
15720-901,"237A Main Road, Tawa",Tawa,MRZ,Residential vacant land,490,330000,0,673.5,141,573,1.175
16770-33201,"29 Batchelor Street, Newlands",Newlands,MRZ,Residential vacant land,491,475000,10000,967.4,206,823,1.176
16730-1659,"20 Boeing Way, Newlands",Newlands,MRZ,Residential vacant land,394,540000,0,1371,71,1166,1.176
16701-80613,"65 Farnworth Terrace, Glenside",Glenside,MRZ,Residential vacant land,364,495000,0,1360,42,1156,1.176
17160-81902,"465B Broadway, Miramar",Miramar,MRZ,Residential vacant land,226,460000,0,2035,94,1730,1.176
16701-80554,"10 Pine Hill Rise, Glenside",Glenside,MRZ,Residential vacant land,813,730000,0,897.9,92,762.7,1.177
16701-80609,"57 Farnworth Terrace, Glenside",Glenside,MRZ,Residential vacant land,439,510000,0,1162,63,985,1.179
17290-4101,"12 Walter Street, Te Aro",Te Aro,CCZ,"Commercial land, little or no building",104,520000,0,5000,40,4238,1.18
17290-4100,"14 Walter Street, Te Aro",Te Aro,CCZ,"Commercial land, little or no building",104,520000,0,5000,40,4238,1.18
16990-30001,"128 Washington Avenue, Brooklyn",Brooklyn,MRZ,Residential vacant land,235,480000,0,2043,135,1731,1.18
16820-37501,"120A Nicholson Road, Khandallah",Khandallah,MRZ,Residential vacant land,315,470000,0,1492,68,1264,1.18
17150-32902,"132 Park Road, Miramar",Miramar,MUZ,Residential vacant land,743,1460000,1000,1965,9,1663,1.182
16701-80671,"50 Crompton Avenue, Churton Park",Churton Park,MRZ,Residential vacant land,532,590000,0,1109,31,938.4,1.182
17280-16100,"33 Courtenay Place, Te Aro",Te Aro,CCZ,"Commercial land, little or no building",1080,5400000,0,5000,24,4227,1.183
16940-25401,"24 Donald Street, Karori",Karori,MRZ,Residential vacant land,774,1290000,0,1667,201,1406,1.185
16742-75001,"54A Tarawera Road, Johnsonville",Johnsonville,HRZ,Residential vacant land,458,460000,0,1004,149,846.2,1.187
17300-19300,"68 Oriental Parade, Oriental Bay",Oriental Bay,MRZ,Residential vacant land,244,1300000,20000,5328,118,4484,1.188
17330-44500,"2 Green Street, Newtown",Newtown,HRZ,Residential vacant land,228,710000,0,3114,170,2620,1.189
17130-5101,"24A Weka Street, Miramar",Miramar,MRZ,Residential vacant land,316,400000,0,1266,189,1063,1.191
17320-82600,"120 Adelaide Road, Mt Cook",Mt Cook,CCZ,Residential vacant land,387,1210000,1000,3127,15,2625,1.191
17290-1000,"218 Victoria Street, Te Aro",Te Aro,CCZ,"Commercial land, little or no building",779,2800000,0,3594,33,3006,1.196
16901-35801,"6 Moana Road, Kelburn",Kelburn,MRZ,Residential vacant land,429,760000,20000,1772,167,1481,1.196
17290-20600,"98 Abel Smith Street, Te Aro",Te Aro,CCZ,"Commercial land, little or no building",1393,4940000,1000,3546,17,2964,1.196
16801-73200,"3 Marjory Close, Broadmeadows",Broadmeadows,MRZ,Residential vacant land,565,475000,0,840.7,194,701,1.199
17050-22810,"8 Ara Haewai, Houghton Bay",Houghton Bay,MRZ,Residential vacant land,375,500000,0,1333,65,1111,1.2
16701-80668,"51 Crompton Avenue, Churton Park",Churton Park,MRZ,Residential vacant land,589,600000,0,1019,39,848.6,1.2
17002-70301,"441A Ohiro Road, Brooklyn",Brooklyn,MRZ,Residential vacant land,270,390000,0,1444,56,1203,1.201
16701-80674,"44 Crompton Avenue, Churton Park",Churton Park,MRZ,Residential vacant land,487,580000,0,1191,39,990.3,1.203
17280-26300,"34 Vivian Street, Te Aro",Te Aro,CCZ,Residential vacant land,301,1415000,35000,4701,51,3907,1.203
17290-31000,"132 Tory Street, Te Aro",Te Aro,CCZ,"Commercial land, little or no building",789,3240000,0,4106,35,3411,1.204
17030-10500,"139A Derwent Street, Island Bay",Island Bay,MRZ,Residential vacant land,410,700000,0,1707,272,1418,1.204
16742-58900,"33 Broderick Road, Johnsonville",Johnsonville,HRZ,Residential vacant land,521,625000,0,1200,67,995,1.206
16830-5402,"27 Rothsay Road, Ngaio",Ngaio,HRZ,Residential vacant land,336,380000,0,1131,159,937.5,1.206
16701-80601,"41 Farnworth Terrace, Glenside",Glenside,MRZ,Residential vacant land,262,430000,0,1641,23,1360,1.206
17190-32501,"88A Tannadyce Street, Strathmore Park",Strathmore Park,MRZ,Residential vacant land,287,390000,0,1359,85,1125,1.208
16742-11728,"10 Silvereye Way, Johnsonville",Johnsonville,MRZ,Residential vacant land,311,375000,0,1206,139,998,1.208
17090-24200,"39 Bay Road, Kilbirnie",Kilbirnie,MCZ,Residential vacant land,506,1280000,50000,2530,28,2093,1.208
16820-33716,"99A Amritsar Street, Khandallah",Khandallah,MRZ,Residential vacant land,922,800000,0,867.7,59,717.2,1.21
16891-17102,"64 Orangi Kaupapa Road, Northland",Northland,MRZ,Residential vacant land,234,520000,0,2222,81,1836,1.21
17290-1100,"295 Willis Street, Te Aro",Te Aro,CCZ,"Commercial land, little or no building",1391,4990000,0,3587,17,2964,1.21
17300-23000,"2 Roxburgh Street, Mt Victoria",Mt Victoria,CCZ,"Commercial land, little or no building",152,930000,0,6118,17,5054,1.211
17310-22800,"4 Levy Street, Mt Victoria",Mt Victoria,HRZ,Residential vacant land,900,2980000,80000,3311,30,2735,1.211
17290-33000,"63 Cambridge Terrace, Te Aro",Te Aro,CCZ,"Commercial land, little or no building",295,1270000,0,4305,37,3554,1.211
16710-14706,"17 Cashew Street, Grenada North",Grenada North,GIZ,"Commercial land, little or no building",943,700000,0,742.3,13,612.6,1.212
17220-27802,"1 Little Pipitea Street, Thorndon",Thorndon,CCZ,"Commercial land, little or no building",320,1820000,0,5688,22,4693,1.212
17110-20200,"56 Ross Street, Kilbirnie",Kilbirnie,HRZ,Residential vacant land,306,670000,10000,2190,269,1806,1.212
16702-70093,"46 Winsley Terrace, Churton Park",Churton Park,MRZ,Residential vacant land,594,590000,0,993.3,212,819,1.213
16701-80555,"8 Pine Hill Rise, Glenside",Glenside,MRZ,Residential vacant land,741,710000,0,958.2,83,789.9,1.213
16701-80638,"55 Crompton Avenue, Churton Park",Churton Park,MRZ,Residential vacant land,588,600000,0,1020,34,841.2,1.213
16751-200,"8 Broderick Road, Johnsonville",Johnsonville,MCZ,"Commercial land, little or no building",2055,2660000,1000,1294,18,1066,1.214
16730-2243,"3 Promontory Crescent, Newlands",Newlands,MRZ,Residential vacant land,749,730000,0,974.6,148,802.1,1.215
16701-80430,"148 Amesbury Drive, Churton Park",Churton Park,MRZ,Residential vacant land,459,490000,0,1068,203,878.1,1.216
17360-54900,"460 Adelaide Road, Berhampore",Berhampore,NCZ,Residential vacant land,253,620000,1000,2451,8,2014,1.217
16920-35932,"33 Alanbrooke Place, Karori",Karori,MRZ,Residential vacant land,330,360000,0,1091,80,895.3,1.219
17350-38000,"152 Riddiford Street, Newtown",Newtown,LCZ,Residential vacant land,443,1290000,1000,2912,23,2387,1.22
17240-14901,"17 Clermont Terrace, Kelburn",Kelburn,HRZ,Residential vacant land,214,780000,0,3645,60,2985,1.221
17350-50700,"433 Adelaide Road, Berhampore",Berhampore,MRZ,Residential vacant land,612,1230000,0,2010,43,1646,1.221
17150-53302,"132 Maupuia Road, Miramar",Miramar,MRZ,Residential vacant land,303,470000,0,1551,192,1269,1.223
16701-80639,"57 Crompton Avenue, Churton Park",Churton Park,MRZ,Residential vacant land,588,600000,0,1020,35,834.7,1.223
17001-541,"74 Tiketike Way, Brooklyn",Brooklyn,MRZ,Residential vacant land,210,435000,0,2071,110,1694,1.223
15730-26101,"30A Ngatitoa Street, Tawa",Tawa,MRZ,Residential vacant land,333,330000,0,991,50,810.5,1.223
17261-300,"181 Wakefield Street, Te Aro",Te Aro,CCZ,"Commercial land, little or no building",900,4970000,30000,5522,20,4516,1.223
17270-40801,"36 Ghuznee Street, Te Aro",Te Aro,CCZ,"Commercial land, little or no building",1277,4970000,0,3892,24,3178,1.225
17110-20500,"62 Ross Street, Kilbirnie",Kilbirnie,HRZ,Residential vacant land,306,670000,10000,2190,289,1787,1.225
16752-22305,"44F Phillip Street, Johnsonville",Johnsonville,HRZ,Residential vacant land,233,450000,0,1931,42,1576,1.226
16820-36301,"94A Nicholson Road, Khandallah",Khandallah,MRZ,Residential vacant land,193,400000,0,2073,18,1688,1.228
16719-26901,"162 Mark Avenue, Grenada Village",Grenada Village,MRZ,Residential vacant land,308,310000,0,1006,99,819.2,1.229
16701-80610,"59 Farnworth Terrace, Glenside",Glenside,MRZ,Residential vacant land,421,510000,0,1211,59,985.7,1.229
16840-26214,"24 Capt Edward Daniell Drive, Ngaio",Ngaio,MRZ,Residential vacant land,1446,950000,0,657,62,534.5,1.229
16830-17343,"152 Silverstream Road, Crofton Downs",Crofton Downs,MRZ,Residential vacant land,366,450000,0,1230,34,998.9,1.231
17150-33023,"146 Park Road, Miramar",Miramar,MUZ,"Commercial land, little or no building",596,1160000,0,1946,9,1581,1.231
16910-37401,"7 Fancourt Street, Karori",Karori,MRZ,Residential vacant land,470,850000,0,1809,180,1469,1.231
16710-9101,"40 Tobago Crescent, Grenada North",Grenada North,MRZ,Residential vacant land,405,285000,5000,703.7,89,571.1,1.232
17290-100,"271 Willis Street, Te Aro",Te Aro,CCZ,"Commercial land, little or no building",905,3350000,150000,3702,22,3003,1.233
17300-9800,"18 Telford Terrace, Oriental Bay",Oriental Bay,MRZ,Residential vacant land,222,1160000,0,5225,77,4239,1.233
17270-36600,"7 Marion Street, Te Aro",Te Aro,CCZ,"Commercial land, little or no building",930,3900000,0,4194,38,3400,1.233
16891-61200,"4 Te Ara Tauhuna, Northland",Northland,MRZ,Residential vacant land,288,450000,0,1562,150,1264,1.236
17150-33015,"133D Park Road, Miramar",Miramar,MUZ,Residential vacant land,547,1070000,20000,1956,9,1581,1.237
16701-80045,"12 Neston Grove, Churton Park",Churton Park,MRZ,Residential vacant land,1514,1180000,0,779.4,25,629.8,1.238
17250-19700,"192 Aro Street, Aro Valley",Aro Valley,HRZ,Residential vacant land,620,880000,0,1419,70,1146,1.238
16701-80640,"59 Crompton Avenue, Churton Park",Churton Park,MRZ,Residential vacant land,585,600000,0,1026,34,828.3,1.238
17290-32800,"60 Cambridge Terrace, Te Aro",Te Aro,CCZ,"Commercial land, little or no building",455,2000000,10000,4396,38,3545,1.24
17290-31600,"37 Vivian Street, Te Aro",Te Aro,CCZ,"Commercial land, little or no building",487,2240000,0,4600,48,3708,1.24
16730-509,"33 Dungarvan Road, Newlands",Newlands,LLRZ,Residential vacant land,1.006e+04,900000,0,89.45,16,72.12,1.24
17350-3300,"127 Hanson Street, Newtown",Newtown,HRZ,Residential vacant land,253,600000,0,2372,22,1907,1.243
17270-22300,"90 Manners Street, Te Aro",Te Aro,CCZ,"Commercial land, little or no building",373,1760000,0,4718,43,3794,1.244
16801-73101,"5A Marjory Close, Broadmeadows",Broadmeadows,MRZ,Residential vacant land,290,360000,0,1241,101,998,1.244
16810-77802,"3A Rangoon Street, Khandallah",Khandallah,HRZ,Residential vacant land,131,380000,0,2901,11,2330,1.245
16830-17328,"182 Silverstream Road, Crofton Downs",Crofton Downs,MRZ,Residential vacant land,370,460000,0,1243,60,997.9,1.246
17290-10600,"196 Taranaki Street, Te Aro",Te Aro,CCZ,"Commercial land, little or no building",1247,4560000,0,3657,27,2935,1.246
17350-3200,"125 Hanson Street, Newtown",Newtown,HRZ,Residential vacant land,251,600000,0,2390,22,1918,1.246
16820-44501,"94D Onslow Road, Khandallah",Khandallah,MRZ,Residential vacant land,328,430000,0,1311,138,1051,1.247
17310-44900,"83 Kent Terrace, Mt Victoria",Mt Victoria,CCZ,"Commercial land, little or no building",304,1230000,0,4046,24,3243,1.248
16940-2400,"277 Karori Road, Karori",Karori,MRZ,Residential vacant land,506,790000,0,1561,199,1250,1.249
17340-38500,"4 Arney Street, Newtown",Newtown,MUZ,"Commercial land, little or no building",419,1360000,0,3246,6,2598,1.249
17310-2400,"43 Kent Terrace, Mt Victoria",Mt Victoria,CCZ,"Commercial land, little or no building",450,1980000,0,4400,30,3520,1.25
17090-23700,"27 Bay Road, Kilbirnie",Kilbirnie,MCZ,"Commercial land, little or no building",2547,4620000,30000,1814,6,1451,1.251
16780-48213,"11 Edgecombe Street, Newlands",Newlands,MRZ,Residential vacant land,475,490000,0,1032,191,823.6,1.252
15690-30801,"83B Oxford Street, Tawa",Tawa,MRZ,Residential vacant land,187,310000,0,1658,5,1323,1.253
17350-4500,"208 Adelaide Road, Newtown",Newtown,HRZ,Residential vacant land,245,600000,0,2449,29,1954,1.253
16701-80670,"52 Crompton Avenue, Churton Park",Churton Park,MRZ,Residential vacant land,531,590000,0,1111,29,886.1,1.254
16830-17215,"4 Pihipihi Way, Crofton Downs",Crofton Downs,MRZ,Residential vacant land,366,440000,0,1202,85,957.9,1.255
16801-4202,"37B Simla Crescent, Khandallah",Khandallah,HRZ,Residential vacant land,260,590000,0,2269,74,1807,1.256
17290-30300,"155 Taranaki Street, Te Aro",Te Aro,CCZ,"Commercial land, little or no building",1511,5750000,0,3805,18,3030,1.256
17170-21003,"22 Newport Terrace, Seatoun",Seatoun,MRZ,Residential vacant land,484,840000,0,1736,186,1381,1.257
17270-18700,"27 Bond Street, Te Aro",Te Aro,CCZ,"Commercial land, little or no building",347,1710000,0,4928,24,3916,1.259
15720-45004,"58D Lincoln Avenue, Tawa",Tawa,MRZ,Residential vacant land,440,300000,0,681.8,177,541.2,1.26
17290-29901,"133 Taranaki Street, Te Aro",Te Aro,CCZ,"Commercial land, little or no building",347,1620000,0,4669,67,3706,1.26
17320-85600,"153 Adelaide Road, Mt Cook",Mt Cook,CCZ,"Commercial land, little or no building",1541,4900000,1000,3180,10,2524,1.26
17150-33012,"133A Park Road, Miramar",Miramar,MUZ,Residential vacant land,547,1090000,40000,1993,9,1581,1.26
17090-19800,"20 Rongotai Road, Kilbirnie",Kilbirnie,MCZ,"Commercial land, little or no building",974,2590000,30000,2659,15,2107,1.262
16920-40900,"262 Karori Road, Karori",Karori,LCZ,"Commercial land, little or no building",473,800000,0,1691,8,1340,1.263
16840-26705,"146A Cockayne Road, Ngaio",Ngaio,MRZ,Residential vacant land,215,440000,10000,2047,50,1621,1.263
16701-80614,"67 Farnworth Terrace, Glenside",Glenside,MRZ,Residential vacant land,335,490000,0,1463,33,1158,1.263
17320-82402,"118 Adelaide Road, Mt Cook",Mt Cook,CCZ,"Commercial land, little or no building",152,600000,0,3947,21,3125,1.263
16701-80649,"60 Crompton Avenue, Churton Park",Churton Park,MRZ,Residential vacant land,527,590000,0,1120,15,886.1,1.263
17270-22600,"11 Manners Street, Te Aro",Te Aro,CCZ,"Commercial land, little or no building",281,1510000,0,5374,21,4251,1.264
16830-29604,"1 Makererua Street, Ngaio",Ngaio,HRZ,Residential vacant land,199,350000,0,1759,36,1391,1.264
16701-80611,"61 Farnworth Terrace, Glenside",Glenside,MRZ,Residential vacant land,403,510000,0,1266,53,1000,1.266
16721-70159,"35 Cottonwood Lane, Woodridge",Woodridge,MRZ,Residential vacant land,331,390000,0,1178,41,930.5,1.266
16830-17330,"178 Silverstream Road, Crofton Downs",Crofton Downs,MRZ,Residential vacant land,347,440000,0,1268,58,1001,1.267
17360-56500,"500 Adelaide Road, Berhampore",Berhampore,MRZ,Residential vacant land,177,510000,0,2881,274,2274,1.267
16861-53001,"34 Rose Street, Wadestown",Wadestown,MRZ,Residential vacant land,279,470000,0,1685,71,1328,1.268
17220-32200,"54 Molesworth Street, Thorndon",Thorndon,CCZ,"Commercial land, little or no building",2986,17500000,0,5861,17,4615,1.27
16930-61401,"43C Donald Street, Karori",Karori,MRZ,Residential vacant land,276,500000,0,1812,196,1426,1.271
17350-59500,"10 Gordon Street, Newtown",Newtown,HRZ,Residential vacant land,149,540000,20000,3624,115,2851,1.271
16980-58605,"350 Ohiro Road, Brooklyn",Brooklyn,MRZ,Residential vacant land,353,420000,0,1190,69,935.4,1.272
16701-80654,"68 Rochdale Drive, Churton Park",Churton Park,MRZ,Residential vacant land,286,400000,0,1399,13,1099,1.273
16701-80644,"67 Crompton Avenue, Churton Park",Churton Park,MRZ,Residential vacant land,570,600000,0,1053,28,825.5,1.275
15690-3900,"23 Findlay Street, Tawa",Tawa,HRZ,Residential vacant land,1209,860000,40000,711.3,69,557.1,1.277
17280-11600,"84 Tory Street, Te Aro",Te Aro,CCZ,"Commercial land, little or no building",600,3260000,1000,5433,55,4251,1.278
17100-32101,"49 Sutherland Road, Melrose",Melrose,MRZ,Residential vacant land,219,430000,0,1963,93,1536,1.278
16701-80619,"75 Farnworth Terrace, Glenside",Glenside,MRZ,Residential vacant land,419,525000,0,1253,36,978.7,1.28
16701-80647,"64 Crompton Avenue, Churton Park",Churton Park,MRZ,Residential vacant land,557,600000,0,1077,16,841.2,1.281
16702-55210,"22 Prestbury Grove, Churton Park",Churton Park,MRZ,Residential vacant land,529,600000,0,1134,184,885.7,1.281
16920-35931,"31 Alanbrooke Place, Karori",Karori,MRZ,Residential vacant land,302,360000,0,1192,73,930.2,1.281
17220-32801,"31 Pipitea Street, Thorndon",Thorndon,CCZ,"Commercial land, little or no building",485,2920000,0,6021,20,4693,1.283
16701-80637,"53 Crompton Avenue, Churton Park",Churton Park,MRZ,Residential vacant land,555,600000,0,1081,35,841,1.286
17360-47601,"13 Emerson Street, Berhampore",Berhampore,MRZ,Residential vacant land,142,430000,10000,3028,141,2353,1.287
16830-17311,"123 Silverstream Road, Crofton Downs",Crofton Downs,MRZ,Residential vacant land,338,440000,0,1302,50,1010,1.289
16830-17310,"121 Silverstream Road, Crofton Downs",Crofton Downs,MRZ,Residential vacant land,338,440000,0,1302,52,1010,1.289
16780-76001,"27A Miles Crescent, Newlands",Newlands,MRZ,Residential vacant land,163,280000,0,1718,10,1333,1.289
15690-35200,"3 Oxford Street, Tawa",Tawa,HRZ,Residential vacant land,260,295000,0,1135,76,879.4,1.29
16701-80643,"65 Crompton Avenue, Churton Park",Churton Park,MRZ,Residential vacant land,564,600000,0,1064,30,824.3,1.291
17310-2300,"42 Kent Terrace, Mt Victoria",Mt Victoria,CCZ,"Commercial land, little or no building",341,1550000,0,4545,24,3520,1.291
17220-32600,"41 Pipitea Street, Thorndon",Thorndon,CCZ,"Commercial land, little or no building",563,2900000,0,5151,24,3984,1.293
16830-17309,"119 Silverstream Road, Crofton Downs",Crofton Downs,MRZ,Residential vacant land,338,440000,0,1302,53,1007,1.293
16830-17329,"180 Silverstream Road, Crofton Downs",Crofton Downs,MRZ,Residential vacant land,348,450000,0,1293,59,1000,1.293
16881-36001,"19A Central Terrace, Kelburn",Kelburn,HRZ,Residential vacant land,225,850000,30000,3778,21,2920,1.294
17310-43500,"57 Kent Terrace, Mt Victoria",Mt Victoria,CCZ,"Commercial land, little or no building",278,1260000,0,4532,23,3503,1.294
17250-57101,"95 Aro Street, Aro Valley",Aro Valley,NCZ,"Commercial land, little or no building",653,930000,0,1424,5,1100,1.294
17290-30600-A,"171 Taranaki Street, Te Aro",Te Aro,CCZ,"Commercial land, little or no building",870,3580000,0,4115,38,3179,1.295
16830-17308,"117 Silverstream Road, Crofton Downs",Crofton Downs,MRZ,Residential vacant land,338,440000,0,1302,54,1005,1.295
16701-80650,"58 Crompton Avenue, Churton Park",Churton Park,MRZ,Residential vacant land,532,580000,0,1090,21,841.4,1.296
16820-86200,"125 Hutt Road, Kaiwharawhara",Kaiwharawhara,MUZ,"Commercial land, little or no building",1060,1730000,0,1632,12,1259,1.296
16830-17315,"131 Silverstream Road, Crofton Downs",Crofton Downs,MRZ,Residential vacant land,337,440000,0,1306,43,1007,1.297
16701-80651,"56 Crompton Avenue, Churton Park",Churton Park,MRZ,Residential vacant land,530,580000,0,1094,22,843.1,1.298
16730-512,"50 Dungarvan Road, Newlands",Newlands,LLRZ,Residential vacant land,1.005e+04,900000,0,89.53,6,68.98,1.298
17320-82900,"132 Adelaide Road, Mt Cook",Mt Cook,CCZ,"Commercial land, little or no building",405,1380000,0,3407,15,2625,1.298
16851-18401,"159 Barnard Street, Wadestown",Wadestown,MRZ,Residential vacant land,354,600000,0,1695,51,1305,1.298
16830-17313,"127 Silverstream Road, Crofton Downs",Crofton Downs,MRZ,Residential vacant land,337,440000,0,1306,48,1005,1.299
17030-77100,"440A The Esplanade, Island Bay",Island Bay,MRZ,Residential vacant land,445,590000,10000,1326,73,1021,1.299
16830-17307,"115 Silverstream Road, Crofton Downs",Crofton Downs,MRZ,Residential vacant land,338,440000,0,1302,58,1001,1.3
16901-19600,"182 Glenmore Street, Kelburn",Kelburn,MRZ,Residential vacant land,324,650000,0,2006,225,1543,1.3
16830-17306,"113 Silverstream Road, Crofton Downs",Crofton Downs,MRZ,Residential vacant land,339,440000,0,1298,60,997.9,1.301
16701-80657,"74 Rochdale Drive, Churton Park",Churton Park,MRZ,Residential vacant land,259,410000,0,1583,11,1217,1.301
16830-17312,"125 Silverstream Road, Crofton Downs",Crofton Downs,MRZ,Residential vacant land,336,440000,0,1310,49,1007,1.301
16701-80635,"70 Crompton Avenue, Churton Park",Churton Park,MRZ,Residential vacant land,541,590000,0,1091,16,837.4,1.302
17310-2100,"40 Kent Terrace, Mt Victoria",Mt Victoria,CCZ,"Commercial land, little or no building",314,1450000,0,4618,24,3545,1.303
15730-20603,"45C The Drive, Tawa",Tawa,MRZ,Residential vacant land,155,250000,0,1613,19,1238,1.303
16701-75080,"47 Mauldeth Terrace, Churton Park",Churton Park,MRZ,Residential vacant land,488,530000,0,1086,139,833.3,1.303
16710-15007,"54 Takapu Road, Grenada North",Grenada North,GIZ,"Commercial land, little or no building",1.084e+04,5350000,0,493.8,8,378.8,1.304
16820-56200,"18 Benares Street, Khandallah",Khandallah,MRZ,Residential vacant land,278,470000,0,1691,151,1296,1.305
17290-77600,"8 Arlington Street, Mt Cook",Mt Cook,CCZ,"Commercial land, little or no building",98,560000,0,5714,6,4379,1.305
16701-80571,"53 Rochdale Drive, Churton Park",Churton Park,MRZ,Residential vacant land,549,600000,0,1093,92,837.4,1.305
16701-80658,"76 Rochdale Drive, Churton Park",Churton Park,MRZ,Residential vacant land,245,390000,0,1592,11,1217,1.308
17290-25100,"5 Arthur Street, Te Aro",Te Aro,CCZ,Residential vacant land,119,570000,1000,4790,28,3662,1.308
16721-70157,"31 Cottonwood Lane, Woodridge",Woodridge,MRZ,Residential vacant land,275,360000,0,1309,36,1000,1.309
17001-557,"117 Tiketike Way, Brooklyn",Brooklyn,MRZ,Residential vacant land,172,415000,0,2413,83,1843,1.309
16820-71401,"11 Ranui Crescent, Khandallah",Khandallah,MRZ,Residential vacant land,526,780000,0,1483,216,1132,1.31
16701-80661,"82 Rochdale Drive, Churton Park",Churton Park,MRZ,Residential vacant land,295,410000,0,1390,24,1061,1.31
16830-17316,"133 Silverstream Road, Crofton Downs",Crofton Downs,MRZ,Residential vacant land,339,450000,0,1327,40,1010,1.314
16701-80669,"54 Crompton Avenue, Churton Park",Churton Park,MRZ,Residential vacant land,531,590000,0,1111,23,844.9,1.315
17260-5600,"138 Lambton Quay, Wellington Central",Wellington Central,CCZ,"Commercial land, little or no building",149,1430000,0,9597,5,7293,1.316
17310-2200,"41 Kent Terrace, Mt Victoria",Mt Victoria,CCZ,"Commercial land, little or no building",233,1100000,0,4721,23,3583,1.318
17001-506,"18 Tiketike Way, Brooklyn",Brooklyn,MRZ,Residential vacant land,166,405000,10000,2440,77,1851,1.318
17050-16401,"279 Queens Drive, Lyall Bay",Lyall Bay,MRZ,Residential vacant land,220,550000,0,2500,39,1896,1.318
17090-23600,"23 Bay Road, Kilbirnie",Kilbirnie,MCZ,Residential vacant land,300,780000,20000,2600,25,1969,1.32
16701-80648,"62 Crompton Avenue, Churton Park",Churton Park,MRZ,Residential vacant land,531,590000,0,1111,17,841.4,1.321
16701-80616,"71 Farnworth Terrace, Glenside",Glenside,MRZ,Residential vacant land,406,525000,0,1293,40,978.7,1.321
17330-33000,"131 Riddiford Street, Newtown",Newtown,LCZ,Residential vacant land,337,1085000,5000,3220,18,2433,1.323
17180-20901,"1 Pinnacle Street, Seatoun",Seatoun,MRZ,Residential vacant land,187,650000,0,3476,17,2626,1.324
16752-88401,"30A Middleton Road, Johnsonville",Johnsonville,HRZ,Residential vacant land,472,620000,0,1314,145,992,1.324
17310-10600,"24 Austin Street, Mt Victoria",Mt Victoria,HRZ,Residential vacant land,912,3220000,0,3531,41,2663,1.326
16701-80655,"70 Rochdale Drive, Churton Park",Churton Park,MRZ,Residential vacant land,270,430000,0,1593,10,1201,1.326
17040-55400,"6 Bann Street, Southgate",Southgate,MRZ,Residential vacant land,528,700000,0,1326,166,998.4,1.328
16901-21003,"30 Northland Road, Northland",Northland,MRZ,Residential vacant land,279,600000,0,2151,196,1617,1.33
17270-39300,"39 Dixon Street, Te Aro",Te Aro,CCZ,Residential vacant land,245,1180000,1000,4816,38,3616,1.332
17240-74200,"128 Abel Smith Street, Te Aro",Te Aro,HRZ,Residential vacant land,277,790000,0,2852,96,2138,1.334
17020-34800,"67 The Parade, Island Bay",Island Bay,MRZ,Residential vacant land,197,520000,0,2640,124,1976,1.336
16701-80642,"63 Crompton Avenue, Churton Park",Churton Park,MRZ,Residential vacant land,542,600000,0,1107,32,828.3,1.336
16742-61700,"2 Corlett Street, Johnsonville",Johnsonville,HRZ,Residential vacant land,769,870000,40000,1131,96,845.4,1.338
16752-37700,"97A Ironside Road, Johnsonville",Johnsonville,MRZ,Residential vacant land,530,660000,0,1245,259,930.2,1.339
16730-2252,"27 Promontory Crescent, Newlands",Newlands,MRZ,Residential vacant land,673,730000,0,1085,148,810.3,1.339
17190-51308,"6 Kastos Way, Strathmore Park",Strathmore Park,MRZ,Residential vacant land,475,550000,0,1158,200,864.7,1.339
15690-30800,"83A Oxford Street, Tawa",Tawa,MRZ,Residential vacant land,202,310000,0,1535,8,1146,1.339
17190-83401,"133A Breaker Bay Road, Breaker Bay",Breaker Bay,MRZ,Residential vacant land,614,730000,0,1189,107,887.5,1.34
16830-17318,"137 Silverstream Road, Crofton Downs",Crofton Downs,MRZ,Residential vacant land,322,440000,0,1366,45,1014,1.348
17220-13600,"90 Hobson Street, Thorndon",Thorndon,HRZ,Residential vacant land,1171,4305000,0,3676,10,2726,1.348
17290-25300,"9 Arthur Street, Te Aro",Te Aro,CCZ,"Commercial land, little or no building",243,1150000,0,4733,58,3509,1.349
16701-80656,"72 Rochdale Drive, Churton Park",Churton Park,MRZ,Residential vacant land,269,430000,0,1599,9,1184,1.35
16830-17322,"145 Silverstream Road, Crofton Downs",Crofton Downs,MRZ,Residential vacant land,322,440000,0,1366,52,1010,1.353
16830-17321,"143 Silverstream Road, Crofton Downs",Crofton Downs,MRZ,Residential vacant land,322,440000,0,1366,50,1010,1.353
16820-85603,"8 Cameron Street, Kaiwharawhara",Kaiwharawhara,MRZ,Residential vacant land,242,550000,0,2273,50,1680,1.353
16801-58501,"1A Sanchi Way, Broadmeadows",Broadmeadows,MRZ,Residential vacant land,286,295000,0,1031,130,762.2,1.353
16830-17317,"135 Silverstream Road, Crofton Downs",Crofton Downs,MRZ,Residential vacant land,322,450000,0,1398,40,1033,1.353
16830-17319,"139 Silverstream Road, Crofton Downs",Crofton Downs,MRZ,Residential vacant land,323,440000,0,1362,48,1005,1.355
16830-17320,"141 Silverstream Road, Crofton Downs",Crofton Downs,MRZ,Residential vacant land,322,440000,0,1366,49,1007,1.357
16830-17324,"149 Silverstream Road, Crofton Downs",Crofton Downs,MRZ,Residential vacant land,322,440000,0,1366,53,1007,1.357
16830-17323,"147 Silverstream Road, Crofton Downs",Crofton Downs,MRZ,Residential vacant land,322,440000,0,1366,53,1007,1.357
16701-80662,"84 Rochdale Drive, Churton Park",Churton Park,MRZ,Residential vacant land,275,430000,0,1564,15,1151,1.359
16830-17288,"142 Silverstream Road, Crofton Downs",Crofton Downs,MRZ,Residential vacant land,309,420000,0,1359,30,998.9,1.361
16830-17326,"153 Silverstream Road, Crofton Downs",Crofton Downs,MRZ,Residential vacant land,322,440000,0,1366,56,1003,1.362
17300-56001,"2A Hawker Street, Mt Victoria",Mt Victoria,HRZ,Residential vacant land,83,530000,0,6386,27,4685,1.363
17320-30000,"22 Adelaide Road, Mt Cook",Mt Cook,CCZ,Residential vacant land,399,1440000,30000,3609,14,2647,1.363
17290-11000,"1 Arthur Street, Te Aro",Te Aro,CCZ,"Commercial land, little or no building",632,2840000,0,4494,43,3294,1.364
16701-80641,"61 Crompton Avenue, Churton Park",Churton Park,MRZ,Residential vacant land,530,600000,0,1132,31,829.6,1.365
16830-17325,"151 Silverstream Road, Crofton Downs",Crofton Downs,MRZ,Residential vacant land,321,440000,0,1371,56,1003,1.366
17140-29000,"323 Karaka Bay Road, Karaka Bays",Karaka Bays,MRZ,Residential vacant land,519,1075000,0,2071,100,1515,1.367
17130-34700,"459 Karaka Bay Road, Karaka Bays",Karaka Bays,MRZ,Residential vacant land,763,1350000,0,1769,94,1293,1.368
15660-26001,"44 Tawa Terrace, Tawa",Tawa,HRZ,Residential vacant land,274,330000,15000,1204,80,879.4,1.369
17350-37900,"150 Riddiford Street, Newtown",Newtown,LCZ,"Commercial land, little or no building",198,660000,0,3333,23,2433,1.37
16810-79612,"1 Imran Terrace, Khandallah",Khandallah,MRZ,Residential vacant land,352,420000,0,1193,111,870.4,1.371
16701-80627,"69 Crompton Avenue, Churton Park",Churton Park,MRZ,Residential vacant land,520,590000,0,1135,29,826.7,1.372
16701-80659,"78 Rochdale Drive, Churton Park",Churton Park,MRZ,Residential vacant land,221,370000,0,1674,7,1217,1.376
17090-20500,"62 Rongotai Road, Kilbirnie",Kilbirnie,MCZ,Residential vacant land,310,840000,1000,2710,27,1969,1.376
17230-35100,"13 Parliament Street, Thorndon",Thorndon,MRZ,Residential vacant land,102,570000,0,5588,70,4056,1.378
16820-69601,"19A Raumati Terrace, Khandallah",Khandallah,MRZ,Residential vacant land,2141,1220000,0,569.8,15,413.4,1.378
16830-17340,"144 Silverstream Road, Crofton Downs",Crofton Downs,MRZ,Residential vacant land,309,420000,0,1359,26,984.9,1.38
16701-80582,"60 Rochdale Drive, Churton Park",Churton Park,MRZ,Residential vacant land,524,600000,0,1145,64,828.3,1.382
16701-80615,"69 Farnworth Terrace, Glenside",Glenside,MRZ,Residential vacant land,318,490000,0,1541,25,1113,1.385
17280-6900,"134 Courtenay Place, Te Aro",Te Aro,CCZ,"Commercial land, little or no building",306,1990000,0,6503,39,4696,1.385
16820-49102,"6C Homebush Road, Khandallah",Khandallah,MRZ,Residential vacant land,159,340000,0,2138,19,1542,1.387
17270-44200,"18 Garrett Street, Te Aro",Te Aro,CCZ,Residential vacant land,215,1060000,1000,4930,48,3546,1.391
17270-6300,"89 Willis Street, Te Aro",Te Aro,CCZ,"Commercial land, little or no building",381,2350000,0,6168,25,4432,1.392
17261-1500,"100 Cable Street, Te Aro",Te Aro,CCZ,"Commercial land, little or no building",2044,11100000,0,5431,7,3900,1.392
16830-17327,"155 Silverstream Road, Crofton Downs",Crofton Downs,MRZ,Residential vacant land,323,450000,0,1393,59,1000,1.393
17150-33021,"144A Park Road, Miramar",Miramar,MUZ,"Commercial land, little or no building",572,1260000,0,2203,9,1581,1.393
17120-34602,"1 Palm Avenue, Lyall Bay",Lyall Bay,HRZ,Residential vacant land,159,450000,0,2830,33,2031,1.394
17280-6700,"128 Courtenay Place, Te Aro",Te Aro,CCZ,Residential vacant land,255,1680000,1000,6588,27,4725,1.394
17230-35900,"55 Molesworth Street, Thorndon",Thorndon,CCZ,"Commercial land, little or no building",2105,13000000,0,6176,18,4420,1.397
16840-22401,"2 Armitage Street, Ngaio",Ngaio,MRZ,Residential vacant land,318,570000,0,1792,73,1282,1.398
16801-10301,"4 Station Road, Khandallah",Khandallah,HRZ,Residential vacant land,394,640000,0,1624,156,1162,1.398
15690-41400,"7 Rewa Terrace, Tawa",Tawa,HRZ,Residential vacant land,1428,1210000,20000,847.3,39,605.7,1.399
16760-71201,"3 Hardy Street, Johnsonville",Johnsonville,HRZ,Residential vacant land,261,535000,20000,2050,47,1464,1.4
16820-49202,"8 Homebush Road, Khandallah",Khandallah,MRZ,Residential vacant land,226,410000,0,1814,27,1295,1.401
16701-80645,"68 Crompton Avenue, Churton Park",Churton Park,MRZ,Residential vacant land,504,600000,0,1190,12,846.7,1.406
15720-60902,"3F Chester Road, Tawa",Tawa,MRZ,Residential vacant land,127,195000,0,1535,5,1092,1.406
16851-2501,"14 Lower Watt Street, Wadestown",Wadestown,MRZ,Residential vacant land,485,1080000,0,2227,183,1580,1.409
17060-28902,"9A Robieson Street, Roseneath",Roseneath,MRZ,Residential vacant land,128,620000,0,4844,10,3436,1.41
17110-77100,"267 Coutts Street, Rongotai",Rongotai,MRZ,Residential vacant land,804,1500000,0,1866,64,1321,1.412
17290-10900,"214 Taranaki Street, Te Aro",Te Aro,CCZ,"Commercial land, little or no building",269,1350000,0,5019,65,3554,1.412
17290-65801,"6 Arlington Street, Mt Cook",Mt Cook,CCZ,"Commercial land, little or no building",116,520000,0,4483,14,3167,1.416
17001-539,"78 Tiketike Way, Brooklyn",Brooklyn,MRZ,Residential vacant land,82,400000,0,4878,11,3442,1.417
16780-76002,"27B Miles Crescent, Newlands",Newlands,MRZ,Residential vacant land,292,330000,0,1130,39,796.9,1.418
16780-38904,"31 Glanmire Road, Newlands",Newlands,MRZ,Residential vacant land,348,390000,0,1121,210,789.3,1.42
17270-29600,"9A Garrett Street, Te Aro",Te Aro,CCZ,"Commercial land, little or no building",169,860000,0,5089,43,3582,1.421
17270-42100,"29 Ghuznee Street, Te Aro",Te Aro,CCZ,"Commercial land, little or no building",464,2320000,30000,5000,50,3518,1.421
17290-33500,"71 Cambridge Terrace, Te Aro",Te Aro,CCZ,"Commercial land, little or no building",958,4470000,100000,4666,18,3281,1.422
16721-70158,"33 Cottonwood Lane, Woodridge",Woodridge,MRZ,Residential vacant land,185,310000,0,1676,19,1177,1.423
16701-80618,"73 Farnworth Terrace, Glenside",Glenside,MRZ,Residential vacant land,319,505000,0,1583,22,1112,1.424
16701-80628,"71 Crompton Avenue, Churton Park",Churton Park,MRZ,Residential vacant land,501,590000,0,1178,36,826.4,1.425
16901-6201,"17 Farm Road, Northland",Northland,MRZ,Residential vacant land,463,950000,20000,2052,302,1439,1.426
17001-548,"135 Tiketike Way, Brooklyn",Brooklyn,MRZ,Residential vacant land,152,420000,0,2763,71,1938,1.426
16702-1501,"14A Goddard Grove, Churton Park",Churton Park,MRZ,Residential vacant land,244,375000,0,1537,63,1075,1.43
17070-52400,"212 Evans Bay Parade, Hataitai",Hataitai,MRZ,Residential vacant land,474,1000000,20000,2110,154,1472,1.433
17001-550,"131 Tiketike Way, Brooklyn",Brooklyn,MRZ,Residential vacant land,149,415000,0,2785,68,1942,1.434
16701-80631,"78 Crompton Avenue, Churton Park",Churton Park,MRZ,Residential vacant land,496,590000,0,1190,33,829.6,1.434
16940-6601,"66A Donald Street, Karori",Karori,MRZ,Residential vacant land,210,500000,0,2381,25,1656,1.437
17120-34601,"3 Palm Avenue, Lyall Bay",Lyall Bay,HRZ,Residential vacant land,154,450000,0,2922,32,2031,1.439
16980-33200,"29 Mitchell Street, Brooklyn",Brooklyn,MRZ,Residential vacant land,261,700000,0,2682,179,1864,1.439
17150-33024,"140A Park Road, Miramar",Miramar,MUZ,"Commercial land, little or no building",751,1800000,0,2397,9,1663,1.441
17150-53208,"120 Maupuia Road, Miramar",Miramar,MRZ,Residential vacant land,260,500000,0,1923,114,1334,1.442
16801-22701,"21 Woodmancote Road, Khandallah",Khandallah,HRZ,Residential vacant land,410,790000,0,1927,130,1336,1.442
17090-22800,"62 Bay Road, Kilbirnie",Kilbirnie,MCZ,"Commercial land, little or no building",2095,3820000,120000,1823,6,1264,1.442
16980-33201,"29B Mitchell Street, Brooklyn",Brooklyn,MRZ,Residential vacant land,310,760000,0,2452,252,1699,1.443
17330-32600,"117 Riddiford Street, Newtown",Newtown,LCZ,Residential vacant land,387,1360000,30000,3514,15,2433,1.444
16780-12701,"72A Kenmore Street, Newlands",Newlands,MRZ,Residential vacant land,311,360000,0,1158,306,800.4,1.446
16701-80653,"66 Rochdale Drive, Churton Park",Churton Park,MRZ,Residential vacant land,321,400000,0,1246,38,861.3,1.447
17002-44300,"79 Quebec Street, Kingston",Kingston,MRZ,Residential vacant land,526,740000,0,1407,118,970.3,1.45
17001-560,"111 Tiketike Way, Brooklyn",Brooklyn,MRZ,Residential vacant land,147,415000,0,2823,67,1947,1.45
17280-10500,"111 Taranaki Street, Te Aro",Te Aro,CCZ,"Commercial land, little or no building",263,1485000,0,5646,75,3894,1.45
17150-33028,"127 Park Road, Miramar",Miramar,MUZ,"Commercial land, little or no building",558,1280000,0,2294,9,1581,1.451
17150-33019,"146A Park Road, Miramar",Miramar,MUZ,"Commercial land, little or no building",624,1380000,0,2212,10,1524,1.451
16701-80652,"64 Rochdale Drive, Churton Park",Churton Park,MRZ,Residential vacant land,320,400000,0,1250,36,861.3,1.451
16780-38905,"33 Glanmire Road, Newlands",Newlands,MRZ,Residential vacant land,263,385000,0,1464,145,1008,1.452
17001-540,"76 Tiketike Way, Brooklyn",Brooklyn,MRZ,Residential vacant land,79,400000,0,5063,10,3487,1.452
17030-6101,"68A Derwent Street, Island Bay",Island Bay,MRZ,Residential vacant land,143,470000,0,3287,10,2260,1.454
17280-6800,"132 Courtenay Place, Te Aro",Te Aro,CCZ,Residential vacant land,197,1320000,10000,6701,24,4607,1.454
17290-73800,"17 Webb Street, Mt Cook",Mt Cook,CCZ,Residential vacant land,216,1100000,1000,5093,45,3501,1.454
16881-4001,"136 Upland Road, Kelburn",Kelburn,MRZ,Residential vacant land,218,630000,0,2890,116,1981,1.459
17120-34600,"5 Palm Avenue, Lyall Bay",Lyall Bay,HRZ,Residential vacant land,172,480000,0,2791,50,1912,1.46
16701-80660,"80 Rochdale Drive, Churton Park",Churton Park,MRZ,Residential vacant land,194,350000,0,1804,5,1235,1.461
17350-9000,"16 Riddiford Street, Newtown",Newtown,LCZ,"Commercial land, little or no building",915,3060000,0,3344,6,2283,1.465
17220-18501,"187 Thorndon Quay, Pipitea",Pipitea,CCZ,"Commercial land, little or no building",230,1070000,0,4652,6,3167,1.469
17220-18502,"189 Thorndon Quay, Pipitea",Pipitea,CCZ,"Commercial land, little or no building",230,1070000,0,4652,6,3167,1.469
17300-13300,"222 Oriental Parade, Oriental Bay",Oriental Bay,MRZ,Residential vacant land,491,3620000,120000,7373,96,5017,1.47
17001-551,"129 Tiketike Way, Brooklyn",Brooklyn,MRZ,Residential vacant land,144,415000,0,2882,64,1957,1.473
16940-37702,"6 Henderson Street, Karori",Karori,MRZ,Residential vacant land,321,590000,0,1838,191,1248,1.473
16851-2200,"4A Lower Watt Street, Wadestown",Wadestown,MRZ,Residential vacant land,295,860000,20000,2915,98,1971,1.479
16742-64801,"96A Fraser Avenue, Johnsonville",Johnsonville,HRZ,Residential vacant land,317,435000,0,1372,86,927.8,1.479
16820-59813,"141 Homebush Road, Khandallah",Khandallah,MRZ,Residential vacant land,594,880000,0,1481,209,1002,1.479
17320-85100,"139 Adelaide Road, Mt Cook",Mt Cook,CCZ,"Commercial land, little or no building",282,1170000,0,4149,22,2800,1.482
17290-25000,"3 Arthur Street, Te Aro",Te Aro,CCZ,Residential vacant land,187,940000,1000,5027,44,3383,1.486
17220-32100,"34 Molesworth Street, Thorndon",Thorndon,CCZ,"Commercial land, little or no building",493,3460000,1000,7018,13,4694,1.495
17270-29601,"11 Garrett Street, Te Aro",Te Aro,CCZ,"Commercial land, little or no building",144,780000,0,5417,38,3621,1.496
17230-11300,"113 Molesworth Street, Thorndon",Thorndon,CCZ,"Commercial land, little or no building",367,2190000,0,5967,21,3984,1.498
17270-6000,"75 Willis Street, Wellington Central",Wellington Central,CCZ,"Commercial land, little or no building",1065,7950000,1000,7465,32,4982,1.498
15670-13106,"2 Te Ara Kohuhu, Tawa",Tawa,MRZ,Residential vacant land,334,320000,0,958.1,76,639.3,1.499
17270-6700,"105 Willis Street, Te Aro",Te Aro,CCZ,"Commercial land, little or no building",819,4910000,0,5995,36,3993,1.501
16801-12401,"24 Kimberley Way, Khandallah",Khandallah,MRZ,Residential vacant land,325,395000,0,1215,34,809.3,1.502
17130-35101,"475 Karaka Bay Road, Karaka Bays",Karaka Bays,MRZ,Residential vacant land,372,840000,0,2258,51,1498,1.507
17220-32700,"39 Pipitea Street, Thorndon",Thorndon,CCZ,"Commercial land, little or no building",360,2370000,0,6583,22,4337,1.518
17001-549,"133 Tiketike Way, Brooklyn",Brooklyn,MRZ,Residential vacant land,133,405000,0,3045,57,2005,1.519
15730-26700,"20 Ngatitoa Street, Tawa",Tawa,MRZ,Residential vacant land,405,380000,0,938.3,87,617.3,1.52
16751-23100,"14 Frankmoore Avenue, Johnsonville",Johnsonville,HRZ,Residential vacant land,1199,1800000,0,1501,31,986.6,1.522
16801-10600,"8 Station Road, Khandallah",Khandallah,HRZ,Residential vacant land,2685,2650000,0,987,13,646.4,1.527
16701-80629,"73 Crompton Avenue, Churton Park",Churton Park,MRZ,Residential vacant land,451,580000,0,1286,41,837.4,1.536
16701-80630,"80 Crompton Avenue, Churton Park",Churton Park,MRZ,Residential vacant land,449,580000,0,1292,42,837.4,1.543
16710-4208,"136A Jamaica Drive, Grenada North",Grenada North,MRZ,Residential vacant land,227,240000,0,1057,25,680.2,1.554
16810-18501,"14A Clutha Avenue, Khandallah",Khandallah,HRZ,Residential vacant land,430,970000,0,2256,191,1449,1.557
16701-80570,"51 Rochdale Drive, Churton Park",Churton Park,MRZ,Residential vacant land,450,600000,0,1333,81,855.7,1.558
17130-76100,"18 Countess Close, Maupuia",Maupuia,MRZ,Residential vacant land,635,1100000,0,1732,47,1111,1.559
15670-13101,"4 Te Ara Kohuhu, Tawa",Tawa,MRZ,Residential vacant land,183,275000,0,1503,6,962.4,1.561
16701-80624,"86 Rochdale Drive, Churton Park",Churton Park,MRZ,Residential vacant land,441,580000,0,1315,51,841,1.564
17220-31400,"3 Mulgrave Street, Thorndon",Thorndon,CCZ,"Commercial land, little or no building",300,2060000,0,6867,6,4357,1.576
16710-4210,"5 Calypso Street, Grenada North",Grenada North,MRZ,Residential vacant land,192,245000,0,1276,5,807.9,1.579
17001-558,"115 Tiketike Way, Brooklyn",Brooklyn,MRZ,Residential vacant land,116,405000,0,3491,35,2197,1.589
17001-553,"125 Tiketike Way, Brooklyn",Brooklyn,MRZ,Residential vacant land,129,415000,0,3217,54,2021,1.592
16701-80625,"88 Rochdale Drive, Churton Park",Churton Park,MRZ,Residential vacant land,431,580000,0,1346,49,841.4,1.599
17220-27501,"126 Molesworth Street, Thorndon",Thorndon,CCZ,"Commercial land, little or no building",232,1850000,0,7974,18,4908,1.625
17001-552,"127 Tiketike Way, Brooklyn",Brooklyn,MRZ,Residential vacant land,119,405000,0,3403,44,2094,1.626
17001-559,"113 Tiketike Way, Brooklyn",Brooklyn,MRZ,Residential vacant land,119,405000,0,3403,44,2094,1.626
16730-1532,"11 Grumman Lane, Newlands",Newlands,GRUZ,Residential vacant land,3702,1040000,0,280.9,8,171.8,1.635
16891-64102,"113B Orangi Kaupapa Road, Northland",Northland,MRZ,Residential vacant land,260,550000,0,2115,114,1286,1.645
16810-82602,"21 Imran Terrace, Khandallah",Khandallah,MRZ,Residential vacant land,362,470000,0,1298,91,785,1.654
16801-12402,"26 Kimberley Way, Khandallah",Khandallah,MRZ,Residential vacant land,303,410000,0,1353,23,802.1,1.687
17220-29600,"56 Mulgrave Street, Pipitea",Pipitea,CCZ,"Commercial land, little or no building",533,3580000,0,6717,12,3946,1.702
17330-33700,"157 Riddiford Street, Newtown",Newtown,LCZ,"Commercial land, little or no building",190,820000,0,4316,22,2433,1.774
17300-2300,"294 Oriental Parade, Oriental Bay",Oriental Bay,MRZ,Residential vacant land,377,3000000,100000,7958,101,4456,1.786
17300-100,"240 Oriental Parade, Oriental Bay",Oriental Bay,MRZ,Residential vacant land,252,2320000,110000,9206,74,5110,1.802
17310-27600,"96 Elizabeth Street, Mt Victoria",Mt Victoria,MRZ,Residential vacant land,97,750000,10000,7732,80,4270,1.811
16980-36100,"117 Mitchell Street, Brooklyn",Brooklyn,MRZ,Residential vacant land,559,1270000,10000,2272,210,1238,1.835
17060-2700,"20 Maida Vale Road, Roseneath",Roseneath,MRZ,Residential vacant land,321,1490000,60000,4642,105,2473,1.877
16730-1520,"94 Spenmoor Street, Newlands",Newlands,MRZ,Residential vacant land,2682,1270000,0,473.5,5,244.3,1.938
16730-1521,"100 Spenmoor Street, Newlands",Newlands,MRZ,Residential vacant land,2338,1270000,0,543.2,6,269.7,2.014
17150-1101,"32 Miramar Avenue, Miramar",Miramar,GIZ,"Commercial land, little or no building",833,2850000,1000,3421,5,1678,2.039
17300-13700,"232 Oriental Parade, Oriental Bay",Oriental Bay,MRZ,Residential vacant land,288,3110000,70000,1.08e+04,89,5065,2.132
17090-20000,"46 Rongotai Road, Kilbirnie",Kilbirnie,MCZ,Residential vacant land,334,1570000,40000,4701,27,1969,2.387
16730-1508,"18 Epic Way, Newlands",Newlands,MRZ,Residential vacant land,3053,1070000,0,350.5,5,134.4,2.608
17090-19900,"38 Rongotai Road, Kilbirnie",Kilbirnie,MCZ,Residential vacant land,291,1570000,30000,5395,24,2025,2.664
16730-1201,"148A Wakely Road, Ngauranga",Ngauranga,GIZ,"Commercial land, little or no building",858,1660000,0,1935,7,508.3,3.806
